benchmark_seed,strategy,step,policy_id,C1,C2,C3,C4,simulator_seed,simulated_lifetime,best_observed_lifetime,reference_true_lifetime,best_reference_true,simple_regret,hit_top_10_pct,hit_top_5_pct,budget
0,random,0,,,,,,,,1078.0,,961.0,118.0,0,0,30
0,random,1,ATTIA_P045,4.8,7.0,4.8,3.652,971502542.0,600.0,1078.0,705.0,961.0,118.0,0,0,30
0,random,2,ATTIA_P053,5.2,4.8,5.6,3.935,1862259440.0,604.0,1078.0,862.0,961.0,118.0,0,0,30
0,random,3,ATTIA_P174,7.0,6.0,5.6,2.897,389691779.0,816.0,1078.0,617.0,961.0,118.0,0,0,30
0,random,4,ATTIA_P196,8.0,4.8,4.4,3.667,1223997069.0,1037.0,1078.0,714.0,961.0,118.0,0,0,30
0,random,5,ATTIA_P101,5.6,7.0,4.4,3.513,1431072697.0,986.0,1078.0,666.0,961.0,118.0,0,0,30
0,random,6,ATTIA_P172,7.0,6.0,4.8,3.17,213540887.0,610.0,1078.0,664.0,961.0,118.0,0,0,30
0,random,7,ATTIA_P168,7.0,5.6,5.6,3.0,115202016.0,673.0,1078.0,622.0,961.0,118.0,0,0,30
0,random,8,ATTIA_P025,4.4,7.0,4.8,3.924,1421997609.0,887.0,1078.0,705.0,961.0,118.0,0,0,30
0,random,9,ATTIA_P148,7.0,4.4,4.4,4.239,309870410.0,930.0,1078.0,784.0,961.0,118.0,0,0,30
0,random,10,ATTIA_P036,4.8,5.6,5.2,3.935,1043167224.0,600.0,1078.0,854.0,961.0,118.0,0,0,30
0,random,11,ATTIA_P186,8.0,4.0,4.8,4.0,359749746.0,704.0,1078.0,781.0,961.0,118.0,0,0,30
0,random,12,ATTIA_P030,4.8,4.8,5.6,4.2,1149593921.0,1041.0,1078.0,887.0,961.0,118.0,0,0,30
0,random,13,ATTIA_P200,8.0,5.2,3.6,4.197,452828324.0,681.0,1078.0,774.0,961.0,118.0,0,0,30
0,random,14,ATTIA_P116,6.0,4.8,5.2,3.759,1216955406.0,737.0,1078.0,911.0,961.0,118.0,0,0,30
0,random,15,ATTIA_P002,3.6,7.0,5.6,4.271,1235481199.0,740.0,1078.0,700.0,961.0,118.0,0,0,30
0,random,16,ATTIA_P092,5.6,5.6,5.6,3.36,1910550013.0,583.0,1078.0,721.0,961.0,118.0,0,0,30
0,random,17,ATTIA_P055,5.2,5.2,4.8,4.16,1495768780.0,1041.0,1078.0,1003.0,1003.0,76.0,1,0,30
0,random,18,ATTIA_P005,4.0,5.6,5.6,4.421,1745887385.0,1004.0,1078.0,843.0,1003.0,76.0,1,0,30
0,random,19,ATTIA_P085,5.6,5.2,4.8,3.935,382965320.0,1086.0,1086.0,878.0,1003.0,76.0,1,0,30
0,random,20,ATTIA_P170,7.0,6.0,4.0,3.652,1904038580.0,832.0,1086.0,741.0,1003.0,76.0,1,0,30
0,random,21,ATTIA_P132,6.0,6.0,4.8,3.429,1554159632.0,1151.0,1151.0,816.0,1003.0,76.0,1,0,30
0,random,22,ATTIA_P062,5.2,5.6,5.6,3.523,1521548105.0,569.0,1151.0,769.0,1003.0,76.0,1,0,30
0,random,23,ATTIA_P073,5.2,7.0,5.6,3.129,1879029106.0,499.0,1151.0,637.0,1003.0,76.0,1,0,30
0,random,24,ATTIA_P076,5.6,4.4,4.8,4.563,878808057.0,909.0,1151.0,974.0,1003.0,76.0,1,0,30
0,random,25,ATTIA_P075,5.6,4.0,5.6,4.421,1025222870.0,960.0,1151.0,890.0,1003.0,76.0,1,0,30
0,greedy,0,,,,,,,,1078.0,,961.0,118.0,0,0,30
0,greedy,1,ATTIA_P141,7.0,3.6,5.2,4.537,1206000708.0,815.0,1078.0,864.0,961.0,118.0,0,0,30
0,greedy,2,ATTIA_P150,7.0,4.4,5.2,3.691,741820259.0,399.0,1078.0,750.0,961.0,118.0,0,0,30
0,greedy,3,ATTIA_P034,4.8,5.6,4.4,4.563,1364286921.0,1061.0,1078.0,948.0,961.0,118.0,0,0,30
0,greedy,4,ATTIA_P054,5.2,5.2,4.4,4.516,129597150.0,1099.0,1099.0,1075.0,1075.0,4.0,1,1,30
0,greedy,5,ATTIA_P059,5.2,5.6,4.4,4.252,245143429.0,1146.0,1146.0,917.0,1075.0,4.0,1,1,30
0,greedy,6,ATTIA_P084,5.6,5.2,4.4,4.252,1249087285.0,852.0,1146.0,928.0,1075.0,4.0,1,1,30
0,greedy,7,ATTIA_P039,4.8,6.0,4.4,4.328,409034965.0,891.0,1146.0,924.0,1075.0,4.0,1,1,30
0,greedy,8,ATTIA_P064,5.2,6.0,4.4,4.047,900719843.0,1100.0,1146.0,949.0,1075.0,4.0,1,1,30
0,greedy,9,ATTIA_P089,5.6,5.6,4.4,4.017,1762474195.0,823.0,1146.0,852.0,1075.0,4.0,1,1,30
0,greedy,10,ATTIA_P079,5.6,4.8,4.4,4.563,982439225.0,957.0,1146.0,975.0,1075.0,4.0,1,1,30
0,greedy,11,ATTIA_P095,5.6,6.0,4.4,3.834,1873671204.0,905.0,1146.0,836.0,1075.0,4.0,1,1,30
0,greedy,12,ATTIA_P031,4.8,5.2,4.8,4.457,1791582739.0,921.0,1146.0,966.0,1075.0,4.0,1,1,30
0,greedy,13,ATTIA_P035,4.8,5.6,4.8,4.2,1400200788.0,1065.0,1146.0,892.0,1075.0,4.0,1,1,30
0,greedy,14,ATTIA_P040,4.8,6.0,4.8,4.0,551191522.0,726.0,1146.0,922.0,1075.0,4.0,1,1,30
0,greedy,15,ATTIA_P055,5.2,5.2,4.8,4.16,1495768780.0,1041.0,1146.0,1003.0,1075.0,4.0,1,1,30
0,greedy,16,ATTIA_P080,5.6,4.8,4.8,4.2,1474939877.0,926.0,1146.0,917.0,1075.0,4.0,1,1,30
0,greedy,17,ATTIA_P085,5.6,5.2,4.8,3.935,382965320.0,1086.0,1146.0,878.0,1075.0,4.0,1,1,30
0,greedy,18,ATTIA_P120,6.0,5.2,4.8,3.759,1656346443.0,800.0,1146.0,911.0,1075.0,4.0,1,1,30
0,greedy,19,ATTIA_P051,5.2,4.8,4.8,4.457,142329508.0,1153.0,1153.0,980.0,1075.0,4.0,1,1,30
0,greedy,20,ATTIA_P076,5.6,4.4,4.8,4.563,878808057.0,909.0,1153.0,974.0,1075.0,4.0,1,1,30
0,greedy,21,ATTIA_P016,4.4,5.6,4.8,4.563,279600216.0,1025.0,1153.0,930.0,1075.0,4.0,1,1,30
0,greedy,22,ATTIA_P109,6.0,4.4,4.4,4.714,1121867145.0,838.0,1153.0,1017.0,1075.0,4.0,1,1,30
0,greedy,23,ATTIA_P029,4.8,4.8,5.2,4.457,1105419325.0,831.0,1153.0,962.0,1075.0,4.0,1,1,30
0,greedy,24,ATTIA_P058,5.2,5.6,4.0,4.707,1893063414.0,1012.0,1153.0,1030.0,1075.0,4.0,1,1,30
0,greedy,25,ATTIA_P083,5.6,5.2,4.0,4.707,311247136.0,932.0,1153.0,1044.0,1075.0,4.0,1,1,30
0,gp_ucb,0,,,,,,,,1078.0,,961.0,118.0,0,0,30
0,gp_ucb,1,ATTIA_P141,7.0,3.6,5.2,4.537,1206000708.0,815.0,1078.0,864.0,961.0,118.0,0,0,30
0,gp_ucb,2,ATTIA_P150,7.0,4.4,5.2,3.691,741820259.0,399.0,1078.0,750.0,961.0,118.0,0,0,30
0,gp_ucb,3,ATTIA_P034,4.8,5.6,4.4,4.563,1364286921.0,1061.0,1078.0,948.0,961.0,118.0,0,0,30
0,gp_ucb,4,ATTIA_P054,5.2,5.2,4.4,4.516,129597150.0,1099.0,1099.0,1075.0,1075.0,4.0,1,1,30
0,gp_ucb,5,ATTIA_P059,5.2,5.6,4.4,4.252,245143429.0,1146.0,1146.0,917.0,1075.0,4.0,1,1,30
0,gp_ucb,6,ATTIA_P084,5.6,5.2,4.4,4.252,1249087285.0,852.0,1146.0,928.0,1075.0,4.0,1,1,30
0,gp_ucb,7,ATTIA_P039,4.8,6.0,4.4,4.328,409034965.0,891.0,1146.0,924.0,1075.0,4.0,1,1,30
0,gp_ucb,8,ATTIA_P064,5.2,6.0,4.4,4.047,900719843.0,1100.0,1146.0,949.0,1075.0,4.0,1,1,30
0,gp_ucb,9,ATTIA_P089,5.6,5.6,4.4,4.017,1762474195.0,823.0,1146.0,852.0,1075.0,4.0,1,1,30
0,gp_ucb,10,ATTIA_P079,5.6,4.8,4.4,4.563,982439225.0,957.0,1146.0,975.0,1075.0,4.0,1,1,30
0,gp_ucb,11,ATTIA_P031,4.8,5.2,4.8,4.457,1791582739.0,921.0,1146.0,966.0,1075.0,4.0,1,1,30
0,gp_ucb,12,ATTIA_P035,4.8,5.6,4.8,4.2,1400200788.0,1065.0,1146.0,892.0,1075.0,4.0,1,1,30
0,gp_ucb,13,ATTIA_P040,4.8,6.0,4.8,4.0,551191522.0,726.0,1146.0,922.0,1075.0,4.0,1,1,30
0,gp_ucb,14,ATTIA_P088,5.6,5.6,4.0,4.421,2084161994.0,1168.0,1168.0,897.0,1075.0,4.0,1,1,30
0,gp_ucb,15,ATTIA_P083,5.6,5.2,4.0,4.707,311247136.0,932.0,1168.0,1044.0,1075.0,4.0,1,1,30
0,gp_ucb,16,ATTIA_P058,5.2,5.6,4.0,4.707,1893063414.0,1012.0,1168.0,1030.0,1075.0,4.0,1,1,30
0,gp_ucb,17,ATTIA_P063,5.2,6.0,4.0,4.457,650984635.0,884.0,1168.0,1004.0,1075.0,4.0,1,1,30
0,gp_ucb,18,ATTIA_P118,6.0,5.2,4.0,4.457,1989354256.0,1185.0,1185.0,1029.0,1075.0,4.0,1,1,30
0,gp_ucb,19,ATTIA_P123,6.0,5.6,3.6,4.755,1500242491.0,890.0,1185.0,981.0,1075.0,4.0,1,1,30
0,gp_ucb,20,ATTIA_P113,6.0,4.8,4.0,4.8,1675773696.0,1029.0,1185.0,1079.0,1079.0,0.0,1,1,30
0,gp_ucb,21,ATTIA_P109,6.0,4.4,4.4,4.714,1121867145.0,838.0,1185.0,1017.0,1079.0,0.0,1,1,30
0,gp_ucb,22,ATTIA_P129,6.0,6.0,3.6,4.5,389300286.0,836.0,1185.0,1026.0,1079.0,0.0,1,1,30
0,gp_ucb,23,ATTIA_P124,6.0,5.6,4.0,4.2,1464692659.0,892.0,1185.0,941.0,1079.0,0.0,1,1,30
0,gp_ucb,24,ATTIA_P038,4.8,6.0,4.0,4.8,1461538219.0,1084.0,1185.0,1036.0,1079.0,0.0,1,1,30
0,gp_ucb,25,ATTIA_P093,5.6,6.0,3.6,4.755,1958787735.0,1137.0,1185.0,970.0,1079.0,0.0,1,1,30
1,random,0,,,,,,,,886.0,,930.0,149.0,0,0,30
1,random,1,ATTIA_P201,8.0,5.2,4.0,3.759,1581942094.0,531.0,886.0,745.0,930.0,149.0,0,0,30
1,random,2,ATTIA_P004,4.0,5.6,5.2,4.707,437251355.0,1020.0,1020.0,976.0,976.0,103.0,1,0,30
1,random,3,ATTIA_P074,5.6,4.0,5.2,4.707,1735498896.0,854.0,1020.0,1041.0,1041.0,38.0,1,1,30
1,random,4,ATTIA_P214,8.0,6.0,4.4,3.181,1853313299.0,766.0,1020.0,646.0,1041.0,38.0,1,1,30
1,random,5,ATTIA_P029,4.8,4.8,5.2,4.457,420075303.0,869.0,1020.0,962.0,1041.0,38.0,1,1,30
1,random,6,ATTIA_P222,8.0,7.0,5.2,2.68,1814535746.0,330.0,1020.0,560.0,1041.0,38.0,1,1,30
1,random,7,ATTIA_P207,8.0,5.6,4.0,3.574,1457354899.0,661.0,1020.0,682.0,1041.0,38.0,1,1,30
1,random,8,ATTIA_P063,5.2,6.0,4.0,4.457,112629138.0,937.0,1020.0,1004.0,1041.0,38.0,1,1,30
1,random,9,ATTIA_P055,5.2,5.2,4.8,4.16,421697079.0,1034.0,1034.0,1003.0,1041.0,38.0,1,1,30
1,random,10,ATTIA_P101,5.6,7.0,4.4,3.513,1730328234.0,574.0,1034.0,666.0,1041.0,38.0,1,1,30
1,random,11,ATTIA_P114,6.0,4.8,4.4,4.328,1640121612.0,955.0,1034.0,960.0,1041.0,38.0,1,1,30
1,random,12,ATTIA_P198,8.0,4.8,5.2,3.25,374098340.0,676.0,1034.0,670.0,1041.0,38.0,1,1,30
1,random,13,ATTIA_P137,6.0,7.0,4.4,3.372,1068347354.0,761.0,1034.0,677.0,1041.0,38.0,1,1,30
1,random,14,ATTIA_P142,7.0,3.6,5.6,4.271,182138661.0,557.0,1034.0,765.0,1041.0,38.0,1,1,30
1,random,15,ATTIA_P106,6.0,4.0,4.8,4.8,167295161.0,987.0,1034.0,1076.0,1076.0,3.0,1,1,30
1,random,16,ATTIA_P073,5.2,7.0,5.6,3.129,937259266.0,407.0,1034.0,637.0,1076.0,3.0,1,1,30
1,random,17,ATTIA_P030,4.8,4.8,5.6,4.2,1759726301.0,892.0,1034.0,887.0,1076.0,3.0,1,1,30
1,random,18,ATTIA_P172,7.0,6.0,4.8,3.17,1638316505.0,814.0,1034.0,664.0,1076.0,3.0,1,1,30
1,random,19,ATTIA_P084,5.6,5.2,4.4,4.252,1004724528.0,930.0,1034.0,928.0,1076.0,3.0,1,1,30
1,random,20,ATTIA_P151,7.0,4.4,5.6,3.513,137168877.0,494.0,1034.0,684.0,1076.0,3.0,1,1,30
1,random,21,ATTIA_P028,4.8,4.4,5.6,4.563,970054484.0,740.0,1034.0,939.0,1076.0,3.0,1,1,30
1,random,22,ATTIA_P092,5.6,5.6,5.6,3.36,1633703884.0,592.0,1034.0,721.0,1076.0,3.0,1,1,30
1,random,23,ATTIA_P086,5.6,5.2,5.2,3.702,349373282.0,960.0,1034.0,879.0,1076.0,3.0,1,1,30
1,random,24,ATTIA_P118,6.0,5.2,4.0,4.457,1551362051.0,979.0,1034.0,1029.0,1076.0,3.0,1,1,30
1,random,25,ATTIA_P070,5.2,7.0,4.4,3.691,1757514711.0,643.0,1034.0,719.0,1076.0,3.0,1,1,30
1,greedy,0,,,,,,,,886.0,,930.0,149.0,0,0,30
1,greedy,1,ATTIA_P000,3.6,6.0,5.6,4.755,1469254980.0,862.0,886.0,894.0,930.0,149.0,0,0,30
1,greedy,2,ATTIA_P001,3.6,7.0,5.2,4.537,1328765618.0,835.0,886.0,776.0,930.0,149.0,0,0,30
1,greedy,3,ATTIA_P002,3.6,7.0,5.6,4.271,1334750972.0,814.0,886.0,700.0,930.0,149.0,0,0,30
1,greedy,4,ATTIA_P207,8.0,5.6,4.0,3.574,1457354899.0,661.0,886.0,682.0,930.0,149.0,0,0,30
1,greedy,5,ATTIA_P003,4.0,5.2,5.6,4.707,615379625.0,1101.0,1101.0,971.0,971.0,108.0,0,0,30
1,greedy,6,ATTIA_P004,4.0,5.6,5.2,4.707,437251355.0,1020.0,1101.0,976.0,976.0,103.0,1,0,30
1,greedy,7,ATTIA_P005,4.0,5.6,5.6,4.421,1913477244.0,729.0,1101.0,843.0,976.0,103.0,1,0,30
1,greedy,8,ATTIA_P006,4.0,6.0,4.8,4.8,816529788.0,784.0,1101.0,1000.0,1000.0,79.0,1,0,30
1,greedy,9,ATTIA_P007,4.0,6.0,5.2,4.457,96456087.0,1144.0,1144.0,953.0,1000.0,79.0,1,0,30
1,greedy,10,ATTIA_P013,4.4,4.8,5.6,4.563,5644539.0,986.0,1144.0,923.0,1000.0,79.0,1,0,30
1,greedy,11,ATTIA_P017,4.4,5.6,5.2,4.252,887680748.0,874.0,1144.0,886.0,1000.0,79.0,1,0,30
1,greedy,12,ATTIA_P014,4.4,5.2,5.2,4.516,1143576908.0,1216.0,1216.0,1036.0,1036.0,43.0,1,1,30
1,greedy,13,ATTIA_P029,4.8,4.8,5.2,4.457,420075303.0,869.0,1216.0,962.0,1036.0,43.0,1,1,30
1,greedy,14,ATTIA_P032,4.8,5.2,5.2,4.16,1640716139.0,663.0,1216.0,986.0,1036.0,43.0,1,1,30
1,greedy,15,ATTIA_P028,4.8,4.4,5.6,4.563,970054484.0,740.0,1216.0,939.0,1036.0,43.0,1,1,30
1,greedy,16,ATTIA_P021,4.4,6.0,5.2,4.047,498043525.0,731.0,1216.0,918.0,1036.0,43.0,1,1,30
1,greedy,17,ATTIA_P203,8.0,5.2,4.8,3.25,622160688.0,747.0,1216.0,669.0,1036.0,43.0,1,1,30
1,greedy,18,ATTIA_P030,4.8,4.8,5.6,4.2,1759726301.0,892.0,1216.0,887.0,1036.0,43.0,1,1,30
1,greedy,19,ATTIA_P053,5.2,4.8,5.6,3.935,335191310.0,850.0,1216.0,862.0,1036.0,43.0,1,1,30
1,greedy,20,ATTIA_P015,4.4,5.2,5.6,4.252,199311229.0,926.0,1216.0,883.0,1036.0,43.0,1,1,30
1,greedy,21,ATTIA_P033,4.8,5.2,5.6,3.935,1320560125.0,845.0,1216.0,852.0,1036.0,43.0,1,1,30
1,greedy,22,ATTIA_P191,8.0,4.4,4.8,3.667,927224239.0,505.0,1216.0,717.0,1036.0,43.0,1,1,30
1,greedy,23,ATTIA_P049,5.2,4.4,5.2,4.516,975453993.0,1001.0,1216.0,1071.0,1071.0,8.0,1,1,30
1,greedy,24,ATTIA_P048,5.2,4.0,5.6,4.707,1395860302.0,1040.0,1216.0,1018.0,1071.0,8.0,1,1,30
1,greedy,25,ATTIA_P074,5.6,4.0,5.2,4.707,1735498896.0,854.0,1216.0,1041.0,1071.0,8.0,1,1,30
1,gp_ucb,0,,,,,,,,886.0,,930.0,149.0,0,0,30
1,gp_ucb,1,ATTIA_P000,3.6,6.0,5.6,4.755,1469254980.0,862.0,886.0,894.0,930.0,149.0,0,0,30
1,gp_ucb,2,ATTIA_P001,3.6,7.0,5.2,4.537,1328765618.0,835.0,886.0,776.0,930.0,149.0,0,0,30
1,gp_ucb,3,ATTIA_P002,3.6,7.0,5.6,4.271,1334750972.0,814.0,886.0,700.0,930.0,149.0,0,0,30
1,gp_ucb,4,ATTIA_P207,8.0,5.6,4.0,3.574,1457354899.0,661.0,886.0,682.0,930.0,149.0,0,0,30
1,gp_ucb,5,ATTIA_P003,4.0,5.2,5.6,4.707,615379625.0,1101.0,1101.0,971.0,971.0,108.0,0,0,30
1,gp_ucb,6,ATTIA_P004,4.0,5.6,5.2,4.707,437251355.0,1020.0,1101.0,976.0,976.0,103.0,1,0,30
1,gp_ucb,7,ATTIA_P005,4.0,5.6,5.6,4.421,1913477244.0,729.0,1101.0,843.0,976.0,103.0,1,0,30
1,gp_ucb,8,ATTIA_P006,4.0,6.0,4.8,4.8,816529788.0,784.0,1101.0,1000.0,1000.0,79.0,1,0,30
1,gp_ucb,9,ATTIA_P007,4.0,6.0,5.2,4.457,96456087.0,1144.0,1144.0,953.0,1000.0,79.0,1,0,30
1,gp_ucb,10,ATTIA_P013,4.4,4.8,5.6,4.563,5644539.0,986.0,1144.0,923.0,1000.0,79.0,1,0,30
1,gp_ucb,11,ATTIA_P017,4.4,5.6,5.2,4.252,887680748.0,874.0,1144.0,886.0,1000.0,79.0,1,0,30
1,gp_ucb,12,ATTIA_P014,4.4,5.2,5.2,4.516,1143576908.0,1216.0,1216.0,1036.0,1036.0,43.0,1,1,30
1,gp_ucb,13,ATTIA_P029,4.8,4.8,5.2,4.457,420075303.0,869.0,1216.0,962.0,1036.0,43.0,1,1,30
1,gp_ucb,14,ATTIA_P032,4.8,5.2,5.2,4.16,1640716139.0,663.0,1216.0,986.0,1036.0,43.0,1,1,30
1,gp_ucb,15,ATTIA_P028,4.8,4.4,5.6,4.563,970054484.0,740.0,1216.0,939.0,1036.0,43.0,1,1,30
1,gp_ucb,16,ATTIA_P021,4.4,6.0,5.2,4.047,498043525.0,731.0,1216.0,918.0,1036.0,43.0,1,1,30
1,gp_ucb,17,ATTIA_P030,4.8,4.8,5.6,4.2,1759726301.0,892.0,1216.0,887.0,1036.0,43.0,1,1,30
1,gp_ucb,18,ATTIA_P053,5.2,4.8,5.6,3.935,335191310.0,850.0,1216.0,862.0,1036.0,43.0,1,1,30
1,gp_ucb,19,ATTIA_P203,8.0,5.2,4.8,3.25,622160688.0,747.0,1216.0,669.0,1036.0,43.0,1,1,30
1,gp_ucb,20,ATTIA_P191,8.0,4.4,4.8,3.667,927224239.0,505.0,1216.0,717.0,1036.0,43.0,1,1,30
1,gp_ucb,21,ATTIA_P015,4.4,5.2,5.6,4.252,199311229.0,926.0,1216.0,883.0,1036.0,43.0,1,1,30
1,gp_ucb,22,ATTIA_P049,5.2,4.4,5.2,4.516,975453993.0,1001.0,1216.0,1071.0,1071.0,8.0,1,1,30
1,gp_ucb,23,ATTIA_P074,5.6,4.0,5.2,4.707,1735498896.0,854.0,1216.0,1041.0,1071.0,8.0,1,1,30
1,gp_ucb,24,ATTIA_P048,5.2,4.0,5.6,4.707,1395860302.0,1040.0,1216.0,1018.0,1071.0,8.0,1,1,30
1,gp_ucb,25,ATTIA_P105,6.0,3.6,5.6,4.755,1968259787.0,763.0,1216.0,974.0,1071.0,8.0,1,1,30
2,random,0,,,,,,,,937.0,,868.0,211.0,0,0,30
2,random,1,ATTIA_P135,6.0,7.0,3.6,4.065,426875203.0,763.0,937.0,757.0,868.0,211.0,0,0,30
2,random,2,ATTIA_P188,8.0,4.0,5.6,3.574,1091840979.0,666.0,937.0,688.0,868.0,211.0,0,0,30
2,random,3,ATTIA_P102,5.6,7.0,4.8,3.294,2140603957.0,754.0,937.0,656.0,868.0,211.0,0,0,30
2,random,4,ATTIA_P023,4.4,7.0,4.0,4.69,1068114884.0,874.0,937.0,795.0,868.0,211.0,0,0,30
2,random,5,ATTIA_P157,7.0,5.2,3.6,4.537,1019100024.0,763.0,937.0,851.0,868.0,211.0,0,0,30
2,random,6,ATTIA_P132,6.0,6.0,4.8,3.429,1512940570.0,774.0,937.0,816.0,868.0,211.0,0,0,30
2,random,7,ATTIA_P037,4.8,5.6,5.6,3.733,1729644087.0,502.0,937.0,787.0,868.0,211.0,0,0,30
2,random,8,ATTIA_P000,3.6,6.0,5.6,4.755,2013127806.0,829.0,937.0,894.0,894.0,185.0,0,0,30
2,random,9,ATTIA_P120,6.0,5.2,4.8,3.759,405314091.0,967.0,967.0,911.0,911.0,168.0,0,0,30
2,random,10,ATTIA_P209,8.0,5.6,4.8,3.111,344346992.0,535.0,967.0,634.0,911.0,168.0,0,0,30
2,random,11,ATTIA_P168,7.0,5.6,5.6,3.0,1365978688.0,525.0,967.0,622.0,911.0,168.0,0,0,30
2,random,12,ATTIA_P203,8.0,5.2,4.8,3.25,190744193.0,853.0,967.0,669.0,911.0,168.0,0,0,30
2,random,13,ATTIA_P166,7.0,5.6,4.8,3.294,587528015.0,461.0,967.0,671.0,911.0,168.0,0,0,30
2,random,14,ATTIA_P118,6.0,5.2,4.0,4.457,1998704588.0,1118.0,1118.0,1029.0,1029.0,50.0,1,1,30
2,random,15,ATTIA_P169,7.0,6.0,3.6,4.065,1493122075.0,869.0,1118.0,771.0,1029.0,50.0,1,1,30
2,random,16,ATTIA_P204,8.0,5.2,5.2,3.089,934803326.0,917.0,1118.0,662.0,1029.0,50.0,1,1,30
2,random,17,ATTIA_P057,5.2,5.2,5.6,3.702,1787628927.0,815.0,1118.0,867.0,1029.0,50.0,1,1,30
2,random,18,ATTIA_P099,5.6,7.0,3.6,4.271,853146983.0,922.0,1118.0,737.0,1029.0,50.0,1,1,30
2,random,19,ATTIA_P187,8.0,4.0,5.2,3.759,1944237102.0,902.0,1118.0,753.0,1029.0,50.0,1,1,30
2,random,20,ATTIA_P107,6.0,4.0,5.2,4.457,996308419.0,1035.0,1118.0,1023.0,1029.0,50.0,1,1,30
2,random,21,ATTIA_P050,5.2,4.4,5.6,4.252,150597055.0,784.0,1118.0,909.0,1029.0,50.0,1,1,30
2,random,22,ATTIA_P130,6.0,6.0,4.0,4.0,494044247.0,922.0,1118.0,970.0,1029.0,50.0,1,1,30
2,random,23,ATTIA_P208,8.0,5.6,4.4,3.306,1323756998.0,502.0,1118.0,653.0,1029.0,50.0,1,1,30
2,random,24,ATTIA_P059,5.2,5.6,4.4,4.252,47600022.0,643.0,1118.0,917.0,1029.0,50.0,1,1,30
2,random,25,ATTIA_P080,5.6,4.8,4.8,4.2,461436550.0,1019.0,1118.0,917.0,1029.0,50.0,1,1,30
2,greedy,0,,,,,,,,937.0,,868.0,211.0,0,0,30
2,greedy,1,ATTIA_P000,3.6,6.0,5.6,4.755,2013127806.0,829.0,937.0,894.0,894.0,185.0,0,0,30
2,greedy,2,ATTIA_P001,3.6,7.0,5.2,4.537,399819843.0,1009.0,1009.0,776.0,894.0,185.0,0,0,30
2,greedy,3,ATTIA_P002,3.6,7.0,5.6,4.271,1077579761.0,785.0,1009.0,700.0,894.0,185.0,0,0,30
2,greedy,4,ATTIA_P003,4.0,5.2,5.6,4.707,154930668.0,1067.0,1067.0,971.0,971.0,108.0,0,0,30
2,greedy,5,ATTIA_P004,4.0,5.6,5.2,4.707,377436033.0,840.0,1067.0,976.0,976.0,103.0,1,0,30
2,greedy,6,ATTIA_P005,4.0,5.6,5.6,4.421,2103853463.0,961.0,1067.0,843.0,976.0,103.0,1,0,30
2,greedy,7,ATTIA_P006,4.0,6.0,4.8,4.8,345763309.0,974.0,1067.0,1000.0,1000.0,79.0,1,0,30
2,greedy,8,ATTIA_P014,4.4,5.2,5.2,4.516,1591409010.0,1507.0,1507.0,1036.0,1036.0,43.0,1,1,30
2,greedy,9,ATTIA_P029,4.8,4.8,5.2,4.457,1437287002.0,734.0,1507.0,962.0,1036.0,43.0,1,1,30
2,greedy,10,ATTIA_P007,4.0,6.0,5.2,4.457,471229872.0,1091.0,1507.0,953.0,1036.0,43.0,1,1,30
2,greedy,11,ATTIA_P008,4.0,6.0,5.6,4.2,2128069087.0,673.0,1507.0,878.0,1036.0,43.0,1,1,30
2,greedy,12,ATTIA_P009,4.0,7.0,4.4,4.69,601266361.0,739.0,1507.0,788.0,1036.0,43.0,1,1,30
2,greedy,13,ATTIA_P010,4.0,7.0,4.8,4.308,326192118.0,707.0,1507.0,754.0,1036.0,43.0,1,1,30
2,greedy,14,ATTIA_P011,4.0,7.0,5.2,4.03,1755699350.0,687.0,1507.0,758.0,1036.0,43.0,1,1,30
2,greedy,15,ATTIA_P016,4.4,5.6,4.8,4.563,1518715634.0,804.0,1507.0,930.0,1036.0,43.0,1,1,30
2,greedy,16,ATTIA_P013,4.4,4.8,5.6,4.563,633841602.0,819.0,1507.0,923.0,1036.0,43.0,1,1,30
2,greedy,17,ATTIA_P017,4.4,5.6,5.2,4.252,1872518970.0,985.0,1507.0,886.0,1036.0,43.0,1,1,30
2,greedy,18,ATTIA_P031,4.8,5.2,4.8,4.457,601621655.0,1065.0,1507.0,966.0,1036.0,43.0,1,1,30
2,greedy,19,ATTIA_P032,4.8,5.2,5.2,4.16,1770225938.0,1266.0,1507.0,986.0,1036.0,43.0,1,1,30
2,greedy,20,ATTIA_P015,4.4,5.2,5.6,4.252,260972752.0,552.0,1507.0,883.0,1036.0,43.0,1,1,30
2,greedy,21,ATTIA_P012,4.0,7.0,5.6,3.818,1373384273.0,513.0,1507.0,688.0,1036.0,43.0,1,1,30
2,greedy,22,ATTIA_P035,4.8,5.6,4.8,4.2,526996929.0,1202.0,1507.0,892.0,1036.0,43.0,1,1,30
2,greedy,23,ATTIA_P055,5.2,5.2,4.8,4.16,1375970830.0,1191.0,1507.0,1003.0,1036.0,43.0,1,1,30
2,greedy,24,ATTIA_P080,5.6,4.8,4.8,4.2,461436550.0,1019.0,1507.0,917.0,1036.0,43.0,1,1,30
2,greedy,25,ATTIA_P051,5.2,4.8,4.8,4.457,1244728902.0,1139.0,1507.0,980.0,1036.0,43.0,1,1,30
2,gp_ucb,0,,,,,,,,937.0,,868.0,211.0,0,0,30
2,gp_ucb,1,ATTIA_P000,3.6,6.0,5.6,4.755,2013127806.0,829.0,937.0,894.0,894.0,185.0,0,0,30
2,gp_ucb,2,ATTIA_P001,3.6,7.0,5.2,4.537,399819843.0,1009.0,1009.0,776.0,894.0,185.0,0,0,30
2,gp_ucb,3,ATTIA_P002,3.6,7.0,5.6,4.271,1077579761.0,785.0,1009.0,700.0,894.0,185.0,0,0,30
2,gp_ucb,4,ATTIA_P003,4.0,5.2,5.6,4.707,154930668.0,1067.0,1067.0,971.0,971.0,108.0,0,0,30
2,gp_ucb,5,ATTIA_P004,4.0,5.6,5.2,4.707,377436033.0,840.0,1067.0,976.0,976.0,103.0,1,0,30
2,gp_ucb,6,ATTIA_P005,4.0,5.6,5.6,4.421,2103853463.0,961.0,1067.0,843.0,976.0,103.0,1,0,30
2,gp_ucb,7,ATTIA_P006,4.0,6.0,4.8,4.8,345763309.0,974.0,1067.0,1000.0,1000.0,79.0,1,0,30
2,gp_ucb,8,ATTIA_P014,4.4,5.2,5.2,4.516,1591409010.0,1507.0,1507.0,1036.0,1036.0,43.0,1,1,30
2,gp_ucb,9,ATTIA_P029,4.8,4.8,5.2,4.457,1437287002.0,734.0,1507.0,962.0,1036.0,43.0,1,1,30
2,gp_ucb,10,ATTIA_P007,4.0,6.0,5.2,4.457,471229872.0,1091.0,1507.0,953.0,1036.0,43.0,1,1,30
2,gp_ucb,11,ATTIA_P008,4.0,6.0,5.6,4.2,2128069087.0,673.0,1507.0,878.0,1036.0,43.0,1,1,30
2,gp_ucb,12,ATTIA_P009,4.0,7.0,4.4,4.69,601266361.0,739.0,1507.0,788.0,1036.0,43.0,1,1,30
2,gp_ucb,13,ATTIA_P010,4.0,7.0,4.8,4.308,326192118.0,707.0,1507.0,754.0,1036.0,43.0,1,1,30
2,gp_ucb,14,ATTIA_P011,4.0,7.0,5.2,4.03,1755699350.0,687.0,1507.0,758.0,1036.0,43.0,1,1,30
2,gp_ucb,15,ATTIA_P016,4.4,5.6,4.8,4.563,1518715634.0,804.0,1507.0,930.0,1036.0,43.0,1,1,30
2,gp_ucb,16,ATTIA_P013,4.4,4.8,5.6,4.563,633841602.0,819.0,1507.0,923.0,1036.0,43.0,1,1,30
2,gp_ucb,17,ATTIA_P017,4.4,5.6,5.2,4.252,1872518970.0,985.0,1507.0,886.0,1036.0,43.0,1,1,30
2,gp_ucb,18,ATTIA_P031,4.8,5.2,4.8,4.457,601621655.0,1065.0,1507.0,966.0,1036.0,43.0,1,1,30
2,gp_ucb,19,ATTIA_P032,4.8,5.2,5.2,4.16,1770225938.0,1266.0,1507.0,986.0,1036.0,43.0,1,1,30
2,gp_ucb,20,ATTIA_P015,4.4,5.2,5.6,4.252,260972752.0,552.0,1507.0,883.0,1036.0,43.0,1,1,30
2,gp_ucb,21,ATTIA_P012,4.0,7.0,5.6,3.818,1373384273.0,513.0,1507.0,688.0,1036.0,43.0,1,1,30
2,gp_ucb,22,ATTIA_P035,4.8,5.6,4.8,4.2,526996929.0,1202.0,1507.0,892.0,1036.0,43.0,1,1,30
2,gp_ucb,23,ATTIA_P055,5.2,5.2,4.8,4.16,1375970830.0,1191.0,1507.0,1003.0,1036.0,43.0,1,1,30
2,gp_ucb,24,ATTIA_P080,5.6,4.8,4.8,4.2,461436550.0,1019.0,1507.0,917.0,1036.0,43.0,1,1,30
2,gp_ucb,25,ATTIA_P051,5.2,4.8,4.8,4.457,1244728902.0,1139.0,1507.0,980.0,1036.0,43.0,1,1,30
3,random,0,,,,,,,,906.0,,928.0,151.0,0,0,30
3,random,1,ATTIA_P065,5.2,6.0,4.8,3.759,492194600.0,812.0,906.0,891.0,928.0,151.0,0,0,30
3,random,2,ATTIA_P176,7.0,7.0,4.0,3.36,790736260.0,647.0,906.0,618.0,928.0,151.0,0,0,30
3,random,3,ATTIA_P211,8.0,5.6,5.6,2.847,317718806.0,981.0,981.0,596.0,928.0,151.0,0,0,30
3,random,4,ATTIA_P028,4.8,4.4,5.6,4.563,1239589086.0,948.0,981.0,939.0,939.0,140.0,0,0,30
3,random,5,ATTIA_P057,5.2,5.2,5.6,3.702,1178704748.0,937.0,981.0,867.0,939.0,140.0,0,0,30
3,random,6,ATTIA_P075,5.6,4.0,5.6,4.421,2104260444.0,963.0,981.0,890.0,939.0,140.0,0,0,30
3,random,7,ATTIA_P045,4.8,7.0,4.8,3.652,416192678.0,669.0,981.0,705.0,939.0,140.0,0,0,30
3,random,8,ATTIA_P033,4.8,5.2,5.6,3.935,882279542.0,683.0,981.0,852.0,939.0,140.0,0,0,30
3,random,9,ATTIA_P217,8.0,6.0,5.6,2.754,1162262007.0,551.0,981.0,592.0,939.0,140.0,0,0,30
3,random,10,ATTIA_P071,5.2,7.0,4.8,3.45,331611721.0,764.0,981.0,692.0,939.0,140.0,0,0,30
3,random,11,ATTIA_P192,8.0,4.4,5.2,3.463,1598068345.0,647.0,981.0,696.0,939.0,140.0,0,0,30
3,random,12,ATTIA_P030,4.8,4.8,5.6,4.2,1445846625.0,1016.0,1016.0,887.0,939.0,140.0,0,0,30
3,random,13,ATTIA_P168,7.0,5.6,5.6,3.0,1743184395.0,617.0,1016.0,622.0,939.0,140.0,0,0,30
3,random,14,ATTIA_P180,7.0,7.0,5.6,2.71,70671778.0,348.0,1016.0,558.0,939.0,140.0,0,0,30
3,random,15,ATTIA_P003,4.0,5.2,5.6,4.707,1147625733.0,1115.0,1115.0,971.0,971.0,108.0,0,0,30
3,random,16,ATTIA_P173,7.0,6.0,5.2,3.017,1626069636.0,753.0,1115.0,657.0,971.0,108.0,0,0,30
3,random,17,ATTIA_P095,5.6,6.0,4.4,3.834,2134541120.0,259.0,1115.0,836.0,971.0,108.0,0,0,30
3,random,18,ATTIA_P053,5.2,4.8,5.6,3.935,293696135.0,892.0,1115.0,862.0,971.0,108.0,0,0,30
3,random,19,ATTIA_P041,4.8,6.0,5.2,3.759,275085435.0,712.0,1115.0,878.0,971.0,108.0,0,0,30
3,random,20,ATTIA_P105,6.0,3.6,5.6,4.755,504151066.0,1084.0,1115.0,974.0,974.0,105.0,0,0,30
3,random,21,ATTIA_P052,5.2,4.8,5.2,4.16,1601278337.0,1018.0,1115.0,1001.0,1001.0,78.0,1,0,30
3,random,22,ATTIA_P156,7.0,4.8,5.6,3.294,1170509703.0,875.0,1115.0,673.0,1001.0,78.0,1,0,30
3,random,23,ATTIA_P103,5.6,7.0,5.2,3.129,74884216.0,592.0,1115.0,641.0,1001.0,78.0,1,0,30
3,random,24,ATTIA_P072,5.2,7.0,5.2,3.269,1502939520.0,551.0,1115.0,673.0,1001.0,78.0,1,0,30
3,random,25,ATTIA_P221,8.0,7.0,4.8,2.8,1987140434.0,387.0,1115.0,567.0,1001.0,78.0,1,0,30
3,greedy,0,,,,,,,,906.0,,928.0,151.0,0,0,30
3,greedy,1,ATTIA_P000,3.6,6.0,5.6,4.755,521372943.0,986.0,986.0,894.0,928.0,151.0,0,0,30
3,greedy,2,ATTIA_P001,3.6,7.0,5.2,4.537,1068517094.0,589.0,986.0,776.0,928.0,151.0,0,0,30
3,greedy,3,ATTIA_P002,3.6,7.0,5.6,4.271,1365838735.0,540.0,986.0,700.0,928.0,151.0,0,0,30
3,greedy,4,ATTIA_P122,6.0,5.2,5.6,3.381,995653075.0,629.0,986.0,796.0,928.0,151.0,0,0,30
3,greedy,5,ATTIA_P003,4.0,5.2,5.6,4.707,1147625733.0,1115.0,1115.0,971.0,971.0,108.0,0,0,30
3,greedy,6,ATTIA_P005,4.0,5.6,5.6,4.421,1847604754.0,915.0,1115.0,843.0,971.0,108.0,0,0,30
3,greedy,7,ATTIA_P013,4.4,4.8,5.6,4.563,1914544286.0,810.0,1115.0,923.0,971.0,108.0,0,0,30
3,greedy,8,ATTIA_P015,4.4,5.2,5.6,4.252,121114530.0,915.0,1115.0,883.0,971.0,108.0,0,0,30
3,greedy,9,ATTIA_P004,4.0,5.6,5.2,4.707,544977612.0,778.0,1115.0,976.0,976.0,103.0,1,0,30
3,greedy,10,ATTIA_P018,4.4,5.6,5.6,4.017,1724519739.0,683.0,1115.0,817.0,976.0,103.0,1,0,30
3,greedy,11,ATTIA_P014,4.4,5.2,5.2,4.516,1800798307.0,1289.0,1289.0,1036.0,1036.0,43.0,1,1,30
3,greedy,12,ATTIA_P029,4.8,4.8,5.2,4.457,1147000604.0,1139.0,1289.0,962.0,1036.0,43.0,1,1,30
3,greedy,13,ATTIA_P049,5.2,4.4,5.2,4.516,595738372.0,1119.0,1289.0,1071.0,1071.0,8.0,1,1,30
3,greedy,14,ATTIA_P074,5.6,4.0,5.2,4.707,793237549.0,893.0,1289.0,1041.0,1071.0,8.0,1,1,30
3,greedy,15,ATTIA_P051,5.2,4.8,4.8,4.457,604906898.0,1228.0,1289.0,980.0,1071.0,8.0,1,1,30
3,greedy,16,ATTIA_P031,4.8,5.2,4.8,4.457,405391104.0,1008.0,1289.0,966.0,1071.0,8.0,1,1,30
3,greedy,17,ATTIA_P076,5.6,4.4,4.8,4.563,1252754411.0,827.0,1289.0,974.0,1071.0,8.0,1,1,30
3,greedy,18,ATTIA_P052,5.2,4.8,5.2,4.16,1601278337.0,1018.0,1289.0,1001.0,1071.0,8.0,1,1,30
3,greedy,19,ATTIA_P028,4.8,4.4,5.6,4.563,1239589086.0,948.0,1289.0,939.0,1071.0,8.0,1,1,30
3,greedy,20,ATTIA_P032,4.8,5.2,5.2,4.16,1486771484.0,911.0,1289.0,986.0,1071.0,8.0,1,1,30
3,greedy,21,ATTIA_P016,4.4,5.6,4.8,4.563,302933136.0,666.0,1289.0,930.0,1071.0,8.0,1,1,30
3,greedy,22,ATTIA_P077,5.6,4.4,5.2,4.252,1385546025.0,1068.0,1289.0,926.0,1071.0,8.0,1,1,30
3,greedy,23,ATTIA_P048,5.2,4.0,5.6,4.707,1610653968.0,1231.0,1289.0,1018.0,1071.0,8.0,1,1,30
3,greedy,24,ATTIA_P105,6.0,3.6,5.6,4.755,504151066.0,1084.0,1289.0,974.0,1071.0,8.0,1,1,30
3,greedy,25,ATTIA_P075,5.6,4.0,5.6,4.421,2104260444.0,963.0,1289.0,890.0,1071.0,8.0,1,1,30
3,gp_ucb,0,,,,,,,,906.0,,928.0,151.0,0,0,30
3,gp_ucb,1,ATTIA_P000,3.6,6.0,5.6,4.755,521372943.0,986.0,986.0,894.0,928.0,151.0,0,0,30
3,gp_ucb,2,ATTIA_P001,3.6,7.0,5.2,4.537,1068517094.0,589.0,986.0,776.0,928.0,151.0,0,0,30
3,gp_ucb,3,ATTIA_P002,3.6,7.0,5.6,4.271,1365838735.0,540.0,986.0,700.0,928.0,151.0,0,0,30
3,gp_ucb,4,ATTIA_P057,5.2,5.2,5.6,3.702,1178704748.0,937.0,986.0,867.0,928.0,151.0,0,0,30
3,gp_ucb,5,ATTIA_P005,4.0,5.6,5.6,4.421,1847604754.0,915.0,986.0,843.0,928.0,151.0,0,0,30
3,gp_ucb,6,ATTIA_P004,4.0,5.6,5.2,4.707,544977612.0,778.0,986.0,976.0,976.0,103.0,1,0,30
3,gp_ucb,7,ATTIA_P053,5.2,4.8,5.6,3.935,293696135.0,892.0,986.0,862.0,976.0,103.0,1,0,30
3,gp_ucb,8,ATTIA_P124,6.0,5.6,4.0,4.2,1384959711.0,1220.0,1220.0,941.0,976.0,103.0,1,0,30
3,gp_ucb,9,ATTIA_P129,6.0,6.0,3.6,4.5,1960726471.0,1161.0,1220.0,1026.0,1026.0,53.0,1,1,30
3,gp_ucb,10,ATTIA_P130,6.0,6.0,4.0,4.0,107497680.0,1228.0,1228.0,970.0,1026.0,53.0,1,1,30
3,gp_ucb,11,ATTIA_P169,7.0,6.0,3.6,4.065,1927045709.0,965.0,1228.0,771.0,1026.0,53.0,1,1,30
3,gp_ucb,12,ATTIA_P094,5.6,6.0,4.0,4.2,1980277812.0,941.0,1228.0,930.0,1026.0,53.0,1,1,30
3,gp_ucb,13,ATTIA_P123,6.0,5.6,3.6,4.755,763835748.0,1061.0,1228.0,981.0,1026.0,53.0,1,1,30
3,gp_ucb,14,ATTIA_P163,7.0,5.6,3.6,4.271,540832549.0,685.0,1228.0,758.0,1026.0,53.0,1,1,30
3,gp_ucb,15,ATTIA_P088,5.6,5.6,4.0,4.421,431960342.0,801.0,1228.0,897.0,1026.0,53.0,1,1,30
3,gp_ucb,16,ATTIA_P095,5.6,6.0,4.4,3.834,2134541120.0,259.0,1228.0,836.0,1026.0,53.0,1,1,30
3,gp_ucb,17,ATTIA_P093,5.6,6.0,3.6,4.755,1546359790.0,941.0,1228.0,970.0,1026.0,53.0,1,1,30
3,gp_ucb,18,ATTIA_P063,5.2,6.0,4.0,4.457,551350345.0,946.0,1228.0,1004.0,1026.0,53.0,1,1,30
3,gp_ucb,19,ATTIA_P058,5.2,5.6,4.0,4.707,1342540852.0,942.0,1228.0,1030.0,1030.0,49.0,1,1,30
3,gp_ucb,20,ATTIA_P118,6.0,5.2,4.0,4.457,1241424692.0,1164.0,1228.0,1029.0,1030.0,49.0,1,1,30
3,gp_ucb,21,ATTIA_P083,5.6,5.2,4.0,4.707,1751587325.0,967.0,1228.0,1044.0,1044.0,35.0,1,1,30
3,gp_ucb,22,ATTIA_P054,5.2,5.2,4.4,4.516,1343243083.0,1075.0,1228.0,1075.0,1075.0,4.0,1,1,30
3,gp_ucb,23,ATTIA_P079,5.6,4.8,4.4,4.563,1602268915.0,802.0,1228.0,975.0,1075.0,4.0,1,1,30
3,gp_ucb,24,ATTIA_P119,6.0,5.2,4.4,4.047,1759326599.0,715.0,1228.0,971.0,1075.0,4.0,1,1,30
3,gp_ucb,25,ATTIA_P034,4.8,5.6,4.4,4.563,1142141332.0,817.0,1228.0,948.0,1075.0,4.0,1,1,30
4,random,0,,,,,,,,862.0,,854.0,225.0,0,0,30
4,random,1,ATTIA_P164,7.0,5.6,4.0,3.818,1153913834.0,708.0,862.0,732.0,854.0,225.0,0,0,30
4,random,2,ATTIA_P159,7.0,5.2,4.4,3.691,753238007.0,544.0,862.0,746.0,854.0,225.0,0,0,30
4,random,3,ATTIA_P072,5.2,7.0,5.2,3.269,480479800.0,714.0,862.0,673.0,854.0,225.0,0,0,30
4,random,4,ATTIA_P174,7.0,6.0,5.6,2.897,1240145953.0,593.0,862.0,617.0,854.0,225.0,0,0,30
4,random,5,ATTIA_P000,3.6,6.0,5.6,4.755,1504282060.0,989.0,989.0,894.0,894.0,185.0,0,0,30
4,random,6,ATTIA_P206,8.0,5.6,3.6,3.969,1785497586.0,468.0,989.0,703.0,894.0,185.0,0,0,30
4,random,7,ATTIA_P029,4.8,4.8,5.2,4.457,209263132.0,930.0,989.0,962.0,962.0,117.0,0,0,30
4,random,8,ATTIA_P088,5.6,5.6,4.0,4.421,1398617898.0,842.0,989.0,897.0,962.0,117.0,0,0,30
4,random,9,ATTIA_P177,7.0,7.0,4.4,3.122,1915923949.0,655.0,989.0,593.0,962.0,117.0,0,0,30
4,random,10,ATTIA_P090,5.6,5.6,4.8,3.733,1281295794.0,857.0,989.0,807.0,962.0,117.0,0,0,30
4,random,11,ATTIA_P200,8.0,5.2,3.6,4.197,1689227219.0,611.0,989.0,774.0,962.0,117.0,0,0,30
4,random,12,ATTIA_P076,5.6,4.4,4.8,4.563,263324323.0,1086.0,1086.0,974.0,974.0,105.0,0,0,30
4,random,13,ATTIA_P034,4.8,5.6,4.4,4.563,1093209258.0,1138.0,1138.0,948.0,974.0,105.0,0,0,30
4,random,14,ATTIA_P198,8.0,4.8,5.2,3.25,1147639768.0,620.0,1138.0,670.0,974.0,105.0,0,0,30
4,random,15,ATTIA_P106,6.0,4.0,4.8,4.8,1105577420.0,1124.0,1138.0,1076.0,1076.0,3.0,1,1,30
4,random,16,ATTIA_P112,6.0,4.4,5.6,3.834,1749059315.0,640.0,1138.0,841.0,1076.0,3.0,1,1,30
4,random,17,ATTIA_P219,8.0,7.0,4.0,3.17,975307288.0,1011.0,1138.0,592.0,1076.0,3.0,1,1,30
4,random,18,ATTIA_P180,7.0,7.0,5.6,2.71,958776313.0,769.0,1138.0,558.0,1076.0,3.0,1,1,30
4,random,19,ATTIA_P150,7.0,4.4,5.2,3.691,563970536.0,569.0,1138.0,750.0,1076.0,3.0,1,1,30
4,random,20,ATTIA_P067,5.2,6.0,5.6,3.381,2108920465.0,1023.0,1138.0,781.0,1076.0,3.0,1,1,30
4,random,21,ATTIA_P157,7.0,5.2,3.6,4.537,536280965.0,861.0,1138.0,851.0,1076.0,3.0,1,1,30
4,random,22,ATTIA_P032,4.8,5.2,5.2,4.16,1595164988.0,939.0,1138.0,986.0,1076.0,3.0,1,1,30
4,random,23,ATTIA_P138,6.0,7.0,4.8,3.17,301527402.0,870.0,1138.0,654.0,1076.0,3.0,1,1,30
4,random,24,ATTIA_P030,4.8,4.8,5.6,4.2,563785760.0,1032.0,1138.0,887.0,1076.0,3.0,1,1,30
4,random,25,ATTIA_P183,8.0,3.6,5.6,3.969,1793431843.0,911.0,1138.0,711.0,1076.0,3.0,1,1,30
4,greedy,0,,,,,,,,862.0,,854.0,225.0,0,0,30
4,greedy,1,ATTIA_P061,5.2,5.6,5.2,3.702,1321182775.0,1109.0,1109.0,868.0,868.0,211.0,0,0,30
4,greedy,2,ATTIA_P091,5.6,5.6,5.2,3.523,1165993990.0,817.0,1109.0,777.0,868.0,211.0,0,0,30
4,greedy,3,ATTIA_P066,5.2,6.0,5.2,3.545,1296999322.0,949.0,1109.0,853.0,868.0,211.0,0,0,30
4,greedy,4,ATTIA_P041,4.8,6.0,5.2,3.759,1399823758.0,767.0,1109.0,878.0,878.0,201.0,0,0,30
4,greedy,5,ATTIA_P056,5.2,5.2,5.2,3.9,2042227482.0,960.0,1109.0,954.0,954.0,125.0,0,0,30
4,greedy,6,ATTIA_P086,5.6,5.2,5.2,3.702,2032019897.0,798.0,1109.0,879.0,954.0,125.0,0,0,30
4,greedy,7,ATTIA_P062,5.2,5.6,5.6,3.523,1566371827.0,643.0,1109.0,769.0,954.0,125.0,0,0,30
4,greedy,8,ATTIA_P060,5.2,5.6,4.8,3.935,191778987.0,874.0,1109.0,867.0,954.0,125.0,0,0,30
4,greedy,9,ATTIA_P090,5.6,5.6,4.8,3.733,1281295794.0,857.0,1109.0,807.0,954.0,125.0,0,0,30
4,greedy,10,ATTIA_P065,5.2,6.0,4.8,3.759,1844086612.0,1053.0,1109.0,891.0,954.0,125.0,0,0,30
4,greedy,11,ATTIA_P096,5.6,6.0,4.8,3.574,1315279025.0,642.0,1109.0,795.0,954.0,125.0,0,0,30
4,greedy,12,ATTIA_P040,4.8,6.0,4.8,4.0,1591525915.0,1064.0,1109.0,922.0,954.0,125.0,0,0,30
4,greedy,13,ATTIA_P035,4.8,5.6,4.8,4.2,185235961.0,873.0,1109.0,892.0,954.0,125.0,0,0,30
4,greedy,14,ATTIA_P064,5.2,6.0,4.4,4.047,1886059068.0,1173.0,1173.0,949.0,954.0,125.0,0,0,30
4,greedy,15,ATTIA_P039,4.8,6.0,4.4,4.328,259794514.0,818.0,1173.0,924.0,954.0,125.0,0,0,30
4,greedy,16,ATTIA_P059,5.2,5.6,4.4,4.252,48624850.0,837.0,1173.0,917.0,954.0,125.0,0,0,30
4,greedy,17,ATTIA_P095,5.6,6.0,4.4,3.834,1873711760.0,1069.0,1173.0,836.0,954.0,125.0,0,0,30
4,greedy,18,ATTIA_P089,5.6,5.6,4.4,4.017,1653921612.0,880.0,1173.0,852.0,954.0,125.0,0,0,30
4,greedy,19,ATTIA_P094,5.6,6.0,4.0,4.2,1352802331.0,874.0,1173.0,930.0,954.0,125.0,0,0,30
4,greedy,20,ATTIA_P130,6.0,6.0,4.0,4.0,1485084449.0,1135.0,1173.0,970.0,970.0,109.0,0,0,30
4,greedy,21,ATTIA_P124,6.0,5.6,4.0,4.2,600065901.0,997.0,1173.0,941.0,970.0,109.0,0,0,30
4,greedy,22,ATTIA_P125,6.0,5.6,4.4,3.834,766424470.0,970.0,1173.0,844.0,970.0,109.0,0,0,30
4,greedy,23,ATTIA_P131,6.0,6.0,4.4,3.667,1811983469.0,818.0,1173.0,862.0,970.0,109.0,0,0,30
4,greedy,24,ATTIA_P088,5.6,5.6,4.0,4.421,1398617898.0,842.0,1173.0,897.0,970.0,109.0,0,0,30
4,greedy,25,ATTIA_P119,6.0,5.2,4.4,4.047,1233877412.0,1029.0,1173.0,971.0,971.0,108.0,0,0,30
4,gp_ucb,0,,,,,,,,862.0,,854.0,225.0,0,0,30
4,gp_ucb,1,ATTIA_P041,4.8,6.0,5.2,3.759,1399823758.0,767.0,862.0,878.0,878.0,201.0,0,0,30
4,gp_ucb,2,ATTIA_P061,5.2,5.6,5.2,3.702,1321182775.0,1109.0,1109.0,868.0,878.0,201.0,0,0,30
4,gp_ucb,3,ATTIA_P091,5.6,5.6,5.2,3.523,1165993990.0,817.0,1109.0,777.0,878.0,201.0,0,0,30
4,gp_ucb,4,ATTIA_P056,5.2,5.2,5.2,3.9,2042227482.0,960.0,1109.0,954.0,954.0,125.0,0,0,30
4,gp_ucb,5,ATTIA_P086,5.6,5.2,5.2,3.702,2032019897.0,798.0,1109.0,879.0,954.0,125.0,0,0,30
4,gp_ucb,6,ATTIA_P066,5.2,6.0,5.2,3.545,1296999322.0,949.0,1109.0,853.0,954.0,125.0,0,0,30
4,gp_ucb,7,ATTIA_P062,5.2,5.6,5.6,3.523,1566371827.0,643.0,1109.0,769.0,954.0,125.0,0,0,30
4,gp_ucb,8,ATTIA_P060,5.2,5.6,4.8,3.935,191778987.0,874.0,1109.0,867.0,954.0,125.0,0,0,30
4,gp_ucb,9,ATTIA_P090,5.6,5.6,4.8,3.733,1281295794.0,857.0,1109.0,807.0,954.0,125.0,0,0,30
4,gp_ucb,10,ATTIA_P065,5.2,6.0,4.8,3.759,1844086612.0,1053.0,1109.0,891.0,954.0,125.0,0,0,30
4,gp_ucb,11,ATTIA_P096,5.6,6.0,4.8,3.574,1315279025.0,642.0,1109.0,795.0,954.0,125.0,0,0,30
4,gp_ucb,12,ATTIA_P040,4.8,6.0,4.8,4.0,1591525915.0,1064.0,1109.0,922.0,954.0,125.0,0,0,30
4,gp_ucb,13,ATTIA_P035,4.8,5.6,4.8,4.2,185235961.0,873.0,1109.0,892.0,954.0,125.0,0,0,30
4,gp_ucb,14,ATTIA_P064,5.2,6.0,4.4,4.047,1886059068.0,1173.0,1173.0,949.0,954.0,125.0,0,0,30
4,gp_ucb,15,ATTIA_P039,4.8,6.0,4.4,4.328,259794514.0,818.0,1173.0,924.0,954.0,125.0,0,0,30
4,gp_ucb,16,ATTIA_P059,5.2,5.6,4.4,4.252,48624850.0,837.0,1173.0,917.0,954.0,125.0,0,0,30
4,gp_ucb,17,ATTIA_P095,5.6,6.0,4.4,3.834,1873711760.0,1069.0,1173.0,836.0,954.0,125.0,0,0,30
4,gp_ucb,18,ATTIA_P089,5.6,5.6,4.4,4.017,1653921612.0,880.0,1173.0,852.0,954.0,125.0,0,0,30
4,gp_ucb,19,ATTIA_P094,5.6,6.0,4.0,4.2,1352802331.0,874.0,1173.0,930.0,954.0,125.0,0,0,30
4,gp_ucb,20,ATTIA_P130,6.0,6.0,4.0,4.0,1485084449.0,1135.0,1173.0,970.0,970.0,109.0,0,0,30
4,gp_ucb,21,ATTIA_P124,6.0,5.6,4.0,4.2,600065901.0,997.0,1173.0,941.0,970.0,109.0,0,0,30
4,gp_ucb,22,ATTIA_P125,6.0,5.6,4.4,3.834,766424470.0,970.0,1173.0,844.0,970.0,109.0,0,0,30
4,gp_ucb,23,ATTIA_P131,6.0,6.0,4.4,3.667,1811983469.0,818.0,1173.0,862.0,970.0,109.0,0,0,30
4,gp_ucb,24,ATTIA_P088,5.6,5.6,4.0,4.421,1398617898.0,842.0,1173.0,897.0,970.0,109.0,0,0,30
4,gp_ucb,25,ATTIA_P119,6.0,5.2,4.4,4.047,1233877412.0,1029.0,1173.0,971.0,971.0,108.0,0,0,30
5,random,0,,,,,,,,1075.0,,986.0,93.0,1,0,30
5,random,1,ATTIA_P096,5.6,6.0,4.8,3.574,1837396257.0,712.0,1075.0,795.0,986.0,93.0,1,0,30
5,random,2,ATTIA_P069,5.2,7.0,4.0,4.03,476137212.0,1030.0,1075.0,783.0,986.0,93.0,1,0,30
5,random,3,ATTIA_P130,6.0,6.0,4.0,4.0,2050347476.0,1007.0,1075.0,970.0,986.0,93.0,1,0,30
5,random,4,ATTIA_P201,8.0,5.2,4.0,3.759,1416406110.0,709.0,1075.0,745.0,986.0,93.0,1,0,30
5,random,5,ATTIA_P184,8.0,4.0,4.0,4.8,403669217.0,715.0,1075.0,854.0,986.0,93.0,1,0,30
5,random,6,ATTIA_P044,4.8,7.0,4.4,3.924,1423641848.0,764.0,1075.0,714.0,986.0,93.0,1,0,30
5,random,7,ATTIA_P036,4.8,5.6,5.2,3.935,1647142055.0,765.0,1075.0,854.0,986.0,93.0,1,0,30
5,random,8,ATTIA_P086,5.6,5.2,5.2,3.702,466905712.0,1069.0,1075.0,879.0,986.0,93.0,1,0,30
5,random,9,ATTIA_P143,7.0,4.0,4.4,4.69,1802565214.0,1052.0,1075.0,859.0,986.0,93.0,1,0,30
5,random,10,ATTIA_P075,5.6,4.0,5.6,4.421,1769362081.0,854.0,1075.0,890.0,986.0,93.0,1,0,30
5,random,11,ATTIA_P050,5.2,4.4,5.6,4.252,780051117.0,906.0,1075.0,909.0,986.0,93.0,1,0,30
5,random,12,ATTIA_P026,4.4,7.0,5.2,3.691,681035995.0,688.0,1075.0,704.0,986.0,93.0,1,0,30
5,random,13,ATTIA_P091,5.6,5.6,5.2,3.523,892898568.0,784.0,1075.0,777.0,986.0,93.0,1,0,30
5,random,14,ATTIA_P107,6.0,4.0,5.2,4.457,1292446336.0,1013.0,1075.0,1023.0,1023.0,56.0,1,1,30
5,random,15,ATTIA_P199,8.0,4.8,5.6,3.111,924501669.0,493.0,1075.0,635.0,1023.0,56.0,1,1,30
5,random,16,ATTIA_P177,7.0,7.0,4.4,3.122,1622230450.0,576.0,1075.0,593.0,1023.0,56.0,1,1,30
5,random,17,ATTIA_P013,4.4,4.8,5.6,4.563,1088439758.0,758.0,1075.0,923.0,1023.0,56.0,1,1,30
5,random,18,ATTIA_P102,5.6,7.0,4.8,3.294,163617547.0,855.0,1075.0,656.0,1023.0,56.0,1,1,30
5,random,19,ATTIA_P018,4.4,5.6,5.6,4.017,146776558.0,1095.0,1095.0,817.0,1023.0,56.0,1,1,30
5,random,20,ATTIA_P054,5.2,5.2,4.4,4.516,1310355679.0,1038.0,1095.0,1075.0,1075.0,4.0,1,1,30
5,random,21,ATTIA_P114,6.0,4.8,4.4,4.328,1167401815.0,930.0,1095.0,960.0,1075.0,4.0,1,1,30
5,random,22,ATTIA_P174,7.0,6.0,5.6,2.897,941536901.0,599.0,1095.0,617.0,1075.0,4.0,1,1,30
5,random,23,ATTIA_P140,6.0,7.0,5.6,2.897,1012499732.0,432.0,1095.0,610.0,1075.0,4.0,1,1,30
5,random,24,ATTIA_P180,7.0,7.0,5.6,2.71,1856212726.0,670.0,1095.0,558.0,1075.0,4.0,1,1,30
5,random,25,ATTIA_P019,4.4,6.0,4.4,4.714,713066816.0,720.0,1095.0,961.0,1075.0,4.0,1,1,30
5,greedy,0,,,,,,,,1075.0,,986.0,93.0,1,0,30
5,greedy,1,ATTIA_P056,5.2,5.2,5.2,3.9,757393927.0,903.0,1075.0,954.0,986.0,93.0,1,0,30
5,greedy,2,ATTIA_P055,5.2,5.2,4.8,4.16,1833071898.0,918.0,1075.0,1003.0,1003.0,76.0,1,0,30
5,greedy,3,ATTIA_P085,5.6,5.2,4.8,3.935,1482840439.0,586.0,1075.0,878.0,1003.0,76.0,1,0,30
5,greedy,4,ATTIA_P031,4.8,5.2,4.8,4.457,1940808599.0,936.0,1075.0,966.0,1003.0,76.0,1,0,30
5,greedy,5,ATTIA_P054,5.2,5.2,4.4,4.516,1310355679.0,1038.0,1075.0,1075.0,1075.0,4.0,1,1,30
5,greedy,6,ATTIA_P084,5.6,5.2,4.4,4.252,1715010855.0,998.0,1075.0,928.0,1075.0,4.0,1,1,30
5,greedy,7,ATTIA_P118,6.0,5.2,4.0,4.457,240503391.0,1258.0,1258.0,1029.0,1075.0,4.0,1,1,30
5,greedy,8,ATTIA_P083,5.6,5.2,4.0,4.707,90026222.0,1175.0,1258.0,1044.0,1075.0,4.0,1,1,30
5,greedy,9,ATTIA_P158,7.0,5.2,4.0,4.03,350240966.0,1082.0,1258.0,816.0,1075.0,4.0,1,1,30
5,greedy,10,ATTIA_P159,7.0,5.2,4.4,3.691,636192809.0,579.0,1258.0,746.0,1075.0,4.0,1,1,30
5,greedy,11,ATTIA_P200,8.0,5.2,3.6,4.197,607358690.0,536.0,1258.0,774.0,1075.0,4.0,1,1,30
5,greedy,12,ATTIA_P057,5.2,5.2,5.6,3.702,252119033.0,422.0,1258.0,867.0,1075.0,4.0,1,1,30
5,greedy,13,ATTIA_P058,5.2,5.6,4.0,4.707,949489954.0,1267.0,1267.0,1030.0,1075.0,4.0,1,1,30
5,greedy,14,ATTIA_P123,6.0,5.6,3.6,4.755,1004073446.0,1162.0,1267.0,981.0,1075.0,4.0,1,1,30
5,greedy,15,ATTIA_P034,4.8,5.6,4.4,4.563,161203562.0,940.0,1267.0,948.0,1075.0,4.0,1,1,30
5,greedy,16,ATTIA_P088,5.6,5.6,4.0,4.421,306735930.0,742.0,1267.0,897.0,1075.0,4.0,1,1,30
5,greedy,17,ATTIA_P113,6.0,4.8,4.0,4.8,622720533.0,866.0,1267.0,1079.0,1079.0,0.0,1,1,30
5,greedy,18,ATTIA_P093,5.6,6.0,3.6,4.755,1251227862.0,1004.0,1267.0,970.0,1079.0,0.0,1,1,30
5,greedy,19,ATTIA_P038,4.8,6.0,4.0,4.8,855100495.0,952.0,1267.0,1036.0,1079.0,0.0,1,1,30
5,greedy,20,ATTIA_P019,4.4,6.0,4.4,4.714,713066816.0,720.0,1267.0,961.0,1079.0,0.0,1,1,30
5,greedy,21,ATTIA_P079,5.6,4.8,4.4,4.563,118294112.0,925.0,1267.0,975.0,1079.0,0.0,1,1,30
5,greedy,22,ATTIA_P129,6.0,6.0,3.6,4.5,2076225127.0,1183.0,1267.0,1026.0,1079.0,0.0,1,1,30
5,greedy,23,ATTIA_P124,6.0,5.6,4.0,4.2,746404970.0,929.0,1267.0,941.0,1079.0,0.0,1,1,30
5,greedy,24,ATTIA_P063,5.2,6.0,4.0,4.457,1985645071.0,838.0,1267.0,1004.0,1079.0,0.0,1,1,30
5,greedy,25,ATTIA_P163,7.0,5.6,3.6,4.271,1972633938.0,772.0,1267.0,758.0,1079.0,0.0,1,1,30
5,gp_ucb,0,,,,,,,,1075.0,,986.0,93.0,1,0,30
5,gp_ucb,1,ATTIA_P056,5.2,5.2,5.2,3.9,757393927.0,903.0,1075.0,954.0,986.0,93.0,1,0,30
5,gp_ucb,2,ATTIA_P055,5.2,5.2,4.8,4.16,1833071898.0,918.0,1075.0,1003.0,1003.0,76.0,1,0,30
5,gp_ucb,3,ATTIA_P031,4.8,5.2,4.8,4.457,1940808599.0,936.0,1075.0,966.0,1003.0,76.0,1,0,30
5,gp_ucb,4,ATTIA_P054,5.2,5.2,4.4,4.516,1310355679.0,1038.0,1075.0,1075.0,1075.0,4.0,1,1,30
5,gp_ucb,5,ATTIA_P084,5.6,5.2,4.4,4.252,1715010855.0,998.0,1075.0,928.0,1075.0,4.0,1,1,30
5,gp_ucb,6,ATTIA_P083,5.6,5.2,4.0,4.707,90026222.0,1175.0,1175.0,1044.0,1075.0,4.0,1,1,30
5,gp_ucb,7,ATTIA_P058,5.2,5.6,4.0,4.707,949489954.0,1267.0,1267.0,1030.0,1075.0,4.0,1,1,30
5,gp_ucb,8,ATTIA_P038,4.8,6.0,4.0,4.8,855100495.0,952.0,1267.0,1036.0,1075.0,4.0,1,1,30
5,gp_ucb,9,ATTIA_P123,6.0,5.6,3.6,4.755,1004073446.0,1162.0,1267.0,981.0,1075.0,4.0,1,1,30
5,gp_ucb,10,ATTIA_P088,5.6,5.6,4.0,4.421,306735930.0,742.0,1267.0,897.0,1075.0,4.0,1,1,30
5,gp_ucb,11,ATTIA_P093,5.6,6.0,3.6,4.755,1251227862.0,1004.0,1267.0,970.0,1075.0,4.0,1,1,30
5,gp_ucb,12,ATTIA_P113,6.0,4.8,4.0,4.8,622720533.0,866.0,1267.0,1079.0,1079.0,0.0,1,1,30
5,gp_ucb,13,ATTIA_P034,4.8,5.6,4.4,4.563,161203562.0,940.0,1267.0,948.0,1079.0,0.0,1,1,30
5,gp_ucb,14,ATTIA_P023,4.4,7.0,4.0,4.69,1204260680.0,969.0,1267.0,795.0,1079.0,0.0,1,1,30
5,gp_ucb,15,ATTIA_P019,4.4,6.0,4.4,4.714,713066816.0,720.0,1267.0,961.0,1079.0,0.0,1,1,30
5,gp_ucb,16,ATTIA_P129,6.0,6.0,3.6,4.5,2076225127.0,1183.0,1267.0,1026.0,1079.0,0.0,1,1,30
5,gp_ucb,17,ATTIA_P068,5.2,7.0,3.6,4.537,1132355252.0,1098.0,1267.0,816.0,1079.0,0.0,1,1,30
5,gp_ucb,18,ATTIA_P099,5.6,7.0,3.6,4.271,1194852723.0,630.0,1267.0,737.0,1079.0,0.0,1,1,30
5,gp_ucb,19,ATTIA_P118,6.0,5.2,4.0,4.457,240503391.0,1258.0,1267.0,1029.0,1079.0,0.0,1,1,30
5,gp_ucb,20,ATTIA_P109,6.0,4.4,4.4,4.714,1285568323.0,1092.0,1267.0,1017.0,1079.0,0.0,1,1,30
5,gp_ucb,21,ATTIA_P147,7.0,4.4,4.0,4.69,906915009.0,978.0,1267.0,857.0,1079.0,0.0,1,1,30
5,gp_ucb,22,ATTIA_P079,5.6,4.8,4.4,4.563,118294112.0,925.0,1267.0,975.0,1079.0,0.0,1,1,30
5,gp_ucb,23,ATTIA_P106,6.0,4.0,4.8,4.8,1838730337.0,976.0,1267.0,1076.0,1079.0,0.0,1,1,30
5,gp_ucb,24,ATTIA_P184,8.0,4.0,4.0,4.8,403669217.0,715.0,1267.0,854.0,1079.0,0.0,1,1,30
5,gp_ucb,25,ATTIA_P063,5.2,6.0,4.0,4.457,1985645071.0,838.0,1267.0,1004.0,1079.0,0.0,1,1,30
6,random,0,,,,,,,,1060.0,,1000.0,79.0,1,0,30
6,random,1,ATTIA_P116,6.0,4.8,5.2,3.759,1543316288.0,652.0,1060.0,911.0,1000.0,79.0,1,0,30
6,random,2,ATTIA_P034,4.8,5.6,4.4,4.563,658588214.0,859.0,1060.0,948.0,1000.0,79.0,1,0,30
6,random,3,ATTIA_P033,4.8,5.2,5.6,3.935,2088466713.0,890.0,1060.0,852.0,1000.0,79.0,1,0,30
6,random,4,ATTIA_P039,4.8,6.0,4.4,4.328,1679897660.0,993.0,1060.0,924.0,1000.0,79.0,1,0,30
6,random,5,ATTIA_P059,5.2,5.6,4.4,4.252,953774316.0,919.0,1060.0,917.0,1000.0,79.0,1,0,30
6,random,6,ATTIA_P217,8.0,6.0,5.6,2.754,7478188.0,841.0,1060.0,592.0,1000.0,79.0,1,0,30
6,random,7,ATTIA_P100,5.6,7.0,4.0,3.818,1924520599.0,751.0,1060.0,712.0,1000.0,79.0,1,0,30
6,random,8,ATTIA_P174,7.0,6.0,5.6,2.897,1468835565.0,849.0,1060.0,617.0,1000.0,79.0,1,0,30
6,random,9,ATTIA_P082,5.6,4.8,5.6,3.733,1256241669.0,828.0,1060.0,806.0,1000.0,79.0,1,0,30
6,random,10,ATTIA_P081,5.6,4.8,5.2,3.935,1497447694.0,993.0,1060.0,876.0,1000.0,79.0,1,0,30
6,random,11,ATTIA_P216,8.0,6.0,5.2,2.862,1610684990.0,708.0,1060.0,622.0,1000.0,79.0,1,0,30
6,random,12,ATTIA_P138,6.0,7.0,4.8,3.17,1437833930.0,981.0,1060.0,654.0,1000.0,79.0,1,0,30
6,random,13,ATTIA_P101,5.6,7.0,4.4,3.513,1667131617.0,769.0,1060.0,666.0,1000.0,79.0,1,0,30
6,random,14,ATTIA_P141,7.0,3.6,5.2,4.537,896416121.0,1024.0,1060.0,864.0,1000.0,79.0,1,0,30
6,random,15,ATTIA_P109,6.0,4.4,4.4,4.714,1292369294.0,1162.0,1162.0,1017.0,1017.0,62.0,1,0,30
6,random,16,ATTIA_P140,6.0,7.0,5.6,2.897,1150953635.0,532.0,1162.0,610.0,1017.0,62.0,1,0,30
6,random,17,ATTIA_P126,6.0,5.6,4.8,3.574,1364628094.0,666.0,1162.0,802.0,1017.0,62.0,1,0,30
6,random,18,ATTIA_P207,8.0,5.6,4.0,3.574,579566198.0,649.0,1162.0,682.0,1017.0,62.0,1,0,30
6,random,19,ATTIA_P108,6.0,4.0,5.6,4.2,1757693770.0,932.0,1162.0,938.0,1017.0,62.0,1,0,30
6,random,20,ATTIA_P055,5.2,5.2,4.8,4.16,810143823.0,1225.0,1225.0,1003.0,1017.0,62.0,1,0,30
6,random,21,ATTIA_P072,5.2,7.0,5.2,3.269,154417057.0,917.0,1225.0,673.0,1017.0,62.0,1,0,30
6,random,22,ATTIA_P176,7.0,7.0,4.0,3.36,382343022.0,649.0,1225.0,618.0,1017.0,62.0,1,0,30
6,random,23,ATTIA_P007,4.0,6.0,5.2,4.457,1494676947.0,649.0,1225.0,953.0,1017.0,62.0,1,0,30
6,random,24,ATTIA_P110,6.0,4.4,4.8,4.328,1160353754.0,940.0,1225.0,958.0,1017.0,62.0,1,0,30
6,random,25,ATTIA_P095,5.6,6.0,4.4,3.834,2095195817.0,731.0,1225.0,836.0,1017.0,62.0,1,0,30
6,greedy,0,,,,,,,,1060.0,,1000.0,79.0,1,0,30
6,greedy,1,ATTIA_P104,5.6,7.0,5.6,3.0,142164155.0,703.0,1060.0,611.0,1000.0,79.0,1,0,30
6,greedy,2,ATTIA_P004,4.0,5.6,5.2,4.707,2109287016.0,1219.0,1219.0,976.0,1000.0,79.0,1,0,30
6,greedy,3,ATTIA_P003,4.0,5.2,5.6,4.707,670561619.0,821.0,1219.0,971.0,1000.0,79.0,1,0,30
6,greedy,4,ATTIA_P007,4.0,6.0,5.2,4.457,1494676947.0,649.0,1219.0,953.0,1000.0,79.0,1,0,30
6,greedy,5,ATTIA_P047,4.8,7.0,5.6,3.294,1932728989.0,564.0,1219.0,647.0,1000.0,79.0,1,0,30
6,greedy,6,ATTIA_P016,4.4,5.6,4.8,4.563,459018292.0,669.0,1219.0,930.0,1000.0,79.0,1,0,30
6,greedy,7,ATTIA_P000,3.6,6.0,5.6,4.755,1452942021.0,1114.0,1219.0,894.0,1000.0,79.0,1,0,30
6,greedy,8,ATTIA_P005,4.0,5.6,5.6,4.421,1804082639.0,871.0,1219.0,843.0,1000.0,79.0,1,0,30
6,greedy,9,ATTIA_P014,4.4,5.2,5.2,4.516,2063423098.0,1306.0,1306.0,1036.0,1036.0,43.0,1,1,30
6,greedy,10,ATTIA_P032,4.8,5.2,5.2,4.16,207092591.0,926.0,1306.0,986.0,1036.0,43.0,1,1,30
6,greedy,11,ATTIA_P029,4.8,4.8,5.2,4.457,1296568848.0,1263.0,1306.0,962.0,1036.0,43.0,1,1,30
6,greedy,12,ATTIA_P052,5.2,4.8,5.2,4.16,968861114.0,1169.0,1306.0,1001.0,1036.0,43.0,1,1,30
6,greedy,13,ATTIA_P049,5.2,4.4,5.2,4.516,177403085.0,1054.0,1306.0,1071.0,1071.0,8.0,1,1,30
6,greedy,14,ATTIA_P077,5.6,4.4,5.2,4.252,1397581861.0,682.0,1306.0,926.0,1071.0,8.0,1,1,30
6,greedy,15,ATTIA_P081,5.6,4.8,5.2,3.935,1497447694.0,993.0,1306.0,876.0,1071.0,8.0,1,1,30
6,greedy,16,ATTIA_P056,5.2,5.2,5.2,3.9,1134444490.0,982.0,1306.0,954.0,1071.0,8.0,1,1,30
6,greedy,17,ATTIA_P086,5.6,5.2,5.2,3.702,439535390.0,959.0,1306.0,879.0,1071.0,8.0,1,1,30
6,greedy,18,ATTIA_P116,6.0,4.8,5.2,3.759,1543316288.0,652.0,1306.0,911.0,1071.0,8.0,1,1,30
6,greedy,19,ATTIA_P061,5.2,5.6,5.2,3.702,1381488879.0,1033.0,1306.0,868.0,1071.0,8.0,1,1,30
6,greedy,20,ATTIA_P091,5.6,5.6,5.2,3.523,210236120.0,593.0,1306.0,777.0,1071.0,8.0,1,1,30
6,greedy,21,ATTIA_P017,4.4,5.6,5.2,4.252,701805954.0,863.0,1306.0,886.0,1071.0,8.0,1,1,30
6,greedy,22,ATTIA_P036,4.8,5.6,5.2,3.935,839612833.0,1130.0,1306.0,854.0,1071.0,8.0,1,1,30
6,greedy,23,ATTIA_P041,4.8,6.0,5.2,3.759,271326451.0,1064.0,1306.0,878.0,1071.0,8.0,1,1,30
6,greedy,24,ATTIA_P021,4.4,6.0,5.2,4.047,1900698980.0,1056.0,1306.0,918.0,1071.0,8.0,1,1,30
6,greedy,25,ATTIA_P030,4.8,4.8,5.6,4.2,954997118.0,755.0,1306.0,887.0,1071.0,8.0,1,1,30
6,gp_ucb,0,,,,,,,,1060.0,,1000.0,79.0,1,0,30
6,gp_ucb,1,ATTIA_P104,5.6,7.0,5.6,3.0,142164155.0,703.0,1060.0,611.0,1000.0,79.0,1,0,30
6,gp_ucb,2,ATTIA_P000,3.6,6.0,5.6,4.755,1452942021.0,1114.0,1114.0,894.0,1000.0,79.0,1,0,30
6,gp_ucb,3,ATTIA_P048,5.2,4.0,5.6,4.707,459002840.0,1074.0,1114.0,1018.0,1018.0,61.0,1,0,30
6,gp_ucb,4,ATTIA_P003,4.0,5.2,5.6,4.707,670561619.0,821.0,1114.0,971.0,1018.0,61.0,1,0,30
6,gp_ucb,5,ATTIA_P105,6.0,3.6,5.6,4.755,1712147419.0,677.0,1114.0,974.0,1018.0,61.0,1,0,30
6,gp_ucb,6,ATTIA_P004,4.0,5.6,5.2,4.707,2109287016.0,1219.0,1219.0,976.0,1018.0,61.0,1,0,30
6,gp_ucb,7,ATTIA_P007,4.0,6.0,5.2,4.457,1494676947.0,649.0,1219.0,953.0,1018.0,61.0,1,0,30
6,gp_ucb,8,ATTIA_P001,3.6,7.0,5.2,4.537,2060251765.0,606.0,1219.0,776.0,1018.0,61.0,1,0,30
6,gp_ucb,9,ATTIA_P075,5.6,4.0,5.6,4.421,2060975732.0,776.0,1219.0,890.0,1018.0,61.0,1,0,30
6,gp_ucb,10,ATTIA_P028,4.8,4.4,5.6,4.563,213762526.0,1317.0,1317.0,939.0,1018.0,61.0,1,0,30
6,gp_ucb,11,ATTIA_P013,4.4,4.8,5.6,4.563,427846079.0,1183.0,1317.0,923.0,1018.0,61.0,1,0,30
6,gp_ucb,12,ATTIA_P030,4.8,4.8,5.6,4.2,954997118.0,755.0,1317.0,887.0,1018.0,61.0,1,0,30
6,gp_ucb,13,ATTIA_P014,4.4,5.2,5.2,4.516,2063423098.0,1306.0,1317.0,1036.0,1036.0,43.0,1,1,30
6,gp_ucb,14,ATTIA_P029,4.8,4.8,5.2,4.457,1296568848.0,1263.0,1317.0,962.0,1036.0,43.0,1,1,30
6,gp_ucb,15,ATTIA_P049,5.2,4.4,5.2,4.516,177403085.0,1054.0,1317.0,1071.0,1071.0,8.0,1,1,30
6,gp_ucb,16,ATTIA_P032,4.8,5.2,5.2,4.16,207092591.0,926.0,1317.0,986.0,1071.0,8.0,1,1,30
6,gp_ucb,17,ATTIA_P016,4.4,5.6,4.8,4.563,459018292.0,669.0,1317.0,930.0,1071.0,8.0,1,1,30
6,gp_ucb,18,ATTIA_P052,5.2,4.8,5.2,4.16,968861114.0,1169.0,1317.0,1001.0,1071.0,8.0,1,1,30
6,gp_ucb,19,ATTIA_P077,5.6,4.4,5.2,4.252,1397581861.0,682.0,1317.0,926.0,1071.0,8.0,1,1,30
6,gp_ucb,20,ATTIA_P081,5.6,4.8,5.2,3.935,1497447694.0,993.0,1317.0,876.0,1071.0,8.0,1,1,30
6,gp_ucb,21,ATTIA_P056,5.2,5.2,5.2,3.9,1134444490.0,982.0,1317.0,954.0,1071.0,8.0,1,1,30
6,gp_ucb,22,ATTIA_P121,6.0,5.2,5.2,3.545,1434085666.0,893.0,1317.0,872.0,1071.0,8.0,1,1,30
6,gp_ucb,23,ATTIA_P009,4.0,7.0,4.4,4.69,1874024692.0,624.0,1317.0,788.0,1071.0,8.0,1,1,30
6,gp_ucb,24,ATTIA_P051,5.2,4.8,4.8,4.457,1168477447.0,708.0,1317.0,980.0,1071.0,8.0,1,1,30
6,gp_ucb,25,ATTIA_P184,8.0,4.0,4.0,4.8,1896811313.0,858.0,1317.0,854.0,1071.0,8.0,1,1,30
7,random,0,,,,,,,,1092.0,,1036.0,43.0,1,1,30
7,random,1,ATTIA_P011,4.0,7.0,5.2,4.03,1595224267.0,576.0,1092.0,758.0,1036.0,43.0,1,1,30
7,random,2,ATTIA_P089,5.6,5.6,4.4,4.017,1226738131.0,1093.0,1093.0,852.0,1036.0,43.0,1,1,30
7,random,3,ATTIA_P213,8.0,6.0,4.0,3.429,502084641.0,550.0,1093.0,687.0,1036.0,43.0,1,1,30
7,random,4,ATTIA_P154,7.0,4.8,4.8,3.652,1343155090.0,795.0,1093.0,740.0,1036.0,43.0,1,1,30
7,random,5,ATTIA_P120,6.0,5.2,4.8,3.759,743152948.0,917.0,1093.0,911.0,1036.0,43.0,1,1,30
7,random,6,ATTIA_P058,5.2,5.6,4.0,4.707,57665049.0,1233.0,1233.0,1030.0,1036.0,43.0,1,1,30
7,random,7,ATTIA_P114,6.0,4.8,4.4,4.328,1055704376.0,958.0,1233.0,960.0,1036.0,43.0,1,1,30
7,random,8,ATTIA_P146,7.0,4.0,5.6,3.818,1870824974.0,824.0,1233.0,737.0,1036.0,43.0,1,1,30
7,random,9,ATTIA_P193,8.0,4.4,5.6,3.306,1966563197.0,467.0,1233.0,657.0,1036.0,43.0,1,1,30
7,random,10,ATTIA_P034,4.8,5.6,4.4,4.563,2052347537.0,1080.0,1233.0,948.0,1036.0,43.0,1,1,30
7,random,11,ATTIA_P067,5.2,6.0,5.6,3.381,1160737881.0,553.0,1233.0,781.0,1036.0,43.0,1,1,30
7,random,12,ATTIA_P103,5.6,7.0,5.2,3.129,800628999.0,288.0,1233.0,641.0,1036.0,43.0,1,1,30
7,random,13,ATTIA_P105,6.0,3.6,5.6,4.755,1013832432.0,1034.0,1233.0,974.0,1036.0,43.0,1,1,30
7,random,14,ATTIA_P084,5.6,5.2,4.4,4.252,263031906.0,748.0,1233.0,928.0,1036.0,43.0,1,1,30
7,random,15,ATTIA_P134,6.0,6.0,5.6,3.111,773146806.0,563.0,1233.0,725.0,1036.0,43.0,1,1,30
7,random,16,ATTIA_P148,7.0,4.4,4.4,4.239,2042340507.0,972.0,1233.0,784.0,1036.0,43.0,1,1,30
7,random,17,ATTIA_P189,8.0,4.4,4.0,4.328,970317190.0,932.0,1233.0,782.0,1036.0,43.0,1,1,30
7,random,18,ATTIA_P107,6.0,4.0,5.2,4.457,1603312998.0,1045.0,1233.0,1023.0,1036.0,43.0,1,1,30
7,random,19,ATTIA_P191,8.0,4.4,4.8,3.667,442113984.0,886.0,1233.0,717.0,1036.0,43.0,1,1,30
7,random,20,ATTIA_P104,5.6,7.0,5.6,3.0,329509333.0,544.0,1233.0,611.0,1036.0,43.0,1,1,30
7,random,21,ATTIA_P164,7.0,5.6,4.0,3.818,1365790156.0,695.0,1233.0,732.0,1036.0,43.0,1,1,30
7,random,22,ATTIA_P112,6.0,4.4,5.6,3.834,1322642974.0,691.0,1233.0,841.0,1036.0,43.0,1,1,30
7,random,23,ATTIA_P209,8.0,5.6,4.8,3.111,76375314.0,826.0,1233.0,634.0,1036.0,43.0,1,1,30
7,random,24,ATTIA_P044,4.8,7.0,4.4,3.924,1223461011.0,536.0,1233.0,714.0,1036.0,43.0,1,1,30
7,random,25,ATTIA_P087,5.6,5.2,5.6,3.523,1484530848.0,843.0,1233.0,776.0,1036.0,43.0,1,1,30
7,greedy,0,,,,,,,,1092.0,,1036.0,43.0,1,1,30
7,greedy,1,ATTIA_P006,4.0,6.0,4.8,4.8,1205204983.0,1191.0,1191.0,1000.0,1036.0,43.0,1,1,30
7,greedy,2,ATTIA_P004,4.0,5.6,5.2,4.707,616719009.0,941.0,1191.0,976.0,1036.0,43.0,1,1,30
7,greedy,3,ATTIA_P038,4.8,6.0,4.0,4.8,165648572.0,1238.0,1238.0,1036.0,1036.0,43.0,1,1,30
7,greedy,4,ATTIA_P093,5.6,6.0,3.6,4.755,1937864590.0,1014.0,1238.0,970.0,1036.0,43.0,1,1,30
7,greedy,5,ATTIA_P009,4.0,7.0,4.4,4.69,1973491179.0,783.0,1238.0,788.0,1036.0,43.0,1,1,30
7,greedy,6,ATTIA_P058,5.2,5.6,4.0,4.707,57665049.0,1233.0,1238.0,1030.0,1036.0,43.0,1,1,30
7,greedy,7,ATTIA_P083,5.6,5.2,4.0,4.707,1367670126.0,1354.0,1354.0,1044.0,1044.0,35.0,1,1,30
7,greedy,8,ATTIA_P113,6.0,4.8,4.0,4.8,861446309.0,985.0,1354.0,1079.0,1079.0,0.0,1,1,30
7,greedy,9,ATTIA_P034,4.8,5.6,4.4,4.563,2052347537.0,1080.0,1354.0,948.0,1079.0,0.0,1,1,30
7,greedy,10,ATTIA_P123,6.0,5.6,3.6,4.755,208227602.0,880.0,1354.0,981.0,1079.0,0.0,1,1,30
7,greedy,11,ATTIA_P054,5.2,5.2,4.4,4.516,218074519.0,1046.0,1354.0,1075.0,1079.0,0.0,1,1,30
7,greedy,12,ATTIA_P016,4.4,5.6,4.8,4.563,965230304.0,739.0,1354.0,930.0,1079.0,0.0,1,1,30
7,greedy,13,ATTIA_P079,5.6,4.8,4.4,4.563,298208526.0,1009.0,1354.0,975.0,1079.0,0.0,1,1,30
7,greedy,14,ATTIA_P088,5.6,5.6,4.0,4.421,755602267.0,878.0,1354.0,897.0,1079.0,0.0,1,1,30
7,greedy,15,ATTIA_P109,6.0,4.4,4.4,4.714,2094017645.0,995.0,1354.0,1017.0,1079.0,0.0,1,1,30
7,greedy,16,ATTIA_P063,5.2,6.0,4.0,4.457,355182434.0,1112.0,1354.0,1004.0,1079.0,0.0,1,1,30
7,greedy,17,ATTIA_P118,6.0,5.2,4.0,4.457,1660903058.0,890.0,1354.0,1029.0,1079.0,0.0,1,1,30
7,greedy,18,ATTIA_P031,4.8,5.2,4.8,4.457,1654299948.0,1054.0,1354.0,966.0,1079.0,0.0,1,1,30
7,greedy,19,ATTIA_P106,6.0,4.0,4.8,4.8,624289306.0,1028.0,1354.0,1076.0,1079.0,0.0,1,1,30
7,greedy,20,ATTIA_P076,5.6,4.4,4.8,4.563,1095057331.0,1204.0,1354.0,974.0,1079.0,0.0,1,1,30
7,greedy,21,ATTIA_P074,5.6,4.0,5.2,4.707,1662524707.0,1240.0,1354.0,1041.0,1079.0,0.0,1,1,30
7,greedy,22,ATTIA_P048,5.2,4.0,5.6,4.707,1675441752.0,1058.0,1354.0,1018.0,1079.0,0.0,1,1,30
7,greedy,23,ATTIA_P105,6.0,3.6,5.6,4.755,1013832432.0,1034.0,1354.0,974.0,1079.0,0.0,1,1,30
7,greedy,24,ATTIA_P049,5.2,4.4,5.2,4.516,1676081634.0,1168.0,1354.0,1071.0,1079.0,0.0,1,1,30
7,greedy,25,ATTIA_P051,5.2,4.8,4.8,4.457,1531299271.0,852.0,1354.0,980.0,1079.0,0.0,1,1,30
7,gp_ucb,0,,,,,,,,1092.0,,1036.0,43.0,1,1,30
7,gp_ucb,1,ATTIA_P113,6.0,4.8,4.0,4.8,861446309.0,985.0,1092.0,1079.0,1079.0,0.0,1,1,30
7,gp_ucb,2,ATTIA_P006,4.0,6.0,4.8,4.8,1205204983.0,1191.0,1191.0,1000.0,1079.0,0.0,1,1,30
7,gp_ucb,3,ATTIA_P000,3.6,6.0,5.6,4.755,1287605061.0,957.0,1191.0,894.0,1079.0,0.0,1,1,30
7,gp_ucb,4,ATTIA_P009,4.0,7.0,4.4,4.69,1973491179.0,783.0,1191.0,788.0,1079.0,0.0,1,1,30
7,gp_ucb,5,ATTIA_P016,4.4,5.6,4.8,4.563,965230304.0,739.0,1191.0,930.0,1079.0,0.0,1,1,30
7,gp_ucb,6,ATTIA_P038,4.8,6.0,4.0,4.8,165648572.0,1238.0,1238.0,1036.0,1079.0,0.0,1,1,30
7,gp_ucb,7,ATTIA_P093,5.6,6.0,3.6,4.755,1937864590.0,1014.0,1238.0,970.0,1079.0,0.0,1,1,30
7,gp_ucb,8,ATTIA_P058,5.2,5.6,4.0,4.707,57665049.0,1233.0,1238.0,1030.0,1079.0,0.0,1,1,30
7,gp_ucb,9,ATTIA_P123,6.0,5.6,3.6,4.755,208227602.0,880.0,1238.0,981.0,1079.0,0.0,1,1,30
7,gp_ucb,10,ATTIA_P083,5.6,5.2,4.0,4.707,1367670126.0,1354.0,1354.0,1044.0,1079.0,0.0,1,1,30
7,gp_ucb,11,ATTIA_P118,6.0,5.2,4.0,4.457,1660903058.0,890.0,1354.0,1029.0,1079.0,0.0,1,1,30
7,gp_ucb,12,ATTIA_P034,4.8,5.6,4.4,4.563,2052347537.0,1080.0,1354.0,948.0,1079.0,0.0,1,1,30
7,gp_ucb,13,ATTIA_P109,6.0,4.4,4.4,4.714,2094017645.0,995.0,1354.0,1017.0,1079.0,0.0,1,1,30
7,gp_ucb,14,ATTIA_P054,5.2,5.2,4.4,4.516,218074519.0,1046.0,1354.0,1075.0,1079.0,0.0,1,1,30
7,gp_ucb,15,ATTIA_P079,5.6,4.8,4.4,4.563,298208526.0,1009.0,1354.0,975.0,1079.0,0.0,1,1,30
7,gp_ucb,16,ATTIA_P106,6.0,4.0,4.8,4.8,624289306.0,1028.0,1354.0,1076.0,1079.0,0.0,1,1,30
7,gp_ucb,17,ATTIA_P004,4.0,5.6,5.2,4.707,616719009.0,941.0,1354.0,976.0,1079.0,0.0,1,1,30
7,gp_ucb,18,ATTIA_P063,5.2,6.0,4.0,4.457,355182434.0,1112.0,1354.0,1004.0,1079.0,0.0,1,1,30
7,gp_ucb,19,ATTIA_P088,5.6,5.6,4.0,4.421,755602267.0,878.0,1354.0,897.0,1079.0,0.0,1,1,30
7,gp_ucb,20,ATTIA_P023,4.4,7.0,4.0,4.69,1495881714.0,929.0,1354.0,795.0,1079.0,0.0,1,1,30
7,gp_ucb,21,ATTIA_P074,5.6,4.0,5.2,4.707,1662524707.0,1240.0,1354.0,1041.0,1079.0,0.0,1,1,30
7,gp_ucb,22,ATTIA_P105,6.0,3.6,5.6,4.755,1013832432.0,1034.0,1354.0,974.0,1079.0,0.0,1,1,30
7,gp_ucb,23,ATTIA_P048,5.2,4.0,5.6,4.707,1675441752.0,1058.0,1354.0,1018.0,1079.0,0.0,1,1,30
7,gp_ucb,24,ATTIA_P076,5.6,4.4,4.8,4.563,1095057331.0,1204.0,1354.0,974.0,1079.0,0.0,1,1,30
7,gp_ucb,25,ATTIA_P049,5.2,4.4,5.2,4.516,1676081634.0,1168.0,1354.0,1071.0,1079.0,0.0,1,1,30
8,random,0,,,,,,,,1520.0,,1079.0,0.0,1,1,30
8,random,1,ATTIA_P077,5.6,4.4,5.2,4.252,694687836.0,743.0,1520.0,926.0,1079.0,0.0,1,1,30
8,random,2,ATTIA_P152,7.0,4.8,4.0,4.308,1604455994.0,839.0,1520.0,814.0,1079.0,0.0,1,1,30
8,random,3,ATTIA_P178,7.0,7.0,4.8,2.947,168823310.0,664.0,1520.0,581.0,1079.0,0.0,1,1,30
8,random,4,ATTIA_P138,6.0,7.0,4.8,3.17,1820289513.0,826.0,1520.0,654.0,1079.0,0.0,1,1,30
8,random,5,ATTIA_P167,7.0,5.6,5.2,3.129,978962462.0,401.0,1520.0,655.0,1079.0,0.0,1,1,30
8,random,6,ATTIA_P044,4.8,7.0,4.4,3.924,583132984.0,909.0,1520.0,714.0,1079.0,0.0,1,1,30
8,random,7,ATTIA_P216,8.0,6.0,5.2,2.862,198410108.0,755.0,1520.0,622.0,1079.0,0.0,1,1,30
8,random,8,ATTIA_P205,8.0,5.2,5.6,2.963,12573635.0,429.0,1520.0,622.0,1079.0,0.0,1,1,30
8,random,9,ATTIA_P031,4.8,5.2,4.8,4.457,1838988204.0,591.0,1520.0,966.0,1079.0,0.0,1,1,30
8,random,10,ATTIA_P100,5.6,7.0,4.0,3.818,1615756644.0,878.0,1520.0,712.0,1079.0,0.0,1,1,30
8,random,11,ATTIA_P123,6.0,5.6,3.6,4.755,1952441848.0,929.0,1520.0,981.0,1079.0,0.0,1,1,30
8,random,12,ATTIA_P121,6.0,5.2,5.2,3.545,906179672.0,791.0,1520.0,872.0,1079.0,0.0,1,1,30
8,random,13,ATTIA_P195,8.0,4.8,4.0,4.0,760700612.0,801.0,1520.0,774.0,1079.0,0.0,1,1,30
8,random,14,ATTIA_P053,5.2,4.8,5.6,3.935,1725914211.0,813.0,1520.0,862.0,1079.0,0.0,1,1,30
8,random,15,ATTIA_P027,4.4,7.0,5.6,3.513,1740990271.0,674.0,1520.0,650.0,1079.0,0.0,1,1,30
8,random,16,ATTIA_P218,8.0,7.0,3.6,3.476,1145094496.0,390.0,1520.0,605.0,1079.0,0.0,1,1,30
8,random,17,ATTIA_P030,4.8,4.8,5.6,4.2,629011019.0,871.0,1520.0,887.0,1079.0,0.0,1,1,30
8,random,18,ATTIA_P217,8.0,6.0,5.6,2.754,1837656329.0,480.0,1520.0,592.0,1079.0,0.0,1,1,30
8,random,19,ATTIA_P184,8.0,4.0,4.0,4.8,1742429025.0,1117.0,1520.0,854.0,1079.0,0.0,1,1,30
8,random,20,ATTIA_P059,5.2,5.6,4.4,4.252,871177128.0,1037.0,1520.0,917.0,1079.0,0.0,1,1,30
8,random,21,ATTIA_P212,8.0,6.0,3.6,3.789,918949627.0,546.0,1520.0,711.0,1079.0,0.0,1,1,30
8,random,22,ATTIA_P137,6.0,7.0,4.4,3.372,1007855821.0,577.0,1520.0,677.0,1079.0,0.0,1,1,30
8,random,23,ATTIA_P060,5.2,5.6,4.8,3.935,2016586188.0,895.0,1520.0,867.0,1079.0,0.0,1,1,30
8,random,24,ATTIA_P155,7.0,4.8,5.2,3.45,1582494791.0,584.0,1520.0,717.0,1079.0,0.0,1,1,30
8,random,25,ATTIA_P102,5.6,7.0,4.8,3.294,780862688.0,547.0,1520.0,656.0,1079.0,0.0,1,1,30
8,greedy,0,,,,,,,,1520.0,,1079.0,0.0,1,1,30
8,greedy,1,ATTIA_P000,3.6,6.0,5.6,4.755,620581087.0,753.0,1520.0,894.0,1079.0,0.0,1,1,30
8,greedy,2,ATTIA_P001,3.6,7.0,5.2,4.537,523553904.0,893.0,1520.0,776.0,1079.0,0.0,1,1,30
8,greedy,3,ATTIA_P083,5.6,5.2,4.0,4.707,451583213.0,1027.0,1520.0,1044.0,1079.0,0.0,1,1,30
8,greedy,4,ATTIA_P109,6.0,4.4,4.4,4.714,200166735.0,1063.0,1520.0,1017.0,1079.0,0.0,1,1,30
8,greedy,5,ATTIA_P079,5.6,4.8,4.4,4.563,1693275012.0,717.0,1520.0,975.0,1079.0,0.0,1,1,30
8,greedy,6,ATTIA_P118,6.0,5.2,4.0,4.457,538854689.0,1027.0,1520.0,1029.0,1079.0,0.0,1,1,30
8,greedy,7,ATTIA_P088,5.6,5.6,4.0,4.421,759765917.0,807.0,1520.0,897.0,1079.0,0.0,1,1,30
8,greedy,8,ATTIA_P123,6.0,5.6,3.6,4.755,1952441848.0,929.0,1520.0,981.0,1079.0,0.0,1,1,30
8,greedy,9,ATTIA_P093,5.6,6.0,3.6,4.755,1144861918.0,1164.0,1520.0,970.0,1079.0,0.0,1,1,30
8,greedy,10,ATTIA_P106,6.0,4.0,4.8,4.8,15561208.0,1080.0,1520.0,1076.0,1079.0,0.0,1,1,30
8,greedy,11,ATTIA_P074,5.6,4.0,5.2,4.707,1548934699.0,725.0,1520.0,1041.0,1079.0,0.0,1,1,30
8,greedy,12,ATTIA_P147,7.0,4.4,4.0,4.69,413091583.0,643.0,1520.0,857.0,1079.0,0.0,1,1,30
8,greedy,13,ATTIA_P058,5.2,5.6,4.0,4.707,1625242518.0,1531.0,1531.0,1030.0,1079.0,0.0,1,1,30
8,greedy,14,ATTIA_P038,4.8,6.0,4.0,4.8,937861887.0,1027.0,1531.0,1036.0,1079.0,0.0,1,1,30
8,greedy,15,ATTIA_P034,4.8,5.6,4.4,4.563,1712563407.0,1114.0,1531.0,948.0,1079.0,0.0,1,1,30
8,greedy,16,ATTIA_P063,5.2,6.0,4.0,4.457,1255300508.0,640.0,1531.0,1004.0,1079.0,0.0,1,1,30
8,greedy,17,ATTIA_P019,4.4,6.0,4.4,4.714,845099216.0,996.0,1531.0,961.0,1079.0,0.0,1,1,30
8,greedy,18,ATTIA_P016,4.4,5.6,4.8,4.563,1675958980.0,915.0,1531.0,930.0,1079.0,0.0,1,1,30
8,greedy,19,ATTIA_P031,4.8,5.2,4.8,4.457,1838988204.0,591.0,1531.0,966.0,1079.0,0.0,1,1,30
8,greedy,20,ATTIA_P006,4.0,6.0,4.8,4.8,1306372688.0,788.0,1531.0,1000.0,1079.0,0.0,1,1,30
8,greedy,21,ATTIA_P163,7.0,5.6,3.6,4.271,634836835.0,771.0,1531.0,758.0,1079.0,0.0,1,1,30
8,greedy,22,ATTIA_P023,4.4,7.0,4.0,4.69,292836663.0,744.0,1531.0,795.0,1079.0,0.0,1,1,30
8,greedy,23,ATTIA_P141,7.0,3.6,5.2,4.537,1318558670.0,770.0,1531.0,864.0,1079.0,0.0,1,1,30
8,greedy,24,ATTIA_P223,8.0,7.0,5.6,2.585,978823248.0,635.0,1531.0,548.0,1079.0,0.0,1,1,30
8,greedy,25,ATTIA_P039,4.8,6.0,4.4,4.328,1605276000.0,935.0,1531.0,924.0,1079.0,0.0,1,1,30
8,gp_ucb,0,,,,,,,,1520.0,,1079.0,0.0,1,1,30
8,gp_ucb,1,ATTIA_P000,3.6,6.0,5.6,4.755,620581087.0,753.0,1520.0,894.0,1079.0,0.0,1,1,30
8,gp_ucb,2,ATTIA_P001,3.6,7.0,5.2,4.537,523553904.0,893.0,1520.0,776.0,1079.0,0.0,1,1,30
8,gp_ucb,3,ATTIA_P083,5.6,5.2,4.0,4.707,451583213.0,1027.0,1520.0,1044.0,1079.0,0.0,1,1,30
8,gp_ucb,4,ATTIA_P109,6.0,4.4,4.4,4.714,200166735.0,1063.0,1520.0,1017.0,1079.0,0.0,1,1,30
8,gp_ucb,5,ATTIA_P147,7.0,4.4,4.0,4.69,413091583.0,643.0,1520.0,857.0,1079.0,0.0,1,1,30
8,gp_ucb,6,ATTIA_P079,5.6,4.8,4.4,4.563,1693275012.0,717.0,1520.0,975.0,1079.0,0.0,1,1,30
8,gp_ucb,7,ATTIA_P118,6.0,5.2,4.0,4.457,538854689.0,1027.0,1520.0,1029.0,1079.0,0.0,1,1,30
8,gp_ucb,8,ATTIA_P088,5.6,5.6,4.0,4.421,759765917.0,807.0,1520.0,897.0,1079.0,0.0,1,1,30
8,gp_ucb,9,ATTIA_P123,6.0,5.6,3.6,4.755,1952441848.0,929.0,1520.0,981.0,1079.0,0.0,1,1,30
8,gp_ucb,10,ATTIA_P093,5.6,6.0,3.6,4.755,1144861918.0,1164.0,1520.0,970.0,1079.0,0.0,1,1,30
8,gp_ucb,11,ATTIA_P058,5.2,5.6,4.0,4.707,1625242518.0,1531.0,1531.0,1030.0,1079.0,0.0,1,1,30
8,gp_ucb,12,ATTIA_P038,4.8,6.0,4.0,4.8,937861887.0,1027.0,1531.0,1036.0,1079.0,0.0,1,1,30
8,gp_ucb,13,ATTIA_P034,4.8,5.6,4.4,4.563,1712563407.0,1114.0,1531.0,948.0,1079.0,0.0,1,1,30
8,gp_ucb,14,ATTIA_P063,5.2,6.0,4.0,4.457,1255300508.0,640.0,1531.0,1004.0,1079.0,0.0,1,1,30
8,gp_ucb,15,ATTIA_P019,4.4,6.0,4.4,4.714,845099216.0,996.0,1531.0,961.0,1079.0,0.0,1,1,30
8,gp_ucb,16,ATTIA_P016,4.4,5.6,4.8,4.563,1675958980.0,915.0,1531.0,930.0,1079.0,0.0,1,1,30
8,gp_ucb,17,ATTIA_P106,6.0,4.0,4.8,4.8,15561208.0,1080.0,1531.0,1076.0,1079.0,0.0,1,1,30
8,gp_ucb,18,ATTIA_P074,5.6,4.0,5.2,4.707,1548934699.0,725.0,1531.0,1041.0,1079.0,0.0,1,1,30
8,gp_ucb,19,ATTIA_P031,4.8,5.2,4.8,4.457,1838988204.0,591.0,1531.0,966.0,1079.0,0.0,1,1,30
8,gp_ucb,20,ATTIA_P006,4.0,6.0,4.8,4.8,1306372688.0,788.0,1531.0,1000.0,1079.0,0.0,1,1,30
8,gp_ucb,21,ATTIA_P163,7.0,5.6,3.6,4.271,634836835.0,771.0,1531.0,758.0,1079.0,0.0,1,1,30
8,gp_ucb,22,ATTIA_P023,4.4,7.0,4.0,4.69,292836663.0,744.0,1531.0,795.0,1079.0,0.0,1,1,30
8,gp_ucb,23,ATTIA_P141,7.0,3.6,5.2,4.537,1318558670.0,770.0,1531.0,864.0,1079.0,0.0,1,1,30
8,gp_ucb,24,ATTIA_P223,8.0,7.0,5.6,2.585,978823248.0,635.0,1531.0,548.0,1079.0,0.0,1,1,30
8,gp_ucb,25,ATTIA_P039,4.8,6.0,4.4,4.328,1605276000.0,935.0,1531.0,924.0,1079.0,0.0,1,1,30
9,random,0,,,,,,,,1045.0,,958.0,121.0,0,0,30
9,random,1,ATTIA_P162,7.0,5.2,5.6,3.129,1522694506.0,537.0,1045.0,655.0,958.0,121.0,0,0,30
9,random,2,ATTIA_P203,8.0,5.2,4.8,3.25,726997745.0,878.0,1045.0,669.0,958.0,121.0,0,0,30
9,random,3,ATTIA_P057,5.2,5.2,5.6,3.702,1724670948.0,1042.0,1045.0,867.0,958.0,121.0,0,0,30
9,random,4,ATTIA_P173,7.0,6.0,5.2,3.017,1460576763.0,627.0,1045.0,657.0,958.0,121.0,0,0,30
9,random,5,ATTIA_P086,5.6,5.2,5.2,3.702,57079175.0,874.0,1045.0,879.0,958.0,121.0,0,0,30
9,random,6,ATTIA_P066,5.2,6.0,5.2,3.545,2084429712.0,717.0,1045.0,853.0,958.0,121.0,0,0,30
9,random,7,ATTIA_P047,4.8,7.0,5.6,3.294,749107237.0,695.0,1045.0,647.0,958.0,121.0,0,0,30
9,random,8,ATTIA_P183,8.0,3.6,5.6,3.969,574667578.0,824.0,1045.0,711.0,958.0,121.0,0,0,30
9,random,9,ATTIA_P187,8.0,4.0,5.2,3.759,459485223.0,1096.0,1096.0,753.0,958.0,121.0,0,0,30
9,random,10,ATTIA_P177,7.0,7.0,4.4,3.122,415699547.0,200.0,1096.0,593.0,958.0,121.0,0,0,30
9,random,11,ATTIA_P149,7.0,4.4,4.8,3.924,1465640257.0,837.0,1096.0,751.0,958.0,121.0,0,0,30
9,random,12,ATTIA_P121,6.0,5.2,5.2,3.545,1369331208.0,931.0,1096.0,872.0,958.0,121.0,0,0,30
9,random,13,ATTIA_P196,8.0,4.8,4.4,3.667,73884208.0,782.0,1096.0,714.0,958.0,121.0,0,0,30
9,random,14,ATTIA_P040,4.8,6.0,4.8,4.0,1343944880.0,1032.0,1096.0,922.0,958.0,121.0,0,0,30
9,random,15,ATTIA_P112,6.0,4.4,5.6,3.834,1970015082.0,638.0,1096.0,841.0,958.0,121.0,0,0,30
9,random,16,ATTIA_P201,8.0,5.2,4.0,3.759,219945229.0,816.0,1096.0,745.0,958.0,121.0,0,0,30
9,random,17,ATTIA_P214,8.0,6.0,4.4,3.181,1450931704.0,639.0,1096.0,646.0,958.0,121.0,0,0,30
9,random,18,ATTIA_P122,6.0,5.2,5.6,3.381,1216605656.0,679.0,1096.0,796.0,958.0,121.0,0,0,30
9,random,19,ATTIA_P038,4.8,6.0,4.0,4.8,90527882.0,836.0,1096.0,1036.0,1036.0,43.0,1,1,30
9,random,20,ATTIA_P014,4.4,5.2,5.2,4.516,1414752326.0,985.0,1096.0,1036.0,1036.0,43.0,1,1,30
9,random,21,ATTIA_P085,5.6,5.2,4.8,3.935,446606818.0,917.0,1096.0,878.0,1036.0,43.0,1,1,30
9,random,22,ATTIA_P157,7.0,5.2,3.6,4.537,387570137.0,1037.0,1096.0,851.0,1036.0,43.0,1,1,30
9,random,23,ATTIA_P079,5.6,4.8,4.4,4.563,1514763197.0,964.0,1096.0,975.0,1036.0,43.0,1,1,30
9,random,24,ATTIA_P031,4.8,5.2,4.8,4.457,1092150629.0,922.0,1096.0,966.0,1036.0,43.0,1,1,30
9,random,25,ATTIA_P209,8.0,5.6,4.8,3.111,2011721252.0,354.0,1096.0,634.0,1036.0,43.0,1,1,30
9,greedy,0,,,,,,,,1045.0,,958.0,121.0,0,0,30
9,greedy,1,ATTIA_P094,5.6,6.0,4.0,4.2,1952473980.0,940.0,1045.0,930.0,958.0,121.0,0,0,30
9,greedy,2,ATTIA_P130,6.0,6.0,4.0,4.0,1596500973.0,1227.0,1227.0,970.0,970.0,109.0,0,0,30
9,greedy,3,ATTIA_P089,5.6,5.6,4.4,4.017,821222017.0,766.0,1227.0,852.0,970.0,109.0,0,0,30
9,greedy,4,ATTIA_P088,5.6,5.6,4.0,4.421,379011544.0,1048.0,1227.0,897.0,970.0,109.0,0,0,30
9,greedy,5,ATTIA_P118,6.0,5.2,4.0,4.457,1946685984.0,1020.0,1227.0,1029.0,1029.0,50.0,1,1,30
9,greedy,6,ATTIA_P063,5.2,6.0,4.0,4.457,1704321383.0,998.0,1227.0,1004.0,1029.0,50.0,1,1,30
9,greedy,7,ATTIA_P083,5.6,5.2,4.0,4.707,1742615774.0,1046.0,1227.0,1044.0,1044.0,35.0,1,1,30
9,greedy,8,ATTIA_P058,5.2,5.6,4.0,4.707,443374237.0,933.0,1227.0,1030.0,1044.0,35.0,1,1,30
9,greedy,9,ATTIA_P113,6.0,4.8,4.0,4.8,1854172889.0,806.0,1227.0,1079.0,1079.0,0.0,1,1,30
9,greedy,10,ATTIA_P170,7.0,6.0,4.0,3.652,381402457.0,671.0,1227.0,741.0,1079.0,0.0,1,1,30
9,greedy,11,ATTIA_P158,7.0,5.2,4.0,4.03,794628923.0,717.0,1227.0,816.0,1079.0,0.0,1,1,30
9,greedy,12,ATTIA_P038,4.8,6.0,4.0,4.8,90527882.0,836.0,1227.0,1036.0,1079.0,0.0,1,1,30
9,greedy,13,ATTIA_P206,8.0,5.6,3.6,3.969,814055172.0,596.0,1227.0,703.0,1079.0,0.0,1,1,30
9,greedy,14,ATTIA_P194,8.0,4.8,3.6,4.5,898422219.0,647.0,1227.0,805.0,1079.0,0.0,1,1,30
9,greedy,15,ATTIA_P129,6.0,6.0,3.6,4.5,1217042348.0,916.0,1227.0,1026.0,1079.0,0.0,1,1,30
9,greedy,16,ATTIA_P093,5.6,6.0,3.6,4.755,710042785.0,1127.0,1227.0,970.0,1079.0,0.0,1,1,30
9,greedy,17,ATTIA_P123,6.0,5.6,3.6,4.755,375767400.0,1106.0,1227.0,981.0,1079.0,0.0,1,1,30
9,greedy,18,ATTIA_P068,5.2,7.0,3.6,4.537,1368487764.0,808.0,1227.0,816.0,1079.0,0.0,1,1,30
9,greedy,19,ATTIA_P054,5.2,5.2,4.4,4.516,1618548560.0,1320.0,1320.0,1075.0,1079.0,0.0,1,1,30
9,greedy,20,ATTIA_P034,4.8,5.6,4.4,4.563,1861170148.0,717.0,1320.0,948.0,1079.0,0.0,1,1,30
9,greedy,21,ATTIA_P079,5.6,4.8,4.4,4.563,1514763197.0,964.0,1320.0,975.0,1079.0,0.0,1,1,30
9,greedy,22,ATTIA_P084,5.6,5.2,4.4,4.252,1672092895.0,975.0,1320.0,928.0,1079.0,0.0,1,1,30
9,greedy,23,ATTIA_P114,6.0,4.8,4.4,4.328,2125437705.0,1090.0,1320.0,960.0,1079.0,0.0,1,1,30
9,greedy,24,ATTIA_P059,5.2,5.6,4.4,4.252,1669969010.0,786.0,1320.0,917.0,1079.0,0.0,1,1,30
9,greedy,25,ATTIA_P031,4.8,5.2,4.8,4.457,1092150629.0,922.0,1320.0,966.0,1079.0,0.0,1,1,30
9,gp_ucb,0,,,,,,,,1045.0,,958.0,121.0,0,0,30
9,gp_ucb,1,ATTIA_P094,5.6,6.0,4.0,4.2,1952473980.0,940.0,1045.0,930.0,958.0,121.0,0,0,30
9,gp_ucb,2,ATTIA_P130,6.0,6.0,4.0,4.0,1596500973.0,1227.0,1227.0,970.0,970.0,109.0,0,0,30
9,gp_ucb,3,ATTIA_P095,5.6,6.0,4.4,3.834,440219532.0,845.0,1227.0,836.0,970.0,109.0,0,0,30
9,gp_ucb,4,ATTIA_P088,5.6,5.6,4.0,4.421,379011544.0,1048.0,1227.0,897.0,970.0,109.0,0,0,30
9,gp_ucb,5,ATTIA_P118,6.0,5.2,4.0,4.457,1946685984.0,1020.0,1227.0,1029.0,1029.0,50.0,1,1,30
9,gp_ucb,6,ATTIA_P063,5.2,6.0,4.0,4.457,1704321383.0,998.0,1227.0,1004.0,1029.0,50.0,1,1,30
9,gp_ucb,7,ATTIA_P083,5.6,5.2,4.0,4.707,1742615774.0,1046.0,1227.0,1044.0,1044.0,35.0,1,1,30
9,gp_ucb,8,ATTIA_P058,5.2,5.6,4.0,4.707,443374237.0,933.0,1227.0,1030.0,1044.0,35.0,1,1,30
9,gp_ucb,9,ATTIA_P113,6.0,4.8,4.0,4.8,1854172889.0,806.0,1227.0,1079.0,1079.0,0.0,1,1,30
9,gp_ucb,10,ATTIA_P129,6.0,6.0,3.6,4.5,1217042348.0,916.0,1227.0,1026.0,1079.0,0.0,1,1,30
9,gp_ucb,11,ATTIA_P170,7.0,6.0,4.0,3.652,381402457.0,671.0,1227.0,741.0,1079.0,0.0,1,1,30
9,gp_ucb,12,ATTIA_P158,7.0,5.2,4.0,4.03,794628923.0,717.0,1227.0,816.0,1079.0,0.0,1,1,30
9,gp_ucb,13,ATTIA_P038,4.8,6.0,4.0,4.8,90527882.0,836.0,1227.0,1036.0,1079.0,0.0,1,1,30
9,gp_ucb,14,ATTIA_P054,5.2,5.2,4.4,4.516,1618548560.0,1320.0,1320.0,1075.0,1079.0,0.0,1,1,30
9,gp_ucb,15,ATTIA_P084,5.6,5.2,4.4,4.252,1672092895.0,975.0,1320.0,928.0,1079.0,0.0,1,1,30
9,gp_ucb,16,ATTIA_P034,4.8,5.6,4.4,4.563,1861170148.0,717.0,1320.0,948.0,1079.0,0.0,1,1,30
9,gp_ucb,17,ATTIA_P079,5.6,4.8,4.4,4.563,1514763197.0,964.0,1320.0,975.0,1079.0,0.0,1,1,30
9,gp_ucb,18,ATTIA_P119,6.0,5.2,4.4,4.047,1501423381.0,1194.0,1320.0,971.0,1079.0,0.0,1,1,30
9,gp_ucb,19,ATTIA_P089,5.6,5.6,4.4,4.017,821222017.0,766.0,1320.0,852.0,1079.0,0.0,1,1,30
9,gp_ucb,20,ATTIA_P114,6.0,4.8,4.4,4.328,2125437705.0,1090.0,1320.0,960.0,1079.0,0.0,1,1,30
9,gp_ucb,21,ATTIA_P109,6.0,4.4,4.4,4.714,712699403.0,1118.0,1320.0,1017.0,1079.0,0.0,1,1,30
9,gp_ucb,22,ATTIA_P000,3.6,6.0,5.6,4.755,884019927.0,1172.0,1320.0,894.0,1079.0,0.0,1,1,30
9,gp_ucb,23,ATTIA_P001,3.6,7.0,5.2,4.537,1605186193.0,945.0,1320.0,776.0,1079.0,0.0,1,1,30
9,gp_ucb,24,ATTIA_P002,3.6,7.0,5.6,4.271,293011914.0,861.0,1320.0,700.0,1079.0,0.0,1,1,30
9,gp_ucb,25,ATTIA_P003,4.0,5.2,5.6,4.707,602788096.0,842.0,1320.0,971.0,1079.0,0.0,1,1,30
10,random,0,,,,,,,,1232.0,,890.0,189.0,0,0,30
10,random,1,ATTIA_P154,7.0,4.8,4.8,3.652,1661222922.0,419.0,1232.0,740.0,890.0,189.0,0,0,30
10,random,2,ATTIA_P172,7.0,6.0,4.8,3.17,276277909.0,785.0,1232.0,664.0,890.0,189.0,0,0,30
10,random,3,ATTIA_P221,8.0,7.0,4.8,2.8,1505961293.0,665.0,1232.0,567.0,890.0,189.0,0,0,30
10,random,4,ATTIA_P094,5.6,6.0,4.0,4.2,1352425922.0,1022.0,1232.0,930.0,930.0,149.0,0,0,30
10,random,5,ATTIA_P053,5.2,4.8,5.6,3.935,916854438.0,876.0,1232.0,862.0,930.0,149.0,0,0,30
10,random,6,ATTIA_P201,8.0,5.2,4.0,3.759,1476874272.0,816.0,1232.0,745.0,930.0,149.0,0,0,30
10,random,7,ATTIA_P200,8.0,5.2,3.6,4.197,125969760.0,744.0,1232.0,774.0,930.0,149.0,0,0,30
10,random,8,ATTIA_P118,6.0,5.2,4.0,4.457,412621137.0,1144.0,1232.0,1029.0,1029.0,50.0,1,1,30
10,random,9,ATTIA_P041,4.8,6.0,5.2,3.759,488413317.0,1131.0,1232.0,878.0,1029.0,50.0,1,1,30
10,random,10,ATTIA_P141,7.0,3.6,5.2,4.537,1611429640.0,768.0,1232.0,864.0,1029.0,50.0,1,1,30
10,random,11,ATTIA_P173,7.0,6.0,5.2,3.017,1015206708.0,540.0,1232.0,657.0,1029.0,50.0,1,1,30
10,random,12,ATTIA_P205,8.0,5.2,5.6,2.963,410058136.0,439.0,1232.0,622.0,1029.0,50.0,1,1,30
10,random,13,ATTIA_P153,7.0,4.8,4.4,3.924,1628363394.0,767.0,1232.0,749.0,1029.0,50.0,1,1,30
10,random,14,ATTIA_P126,6.0,5.6,4.8,3.574,1407595728.0,835.0,1232.0,802.0,1029.0,50.0,1,1,30
10,random,15,ATTIA_P070,5.2,7.0,4.4,3.691,1630550966.0,550.0,1232.0,719.0,1029.0,50.0,1,1,30
10,random,16,ATTIA_P184,8.0,4.0,4.0,4.8,817188654.0,1169.0,1232.0,854.0,1029.0,50.0,1,1,30
10,random,17,ATTIA_P084,5.6,5.2,4.4,4.252,1519871344.0,1083.0,1232.0,928.0,1029.0,50.0,1,1,30
10,random,18,ATTIA_P067,5.2,6.0,5.6,3.381,538013449.0,818.0,1232.0,781.0,1029.0,50.0,1,1,30
10,random,19,ATTIA_P091,5.6,5.6,5.2,3.523,344056768.0,850.0,1232.0,777.0,1029.0,50.0,1,1,30
10,random,20,ATTIA_P204,8.0,5.2,5.2,3.089,1200602223.0,769.0,1232.0,662.0,1029.0,50.0,1,1,30
10,random,21,ATTIA_P108,6.0,4.0,5.6,4.2,510107178.0,993.0,1232.0,938.0,1029.0,50.0,1,1,30
10,random,22,ATTIA_P152,7.0,4.8,4.0,4.308,730712263.0,1004.0,1232.0,814.0,1029.0,50.0,1,1,30
10,random,23,ATTIA_P220,8.0,7.0,4.4,2.957,539992800.0,737.0,1232.0,573.0,1029.0,50.0,1,1,30
10,random,24,ATTIA_P147,7.0,4.4,4.0,4.69,1416346965.0,631.0,1232.0,857.0,1029.0,50.0,1,1,30
10,random,25,ATTIA_P161,7.0,5.2,5.2,3.269,1351985530.0,462.0,1232.0,695.0,1029.0,50.0,1,1,30
10,greedy,0,,,,,,,,1232.0,,890.0,189.0,0,0,30
10,greedy,1,ATTIA_P107,6.0,4.0,5.2,4.457,1080321147.0,789.0,1232.0,1023.0,1023.0,56.0,1,1,30
10,greedy,2,ATTIA_P000,3.6,6.0,5.6,4.755,1888179139.0,680.0,1232.0,894.0,1023.0,56.0,1,1,30
10,greedy,3,ATTIA_P001,3.6,7.0,5.2,4.537,254510951.0,885.0,1232.0,776.0,1023.0,56.0,1,1,30
10,greedy,4,ATTIA_P002,3.6,7.0,5.6,4.271,465848996.0,653.0,1232.0,700.0,1023.0,56.0,1,1,30
10,greedy,5,ATTIA_P003,4.0,5.2,5.6,4.707,999687048.0,1132.0,1232.0,971.0,1023.0,56.0,1,1,30
10,greedy,6,ATTIA_P004,4.0,5.6,5.2,4.707,1860427296.0,785.0,1232.0,976.0,1023.0,56.0,1,1,30
10,greedy,7,ATTIA_P005,4.0,5.6,5.6,4.421,885143313.0,852.0,1232.0,843.0,1023.0,56.0,1,1,30
10,greedy,8,ATTIA_P006,4.0,6.0,4.8,4.8,1241945740.0,1183.0,1232.0,1000.0,1023.0,56.0,1,1,30
10,greedy,9,ATTIA_P007,4.0,6.0,5.2,4.457,153011676.0,1274.0,1274.0,953.0,1023.0,56.0,1,1,30
10,greedy,10,ATTIA_P008,4.0,6.0,5.6,4.2,1892187656.0,674.0,1274.0,878.0,1023.0,56.0,1,1,30
10,greedy,11,ATTIA_P009,4.0,7.0,4.4,4.69,1512444248.0,705.0,1274.0,788.0,1023.0,56.0,1,1,30
10,greedy,12,ATTIA_P010,4.0,7.0,4.8,4.308,1721273725.0,907.0,1274.0,754.0,1023.0,56.0,1,1,30
10,greedy,13,ATTIA_P011,4.0,7.0,5.2,4.03,874763480.0,935.0,1274.0,758.0,1023.0,56.0,1,1,30
10,greedy,14,ATTIA_P012,4.0,7.0,5.6,3.818,758570173.0,858.0,1274.0,688.0,1023.0,56.0,1,1,30
10,greedy,15,ATTIA_P013,4.4,4.8,5.6,4.563,1897919989.0,1053.0,1274.0,923.0,1023.0,56.0,1,1,30
10,greedy,16,ATTIA_P028,4.8,4.4,5.6,4.563,879128757.0,862.0,1274.0,939.0,1023.0,56.0,1,1,30
10,greedy,17,ATTIA_P014,4.4,5.2,5.2,4.516,1517305389.0,1449.0,1449.0,1036.0,1036.0,43.0,1,1,30
10,greedy,18,ATTIA_P015,4.4,5.2,5.6,4.252,1381480079.0,949.0,1449.0,883.0,1036.0,43.0,1,1,30
10,greedy,19,ATTIA_P016,4.4,5.6,4.8,4.563,960404017.0,731.0,1449.0,930.0,1036.0,43.0,1,1,30
10,greedy,20,ATTIA_P017,4.4,5.6,5.2,4.252,653773655.0,872.0,1449.0,886.0,1036.0,43.0,1,1,30
10,greedy,21,ATTIA_P018,4.4,5.6,5.6,4.017,60898810.0,1001.0,1449.0,817.0,1036.0,43.0,1,1,30
10,greedy,22,ATTIA_P019,4.4,6.0,4.4,4.714,1779011678.0,1019.0,1449.0,961.0,1036.0,43.0,1,1,30
10,greedy,23,ATTIA_P020,4.4,6.0,4.8,4.328,384489178.0,891.0,1449.0,908.0,1036.0,43.0,1,1,30
10,greedy,24,ATTIA_P021,4.4,6.0,5.2,4.047,1572315057.0,1263.0,1449.0,918.0,1036.0,43.0,1,1,30
10,greedy,25,ATTIA_P022,4.4,6.0,5.6,3.834,66108289.0,816.0,1449.0,802.0,1036.0,43.0,1,1,30
10,gp_ucb,0,,,,,,,,1232.0,,890.0,189.0,0,0,30
10,gp_ucb,1,ATTIA_P048,5.2,4.0,5.6,4.707,1246972948.0,926.0,1232.0,1018.0,1018.0,61.0,1,0,30
10,gp_ucb,2,ATTIA_P000,3.6,6.0,5.6,4.755,1888179139.0,680.0,1232.0,894.0,1018.0,61.0,1,0,30
10,gp_ucb,3,ATTIA_P108,6.0,4.0,5.6,4.2,510107178.0,993.0,1232.0,938.0,1018.0,61.0,1,0,30
10,gp_ucb,4,ATTIA_P107,6.0,4.0,5.2,4.457,1080321147.0,789.0,1232.0,1023.0,1023.0,56.0,1,1,30
10,gp_ucb,5,ATTIA_P050,5.2,4.4,5.6,4.252,864240425.0,973.0,1232.0,909.0,1023.0,56.0,1,1,30
10,gp_ucb,6,ATTIA_P078,5.6,4.4,5.6,4.017,1886574620.0,1133.0,1232.0,850.0,1023.0,56.0,1,1,30
10,gp_ucb,7,ATTIA_P112,6.0,4.4,5.6,3.834,292396199.0,1133.0,1232.0,841.0,1023.0,56.0,1,1,30
10,gp_ucb,8,ATTIA_P082,5.6,4.8,5.6,3.733,918627923.0,844.0,1232.0,806.0,1023.0,56.0,1,1,30
10,gp_ucb,9,ATTIA_P111,6.0,4.4,5.2,4.047,1020502721.0,768.0,1232.0,971.0,1023.0,56.0,1,1,30
10,gp_ucb,10,ATTIA_P207,8.0,5.6,4.0,3.574,1845073157.0,642.0,1232.0,682.0,1023.0,56.0,1,1,30
10,gp_ucb,11,ATTIA_P053,5.2,4.8,5.6,3.935,916854438.0,876.0,1232.0,862.0,1023.0,56.0,1,1,30
10,gp_ucb,12,ATTIA_P028,4.8,4.4,5.6,4.563,879128757.0,862.0,1232.0,939.0,1023.0,56.0,1,1,30
10,gp_ucb,13,ATTIA_P214,8.0,6.0,4.4,3.181,1816515017.0,670.0,1232.0,646.0,1023.0,56.0,1,1,30
10,gp_ucb,14,ATTIA_P105,6.0,3.6,5.6,4.755,281708951.0,976.0,1232.0,974.0,1023.0,56.0,1,1,30
10,gp_ucb,15,ATTIA_P049,5.2,4.4,5.2,4.516,2097469675.0,1161.0,1232.0,1071.0,1071.0,8.0,1,1,30
10,gp_ucb,16,ATTIA_P074,5.6,4.0,5.2,4.707,1564377788.0,1168.0,1232.0,1041.0,1071.0,8.0,1,1,30
10,gp_ucb,17,ATTIA_P106,6.0,4.0,4.8,4.8,368631059.0,980.0,1232.0,1076.0,1076.0,3.0,1,1,30
10,gp_ucb,18,ATTIA_P142,7.0,3.6,5.6,4.271,2079971843.0,817.0,1232.0,765.0,1076.0,3.0,1,1,30
10,gp_ucb,19,ATTIA_P077,5.6,4.4,5.2,4.252,376767514.0,952.0,1232.0,926.0,1076.0,3.0,1,1,30
10,gp_ucb,20,ATTIA_P076,5.6,4.4,4.8,4.563,250675005.0,871.0,1232.0,974.0,1076.0,3.0,1,1,30
10,gp_ucb,21,ATTIA_P029,4.8,4.8,5.2,4.457,1018775453.0,830.0,1232.0,962.0,1076.0,3.0,1,1,30
10,gp_ucb,22,ATTIA_P141,7.0,3.6,5.2,4.537,1611429640.0,768.0,1232.0,864.0,1076.0,3.0,1,1,30
10,gp_ucb,23,ATTIA_P030,4.8,4.8,5.6,4.2,1640585987.0,895.0,1232.0,887.0,1076.0,3.0,1,1,30
10,gp_ucb,24,ATTIA_P146,7.0,4.0,5.6,3.818,1437425596.0,860.0,1232.0,737.0,1076.0,3.0,1,1,30
10,gp_ucb,25,ATTIA_P052,5.2,4.8,5.2,4.16,1275283713.0,886.0,1232.0,1001.0,1076.0,3.0,1,1,30
11,random,0,,,,,,,,1183.0,,981.0,98.0,1,0,30
11,random,1,ATTIA_P062,5.2,5.6,5.6,3.523,1673499689.0,853.0,1183.0,769.0,981.0,98.0,1,0,30
11,random,2,ATTIA_P158,7.0,5.2,4.0,4.03,659520088.0,789.0,1183.0,816.0,981.0,98.0,1,0,30
11,random,3,ATTIA_P207,8.0,5.6,4.0,3.574,507002320.0,825.0,1183.0,682.0,981.0,98.0,1,0,30
11,random,4,ATTIA_P103,5.6,7.0,5.2,3.129,1093506509.0,711.0,1183.0,641.0,981.0,98.0,1,0,30
11,random,5,ATTIA_P019,4.4,6.0,4.4,4.714,792507421.0,1250.0,1250.0,961.0,981.0,98.0,1,0,30
11,random,6,ATTIA_P113,6.0,4.8,4.0,4.8,985828042.0,770.0,1250.0,1079.0,1079.0,0.0,1,1,30
11,random,7,ATTIA_P163,7.0,5.6,3.6,4.271,192431369.0,763.0,1250.0,758.0,1079.0,0.0,1,1,30
11,random,8,ATTIA_P179,7.0,7.0,5.2,2.814,1547402560.0,416.0,1250.0,577.0,1079.0,0.0,1,1,30
11,random,9,ATTIA_P102,5.6,7.0,4.8,3.294,490910074.0,568.0,1250.0,656.0,1079.0,0.0,1,1,30
11,random,10,ATTIA_P164,7.0,5.6,4.0,3.818,928627340.0,1057.0,1250.0,732.0,1079.0,0.0,1,1,30
11,random,11,ATTIA_P180,7.0,7.0,5.6,2.71,1391560792.0,617.0,1250.0,558.0,1079.0,0.0,1,1,30
11,random,12,ATTIA_P171,7.0,6.0,4.4,3.372,1068694609.0,895.0,1250.0,687.0,1079.0,0.0,1,1,30
11,random,13,ATTIA_P087,5.6,5.2,5.6,3.523,423069804.0,891.0,1250.0,776.0,1079.0,0.0,1,1,30
11,random,14,ATTIA_P031,4.8,5.2,4.8,4.457,1256948196.0,1273.0,1273.0,966.0,1079.0,0.0,1,1,30
11,random,15,ATTIA_P036,4.8,5.6,5.2,3.935,1741239106.0,919.0,1273.0,854.0,1079.0,0.0,1,1,30
11,random,16,ATTIA_P154,7.0,4.8,4.8,3.652,982380932.0,782.0,1273.0,740.0,1079.0,0.0,1,1,30
11,random,17,ATTIA_P083,5.6,5.2,4.0,4.707,1500233195.0,586.0,1273.0,1044.0,1079.0,0.0,1,1,30
11,random,18,ATTIA_P129,6.0,6.0,3.6,4.5,2071079106.0,920.0,1273.0,1026.0,1079.0,0.0,1,1,30
11,random,19,ATTIA_P125,6.0,5.6,4.4,3.834,942239551.0,1020.0,1273.0,844.0,1079.0,0.0,1,1,30
11,random,20,ATTIA_P104,5.6,7.0,5.6,3.0,868164702.0,758.0,1273.0,611.0,1079.0,0.0,1,1,30
11,random,21,ATTIA_P022,4.4,6.0,5.6,3.834,779496224.0,1015.0,1273.0,802.0,1079.0,0.0,1,1,30
11,random,22,ATTIA_P018,4.4,5.6,5.6,4.017,1382805370.0,859.0,1273.0,817.0,1079.0,0.0,1,1,30
11,random,23,ATTIA_P200,8.0,5.2,3.6,4.197,1535991205.0,745.0,1273.0,774.0,1079.0,0.0,1,1,30
11,random,24,ATTIA_P045,4.8,7.0,4.8,3.652,472605286.0,809.0,1273.0,705.0,1079.0,0.0,1,1,30
11,random,25,ATTIA_P058,5.2,5.6,4.0,4.707,590462574.0,1129.0,1273.0,1030.0,1079.0,0.0,1,1,30
11,greedy,0,,,,,,,,1183.0,,981.0,98.0,1,0,30
11,greedy,1,ATTIA_P093,5.6,6.0,3.6,4.755,1020866151.0,1323.0,1323.0,970.0,981.0,98.0,1,0,30
11,greedy,2,ATTIA_P023,4.4,7.0,4.0,4.69,2093102888.0,882.0,1323.0,795.0,981.0,98.0,1,0,30
11,greedy,3,ATTIA_P129,6.0,6.0,3.6,4.5,2071079106.0,920.0,1323.0,1026.0,1026.0,53.0,1,1,30
11,greedy,4,ATTIA_P058,5.2,5.6,4.0,4.707,590462574.0,1129.0,1323.0,1030.0,1030.0,49.0,1,1,30
11,greedy,5,ATTIA_P083,5.6,5.2,4.0,4.707,1500233195.0,586.0,1323.0,1044.0,1044.0,35.0,1,1,30
11,greedy,6,ATTIA_P038,4.8,6.0,4.0,4.8,1994925833.0,1134.0,1323.0,1036.0,1044.0,35.0,1,1,30
11,greedy,7,ATTIA_P063,5.2,6.0,4.0,4.457,501763208.0,771.0,1323.0,1004.0,1044.0,35.0,1,1,30
11,greedy,8,ATTIA_P019,4.4,6.0,4.4,4.714,792507421.0,1250.0,1323.0,961.0,1044.0,35.0,1,1,30
11,greedy,9,ATTIA_P034,4.8,5.6,4.4,4.563,213914432.0,668.0,1323.0,948.0,1044.0,35.0,1,1,30
11,greedy,10,ATTIA_P006,4.0,6.0,4.8,4.8,847402535.0,868.0,1323.0,1000.0,1044.0,35.0,1,1,30
11,greedy,11,ATTIA_P157,7.0,5.2,3.6,4.537,719221694.0,897.0,1323.0,851.0,1044.0,35.0,1,1,30
11,greedy,12,ATTIA_P158,7.0,5.2,4.0,4.03,659520088.0,789.0,1323.0,816.0,1044.0,35.0,1,1,30
11,greedy,13,ATTIA_P068,5.2,7.0,3.6,4.537,184307945.0,1057.0,1323.0,816.0,1044.0,35.0,1,1,30
11,greedy,14,ATTIA_P099,5.6,7.0,3.6,4.271,1939270093.0,718.0,1323.0,737.0,1044.0,35.0,1,1,30
11,greedy,15,ATTIA_P009,4.0,7.0,4.4,4.69,519475578.0,1114.0,1323.0,788.0,1044.0,35.0,1,1,30
11,greedy,16,ATTIA_P043,4.8,7.0,4.0,4.308,1905030709.0,875.0,1323.0,770.0,1044.0,35.0,1,1,30
11,greedy,17,ATTIA_P113,6.0,4.8,4.0,4.8,985828042.0,770.0,1323.0,1079.0,1079.0,0.0,1,1,30
11,greedy,18,ATTIA_P001,3.6,7.0,5.2,4.537,1644796333.0,617.0,1323.0,776.0,1079.0,0.0,1,1,30
11,greedy,19,ATTIA_P088,5.6,5.6,4.0,4.421,1064174200.0,1070.0,1323.0,897.0,1079.0,0.0,1,1,30
11,greedy,20,ATTIA_P163,7.0,5.6,3.6,4.271,192431369.0,763.0,1323.0,758.0,1079.0,0.0,1,1,30
11,greedy,21,ATTIA_P118,6.0,5.2,4.0,4.457,1878591919.0,1232.0,1323.0,1029.0,1079.0,0.0,1,1,30
11,greedy,22,ATTIA_P124,6.0,5.6,4.0,4.2,1297762470.0,1107.0,1323.0,941.0,1079.0,0.0,1,1,30
11,greedy,23,ATTIA_P094,5.6,6.0,4.0,4.2,1635331077.0,1014.0,1323.0,930.0,1079.0,0.0,1,1,30
11,greedy,24,ATTIA_P130,6.0,6.0,4.0,4.0,1768690342.0,813.0,1323.0,970.0,1079.0,0.0,1,1,30
11,greedy,25,ATTIA_P084,5.6,5.2,4.4,4.252,422978454.0,960.0,1323.0,928.0,1079.0,0.0,1,1,30
11,gp_ucb,0,,,,,,,,1183.0,,981.0,98.0,1,0,30
11,gp_ucb,1,ATTIA_P023,4.4,7.0,4.0,4.69,2093102888.0,882.0,1183.0,795.0,981.0,98.0,1,0,30
11,gp_ucb,2,ATTIA_P129,6.0,6.0,3.6,4.5,2071079106.0,920.0,1183.0,1026.0,1026.0,53.0,1,1,30
11,gp_ucb,3,ATTIA_P093,5.6,6.0,3.6,4.755,1020866151.0,1323.0,1323.0,970.0,1026.0,53.0,1,1,30
11,gp_ucb,4,ATTIA_P058,5.2,5.6,4.0,4.707,590462574.0,1129.0,1323.0,1030.0,1030.0,49.0,1,1,30
11,gp_ucb,5,ATTIA_P083,5.6,5.2,4.0,4.707,1500233195.0,586.0,1323.0,1044.0,1044.0,35.0,1,1,30
11,gp_ucb,6,ATTIA_P038,4.8,6.0,4.0,4.8,1994925833.0,1134.0,1323.0,1036.0,1044.0,35.0,1,1,30
11,gp_ucb,7,ATTIA_P063,5.2,6.0,4.0,4.457,501763208.0,771.0,1323.0,1004.0,1044.0,35.0,1,1,30
11,gp_ucb,8,ATTIA_P019,4.4,6.0,4.4,4.714,792507421.0,1250.0,1323.0,961.0,1044.0,35.0,1,1,30
11,gp_ucb,9,ATTIA_P034,4.8,5.6,4.4,4.563,213914432.0,668.0,1323.0,948.0,1044.0,35.0,1,1,30
11,gp_ucb,10,ATTIA_P006,4.0,6.0,4.8,4.8,847402535.0,868.0,1323.0,1000.0,1044.0,35.0,1,1,30
11,gp_ucb,11,ATTIA_P157,7.0,5.2,3.6,4.537,719221694.0,897.0,1323.0,851.0,1044.0,35.0,1,1,30
11,gp_ucb,12,ATTIA_P158,7.0,5.2,4.0,4.03,659520088.0,789.0,1323.0,816.0,1044.0,35.0,1,1,30
11,gp_ucb,13,ATTIA_P068,5.2,7.0,3.6,4.537,184307945.0,1057.0,1323.0,816.0,1044.0,35.0,1,1,30
11,gp_ucb,14,ATTIA_P099,5.6,7.0,3.6,4.271,1939270093.0,718.0,1323.0,737.0,1044.0,35.0,1,1,30
11,gp_ucb,15,ATTIA_P009,4.0,7.0,4.4,4.69,519475578.0,1114.0,1323.0,788.0,1044.0,35.0,1,1,30
11,gp_ucb,16,ATTIA_P001,3.6,7.0,5.2,4.537,1644796333.0,617.0,1323.0,776.0,1044.0,35.0,1,1,30
11,gp_ucb,17,ATTIA_P113,6.0,4.8,4.0,4.8,985828042.0,770.0,1323.0,1079.0,1079.0,0.0,1,1,30
11,gp_ucb,18,ATTIA_P024,4.4,7.0,4.4,4.239,767668166.0,586.0,1323.0,733.0,1079.0,0.0,1,1,30
11,gp_ucb,19,ATTIA_P194,8.0,4.8,3.6,4.5,151674256.0,901.0,1323.0,805.0,1079.0,0.0,1,1,30
11,gp_ucb,20,ATTIA_P163,7.0,5.6,3.6,4.271,192431369.0,763.0,1323.0,758.0,1079.0,0.0,1,1,30
11,gp_ucb,21,ATTIA_P223,8.0,7.0,5.6,2.585,617758488.0,551.0,1323.0,548.0,1079.0,0.0,1,1,30
11,gp_ucb,22,ATTIA_P088,5.6,5.6,4.0,4.421,1064174200.0,1070.0,1323.0,897.0,1079.0,0.0,1,1,30
11,gp_ucb,23,ATTIA_P043,4.8,7.0,4.0,4.308,1905030709.0,875.0,1323.0,770.0,1079.0,0.0,1,1,30
11,gp_ucb,24,ATTIA_P118,6.0,5.2,4.0,4.457,1878591919.0,1232.0,1323.0,1029.0,1079.0,0.0,1,1,30
11,gp_ucb,25,ATTIA_P147,7.0,4.4,4.0,4.69,36367811.0,989.0,1323.0,857.0,1079.0,0.0,1,1,30
12,random,0,,,,,,,,1072.0,,1023.0,56.0,1,1,30
12,random,1,ATTIA_P165,7.0,5.6,4.4,3.513,1955787117.0,862.0,1072.0,682.0,1023.0,56.0,1,1,30
12,random,2,ATTIA_P192,8.0,4.4,5.2,3.463,339731754.0,809.0,1072.0,696.0,1023.0,56.0,1,1,30
12,random,3,ATTIA_P135,6.0,7.0,3.6,4.065,205205881.0,855.0,1072.0,757.0,1023.0,56.0,1,1,30
12,random,4,ATTIA_P200,8.0,5.2,3.6,4.197,1622708026.0,726.0,1072.0,774.0,1023.0,56.0,1,1,30
12,random,5,ATTIA_P057,5.2,5.2,5.6,3.702,393520764.0,1069.0,1072.0,867.0,1023.0,56.0,1,1,30
12,random,6,ATTIA_P111,6.0,4.4,5.2,4.047,1510550934.0,699.0,1072.0,971.0,1023.0,56.0,1,1,30
12,random,7,ATTIA_P208,8.0,5.6,4.4,3.306,1175789783.0,764.0,1072.0,653.0,1023.0,56.0,1,1,30
12,random,8,ATTIA_P071,5.2,7.0,4.8,3.45,2134445958.0,719.0,1072.0,692.0,1023.0,56.0,1,1,30
12,random,9,ATTIA_P024,4.4,7.0,4.4,4.239,1057850401.0,668.0,1072.0,733.0,1023.0,56.0,1,1,30
12,random,10,ATTIA_P117,6.0,4.8,5.6,3.574,1535565742.0,692.0,1072.0,800.0,1023.0,56.0,1,1,30
12,random,11,ATTIA_P176,7.0,7.0,4.0,3.36,656534103.0,633.0,1072.0,618.0,1023.0,56.0,1,1,30
12,random,12,ATTIA_P151,7.0,4.4,5.6,3.513,409618568.0,504.0,1072.0,684.0,1023.0,56.0,1,1,30
12,random,13,ATTIA_P106,6.0,4.0,4.8,4.8,1880398702.0,880.0,1072.0,1076.0,1076.0,3.0,1,1,30
12,random,14,ATTIA_P203,8.0,5.2,4.8,3.25,507033704.0,631.0,1072.0,669.0,1076.0,3.0,1,1,30
12,random,15,ATTIA_P154,7.0,4.8,4.8,3.652,2041973371.0,902.0,1072.0,740.0,1076.0,3.0,1,1,30
12,random,16,ATTIA_P087,5.6,5.2,5.6,3.523,174221432.0,940.0,1072.0,776.0,1076.0,3.0,1,1,30
12,random,17,ATTIA_P098,5.6,6.0,5.6,3.231,1299064732.0,838.0,1072.0,713.0,1076.0,3.0,1,1,30
12,random,18,ATTIA_P103,5.6,7.0,5.2,3.129,339908058.0,774.0,1072.0,641.0,1076.0,3.0,1,1,30
12,random,19,ATTIA_P046,4.8,7.0,5.2,3.45,1264305322.0,510.0,1072.0,685.0,1076.0,3.0,1,1,30
12,random,20,ATTIA_P152,7.0,4.8,4.0,4.308,1675283062.0,882.0,1072.0,814.0,1076.0,3.0,1,1,30
12,random,21,ATTIA_P050,5.2,4.4,5.6,4.252,1618892387.0,1004.0,1072.0,909.0,1076.0,3.0,1,1,30
12,random,22,ATTIA_P047,4.8,7.0,5.6,3.294,1152295771.0,545.0,1072.0,647.0,1076.0,3.0,1,1,30
12,random,23,ATTIA_P214,8.0,6.0,4.4,3.181,177340553.0,609.0,1072.0,646.0,1076.0,3.0,1,1,30
12,random,24,ATTIA_P196,8.0,4.8,4.4,3.667,1585330422.0,616.0,1072.0,714.0,1076.0,3.0,1,1,30
12,random,25,ATTIA_P178,7.0,7.0,4.8,2.947,1772676535.0,637.0,1072.0,581.0,1076.0,3.0,1,1,30
12,greedy,0,,,,,,,,1072.0,,1023.0,56.0,1,1,30
12,greedy,1,ATTIA_P048,5.2,4.0,5.6,4.707,2136211556.0,1248.0,1248.0,1018.0,1023.0,56.0,1,1,30
12,greedy,2,ATTIA_P003,4.0,5.2,5.6,4.707,807876679.0,1083.0,1248.0,971.0,1023.0,56.0,1,1,30
12,greedy,3,ATTIA_P105,6.0,3.6,5.6,4.755,1238870804.0,924.0,1248.0,974.0,1023.0,56.0,1,1,30
12,greedy,4,ATTIA_P028,4.8,4.4,5.6,4.563,1930751628.0,1111.0,1248.0,939.0,1023.0,56.0,1,1,30
12,greedy,5,ATTIA_P013,4.4,4.8,5.6,4.563,1524048549.0,959.0,1248.0,923.0,1023.0,56.0,1,1,30
12,greedy,6,ATTIA_P074,5.6,4.0,5.2,4.707,1123135232.0,1146.0,1248.0,1041.0,1041.0,38.0,1,1,30
12,greedy,7,ATTIA_P049,5.2,4.4,5.2,4.516,1840631160.0,1190.0,1248.0,1071.0,1071.0,8.0,1,1,30
12,greedy,8,ATTIA_P029,4.8,4.8,5.2,4.457,873859376.0,956.0,1248.0,962.0,1071.0,8.0,1,1,30
12,greedy,9,ATTIA_P106,6.0,4.0,4.8,4.8,1880398702.0,880.0,1248.0,1076.0,1076.0,3.0,1,1,30
12,greedy,10,ATTIA_P075,5.6,4.0,5.6,4.421,71600337.0,950.0,1248.0,890.0,1076.0,3.0,1,1,30
12,greedy,11,ATTIA_P000,3.6,6.0,5.6,4.755,1172163850.0,836.0,1248.0,894.0,1076.0,3.0,1,1,30
12,greedy,12,ATTIA_P050,5.2,4.4,5.6,4.252,1618892387.0,1004.0,1248.0,909.0,1076.0,3.0,1,1,30
12,greedy,13,ATTIA_P030,4.8,4.8,5.6,4.2,1643485814.0,919.0,1248.0,887.0,1076.0,3.0,1,1,30
12,greedy,14,ATTIA_P076,5.6,4.4,4.8,4.563,973531610.0,1217.0,1248.0,974.0,1076.0,3.0,1,1,30
12,greedy,15,ATTIA_P051,5.2,4.8,4.8,4.457,186700950.0,1001.0,1248.0,980.0,1076.0,3.0,1,1,30
12,greedy,16,ATTIA_P014,4.4,5.2,5.2,4.516,535420775.0,1284.0,1284.0,1036.0,1076.0,3.0,1,1,30
12,greedy,17,ATTIA_P004,4.0,5.6,5.2,4.707,671815295.0,1280.0,1284.0,976.0,1076.0,3.0,1,1,30
12,greedy,18,ATTIA_P006,4.0,6.0,4.8,4.8,1806107409.0,1010.0,1284.0,1000.0,1076.0,3.0,1,1,30
12,greedy,19,ATTIA_P016,4.4,5.6,4.8,4.563,2071835657.0,965.0,1284.0,930.0,1076.0,3.0,1,1,30
12,greedy,20,ATTIA_P031,4.8,5.2,4.8,4.457,77717147.0,864.0,1284.0,966.0,1076.0,3.0,1,1,30
12,greedy,21,ATTIA_P005,4.0,5.6,5.6,4.421,2028750490.0,738.0,1284.0,843.0,1076.0,3.0,1,1,30
12,greedy,22,ATTIA_P109,6.0,4.4,4.4,4.714,1290218516.0,932.0,1284.0,1017.0,1076.0,3.0,1,1,30
12,greedy,23,ATTIA_P077,5.6,4.4,5.2,4.252,1368996896.0,698.0,1284.0,926.0,1076.0,3.0,1,1,30
12,greedy,24,ATTIA_P019,4.4,6.0,4.4,4.714,2000213506.0,1225.0,1284.0,961.0,1076.0,3.0,1,1,30
12,greedy,25,ATTIA_P038,4.8,6.0,4.0,4.8,142412794.0,1177.0,1284.0,1036.0,1076.0,3.0,1,1,30
12,gp_ucb,0,,,,,,,,1072.0,,1023.0,56.0,1,1,30
12,gp_ucb,1,ATTIA_P003,4.0,5.2,5.6,4.707,807876679.0,1083.0,1083.0,971.0,1023.0,56.0,1,1,30
12,gp_ucb,2,ATTIA_P105,6.0,3.6,5.6,4.755,1238870804.0,924.0,1083.0,974.0,1023.0,56.0,1,1,30
12,gp_ucb,3,ATTIA_P014,4.4,5.2,5.2,4.516,535420775.0,1284.0,1284.0,1036.0,1036.0,43.0,1,1,30
12,gp_ucb,4,ATTIA_P006,4.0,6.0,4.8,4.8,1806107409.0,1010.0,1284.0,1000.0,1036.0,43.0,1,1,30
12,gp_ucb,5,ATTIA_P029,4.8,4.8,5.2,4.457,873859376.0,956.0,1284.0,962.0,1036.0,43.0,1,1,30
12,gp_ucb,6,ATTIA_P000,3.6,6.0,5.6,4.755,1172163850.0,836.0,1284.0,894.0,1036.0,43.0,1,1,30
12,gp_ucb,7,ATTIA_P049,5.2,4.4,5.2,4.516,1840631160.0,1190.0,1284.0,1071.0,1071.0,8.0,1,1,30
12,gp_ucb,8,ATTIA_P074,5.6,4.0,5.2,4.707,1123135232.0,1146.0,1284.0,1041.0,1071.0,8.0,1,1,30
12,gp_ucb,9,ATTIA_P106,6.0,4.0,4.8,4.8,1880398702.0,880.0,1284.0,1076.0,1076.0,3.0,1,1,30
12,gp_ucb,10,ATTIA_P028,4.8,4.4,5.6,4.563,1930751628.0,1111.0,1284.0,939.0,1076.0,3.0,1,1,30
12,gp_ucb,11,ATTIA_P013,4.4,4.8,5.6,4.563,1524048549.0,959.0,1284.0,923.0,1076.0,3.0,1,1,30
12,gp_ucb,12,ATTIA_P048,5.2,4.0,5.6,4.707,2136211556.0,1248.0,1284.0,1018.0,1076.0,3.0,1,1,30
12,gp_ucb,13,ATTIA_P075,5.6,4.0,5.6,4.421,71600337.0,950.0,1284.0,890.0,1076.0,3.0,1,1,30
12,gp_ucb,14,ATTIA_P004,4.0,5.6,5.2,4.707,671815295.0,1280.0,1284.0,976.0,1076.0,3.0,1,1,30
12,gp_ucb,15,ATTIA_P016,4.4,5.6,4.8,4.563,2071835657.0,965.0,1284.0,930.0,1076.0,3.0,1,1,30
12,gp_ucb,16,ATTIA_P050,5.2,4.4,5.6,4.252,1618892387.0,1004.0,1284.0,909.0,1076.0,3.0,1,1,30
12,gp_ucb,17,ATTIA_P005,4.0,5.6,5.6,4.421,2028750490.0,738.0,1284.0,843.0,1076.0,3.0,1,1,30
12,gp_ucb,18,ATTIA_P076,5.6,4.4,4.8,4.563,973531610.0,1217.0,1284.0,974.0,1076.0,3.0,1,1,30
12,gp_ucb,19,ATTIA_P051,5.2,4.8,4.8,4.457,186700950.0,1001.0,1284.0,980.0,1076.0,3.0,1,1,30
12,gp_ucb,20,ATTIA_P031,4.8,5.2,4.8,4.457,77717147.0,864.0,1284.0,966.0,1076.0,3.0,1,1,30
12,gp_ucb,21,ATTIA_P109,6.0,4.4,4.4,4.714,1290218516.0,932.0,1284.0,1017.0,1076.0,3.0,1,1,30
12,gp_ucb,22,ATTIA_P077,5.6,4.4,5.2,4.252,1368996896.0,698.0,1284.0,926.0,1076.0,3.0,1,1,30
12,gp_ucb,23,ATTIA_P019,4.4,6.0,4.4,4.714,2000213506.0,1225.0,1284.0,961.0,1076.0,3.0,1,1,30
12,gp_ucb,24,ATTIA_P038,4.8,6.0,4.0,4.8,142412794.0,1177.0,1284.0,1036.0,1076.0,3.0,1,1,30
12,gp_ucb,25,ATTIA_P058,5.2,5.6,4.0,4.707,822317144.0,1136.0,1284.0,1030.0,1076.0,3.0,1,1,30
13,random,0,,,,,,,,1468.0,,953.0,126.0,0,0,30
13,random,1,ATTIA_P032,4.8,5.2,5.2,4.16,970371170.0,692.0,1468.0,986.0,986.0,93.0,1,0,30
13,random,2,ATTIA_P106,6.0,4.0,4.8,4.8,677421154.0,978.0,1468.0,1076.0,1076.0,3.0,1,1,30
13,random,3,ATTIA_P193,8.0,4.4,5.6,3.306,1366946865.0,657.0,1468.0,657.0,1076.0,3.0,1,1,30
13,random,4,ATTIA_P097,5.6,6.0,5.2,3.381,1634090044.0,643.0,1468.0,789.0,1076.0,3.0,1,1,30
13,random,5,ATTIA_P059,5.2,5.6,4.4,4.252,2081988460.0,833.0,1468.0,917.0,1076.0,3.0,1,1,30
13,random,6,ATTIA_P115,6.0,4.8,4.8,4.0,357242026.0,791.0,1468.0,957.0,1076.0,3.0,1,1,30
13,random,7,ATTIA_P036,4.8,5.6,5.2,3.935,1830470099.0,914.0,1468.0,854.0,1076.0,3.0,1,1,30
13,random,8,ATTIA_P179,7.0,7.0,5.2,2.814,284362706.0,588.0,1468.0,577.0,1076.0,3.0,1,1,30
13,random,9,ATTIA_P063,5.2,6.0,4.0,4.457,399170777.0,936.0,1468.0,1004.0,1076.0,3.0,1,1,30
13,random,10,ATTIA_P105,6.0,3.6,5.6,4.755,1184675903.0,958.0,1468.0,974.0,1076.0,3.0,1,1,30
13,random,11,ATTIA_P021,4.4,6.0,5.2,4.047,839384515.0,985.0,1468.0,918.0,1076.0,3.0,1,1,30
13,random,12,ATTIA_P042,4.8,6.0,5.6,3.574,705910561.0,575.0,1468.0,776.0,1076.0,3.0,1,1,30
13,random,13,ATTIA_P024,4.4,7.0,4.4,4.239,966096211.0,964.0,1468.0,733.0,1076.0,3.0,1,1,30
13,random,14,ATTIA_P080,5.6,4.8,4.8,4.2,620420042.0,1000.0,1468.0,917.0,1076.0,3.0,1,1,30
13,random,15,ATTIA_P093,5.6,6.0,3.6,4.755,437569639.0,1174.0,1468.0,970.0,1076.0,3.0,1,1,30
13,random,16,ATTIA_P172,7.0,6.0,4.8,3.17,74107035.0,666.0,1468.0,664.0,1076.0,3.0,1,1,30
13,random,17,ATTIA_P175,7.0,7.0,3.6,3.706,124145528.0,742.0,1468.0,634.0,1076.0,3.0,1,1,30
13,random,18,ATTIA_P186,8.0,4.0,4.8,4.0,427119825.0,967.0,1468.0,781.0,1076.0,3.0,1,1,30
13,random,19,ATTIA_P006,4.0,6.0,4.8,4.8,1254902218.0,1067.0,1468.0,1000.0,1076.0,3.0,1,1,30
13,random,20,ATTIA_P100,5.6,7.0,4.0,3.818,1812141265.0,504.0,1468.0,712.0,1076.0,3.0,1,1,30
13,random,21,ATTIA_P062,5.2,5.6,5.6,3.523,742756746.0,632.0,1468.0,769.0,1076.0,3.0,1,1,30
13,random,22,ATTIA_P217,8.0,6.0,5.6,2.754,449533954.0,796.0,1468.0,592.0,1076.0,3.0,1,1,30
13,random,23,ATTIA_P070,5.2,7.0,4.4,3.691,1263253203.0,753.0,1468.0,719.0,1076.0,3.0,1,1,30
13,random,24,ATTIA_P125,6.0,5.6,4.4,3.834,1541129104.0,668.0,1468.0,844.0,1076.0,3.0,1,1,30
13,random,25,ATTIA_P023,4.4,7.0,4.0,4.69,691758735.0,953.0,1468.0,795.0,1076.0,3.0,1,1,30
13,greedy,0,,,,,,,,1468.0,,953.0,126.0,0,0,30
13,greedy,1,ATTIA_P000,3.6,6.0,5.6,4.755,2082354517.0,967.0,1468.0,894.0,953.0,126.0,0,0,30
13,greedy,2,ATTIA_P001,3.6,7.0,5.2,4.537,267250414.0,598.0,1468.0,776.0,953.0,126.0,0,0,30
13,greedy,3,ATTIA_P002,3.6,7.0,5.6,4.271,578906233.0,475.0,1468.0,700.0,953.0,126.0,0,0,30
13,greedy,4,ATTIA_P003,4.0,5.2,5.6,4.707,1278969801.0,878.0,1468.0,971.0,971.0,108.0,0,0,30
13,greedy,5,ATTIA_P004,4.0,5.6,5.2,4.707,1320905537.0,978.0,1468.0,976.0,976.0,103.0,1,0,30
13,greedy,6,ATTIA_P005,4.0,5.6,5.6,4.421,1991638610.0,839.0,1468.0,843.0,976.0,103.0,1,0,30
13,greedy,7,ATTIA_P006,4.0,6.0,4.8,4.8,1254902218.0,1067.0,1468.0,1000.0,1000.0,79.0,1,0,30
13,greedy,8,ATTIA_P016,4.4,5.6,4.8,4.563,1813971609.0,895.0,1468.0,930.0,1000.0,79.0,1,0,30
13,greedy,9,ATTIA_P020,4.4,6.0,4.8,4.328,214319687.0,1127.0,1468.0,908.0,1000.0,79.0,1,0,30
13,greedy,10,ATTIA_P017,4.4,5.6,5.2,4.252,518882430.0,618.0,1468.0,886.0,1000.0,79.0,1,0,30
13,greedy,11,ATTIA_P008,4.0,6.0,5.6,4.2,795602135.0,539.0,1468.0,878.0,1000.0,79.0,1,0,30
13,greedy,12,ATTIA_P039,4.8,6.0,4.4,4.328,1792840954.0,931.0,1468.0,924.0,1000.0,79.0,1,0,30
13,greedy,13,ATTIA_P019,4.4,6.0,4.4,4.714,1449974516.0,660.0,1468.0,961.0,1000.0,79.0,1,0,30
13,greedy,14,ATTIA_P014,4.4,5.2,5.2,4.516,2074452033.0,1056.0,1468.0,1036.0,1036.0,43.0,1,1,30
13,greedy,15,ATTIA_P029,4.8,4.8,5.2,4.457,746719097.0,869.0,1468.0,962.0,1036.0,43.0,1,1,30
13,greedy,16,ATTIA_P031,4.8,5.2,4.8,4.457,1091724684.0,809.0,1468.0,966.0,1036.0,43.0,1,1,30
13,greedy,17,ATTIA_P013,4.4,4.8,5.6,4.563,1454513064.0,919.0,1468.0,923.0,1036.0,43.0,1,1,30
13,greedy,18,ATTIA_P028,4.8,4.4,5.6,4.563,569891461.0,1010.0,1468.0,939.0,1036.0,43.0,1,1,30
13,greedy,19,ATTIA_P048,5.2,4.0,5.6,4.707,602234171.0,1043.0,1468.0,1018.0,1036.0,43.0,1,1,30
13,greedy,20,ATTIA_P074,5.6,4.0,5.2,4.707,350676919.0,870.0,1468.0,1041.0,1041.0,38.0,1,1,30
13,greedy,21,ATTIA_P105,6.0,3.6,5.6,4.755,1184675903.0,958.0,1468.0,974.0,1041.0,38.0,1,1,30
13,greedy,22,ATTIA_P075,5.6,4.0,5.6,4.421,1244658720.0,876.0,1468.0,890.0,1041.0,38.0,1,1,30
13,greedy,23,ATTIA_P059,5.2,5.6,4.4,4.252,2081988460.0,833.0,1468.0,917.0,1041.0,38.0,1,1,30
13,greedy,24,ATTIA_P024,4.4,7.0,4.4,4.239,966096211.0,964.0,1468.0,733.0,1041.0,38.0,1,1,30
13,greedy,25,ATTIA_P010,4.0,7.0,4.8,4.308,1633071645.0,612.0,1468.0,754.0,1041.0,38.0,1,1,30
13,gp_ucb,0,,,,,,,,1468.0,,953.0,126.0,0,0,30
13,gp_ucb,1,ATTIA_P000,3.6,6.0,5.6,4.755,2082354517.0,967.0,1468.0,894.0,953.0,126.0,0,0,30
13,gp_ucb,2,ATTIA_P001,3.6,7.0,5.2,4.537,267250414.0,598.0,1468.0,776.0,953.0,126.0,0,0,30
13,gp_ucb,3,ATTIA_P002,3.6,7.0,5.6,4.271,578906233.0,475.0,1468.0,700.0,953.0,126.0,0,0,30
13,gp_ucb,4,ATTIA_P003,4.0,5.2,5.6,4.707,1278969801.0,878.0,1468.0,971.0,971.0,108.0,0,0,30
13,gp_ucb,5,ATTIA_P004,4.0,5.6,5.2,4.707,1320905537.0,978.0,1468.0,976.0,976.0,103.0,1,0,30
13,gp_ucb,6,ATTIA_P005,4.0,5.6,5.6,4.421,1991638610.0,839.0,1468.0,843.0,976.0,103.0,1,0,30
13,gp_ucb,7,ATTIA_P006,4.0,6.0,4.8,4.8,1254902218.0,1067.0,1468.0,1000.0,1000.0,79.0,1,0,30
13,gp_ucb,8,ATTIA_P016,4.4,5.6,4.8,4.563,1813971609.0,895.0,1468.0,930.0,1000.0,79.0,1,0,30
13,gp_ucb,9,ATTIA_P020,4.4,6.0,4.8,4.328,214319687.0,1127.0,1468.0,908.0,1000.0,79.0,1,0,30
13,gp_ucb,10,ATTIA_P017,4.4,5.6,5.2,4.252,518882430.0,618.0,1468.0,886.0,1000.0,79.0,1,0,30
13,gp_ucb,11,ATTIA_P008,4.0,6.0,5.6,4.2,795602135.0,539.0,1468.0,878.0,1000.0,79.0,1,0,30
13,gp_ucb,12,ATTIA_P039,4.8,6.0,4.4,4.328,1792840954.0,931.0,1468.0,924.0,1000.0,79.0,1,0,30
13,gp_ucb,13,ATTIA_P019,4.4,6.0,4.4,4.714,1449974516.0,660.0,1468.0,961.0,1000.0,79.0,1,0,30
13,gp_ucb,14,ATTIA_P014,4.4,5.2,5.2,4.516,2074452033.0,1056.0,1468.0,1036.0,1036.0,43.0,1,1,30
13,gp_ucb,15,ATTIA_P029,4.8,4.8,5.2,4.457,746719097.0,869.0,1468.0,962.0,1036.0,43.0,1,1,30
13,gp_ucb,16,ATTIA_P031,4.8,5.2,4.8,4.457,1091724684.0,809.0,1468.0,966.0,1036.0,43.0,1,1,30
13,gp_ucb,17,ATTIA_P013,4.4,4.8,5.6,4.563,1454513064.0,919.0,1468.0,923.0,1036.0,43.0,1,1,30
13,gp_ucb,18,ATTIA_P024,4.4,7.0,4.4,4.239,966096211.0,964.0,1468.0,733.0,1036.0,43.0,1,1,30
13,gp_ucb,19,ATTIA_P043,4.8,7.0,4.0,4.308,266270706.0,950.0,1468.0,770.0,1036.0,43.0,1,1,30
13,gp_ucb,20,ATTIA_P069,5.2,7.0,4.0,4.03,1648626934.0,757.0,1468.0,783.0,1036.0,43.0,1,1,30
13,gp_ucb,21,ATTIA_P010,4.0,7.0,4.8,4.308,1633071645.0,612.0,1468.0,754.0,1036.0,43.0,1,1,30
13,gp_ucb,22,ATTIA_P059,5.2,5.6,4.4,4.252,2081988460.0,833.0,1468.0,917.0,1036.0,43.0,1,1,30
13,gp_ucb,23,ATTIA_P153,7.0,4.8,4.4,3.924,438221106.0,480.0,1468.0,749.0,1036.0,43.0,1,1,30
13,gp_ucb,24,ATTIA_P169,7.0,6.0,3.6,4.065,603552990.0,796.0,1468.0,771.0,1036.0,43.0,1,1,30
13,gp_ucb,25,ATTIA_P028,4.8,4.4,5.6,4.563,569891461.0,1010.0,1468.0,939.0,1036.0,43.0,1,1,30
14,random,0,,,,,,,,1139.0,,1018.0,61.0,1,0,30
14,random,1,ATTIA_P132,6.0,6.0,4.8,3.429,2075823226.0,1091.0,1139.0,816.0,1018.0,61.0,1,0,30
14,random,2,ATTIA_P085,5.6,5.2,4.8,3.935,1992887826.0,1077.0,1139.0,878.0,1018.0,61.0,1,0,30
14,random,3,ATTIA_P063,5.2,6.0,4.0,4.457,683199671.0,1118.0,1139.0,1004.0,1018.0,61.0,1,0,30
14,random,4,ATTIA_P009,4.0,7.0,4.4,4.69,622572223.0,909.0,1139.0,788.0,1018.0,61.0,1,0,30
14,random,5,ATTIA_P100,5.6,7.0,4.0,3.818,48443124.0,980.0,1139.0,712.0,1018.0,61.0,1,0,30
14,random,6,ATTIA_P141,7.0,3.6,5.2,4.537,541821385.0,971.0,1139.0,864.0,1018.0,61.0,1,0,30
14,random,7,ATTIA_P027,4.4,7.0,5.6,3.513,1849900875.0,496.0,1139.0,650.0,1018.0,61.0,1,0,30
14,random,8,ATTIA_P034,4.8,5.6,4.4,4.563,1569666374.0,787.0,1139.0,948.0,1018.0,61.0,1,0,30
14,random,9,ATTIA_P040,4.8,6.0,4.8,4.0,1805793020.0,933.0,1139.0,922.0,1018.0,61.0,1,0,30
14,random,10,ATTIA_P050,5.2,4.4,5.6,4.252,967372684.0,1001.0,1139.0,909.0,1018.0,61.0,1,0,30
14,random,11,ATTIA_P049,5.2,4.4,5.2,4.516,57918506.0,1191.0,1191.0,1071.0,1071.0,8.0,1,1,30
14,random,12,ATTIA_P206,8.0,5.6,3.6,3.969,1934384087.0,495.0,1191.0,703.0,1071.0,8.0,1,1,30
14,random,13,ATTIA_P124,6.0,5.6,4.0,4.2,538336283.0,742.0,1191.0,941.0,1071.0,8.0,1,1,30
14,random,14,ATTIA_P153,7.0,4.8,4.4,3.924,549518132.0,986.0,1191.0,749.0,1071.0,8.0,1,1,30
14,random,15,ATTIA_P078,5.6,4.4,5.6,4.017,1311294713.0,785.0,1191.0,850.0,1071.0,8.0,1,1,30
14,random,16,ATTIA_P107,6.0,4.0,5.2,4.457,486853845.0,1123.0,1191.0,1023.0,1071.0,8.0,1,1,30
14,random,17,ATTIA_P186,8.0,4.0,4.8,4.0,772181092.0,615.0,1191.0,781.0,1071.0,8.0,1,1,30
14,random,18,ATTIA_P117,6.0,4.8,5.6,3.574,2089431838.0,701.0,1191.0,800.0,1071.0,8.0,1,1,30
14,random,19,ATTIA_P089,5.6,5.6,4.4,4.017,1369424882.0,963.0,1191.0,852.0,1071.0,8.0,1,1,30
14,random,20,ATTIA_P147,7.0,4.4,4.0,4.69,2042128081.0,663.0,1191.0,857.0,1071.0,8.0,1,1,30
14,random,21,ATTIA_P035,4.8,5.6,4.8,4.2,1936402125.0,976.0,1191.0,892.0,1071.0,8.0,1,1,30
14,random,22,ATTIA_P164,7.0,5.6,4.0,3.818,1691200313.0,1002.0,1191.0,732.0,1071.0,8.0,1,1,30
14,random,23,ATTIA_P053,5.2,4.8,5.6,3.935,1316585407.0,739.0,1191.0,862.0,1071.0,8.0,1,1,30
14,random,24,ATTIA_P091,5.6,5.6,5.2,3.523,928580635.0,841.0,1191.0,777.0,1071.0,8.0,1,1,30
14,random,25,ATTIA_P017,4.4,5.6,5.2,4.252,816224191.0,963.0,1191.0,886.0,1071.0,8.0,1,1,30
14,greedy,0,,,,,,,,1139.0,,1018.0,61.0,1,0,30
14,greedy,1,ATTIA_P000,3.6,6.0,5.6,4.755,1246010524.0,1001.0,1139.0,894.0,1018.0,61.0,1,0,30
14,greedy,2,ATTIA_P105,6.0,3.6,5.6,4.755,517488555.0,1117.0,1139.0,974.0,1018.0,61.0,1,0,30
14,greedy,3,ATTIA_P028,4.8,4.4,5.6,4.563,267490834.0,1021.0,1139.0,939.0,1018.0,61.0,1,0,30
14,greedy,4,ATTIA_P003,4.0,5.2,5.6,4.707,1502076887.0,977.0,1139.0,971.0,1018.0,61.0,1,0,30
14,greedy,5,ATTIA_P075,5.6,4.0,5.6,4.421,920889200.0,746.0,1139.0,890.0,1018.0,61.0,1,0,30
14,greedy,6,ATTIA_P013,4.4,4.8,5.6,4.563,1038743053.0,1086.0,1139.0,923.0,1018.0,61.0,1,0,30
14,greedy,7,ATTIA_P005,4.0,5.6,5.6,4.421,1106107124.0,905.0,1139.0,843.0,1018.0,61.0,1,0,30
14,greedy,8,ATTIA_P074,5.6,4.0,5.2,4.707,174796519.0,1183.0,1183.0,1041.0,1041.0,38.0,1,1,30
14,greedy,9,ATTIA_P049,5.2,4.4,5.2,4.516,57918506.0,1191.0,1191.0,1071.0,1071.0,8.0,1,1,30
14,greedy,10,ATTIA_P029,4.8,4.8,5.2,4.457,1391367412.0,687.0,1191.0,962.0,1071.0,8.0,1,1,30
14,greedy,11,ATTIA_P106,6.0,4.0,4.8,4.8,2080513431.0,1094.0,1191.0,1076.0,1076.0,3.0,1,1,30
14,greedy,12,ATTIA_P107,6.0,4.0,5.2,4.457,486853845.0,1123.0,1191.0,1023.0,1076.0,3.0,1,1,30
14,greedy,13,ATTIA_P141,7.0,3.6,5.2,4.537,541821385.0,971.0,1191.0,864.0,1076.0,3.0,1,1,30
14,greedy,14,ATTIA_P076,5.6,4.4,4.8,4.563,881823930.0,895.0,1191.0,974.0,1076.0,3.0,1,1,30
14,greedy,15,ATTIA_P004,4.0,5.6,5.2,4.707,459566764.0,930.0,1191.0,976.0,1076.0,3.0,1,1,30
14,greedy,16,ATTIA_P014,4.4,5.2,5.2,4.516,922932441.0,856.0,1191.0,1036.0,1076.0,3.0,1,1,30
14,greedy,17,ATTIA_P050,5.2,4.4,5.6,4.252,967372684.0,1001.0,1191.0,909.0,1076.0,3.0,1,1,30
14,greedy,18,ATTIA_P142,7.0,3.6,5.6,4.271,1346862106.0,846.0,1191.0,765.0,1076.0,3.0,1,1,30
14,greedy,19,ATTIA_P108,6.0,4.0,5.6,4.2,1996683517.0,911.0,1191.0,938.0,1076.0,3.0,1,1,30
14,greedy,20,ATTIA_P109,6.0,4.4,4.4,4.714,733060612.0,1196.0,1196.0,1017.0,1076.0,3.0,1,1,30
14,greedy,21,ATTIA_P113,6.0,4.8,4.0,4.8,1136599840.0,1289.0,1289.0,1079.0,1079.0,0.0,1,1,30
14,greedy,22,ATTIA_P123,6.0,5.6,3.6,4.755,1120705149.0,730.0,1289.0,981.0,1079.0,0.0,1,1,30
14,greedy,23,ATTIA_P143,7.0,4.0,4.4,4.69,1346865905.0,918.0,1289.0,859.0,1079.0,0.0,1,1,30
14,greedy,24,ATTIA_P147,7.0,4.4,4.0,4.69,2042128081.0,663.0,1289.0,857.0,1079.0,0.0,1,1,30
14,greedy,25,ATTIA_P079,5.6,4.8,4.4,4.563,691411600.0,906.0,1289.0,975.0,1079.0,0.0,1,1,30
14,gp_ucb,0,,,,,,,,1139.0,,1018.0,61.0,1,0,30
14,gp_ucb,1,ATTIA_P000,3.6,6.0,5.6,4.755,1246010524.0,1001.0,1139.0,894.0,1018.0,61.0,1,0,30
14,gp_ucb,2,ATTIA_P105,6.0,3.6,5.6,4.755,517488555.0,1117.0,1139.0,974.0,1018.0,61.0,1,0,30
14,gp_ucb,3,ATTIA_P028,4.8,4.4,5.6,4.563,267490834.0,1021.0,1139.0,939.0,1018.0,61.0,1,0,30
14,gp_ucb,4,ATTIA_P003,4.0,5.2,5.6,4.707,1502076887.0,977.0,1139.0,971.0,1018.0,61.0,1,0,30
14,gp_ucb,5,ATTIA_P142,7.0,3.6,5.6,4.271,1346862106.0,846.0,1139.0,765.0,1018.0,61.0,1,0,30
14,gp_ucb,6,ATTIA_P074,5.6,4.0,5.2,4.707,174796519.0,1183.0,1183.0,1041.0,1041.0,38.0,1,1,30
14,gp_ucb,7,ATTIA_P106,6.0,4.0,4.8,4.8,2080513431.0,1094.0,1183.0,1076.0,1076.0,3.0,1,1,30
14,gp_ucb,8,ATTIA_P123,6.0,5.6,3.6,4.755,1120705149.0,730.0,1183.0,981.0,1076.0,3.0,1,1,30
14,gp_ucb,9,ATTIA_P049,5.2,4.4,5.2,4.516,57918506.0,1191.0,1191.0,1071.0,1076.0,3.0,1,1,30
14,gp_ucb,10,ATTIA_P076,5.6,4.4,4.8,4.563,881823930.0,895.0,1191.0,974.0,1076.0,3.0,1,1,30
14,gp_ucb,11,ATTIA_P075,5.6,4.0,5.6,4.421,920889200.0,746.0,1191.0,890.0,1076.0,3.0,1,1,30
14,gp_ucb,12,ATTIA_P013,4.4,4.8,5.6,4.563,1038743053.0,1086.0,1191.0,923.0,1076.0,3.0,1,1,30
14,gp_ucb,13,ATTIA_P004,4.0,5.6,5.2,4.707,459566764.0,930.0,1191.0,976.0,1076.0,3.0,1,1,30
14,gp_ucb,14,ATTIA_P029,4.8,4.8,5.2,4.457,1391367412.0,687.0,1191.0,962.0,1076.0,3.0,1,1,30
14,gp_ucb,15,ATTIA_P107,6.0,4.0,5.2,4.457,486853845.0,1123.0,1191.0,1023.0,1076.0,3.0,1,1,30
14,gp_ucb,16,ATTIA_P141,7.0,3.6,5.2,4.537,541821385.0,971.0,1191.0,864.0,1076.0,3.0,1,1,30
14,gp_ucb,17,ATTIA_P109,6.0,4.4,4.4,4.714,733060612.0,1196.0,1196.0,1017.0,1076.0,3.0,1,1,30
14,gp_ucb,18,ATTIA_P143,7.0,4.0,4.4,4.69,1346865905.0,918.0,1196.0,859.0,1076.0,3.0,1,1,30
14,gp_ucb,19,ATTIA_P113,6.0,4.8,4.0,4.8,1136599840.0,1289.0,1289.0,1079.0,1079.0,0.0,1,1,30
14,gp_ucb,20,ATTIA_P147,7.0,4.4,4.0,4.69,2042128081.0,663.0,1289.0,857.0,1079.0,0.0,1,1,30
14,gp_ucb,21,ATTIA_P006,4.0,6.0,4.8,4.8,958242930.0,970.0,1289.0,1000.0,1079.0,0.0,1,1,30
14,gp_ucb,22,ATTIA_P079,5.6,4.8,4.4,4.563,691411600.0,906.0,1289.0,975.0,1079.0,0.0,1,1,30
14,gp_ucb,23,ATTIA_P083,5.6,5.2,4.0,4.707,1460427375.0,1352.0,1352.0,1044.0,1079.0,0.0,1,1,30
14,gp_ucb,24,ATTIA_P038,4.8,6.0,4.0,4.8,323852874.0,1312.0,1352.0,1036.0,1079.0,0.0,1,1,30
14,gp_ucb,25,ATTIA_P058,5.2,5.6,4.0,4.707,508107286.0,1296.0,1352.0,1030.0,1079.0,0.0,1,1,30
15,random,0,,,,,,,,935.0,,908.0,171.0,0,0,30
15,random,1,ATTIA_P125,6.0,5.6,4.4,3.834,763649902.0,725.0,935.0,844.0,908.0,171.0,0,0,30
15,random,2,ATTIA_P176,7.0,7.0,4.0,3.36,672978143.0,448.0,935.0,618.0,908.0,171.0,0,0,30
15,random,3,ATTIA_P115,6.0,4.8,4.8,4.0,701575347.0,722.0,935.0,957.0,957.0,122.0,0,0,30
15,random,4,ATTIA_P095,5.6,6.0,4.4,3.834,1779485079.0,799.0,935.0,836.0,957.0,122.0,0,0,30
15,random,5,ATTIA_P211,8.0,5.6,5.6,2.847,674010478.0,544.0,935.0,596.0,957.0,122.0,0,0,30
15,random,6,ATTIA_P009,4.0,7.0,4.4,4.69,687163819.0,782.0,935.0,788.0,957.0,122.0,0,0,30
15,random,7,ATTIA_P164,7.0,5.6,4.0,3.818,216489936.0,1041.0,1041.0,732.0,957.0,122.0,0,0,30
15,random,8,ATTIA_P085,5.6,5.2,4.8,3.935,183993971.0,838.0,1041.0,878.0,957.0,122.0,0,0,30
15,random,9,ATTIA_P075,5.6,4.0,5.6,4.421,1347037719.0,542.0,1041.0,890.0,957.0,122.0,0,0,30
15,random,10,ATTIA_P194,8.0,4.8,3.6,4.5,356584034.0,859.0,1041.0,805.0,957.0,122.0,0,0,30
15,random,11,ATTIA_P172,7.0,6.0,4.8,3.17,2013285794.0,899.0,1041.0,664.0,957.0,122.0,0,0,30
15,random,12,ATTIA_P043,4.8,7.0,4.0,4.308,1451710873.0,788.0,1041.0,770.0,957.0,122.0,0,0,30
15,random,13,ATTIA_P091,5.6,5.6,5.2,3.523,1255884932.0,895.0,1041.0,777.0,957.0,122.0,0,0,30
15,random,14,ATTIA_P147,7.0,4.4,4.0,4.69,32755553.0,658.0,1041.0,857.0,957.0,122.0,0,0,30
15,random,15,ATTIA_P034,4.8,5.6,4.4,4.563,1777089986.0,966.0,1041.0,948.0,957.0,122.0,0,0,30
15,random,16,ATTIA_P046,4.8,7.0,5.2,3.45,611119589.0,504.0,1041.0,685.0,957.0,122.0,0,0,30
15,random,17,ATTIA_P008,4.0,6.0,5.6,4.2,1299960881.0,976.0,1041.0,878.0,957.0,122.0,0,0,30
15,random,18,ATTIA_P022,4.4,6.0,5.6,3.834,1332940759.0,903.0,1041.0,802.0,957.0,122.0,0,0,30
15,random,19,ATTIA_P208,8.0,5.6,4.4,3.306,333333315.0,610.0,1041.0,653.0,957.0,122.0,0,0,30
15,random,20,ATTIA_P018,4.4,5.6,5.6,4.017,1228134015.0,823.0,1041.0,817.0,957.0,122.0,0,0,30
15,random,21,ATTIA_P078,5.6,4.4,5.6,4.017,512768327.0,623.0,1041.0,850.0,957.0,122.0,0,0,30
15,random,22,ATTIA_P169,7.0,6.0,3.6,4.065,329060036.0,923.0,1041.0,771.0,957.0,122.0,0,0,30
15,random,23,ATTIA_P173,7.0,6.0,5.2,3.017,2056433153.0,477.0,1041.0,657.0,957.0,122.0,0,0,30
15,random,24,ATTIA_P148,7.0,4.4,4.4,4.239,1050904680.0,864.0,1041.0,784.0,957.0,122.0,0,0,30
15,random,25,ATTIA_P162,7.0,5.2,5.6,3.129,811132607.0,958.0,1041.0,655.0,957.0,122.0,0,0,30
15,greedy,0,,,,,,,,935.0,,908.0,171.0,0,0,30
15,greedy,1,ATTIA_P000,3.6,6.0,5.6,4.755,275747620.0,537.0,935.0,894.0,908.0,171.0,0,0,30
15,greedy,2,ATTIA_P001,3.6,7.0,5.2,4.537,1239182660.0,691.0,935.0,776.0,908.0,171.0,0,0,30
15,greedy,3,ATTIA_P002,3.6,7.0,5.6,4.271,2100810275.0,756.0,935.0,700.0,908.0,171.0,0,0,30
15,greedy,4,ATTIA_P003,4.0,5.2,5.6,4.707,1485964282.0,650.0,935.0,971.0,971.0,108.0,0,0,30
15,greedy,5,ATTIA_P211,8.0,5.6,5.6,2.847,674010478.0,544.0,935.0,596.0,971.0,108.0,0,0,30
15,greedy,6,ATTIA_P004,4.0,5.6,5.2,4.707,2064546016.0,1151.0,1151.0,976.0,976.0,103.0,1,0,30
15,greedy,7,ATTIA_P005,4.0,5.6,5.6,4.421,141179134.0,972.0,1151.0,843.0,976.0,103.0,1,0,30
15,greedy,8,ATTIA_P006,4.0,6.0,4.8,4.8,228159234.0,1132.0,1151.0,1000.0,1000.0,79.0,1,0,30
15,greedy,9,ATTIA_P007,4.0,6.0,5.2,4.457,239647350.0,1536.0,1536.0,953.0,1000.0,79.0,1,0,30
15,greedy,10,ATTIA_P017,4.4,5.6,5.2,4.252,340862177.0,918.0,1536.0,886.0,1000.0,79.0,1,0,30
15,greedy,11,ATTIA_P021,4.4,6.0,5.2,4.047,596042593.0,1157.0,1536.0,918.0,1000.0,79.0,1,0,30
15,greedy,12,ATTIA_P014,4.4,5.2,5.2,4.516,873391133.0,961.0,1536.0,1036.0,1036.0,43.0,1,1,30
15,greedy,13,ATTIA_P041,4.8,6.0,5.2,3.759,2076238135.0,1264.0,1536.0,878.0,1036.0,43.0,1,1,30
15,greedy,14,ATTIA_P066,5.2,6.0,5.2,3.545,1836324893.0,776.0,1536.0,853.0,1036.0,43.0,1,1,30
15,greedy,15,ATTIA_P036,4.8,5.6,5.2,3.935,1089353560.0,1012.0,1536.0,854.0,1036.0,43.0,1,1,30
15,greedy,16,ATTIA_P061,5.2,5.6,5.2,3.702,1900532326.0,652.0,1536.0,868.0,1036.0,43.0,1,1,30
15,greedy,17,ATTIA_P016,4.4,5.6,4.8,4.563,926272937.0,963.0,1536.0,930.0,1036.0,43.0,1,1,30
15,greedy,18,ATTIA_P032,4.8,5.2,5.2,4.16,2146846244.0,773.0,1536.0,986.0,1036.0,43.0,1,1,30
15,greedy,19,ATTIA_P031,4.8,5.2,4.8,4.457,1029917891.0,1077.0,1536.0,966.0,1036.0,43.0,1,1,30
15,greedy,20,ATTIA_P051,5.2,4.8,4.8,4.457,557793033.0,1057.0,1536.0,980.0,1036.0,43.0,1,1,30
15,greedy,21,ATTIA_P055,5.2,5.2,4.8,4.16,138373619.0,702.0,1536.0,1003.0,1036.0,43.0,1,1,30
15,greedy,22,ATTIA_P076,5.6,4.4,4.8,4.563,274774400.0,1079.0,1536.0,974.0,1036.0,43.0,1,1,30
15,greedy,23,ATTIA_P110,6.0,4.4,4.8,4.328,1188001004.0,1224.0,1536.0,958.0,1036.0,43.0,1,1,30
15,greedy,24,ATTIA_P080,5.6,4.8,4.8,4.2,985299030.0,1052.0,1536.0,917.0,1036.0,43.0,1,1,30
15,greedy,25,ATTIA_P115,6.0,4.8,4.8,4.0,701575347.0,722.0,1536.0,957.0,1036.0,43.0,1,1,30
15,gp_ucb,0,,,,,,,,935.0,,908.0,171.0,0,0,30
15,gp_ucb,1,ATTIA_P000,3.6,6.0,5.6,4.755,275747620.0,537.0,935.0,894.0,908.0,171.0,0,0,30
15,gp_ucb,2,ATTIA_P001,3.6,7.0,5.2,4.537,1239182660.0,691.0,935.0,776.0,908.0,171.0,0,0,30
15,gp_ucb,3,ATTIA_P002,3.6,7.0,5.6,4.271,2100810275.0,756.0,935.0,700.0,908.0,171.0,0,0,30
15,gp_ucb,4,ATTIA_P003,4.0,5.2,5.6,4.707,1485964282.0,650.0,935.0,971.0,971.0,108.0,0,0,30
15,gp_ucb,5,ATTIA_P211,8.0,5.6,5.6,2.847,674010478.0,544.0,935.0,596.0,971.0,108.0,0,0,30
15,gp_ucb,6,ATTIA_P004,4.0,5.6,5.2,4.707,2064546016.0,1151.0,1151.0,976.0,976.0,103.0,1,0,30
15,gp_ucb,7,ATTIA_P005,4.0,5.6,5.6,4.421,141179134.0,972.0,1151.0,843.0,976.0,103.0,1,0,30
15,gp_ucb,8,ATTIA_P006,4.0,6.0,4.8,4.8,228159234.0,1132.0,1151.0,1000.0,1000.0,79.0,1,0,30
15,gp_ucb,9,ATTIA_P007,4.0,6.0,5.2,4.457,239647350.0,1536.0,1536.0,953.0,1000.0,79.0,1,0,30
15,gp_ucb,10,ATTIA_P017,4.4,5.6,5.2,4.252,340862177.0,918.0,1536.0,886.0,1000.0,79.0,1,0,30
15,gp_ucb,11,ATTIA_P021,4.4,6.0,5.2,4.047,596042593.0,1157.0,1536.0,918.0,1000.0,79.0,1,0,30
15,gp_ucb,12,ATTIA_P014,4.4,5.2,5.2,4.516,873391133.0,961.0,1536.0,1036.0,1036.0,43.0,1,1,30
15,gp_ucb,13,ATTIA_P041,4.8,6.0,5.2,3.759,2076238135.0,1264.0,1536.0,878.0,1036.0,43.0,1,1,30
15,gp_ucb,14,ATTIA_P066,5.2,6.0,5.2,3.545,1836324893.0,776.0,1536.0,853.0,1036.0,43.0,1,1,30
15,gp_ucb,15,ATTIA_P036,4.8,5.6,5.2,3.935,1089353560.0,1012.0,1536.0,854.0,1036.0,43.0,1,1,30
15,gp_ucb,16,ATTIA_P016,4.4,5.6,4.8,4.563,926272937.0,963.0,1536.0,930.0,1036.0,43.0,1,1,30
15,gp_ucb,17,ATTIA_P061,5.2,5.6,5.2,3.702,1900532326.0,652.0,1536.0,868.0,1036.0,43.0,1,1,30
15,gp_ucb,18,ATTIA_P031,4.8,5.2,4.8,4.457,1029917891.0,1077.0,1536.0,966.0,1036.0,43.0,1,1,30
15,gp_ucb,19,ATTIA_P051,5.2,4.8,4.8,4.457,557793033.0,1057.0,1536.0,980.0,1036.0,43.0,1,1,30
15,gp_ucb,20,ATTIA_P055,5.2,5.2,4.8,4.16,138373619.0,702.0,1536.0,1003.0,1036.0,43.0,1,1,30
15,gp_ucb,21,ATTIA_P076,5.6,4.4,4.8,4.563,274774400.0,1079.0,1536.0,974.0,1036.0,43.0,1,1,30
15,gp_ucb,22,ATTIA_P110,6.0,4.4,4.8,4.328,1188001004.0,1224.0,1536.0,958.0,1036.0,43.0,1,1,30
15,gp_ucb,23,ATTIA_P106,6.0,4.0,4.8,4.8,1648493979.0,1094.0,1536.0,1076.0,1076.0,3.0,1,1,30
15,gp_ucb,24,ATTIA_P144,7.0,4.0,4.8,4.308,253235122.0,981.0,1536.0,818.0,1076.0,3.0,1,1,30
15,gp_ucb,25,ATTIA_P080,5.6,4.8,4.8,4.2,985299030.0,1052.0,1536.0,917.0,1076.0,3.0,1,1,30
16,random,0,,,,,,,,1239.0,,980.0,99.0,1,0,30
16,random,1,ATTIA_P145,7.0,4.0,5.2,4.03,689283547.0,739.0,1239.0,824.0,980.0,99.0,1,0,30
16,random,2,ATTIA_P047,4.8,7.0,5.6,3.294,1281032504.0,777.0,1239.0,647.0,980.0,99.0,1,0,30
16,random,3,ATTIA_P158,7.0,5.2,4.0,4.03,899059426.0,936.0,1239.0,816.0,980.0,99.0,1,0,30
16,random,4,ATTIA_P130,6.0,6.0,4.0,4.0,1179146946.0,1068.0,1239.0,970.0,980.0,99.0,1,0,30
16,random,5,ATTIA_P156,7.0,4.8,5.6,3.294,1047923951.0,540.0,1239.0,673.0,980.0,99.0,1,0,30
16,random,6,ATTIA_P126,6.0,5.6,4.8,3.574,974297004.0,728.0,1239.0,802.0,980.0,99.0,1,0,30
16,random,7,ATTIA_P132,6.0,6.0,4.8,3.429,771212636.0,693.0,1239.0,816.0,980.0,99.0,1,0,30
16,random,8,ATTIA_P040,4.8,6.0,4.8,4.0,1513549150.0,851.0,1239.0,922.0,980.0,99.0,1,0,30
16,random,9,ATTIA_P003,4.0,5.2,5.6,4.707,1955966159.0,1251.0,1251.0,971.0,980.0,99.0,1,0,30
16,random,10,ATTIA_P161,7.0,5.2,5.2,3.269,774311265.0,597.0,1251.0,695.0,980.0,99.0,1,0,30
16,random,11,ATTIA_P058,5.2,5.6,4.0,4.707,1523549715.0,922.0,1251.0,1030.0,1030.0,49.0,1,1,30
16,random,12,ATTIA_P219,8.0,7.0,4.0,3.17,868654838.0,637.0,1251.0,592.0,1030.0,49.0,1,1,30
16,random,13,ATTIA_P140,6.0,7.0,5.6,2.897,687444781.0,734.0,1251.0,610.0,1030.0,49.0,1,1,30
16,random,14,ATTIA_P187,8.0,4.0,5.2,3.759,1810751072.0,845.0,1251.0,753.0,1030.0,49.0,1,1,30
16,random,15,ATTIA_P023,4.4,7.0,4.0,4.69,721937758.0,818.0,1251.0,795.0,1030.0,49.0,1,1,30
16,random,16,ATTIA_P207,8.0,5.6,4.0,3.574,961004611.0,597.0,1251.0,682.0,1030.0,49.0,1,1,30
16,random,17,ATTIA_P123,6.0,5.6,3.6,4.755,499460420.0,801.0,1251.0,981.0,1030.0,49.0,1,1,30
16,random,18,ATTIA_P101,5.6,7.0,4.4,3.513,894017438.0,759.0,1251.0,666.0,1030.0,49.0,1,1,30
16,random,19,ATTIA_P027,4.4,7.0,5.6,3.513,327904029.0,701.0,1251.0,650.0,1030.0,49.0,1,1,30
16,random,20,ATTIA_P083,5.6,5.2,4.0,4.707,670575065.0,1148.0,1251.0,1044.0,1044.0,35.0,1,1,30
16,random,21,ATTIA_P151,7.0,4.4,5.6,3.513,1616548259.0,778.0,1251.0,684.0,1044.0,35.0,1,1,30
16,random,22,ATTIA_P189,8.0,4.4,4.0,4.328,1367233995.0,796.0,1251.0,782.0,1044.0,35.0,1,1,30
16,random,23,ATTIA_P168,7.0,5.6,5.6,3.0,632744094.0,260.0,1251.0,622.0,1044.0,35.0,1,1,30
16,random,24,ATTIA_P067,5.2,6.0,5.6,3.381,908140889.0,869.0,1251.0,781.0,1044.0,35.0,1,1,30
16,random,25,ATTIA_P210,8.0,5.6,5.2,2.963,278291098.0,524.0,1251.0,621.0,1044.0,35.0,1,1,30
16,greedy,0,,,,,,,,1239.0,,980.0,99.0,1,0,30
16,greedy,1,ATTIA_P000,3.6,6.0,5.6,4.755,2010857016.0,1066.0,1239.0,894.0,980.0,99.0,1,0,30
16,greedy,2,ATTIA_P001,3.6,7.0,5.2,4.537,1567102001.0,526.0,1239.0,776.0,980.0,99.0,1,0,30
16,greedy,3,ATTIA_P002,3.6,7.0,5.6,4.271,244136664.0,745.0,1239.0,700.0,980.0,99.0,1,0,30
16,greedy,4,ATTIA_P095,5.6,6.0,4.4,3.834,557270899.0,869.0,1239.0,836.0,980.0,99.0,1,0,30
16,greedy,5,ATTIA_P089,5.6,5.6,4.4,4.017,836686284.0,555.0,1239.0,852.0,980.0,99.0,1,0,30
16,greedy,6,ATTIA_P003,4.0,5.2,5.6,4.707,1955966159.0,1251.0,1251.0,971.0,980.0,99.0,1,0,30
16,greedy,7,ATTIA_P004,4.0,5.6,5.2,4.707,1375207186.0,1296.0,1296.0,976.0,980.0,99.0,1,0,30
16,greedy,8,ATTIA_P014,4.4,5.2,5.2,4.516,1383138712.0,876.0,1296.0,1036.0,1036.0,43.0,1,1,30
16,greedy,9,ATTIA_P005,4.0,5.6,5.6,4.421,1212949806.0,808.0,1296.0,843.0,1036.0,43.0,1,1,30
16,greedy,10,ATTIA_P013,4.4,4.8,5.6,4.563,1456053187.0,989.0,1296.0,923.0,1036.0,43.0,1,1,30
16,greedy,11,ATTIA_P006,4.0,6.0,4.8,4.8,703744899.0,1177.0,1296.0,1000.0,1036.0,43.0,1,1,30
16,greedy,12,ATTIA_P016,4.4,5.6,4.8,4.563,866463465.0,1037.0,1296.0,930.0,1036.0,43.0,1,1,30
16,greedy,13,ATTIA_P019,4.4,6.0,4.4,4.714,2126933951.0,971.0,1296.0,961.0,1036.0,43.0,1,1,30
16,greedy,14,ATTIA_P007,4.0,6.0,5.2,4.457,2033999470.0,880.0,1296.0,953.0,1036.0,43.0,1,1,30
16,greedy,15,ATTIA_P029,4.8,4.8,5.2,4.457,2012407511.0,879.0,1296.0,962.0,1036.0,43.0,1,1,30
16,greedy,16,ATTIA_P040,4.8,6.0,4.8,4.0,1513549150.0,851.0,1296.0,922.0,1036.0,43.0,1,1,30
16,greedy,17,ATTIA_P034,4.8,5.6,4.4,4.563,1222495175.0,768.0,1296.0,948.0,1036.0,43.0,1,1,30
16,greedy,18,ATTIA_P028,4.8,4.4,5.6,4.563,1065128997.0,1004.0,1296.0,939.0,1036.0,43.0,1,1,30
16,greedy,19,ATTIA_P049,5.2,4.4,5.2,4.516,559802499.0,793.0,1296.0,1071.0,1071.0,8.0,1,1,30
16,greedy,20,ATTIA_P069,5.2,7.0,4.0,4.03,235563864.0,607.0,1296.0,783.0,1071.0,8.0,1,1,30
16,greedy,21,ATTIA_P031,4.8,5.2,4.8,4.457,1137988076.0,1042.0,1296.0,966.0,1071.0,8.0,1,1,30
16,greedy,22,ATTIA_P048,5.2,4.0,5.6,4.707,2050599115.0,885.0,1296.0,1018.0,1071.0,8.0,1,1,30
16,greedy,23,ATTIA_P035,4.8,5.6,4.8,4.2,1473938626.0,902.0,1296.0,892.0,1071.0,8.0,1,1,30
16,greedy,24,ATTIA_P132,6.0,6.0,4.8,3.429,771212636.0,693.0,1296.0,816.0,1071.0,8.0,1,1,30
16,greedy,25,ATTIA_P020,4.4,6.0,4.8,4.328,949603450.0,1223.0,1296.0,908.0,1071.0,8.0,1,1,30
16,gp_ucb,0,,,,,,,,1239.0,,980.0,99.0,1,0,30
16,gp_ucb,1,ATTIA_P000,3.6,6.0,5.6,4.755,2010857016.0,1066.0,1239.0,894.0,980.0,99.0,1,0,30
16,gp_ucb,2,ATTIA_P001,3.6,7.0,5.2,4.537,1567102001.0,526.0,1239.0,776.0,980.0,99.0,1,0,30
16,gp_ucb,3,ATTIA_P002,3.6,7.0,5.6,4.271,244136664.0,745.0,1239.0,700.0,980.0,99.0,1,0,30
16,gp_ucb,4,ATTIA_P089,5.6,5.6,4.4,4.017,836686284.0,555.0,1239.0,852.0,980.0,99.0,1,0,30
16,gp_ucb,5,ATTIA_P095,5.6,6.0,4.4,3.834,557270899.0,869.0,1239.0,836.0,980.0,99.0,1,0,30
16,gp_ucb,6,ATTIA_P003,4.0,5.2,5.6,4.707,1955966159.0,1251.0,1251.0,971.0,980.0,99.0,1,0,30
16,gp_ucb,7,ATTIA_P004,4.0,5.6,5.2,4.707,1375207186.0,1296.0,1296.0,976.0,980.0,99.0,1,0,30
16,gp_ucb,8,ATTIA_P014,4.4,5.2,5.2,4.516,1383138712.0,876.0,1296.0,1036.0,1036.0,43.0,1,1,30
16,gp_ucb,9,ATTIA_P005,4.0,5.6,5.6,4.421,1212949806.0,808.0,1296.0,843.0,1036.0,43.0,1,1,30
16,gp_ucb,10,ATTIA_P013,4.4,4.8,5.6,4.563,1456053187.0,989.0,1296.0,923.0,1036.0,43.0,1,1,30
16,gp_ucb,11,ATTIA_P006,4.0,6.0,4.8,4.8,703744899.0,1177.0,1296.0,1000.0,1036.0,43.0,1,1,30
16,gp_ucb,12,ATTIA_P016,4.4,5.6,4.8,4.563,866463465.0,1037.0,1296.0,930.0,1036.0,43.0,1,1,30
16,gp_ucb,13,ATTIA_P019,4.4,6.0,4.4,4.714,2126933951.0,971.0,1296.0,961.0,1036.0,43.0,1,1,30
16,gp_ucb,14,ATTIA_P007,4.0,6.0,5.2,4.457,2033999470.0,880.0,1296.0,953.0,1036.0,43.0,1,1,30
16,gp_ucb,15,ATTIA_P028,4.8,4.4,5.6,4.563,1065128997.0,1004.0,1296.0,939.0,1036.0,43.0,1,1,30
16,gp_ucb,16,ATTIA_P049,5.2,4.4,5.2,4.516,559802499.0,793.0,1296.0,1071.0,1071.0,8.0,1,1,30
16,gp_ucb,17,ATTIA_P040,4.8,6.0,4.8,4.0,1513549150.0,851.0,1296.0,922.0,1071.0,8.0,1,1,30
16,gp_ucb,18,ATTIA_P031,4.8,5.2,4.8,4.457,1137988076.0,1042.0,1296.0,966.0,1071.0,8.0,1,1,30
16,gp_ucb,19,ATTIA_P034,4.8,5.6,4.4,4.563,1222495175.0,768.0,1296.0,948.0,1071.0,8.0,1,1,30
16,gp_ucb,20,ATTIA_P029,4.8,4.8,5.2,4.457,2012407511.0,879.0,1296.0,962.0,1071.0,8.0,1,1,30
16,gp_ucb,21,ATTIA_P069,5.2,7.0,4.0,4.03,235563864.0,607.0,1296.0,783.0,1071.0,8.0,1,1,30
16,gp_ucb,22,ATTIA_P172,7.0,6.0,4.8,3.17,1662435721.0,540.0,1296.0,664.0,1071.0,8.0,1,1,30
16,gp_ucb,23,ATTIA_P015,4.4,5.2,5.6,4.252,1086436498.0,774.0,1296.0,883.0,1071.0,8.0,1,1,30
16,gp_ucb,24,ATTIA_P048,5.2,4.0,5.6,4.707,2050599115.0,885.0,1296.0,1018.0,1071.0,8.0,1,1,30
16,gp_ucb,25,ATTIA_P079,5.6,4.8,4.4,4.563,376768732.0,997.0,1296.0,975.0,1071.0,8.0,1,1,30
17,random,0,,,,,,,,1141.0,,844.0,235.0,0,0,30
17,random,1,ATTIA_P221,8.0,7.0,4.8,2.8,82823697.0,672.0,1141.0,567.0,844.0,235.0,0,0,30
17,random,2,ATTIA_P095,5.6,6.0,4.4,3.834,538031156.0,716.0,1141.0,836.0,844.0,235.0,0,0,30
17,random,3,ATTIA_P050,5.2,4.4,5.6,4.252,920605509.0,1148.0,1148.0,909.0,909.0,170.0,0,0,30
17,random,4,ATTIA_P204,8.0,5.2,5.2,3.089,388305704.0,806.0,1148.0,662.0,909.0,170.0,0,0,30
17,random,5,ATTIA_P010,4.0,7.0,4.8,4.308,1526710992.0,992.0,1148.0,754.0,909.0,170.0,0,0,30
17,random,6,ATTIA_P043,4.8,7.0,4.0,4.308,778160000.0,700.0,1148.0,770.0,909.0,170.0,0,0,30
17,random,7,ATTIA_P122,6.0,5.2,5.6,3.381,1785309915.0,765.0,1148.0,796.0,909.0,170.0,0,0,30
17,random,8,ATTIA_P138,6.0,7.0,4.8,3.17,1649155294.0,498.0,1148.0,654.0,909.0,170.0,0,0,30
17,random,9,ATTIA_P223,8.0,7.0,5.6,2.585,792156148.0,636.0,1148.0,548.0,909.0,170.0,0,0,30
17,random,10,ATTIA_P208,8.0,5.6,4.4,3.306,997625156.0,756.0,1148.0,653.0,909.0,170.0,0,0,30
17,random,11,ATTIA_P096,5.6,6.0,4.8,3.574,869501343.0,696.0,1148.0,795.0,909.0,170.0,0,0,30
17,random,12,ATTIA_P111,6.0,4.4,5.2,4.047,1690727530.0,1105.0,1148.0,971.0,971.0,108.0,0,0,30
17,random,13,ATTIA_P060,5.2,5.6,4.8,3.935,926441765.0,1111.0,1148.0,867.0,971.0,108.0,0,0,30
17,random,14,ATTIA_P205,8.0,5.2,5.6,2.963,524770127.0,875.0,1148.0,622.0,971.0,108.0,0,0,30
17,random,15,ATTIA_P046,4.8,7.0,5.2,3.45,389249808.0,582.0,1148.0,685.0,971.0,108.0,0,0,30
17,random,16,ATTIA_P047,4.8,7.0,5.6,3.294,1725132695.0,605.0,1148.0,647.0,971.0,108.0,0,0,30
17,random,17,ATTIA_P136,6.0,7.0,4.0,3.652,566664598.0,598.0,1148.0,727.0,971.0,108.0,0,0,30
17,random,18,ATTIA_P202,8.0,5.2,4.4,3.463,881253156.0,744.0,1148.0,692.0,971.0,108.0,0,0,30
17,random,19,ATTIA_P071,5.2,7.0,4.8,3.45,720087673.0,563.0,1148.0,692.0,971.0,108.0,0,0,30
17,random,20,ATTIA_P063,5.2,6.0,4.0,4.457,1258418136.0,1357.0,1357.0,1004.0,1004.0,75.0,1,0,30
17,random,21,ATTIA_P023,4.4,7.0,4.0,4.69,1498852277.0,830.0,1357.0,795.0,1004.0,75.0,1,0,30
17,random,22,ATTIA_P059,5.2,5.6,4.4,4.252,1506217674.0,1059.0,1357.0,917.0,1004.0,75.0,1,0,30
17,random,23,ATTIA_P067,5.2,6.0,5.6,3.381,1368787648.0,770.0,1357.0,781.0,1004.0,75.0,1,0,30
17,random,24,ATTIA_P036,4.8,5.6,5.2,3.935,631680539.0,865.0,1357.0,854.0,1004.0,75.0,1,0,30
17,random,25,ATTIA_P180,7.0,7.0,5.6,2.71,514458694.0,538.0,1357.0,558.0,1004.0,75.0,1,0,30
17,greedy,0,,,,,,,,1141.0,,844.0,235.0,0,0,30
17,greedy,1,ATTIA_P099,5.6,7.0,3.6,4.271,434954321.0,678.0,1141.0,737.0,844.0,235.0,0,0,30
17,greedy,2,ATTIA_P131,6.0,6.0,4.4,3.667,630387449.0,810.0,1141.0,862.0,862.0,217.0,0,0,30
17,greedy,3,ATTIA_P095,5.6,6.0,4.4,3.834,538031156.0,716.0,1141.0,836.0,862.0,217.0,0,0,30
17,greedy,4,ATTIA_P089,5.6,5.6,4.4,4.017,1646650882.0,1102.0,1141.0,852.0,862.0,217.0,0,0,30
17,greedy,5,ATTIA_P000,3.6,6.0,5.6,4.755,702009686.0,928.0,1141.0,894.0,894.0,185.0,0,0,30
17,greedy,6,ATTIA_P001,3.6,7.0,5.2,4.537,1709471885.0,580.0,1141.0,776.0,894.0,185.0,0,0,30
17,greedy,7,ATTIA_P059,5.2,5.6,4.4,4.252,1506217674.0,1059.0,1141.0,917.0,917.0,162.0,0,0,30
17,greedy,8,ATTIA_P084,5.6,5.2,4.4,4.252,1903259745.0,868.0,1141.0,928.0,928.0,151.0,0,0,30
17,greedy,9,ATTIA_P064,5.2,6.0,4.4,4.047,546594745.0,979.0,1141.0,949.0,949.0,130.0,0,0,30
17,greedy,10,ATTIA_P039,4.8,6.0,4.4,4.328,1336858888.0,713.0,1141.0,924.0,949.0,130.0,0,0,30
17,greedy,11,ATTIA_P119,6.0,5.2,4.4,4.047,630438356.0,941.0,1141.0,971.0,971.0,108.0,0,0,30
17,greedy,12,ATTIA_P060,5.2,5.6,4.8,3.935,926441765.0,1111.0,1141.0,867.0,971.0,108.0,0,0,30
17,greedy,13,ATTIA_P085,5.6,5.2,4.8,3.935,896099580.0,911.0,1141.0,878.0,971.0,108.0,0,0,30
17,greedy,14,ATTIA_P035,4.8,5.6,4.8,4.2,1058177322.0,797.0,1141.0,892.0,971.0,108.0,0,0,30
17,greedy,15,ATTIA_P090,5.6,5.6,4.8,3.733,1607559981.0,708.0,1141.0,807.0,971.0,108.0,0,0,30
17,greedy,16,ATTIA_P055,5.2,5.2,4.8,4.16,1798679397.0,742.0,1141.0,1003.0,1003.0,76.0,1,0,30
17,greedy,17,ATTIA_P040,4.8,6.0,4.8,4.0,998740832.0,1051.0,1141.0,922.0,1003.0,76.0,1,0,30
17,greedy,18,ATTIA_P065,5.2,6.0,4.8,3.759,317265872.0,591.0,1141.0,891.0,1003.0,76.0,1,0,30
17,greedy,19,ATTIA_P036,4.8,5.6,5.2,3.935,631680539.0,865.0,1141.0,854.0,1003.0,76.0,1,0,30
17,greedy,20,ATTIA_P021,4.4,6.0,5.2,4.047,229157263.0,1204.0,1204.0,918.0,1003.0,76.0,1,0,30
17,greedy,21,ATTIA_P017,4.4,5.6,5.2,4.252,459848202.0,917.0,1204.0,886.0,1003.0,76.0,1,0,30
17,greedy,22,ATTIA_P008,4.0,6.0,5.6,4.2,668544221.0,894.0,1204.0,878.0,1003.0,76.0,1,0,30
17,greedy,23,ATTIA_P022,4.4,6.0,5.6,3.834,2132625664.0,825.0,1204.0,802.0,1003.0,76.0,1,0,30
17,greedy,24,ATTIA_P124,6.0,5.6,4.0,4.2,990965766.0,883.0,1204.0,941.0,1003.0,76.0,1,0,30
17,greedy,25,ATTIA_P094,5.6,6.0,4.0,4.2,2101597944.0,890.0,1204.0,930.0,1003.0,76.0,1,0,30
17,gp_ucb,0,,,,,,,,1141.0,,844.0,235.0,0,0,30
17,gp_ucb,1,ATTIA_P099,5.6,7.0,3.6,4.271,434954321.0,678.0,1141.0,737.0,844.0,235.0,0,0,30
17,gp_ucb,2,ATTIA_P131,6.0,6.0,4.4,3.667,630387449.0,810.0,1141.0,862.0,862.0,217.0,0,0,30
17,gp_ucb,3,ATTIA_P095,5.6,6.0,4.4,3.834,538031156.0,716.0,1141.0,836.0,862.0,217.0,0,0,30
17,gp_ucb,4,ATTIA_P089,5.6,5.6,4.4,4.017,1646650882.0,1102.0,1141.0,852.0,862.0,217.0,0,0,30
17,gp_ucb,5,ATTIA_P000,3.6,6.0,5.6,4.755,702009686.0,928.0,1141.0,894.0,894.0,185.0,0,0,30
17,gp_ucb,6,ATTIA_P001,3.6,7.0,5.2,4.537,1709471885.0,580.0,1141.0,776.0,894.0,185.0,0,0,30
17,gp_ucb,7,ATTIA_P059,5.2,5.6,4.4,4.252,1506217674.0,1059.0,1141.0,917.0,917.0,162.0,0,0,30
17,gp_ucb,8,ATTIA_P084,5.6,5.2,4.4,4.252,1903259745.0,868.0,1141.0,928.0,928.0,151.0,0,0,30
17,gp_ucb,9,ATTIA_P064,5.2,6.0,4.4,4.047,546594745.0,979.0,1141.0,949.0,949.0,130.0,0,0,30
17,gp_ucb,10,ATTIA_P039,4.8,6.0,4.4,4.328,1336858888.0,713.0,1141.0,924.0,949.0,130.0,0,0,30
17,gp_ucb,11,ATTIA_P060,5.2,5.6,4.8,3.935,926441765.0,1111.0,1141.0,867.0,949.0,130.0,0,0,30
17,gp_ucb,12,ATTIA_P085,5.6,5.2,4.8,3.935,896099580.0,911.0,1141.0,878.0,949.0,130.0,0,0,30
17,gp_ucb,13,ATTIA_P035,4.8,5.6,4.8,4.2,1058177322.0,797.0,1141.0,892.0,949.0,130.0,0,0,30
17,gp_ucb,14,ATTIA_P090,5.6,5.6,4.8,3.733,1607559981.0,708.0,1141.0,807.0,949.0,130.0,0,0,30
17,gp_ucb,15,ATTIA_P055,5.2,5.2,4.8,4.16,1798679397.0,742.0,1141.0,1003.0,1003.0,76.0,1,0,30
17,gp_ucb,16,ATTIA_P119,6.0,5.2,4.4,4.047,630438356.0,941.0,1141.0,971.0,1003.0,76.0,1,0,30
17,gp_ucb,17,ATTIA_P040,4.8,6.0,4.8,4.0,998740832.0,1051.0,1141.0,922.0,1003.0,76.0,1,0,30
17,gp_ucb,18,ATTIA_P065,5.2,6.0,4.8,3.759,317265872.0,591.0,1141.0,891.0,1003.0,76.0,1,0,30
17,gp_ucb,19,ATTIA_P036,4.8,5.6,5.2,3.935,631680539.0,865.0,1141.0,854.0,1003.0,76.0,1,0,30
17,gp_ucb,20,ATTIA_P021,4.4,6.0,5.2,4.047,229157263.0,1204.0,1204.0,918.0,1003.0,76.0,1,0,30
17,gp_ucb,21,ATTIA_P017,4.4,5.6,5.2,4.252,459848202.0,917.0,1204.0,886.0,1003.0,76.0,1,0,30
17,gp_ucb,22,ATTIA_P008,4.0,6.0,5.6,4.2,668544221.0,894.0,1204.0,878.0,1003.0,76.0,1,0,30
17,gp_ucb,23,ATTIA_P022,4.4,6.0,5.6,3.834,2132625664.0,825.0,1204.0,802.0,1003.0,76.0,1,0,30
17,gp_ucb,24,ATTIA_P124,6.0,5.6,4.0,4.2,990965766.0,883.0,1204.0,941.0,1003.0,76.0,1,0,30
17,gp_ucb,25,ATTIA_P094,5.6,6.0,4.0,4.2,2101597944.0,890.0,1204.0,930.0,1003.0,76.0,1,0,30
18,random,0,,,,,,,,894.0,,897.0,182.0,0,0,30
18,random,1,ATTIA_P199,8.0,4.8,5.6,3.111,1420823232.0,867.0,894.0,635.0,897.0,182.0,0,0,30
18,random,2,ATTIA_P066,5.2,6.0,5.2,3.545,405538670.0,1122.0,1122.0,853.0,897.0,182.0,0,0,30
18,random,3,ATTIA_P125,6.0,5.6,4.4,3.834,465471817.0,775.0,1122.0,844.0,897.0,182.0,0,0,30
18,random,4,ATTIA_P167,7.0,5.6,5.2,3.129,175683711.0,478.0,1122.0,655.0,897.0,182.0,0,0,30
18,random,5,ATTIA_P104,5.6,7.0,5.6,3.0,305244234.0,512.0,1122.0,611.0,897.0,182.0,0,0,30
18,random,6,ATTIA_P131,6.0,6.0,4.4,3.667,1379917230.0,1061.0,1122.0,862.0,897.0,182.0,0,0,30
18,random,7,ATTIA_P097,5.6,6.0,5.2,3.381,411206183.0,978.0,1122.0,789.0,897.0,182.0,0,0,30
18,random,8,ATTIA_P179,7.0,7.0,5.2,2.814,1964721157.0,658.0,1122.0,577.0,897.0,182.0,0,0,30
18,random,9,ATTIA_P054,5.2,5.2,4.4,4.516,1906051346.0,1016.0,1122.0,1075.0,1075.0,4.0,1,1,30
18,random,10,ATTIA_P149,7.0,4.4,4.8,3.924,1970129566.0,787.0,1122.0,751.0,1075.0,4.0,1,1,30
18,random,11,ATTIA_P040,4.8,6.0,4.8,4.0,87635833.0,764.0,1122.0,922.0,1075.0,4.0,1,1,30
18,random,12,ATTIA_P105,6.0,3.6,5.6,4.755,482944137.0,1137.0,1137.0,974.0,1075.0,4.0,1,1,30
18,random,13,ATTIA_P209,8.0,5.6,4.8,3.111,70677548.0,345.0,1137.0,634.0,1075.0,4.0,1,1,30
18,random,14,ATTIA_P020,4.4,6.0,4.8,4.328,913507101.0,1009.0,1137.0,908.0,1075.0,4.0,1,1,30
18,random,15,ATTIA_P147,7.0,4.4,4.0,4.69,233521652.0,1128.0,1137.0,857.0,1075.0,4.0,1,1,30
18,random,16,ATTIA_P034,4.8,5.6,4.4,4.563,2126020141.0,1038.0,1137.0,948.0,1075.0,4.0,1,1,30
18,random,17,ATTIA_P049,5.2,4.4,5.2,4.516,1148435645.0,1100.0,1137.0,1071.0,1075.0,4.0,1,1,30
18,random,18,ATTIA_P154,7.0,4.8,4.8,3.652,890965652.0,721.0,1137.0,740.0,1075.0,4.0,1,1,30
18,random,19,ATTIA_P092,5.6,5.6,5.6,3.36,1420536471.0,956.0,1137.0,721.0,1075.0,4.0,1,1,30
18,random,20,ATTIA_P000,3.6,6.0,5.6,4.755,539653785.0,874.0,1137.0,894.0,1075.0,4.0,1,1,30
18,random,21,ATTIA_P192,8.0,4.4,5.2,3.463,1391562907.0,749.0,1137.0,696.0,1075.0,4.0,1,1,30
18,random,22,ATTIA_P218,8.0,7.0,3.6,3.476,48459785.0,642.0,1137.0,605.0,1075.0,4.0,1,1,30
18,random,23,ATTIA_P194,8.0,4.8,3.6,4.5,407603205.0,987.0,1137.0,805.0,1075.0,4.0,1,1,30
18,random,24,ATTIA_P119,6.0,5.2,4.4,4.047,278866361.0,976.0,1137.0,971.0,1075.0,4.0,1,1,30
18,random,25,ATTIA_P160,7.0,5.2,4.8,3.45,485216880.0,874.0,1137.0,715.0,1075.0,4.0,1,1,30
18,greedy,0,,,,,,,,894.0,,897.0,182.0,0,0,30
18,greedy,1,ATTIA_P114,6.0,4.8,4.4,4.328,584267772.0,855.0,894.0,960.0,960.0,119.0,0,0,30
18,greedy,2,ATTIA_P147,7.0,4.4,4.0,4.69,233521652.0,1128.0,1128.0,857.0,960.0,119.0,0,0,30
18,greedy,3,ATTIA_P184,8.0,4.0,4.0,4.8,1975217697.0,962.0,1128.0,854.0,960.0,119.0,0,0,30
18,greedy,4,ATTIA_P143,7.0,4.0,4.4,4.69,275545587.0,889.0,1128.0,859.0,960.0,119.0,0,0,30
18,greedy,5,ATTIA_P113,6.0,4.8,4.0,4.8,253694793.0,1243.0,1243.0,1079.0,1079.0,0.0,1,1,30
18,greedy,6,ATTIA_P083,5.6,5.2,4.0,4.707,1484043500.0,1046.0,1243.0,1044.0,1079.0,0.0,1,1,30
18,greedy,7,ATTIA_P118,6.0,5.2,4.0,4.457,1732292496.0,1263.0,1263.0,1029.0,1079.0,0.0,1,1,30
18,greedy,8,ATTIA_P123,6.0,5.6,3.6,4.755,602498386.0,1077.0,1263.0,981.0,1079.0,0.0,1,1,30
18,greedy,9,ATTIA_P058,5.2,5.6,4.0,4.707,979488561.0,931.0,1263.0,1030.0,1079.0,0.0,1,1,30
18,greedy,10,ATTIA_P157,7.0,5.2,3.6,4.537,1940046850.0,740.0,1263.0,851.0,1079.0,0.0,1,1,30
18,greedy,11,ATTIA_P109,6.0,4.4,4.4,4.714,406193355.0,1147.0,1263.0,1017.0,1079.0,0.0,1,1,30
18,greedy,12,ATTIA_P079,5.6,4.8,4.4,4.563,344765655.0,903.0,1263.0,975.0,1079.0,0.0,1,1,30
18,greedy,13,ATTIA_P093,5.6,6.0,3.6,4.755,94695223.0,841.0,1263.0,970.0,1079.0,0.0,1,1,30
18,greedy,14,ATTIA_P106,6.0,4.0,4.8,4.8,2084193792.0,1156.0,1263.0,1076.0,1079.0,0.0,1,1,30
18,greedy,15,ATTIA_P074,5.6,4.0,5.2,4.707,2004206483.0,1188.0,1263.0,1041.0,1079.0,0.0,1,1,30
18,greedy,16,ATTIA_P048,5.2,4.0,5.6,4.707,1908397721.0,1261.0,1263.0,1018.0,1079.0,0.0,1,1,30
18,greedy,17,ATTIA_P105,6.0,3.6,5.6,4.755,482944137.0,1137.0,1263.0,974.0,1079.0,0.0,1,1,30
18,greedy,18,ATTIA_P028,4.8,4.4,5.6,4.563,1994207217.0,900.0,1263.0,939.0,1079.0,0.0,1,1,30
18,greedy,19,ATTIA_P075,5.6,4.0,5.6,4.421,979897020.0,1264.0,1264.0,890.0,1079.0,0.0,1,1,30
18,greedy,20,ATTIA_P107,6.0,4.0,5.2,4.457,623538895.0,1059.0,1264.0,1023.0,1079.0,0.0,1,1,30
18,greedy,21,ATTIA_P049,5.2,4.4,5.2,4.516,1148435645.0,1100.0,1264.0,1071.0,1079.0,0.0,1,1,30
18,greedy,22,ATTIA_P076,5.6,4.4,4.8,4.563,2014271801.0,851.0,1264.0,974.0,1079.0,0.0,1,1,30
18,greedy,23,ATTIA_P141,7.0,3.6,5.2,4.537,1340841095.0,577.0,1264.0,864.0,1079.0,0.0,1,1,30
18,greedy,24,ATTIA_P108,6.0,4.0,5.6,4.2,1331967826.0,1092.0,1264.0,938.0,1079.0,0.0,1,1,30
18,greedy,25,ATTIA_P050,5.2,4.4,5.6,4.252,353065081.0,694.0,1264.0,909.0,1079.0,0.0,1,1,30
18,gp_ucb,0,,,,,,,,894.0,,897.0,182.0,0,0,30
18,gp_ucb,1,ATTIA_P110,6.0,4.4,4.8,4.328,987963549.0,841.0,894.0,958.0,958.0,121.0,0,0,30
18,gp_ucb,2,ATTIA_P181,8.0,3.6,4.8,4.5,1986285080.0,928.0,928.0,818.0,958.0,121.0,0,0,30
18,gp_ucb,3,ATTIA_P184,8.0,4.0,4.0,4.8,1975217697.0,962.0,962.0,854.0,958.0,121.0,0,0,30
18,gp_ucb,4,ATTIA_P002,3.6,7.0,5.6,4.271,925980781.0,841.0,962.0,700.0,958.0,121.0,0,0,30
18,gp_ucb,5,ATTIA_P185,8.0,4.0,4.4,4.328,1099629867.0,511.0,962.0,785.0,958.0,121.0,0,0,30
18,gp_ucb,6,ATTIA_P172,7.0,6.0,4.8,3.17,1609293570.0,723.0,962.0,664.0,958.0,121.0,0,0,30
18,gp_ucb,7,ATTIA_P160,7.0,5.2,4.8,3.45,485216880.0,874.0,962.0,715.0,958.0,121.0,0,0,30
18,gp_ucb,8,ATTIA_P147,7.0,4.4,4.0,4.69,233521652.0,1128.0,1128.0,857.0,958.0,121.0,0,0,30
18,gp_ucb,9,ATTIA_P113,6.0,4.8,4.0,4.8,253694793.0,1243.0,1243.0,1079.0,1079.0,0.0,1,1,30
18,gp_ucb,10,ATTIA_P109,6.0,4.4,4.4,4.714,406193355.0,1147.0,1243.0,1017.0,1079.0,0.0,1,1,30
18,gp_ucb,11,ATTIA_P183,8.0,3.6,5.6,3.969,1363756667.0,602.0,1243.0,711.0,1079.0,0.0,1,1,30
18,gp_ucb,12,ATTIA_P157,7.0,5.2,3.6,4.537,1940046850.0,740.0,1243.0,851.0,1079.0,0.0,1,1,30
18,gp_ucb,13,ATTIA_P079,5.6,4.8,4.4,4.563,344765655.0,903.0,1243.0,975.0,1079.0,0.0,1,1,30
18,gp_ucb,14,ATTIA_P143,7.0,4.0,4.4,4.69,275545587.0,889.0,1243.0,859.0,1079.0,0.0,1,1,30
18,gp_ucb,15,ATTIA_P083,5.6,5.2,4.0,4.707,1484043500.0,1046.0,1243.0,1044.0,1079.0,0.0,1,1,30
18,gp_ucb,16,ATTIA_P106,6.0,4.0,4.8,4.8,2084193792.0,1156.0,1243.0,1076.0,1079.0,0.0,1,1,30
18,gp_ucb,17,ATTIA_P074,5.6,4.0,5.2,4.707,2004206483.0,1188.0,1243.0,1041.0,1079.0,0.0,1,1,30
18,gp_ucb,18,ATTIA_P048,5.2,4.0,5.6,4.707,1908397721.0,1261.0,1261.0,1018.0,1079.0,0.0,1,1,30
18,gp_ucb,19,ATTIA_P105,6.0,3.6,5.6,4.755,482944137.0,1137.0,1261.0,974.0,1079.0,0.0,1,1,30
18,gp_ucb,20,ATTIA_P028,4.8,4.4,5.6,4.563,1994207217.0,900.0,1261.0,939.0,1079.0,0.0,1,1,30
18,gp_ucb,21,ATTIA_P075,5.6,4.0,5.6,4.421,979897020.0,1264.0,1264.0,890.0,1079.0,0.0,1,1,30
18,gp_ucb,22,ATTIA_P049,5.2,4.4,5.2,4.516,1148435645.0,1100.0,1264.0,1071.0,1079.0,0.0,1,1,30
18,gp_ucb,23,ATTIA_P107,6.0,4.0,5.2,4.457,623538895.0,1059.0,1264.0,1023.0,1079.0,0.0,1,1,30
18,gp_ucb,24,ATTIA_P076,5.6,4.4,4.8,4.563,2014271801.0,851.0,1264.0,974.0,1079.0,0.0,1,1,30
18,gp_ucb,25,ATTIA_P108,6.0,4.0,5.6,4.2,1331967826.0,1092.0,1264.0,938.0,1079.0,0.0,1,1,30
19,random,0,,,,,,,,1344.0,,1017.0,62.0,1,0,30
19,random,1,ATTIA_P076,5.6,4.4,4.8,4.563,208122747.0,606.0,1344.0,974.0,1017.0,62.0,1,0,30
19,random,2,ATTIA_P067,5.2,6.0,5.6,3.381,82245522.0,491.0,1344.0,781.0,1017.0,62.0,1,0,30
19,random,3,ATTIA_P195,8.0,4.8,4.0,4.0,664265588.0,971.0,1344.0,774.0,1017.0,62.0,1,0,30
19,random,4,ATTIA_P154,7.0,4.8,4.8,3.652,610369621.0,881.0,1344.0,740.0,1017.0,62.0,1,0,30
19,random,5,ATTIA_P074,5.6,4.0,5.2,4.707,742865308.0,884.0,1344.0,1041.0,1041.0,38.0,1,1,30
19,random,6,ATTIA_P170,7.0,6.0,4.0,3.652,1764895642.0,844.0,1344.0,741.0,1041.0,38.0,1,1,30
19,random,7,ATTIA_P090,5.6,5.6,4.8,3.733,1635072409.0,1041.0,1344.0,807.0,1041.0,38.0,1,1,30
19,random,8,ATTIA_P161,7.0,5.2,5.2,3.269,1511083889.0,765.0,1344.0,695.0,1041.0,38.0,1,1,30
19,random,9,ATTIA_P212,8.0,6.0,3.6,3.789,1766491192.0,683.0,1344.0,711.0,1041.0,38.0,1,1,30
19,random,10,ATTIA_P142,7.0,3.6,5.6,4.271,1845496137.0,817.0,1344.0,765.0,1041.0,38.0,1,1,30
19,random,11,ATTIA_P134,6.0,6.0,5.6,3.111,1440811842.0,728.0,1344.0,725.0,1041.0,38.0,1,1,30
19,random,12,ATTIA_P056,5.2,5.2,5.2,3.9,471654641.0,929.0,1344.0,954.0,1041.0,38.0,1,1,30
19,random,13,ATTIA_P190,8.0,4.4,4.4,3.94,510002929.0,868.0,1344.0,725.0,1041.0,38.0,1,1,30
19,random,14,ATTIA_P107,6.0,4.0,5.2,4.457,1884181067.0,892.0,1344.0,1023.0,1041.0,38.0,1,1,30
19,random,15,ATTIA_P147,7.0,4.4,4.0,4.69,330343099.0,859.0,1344.0,857.0,1041.0,38.0,1,1,30
19,random,16,ATTIA_P015,4.4,5.2,5.6,4.252,510156673.0,915.0,1344.0,883.0,1041.0,38.0,1,1,30
19,random,17,ATTIA_P171,7.0,6.0,4.4,3.372,1944904509.0,346.0,1344.0,687.0,1041.0,38.0,1,1,30
19,random,18,ATTIA_P131,6.0,6.0,4.4,3.667,660678042.0,820.0,1344.0,862.0,1041.0,38.0,1,1,30
19,random,19,ATTIA_P201,8.0,5.2,4.0,3.759,783814014.0,780.0,1344.0,745.0,1041.0,38.0,1,1,30
19,random,20,ATTIA_P011,4.0,7.0,5.2,4.03,1433683281.0,635.0,1344.0,758.0,1041.0,38.0,1,1,30
19,random,21,ATTIA_P099,5.6,7.0,3.6,4.271,731235228.0,676.0,1344.0,737.0,1041.0,38.0,1,1,30
19,random,22,ATTIA_P024,4.4,7.0,4.4,4.239,2015217143.0,446.0,1344.0,733.0,1041.0,38.0,1,1,30
19,random,23,ATTIA_P140,6.0,7.0,5.6,2.897,871997367.0,809.0,1344.0,610.0,1041.0,38.0,1,1,30
19,random,24,ATTIA_P215,8.0,6.0,4.8,3.0,563718811.0,613.0,1344.0,635.0,1041.0,38.0,1,1,30
19,random,25,ATTIA_P196,8.0,4.8,4.4,3.667,1904921832.0,693.0,1344.0,714.0,1041.0,38.0,1,1,30
19,greedy,0,,,,,,,,1344.0,,1017.0,62.0,1,0,30
19,greedy,1,ATTIA_P113,6.0,4.8,4.0,4.8,377900564.0,913.0,1344.0,1079.0,1079.0,0.0,1,1,30
19,greedy,2,ATTIA_P079,5.6,4.8,4.4,4.563,974540583.0,730.0,1344.0,975.0,1079.0,0.0,1,1,30
19,greedy,3,ATTIA_P000,3.6,6.0,5.6,4.755,555818898.0,637.0,1344.0,894.0,1079.0,0.0,1,1,30
19,greedy,4,ATTIA_P001,3.6,7.0,5.2,4.537,2049092685.0,918.0,1344.0,776.0,1079.0,0.0,1,1,30
19,greedy,5,ATTIA_P002,3.6,7.0,5.6,4.271,569983893.0,923.0,1344.0,700.0,1079.0,0.0,1,1,30
19,greedy,6,ATTIA_P003,4.0,5.2,5.6,4.707,370160036.0,485.0,1344.0,971.0,1079.0,0.0,1,1,30
19,greedy,7,ATTIA_P004,4.0,5.6,5.2,4.707,1527968569.0,802.0,1344.0,976.0,1079.0,0.0,1,1,30
19,greedy,8,ATTIA_P005,4.0,5.6,5.6,4.421,1713493237.0,546.0,1344.0,843.0,1079.0,0.0,1,1,30
19,greedy,9,ATTIA_P106,6.0,4.0,4.8,4.8,764747071.0,1133.0,1344.0,1076.0,1079.0,0.0,1,1,30
19,greedy,10,ATTIA_P076,5.6,4.4,4.8,4.563,208122747.0,606.0,1344.0,974.0,1079.0,0.0,1,1,30
19,greedy,11,ATTIA_P143,7.0,4.0,4.4,4.69,158648873.0,933.0,1344.0,859.0,1079.0,0.0,1,1,30
19,greedy,12,ATTIA_P147,7.0,4.4,4.0,4.69,330343099.0,859.0,1344.0,857.0,1079.0,0.0,1,1,30
19,greedy,13,ATTIA_P148,7.0,4.4,4.4,4.239,2057443275.0,699.0,1344.0,784.0,1079.0,0.0,1,1,30
19,greedy,14,ATTIA_P083,5.6,5.2,4.0,4.707,1838214656.0,1171.0,1344.0,1044.0,1079.0,0.0,1,1,30
19,greedy,15,ATTIA_P118,6.0,5.2,4.0,4.457,1782410690.0,1136.0,1344.0,1029.0,1079.0,0.0,1,1,30
19,greedy,16,ATTIA_P088,5.6,5.6,4.0,4.421,1718662847.0,1122.0,1344.0,897.0,1079.0,0.0,1,1,30
19,greedy,17,ATTIA_P058,5.2,5.6,4.0,4.707,1235164011.0,780.0,1344.0,1030.0,1079.0,0.0,1,1,30
19,greedy,18,ATTIA_P124,6.0,5.6,4.0,4.2,642896724.0,994.0,1344.0,941.0,1079.0,0.0,1,1,30
19,greedy,19,ATTIA_P094,5.6,6.0,4.0,4.2,8056388.0,755.0,1344.0,930.0,1079.0,0.0,1,1,30
19,greedy,20,ATTIA_P123,6.0,5.6,3.6,4.755,1050939134.0,1074.0,1344.0,981.0,1079.0,0.0,1,1,30
19,greedy,21,ATTIA_P129,6.0,6.0,3.6,4.5,1932761415.0,1188.0,1344.0,1026.0,1079.0,0.0,1,1,30
19,greedy,22,ATTIA_P093,5.6,6.0,3.6,4.755,1338041865.0,980.0,1344.0,970.0,1079.0,0.0,1,1,30
19,greedy,23,ATTIA_P157,7.0,5.2,3.6,4.537,1872266059.0,671.0,1344.0,851.0,1079.0,0.0,1,1,30
19,greedy,24,ATTIA_P063,5.2,6.0,4.0,4.457,95246373.0,1118.0,1344.0,1004.0,1079.0,0.0,1,1,30
19,greedy,25,ATTIA_P038,4.8,6.0,4.0,4.8,1461879642.0,982.0,1344.0,1036.0,1079.0,0.0,1,1,30
19,gp_ucb,0,,,,,,,,1344.0,,1017.0,62.0,1,0,30
19,gp_ucb,1,ATTIA_P083,5.6,5.2,4.0,4.707,1838214656.0,1171.0,1344.0,1044.0,1044.0,35.0,1,1,30
19,gp_ucb,2,ATTIA_P106,6.0,4.0,4.8,4.8,764747071.0,1133.0,1344.0,1076.0,1076.0,3.0,1,1,30
19,gp_ucb,3,ATTIA_P113,6.0,4.8,4.0,4.8,377900564.0,913.0,1344.0,1079.0,1079.0,0.0,1,1,30
19,gp_ucb,4,ATTIA_P076,5.6,4.4,4.8,4.563,208122747.0,606.0,1344.0,974.0,1079.0,0.0,1,1,30
19,gp_ucb,5,ATTIA_P000,3.6,6.0,5.6,4.755,555818898.0,637.0,1344.0,894.0,1079.0,0.0,1,1,30
19,gp_ucb,6,ATTIA_P001,3.6,7.0,5.2,4.537,2049092685.0,918.0,1344.0,776.0,1079.0,0.0,1,1,30
19,gp_ucb,7,ATTIA_P002,3.6,7.0,5.6,4.271,569983893.0,923.0,1344.0,700.0,1079.0,0.0,1,1,30
19,gp_ucb,8,ATTIA_P003,4.0,5.2,5.6,4.707,370160036.0,485.0,1344.0,971.0,1079.0,0.0,1,1,30
19,gp_ucb,9,ATTIA_P079,5.6,4.8,4.4,4.563,974540583.0,730.0,1344.0,975.0,1079.0,0.0,1,1,30
19,gp_ucb,10,ATTIA_P118,6.0,5.2,4.0,4.457,1782410690.0,1136.0,1344.0,1029.0,1079.0,0.0,1,1,30
19,gp_ucb,11,ATTIA_P088,5.6,5.6,4.0,4.421,1718662847.0,1122.0,1344.0,897.0,1079.0,0.0,1,1,30
19,gp_ucb,12,ATTIA_P123,6.0,5.6,3.6,4.755,1050939134.0,1074.0,1344.0,981.0,1079.0,0.0,1,1,30
19,gp_ucb,13,ATTIA_P129,6.0,6.0,3.6,4.5,1932761415.0,1188.0,1344.0,1026.0,1079.0,0.0,1,1,30
19,gp_ucb,14,ATTIA_P093,5.6,6.0,3.6,4.755,1338041865.0,980.0,1344.0,970.0,1079.0,0.0,1,1,30
19,gp_ucb,15,ATTIA_P157,7.0,5.2,3.6,4.537,1872266059.0,671.0,1344.0,851.0,1079.0,0.0,1,1,30
19,gp_ucb,16,ATTIA_P058,5.2,5.6,4.0,4.707,1235164011.0,780.0,1344.0,1030.0,1079.0,0.0,1,1,30
19,gp_ucb,17,ATTIA_P124,6.0,5.6,4.0,4.2,642896724.0,994.0,1344.0,941.0,1079.0,0.0,1,1,30
19,gp_ucb,18,ATTIA_P094,5.6,6.0,4.0,4.2,8056388.0,755.0,1344.0,930.0,1079.0,0.0,1,1,30
19,gp_ucb,19,ATTIA_P143,7.0,4.0,4.4,4.69,158648873.0,933.0,1344.0,859.0,1079.0,0.0,1,1,30
19,gp_ucb,20,ATTIA_P084,5.6,5.2,4.4,4.252,1394638984.0,701.0,1344.0,928.0,1079.0,0.0,1,1,30
19,gp_ucb,21,ATTIA_P147,7.0,4.4,4.0,4.69,330343099.0,859.0,1344.0,857.0,1079.0,0.0,1,1,30
19,gp_ucb,22,ATTIA_P144,7.0,4.0,4.8,4.308,1302837823.0,1053.0,1344.0,818.0,1079.0,0.0,1,1,30
19,gp_ucb,23,ATTIA_P148,7.0,4.4,4.4,4.239,2057443275.0,699.0,1344.0,784.0,1079.0,0.0,1,1,30
19,gp_ucb,24,ATTIA_P141,7.0,3.6,5.2,4.537,1965270247.0,1147.0,1344.0,864.0,1079.0,0.0,1,1,30
19,gp_ucb,25,ATTIA_P142,7.0,3.6,5.6,4.271,1845496137.0,817.0,1344.0,765.0,1079.0,0.0,1,1,30
20,random,0,,,,,,,,955.0,,971.0,108.0,0,0,30
20,random,1,ATTIA_P192,8.0,4.4,5.2,3.463,1789370438.0,664.0,955.0,696.0,971.0,108.0,0,0,30
20,random,2,ATTIA_P009,4.0,7.0,4.4,4.69,636235845.0,651.0,955.0,788.0,971.0,108.0,0,0,30
20,random,3,ATTIA_P140,6.0,7.0,5.6,2.897,1032005171.0,517.0,955.0,610.0,971.0,108.0,0,0,30
20,random,4,ATTIA_P083,5.6,5.2,4.0,4.707,358603881.0,1102.0,1102.0,1044.0,1044.0,35.0,1,1,30
20,random,5,ATTIA_P116,6.0,4.8,5.2,3.759,469573380.0,817.0,1102.0,911.0,1044.0,35.0,1,1,30
20,random,6,ATTIA_P156,7.0,4.8,5.6,3.294,1481585521.0,714.0,1102.0,673.0,1044.0,35.0,1,1,30
20,random,7,ATTIA_P041,4.8,6.0,5.2,3.759,442560191.0,1054.0,1102.0,878.0,1044.0,35.0,1,1,30
20,random,8,ATTIA_P056,5.2,5.2,5.2,3.9,1957331140.0,426.0,1102.0,954.0,1044.0,35.0,1,1,30
20,random,9,ATTIA_P138,6.0,7.0,4.8,3.17,302120813.0,245.0,1102.0,654.0,1044.0,35.0,1,1,30
20,random,10,ATTIA_P030,4.8,4.8,5.6,4.2,1067955640.0,806.0,1102.0,887.0,1044.0,35.0,1,1,30
20,random,11,ATTIA_P053,5.2,4.8,5.6,3.935,1498573839.0,1280.0,1280.0,862.0,1044.0,35.0,1,1,30
20,random,12,ATTIA_P167,7.0,5.6,5.2,3.129,400610042.0,730.0,1280.0,655.0,1044.0,35.0,1,1,30
20,random,13,ATTIA_P071,5.2,7.0,4.8,3.45,303612766.0,961.0,1280.0,692.0,1044.0,35.0,1,1,30
20,random,14,ATTIA_P126,6.0,5.6,4.8,3.574,856993549.0,606.0,1280.0,802.0,1044.0,35.0,1,1,30
20,random,15,ATTIA_P211,8.0,5.6,5.6,2.847,1144325939.0,580.0,1280.0,596.0,1044.0,35.0,1,1,30
20,random,16,ATTIA_P223,8.0,7.0,5.6,2.585,1580320912.0,686.0,1280.0,548.0,1044.0,35.0,1,1,30
20,random,17,ATTIA_P110,6.0,4.4,4.8,4.328,286082204.0,951.0,1280.0,958.0,1044.0,35.0,1,1,30
20,random,18,ATTIA_P044,4.8,7.0,4.4,3.924,314677058.0,677.0,1280.0,714.0,1044.0,35.0,1,1,30
20,random,19,ATTIA_P013,4.4,4.8,5.6,4.563,1745432910.0,820.0,1280.0,923.0,1044.0,35.0,1,1,30
20,random,20,ATTIA_P215,8.0,6.0,4.8,3.0,1191519195.0,610.0,1280.0,635.0,1044.0,35.0,1,1,30
20,random,21,ATTIA_P200,8.0,5.2,3.6,4.197,1517082526.0,964.0,1280.0,774.0,1044.0,35.0,1,1,30
20,random,22,ATTIA_P120,6.0,5.2,4.8,3.759,933024565.0,380.0,1280.0,911.0,1044.0,35.0,1,1,30
20,random,23,ATTIA_P139,6.0,7.0,5.2,3.017,1481724469.0,781.0,1280.0,648.0,1044.0,35.0,1,1,30
20,random,24,ATTIA_P101,5.6,7.0,4.4,3.513,295095796.0,590.0,1280.0,666.0,1044.0,35.0,1,1,30
20,random,25,ATTIA_P186,8.0,4.0,4.8,4.0,2142650488.0,647.0,1280.0,781.0,1044.0,35.0,1,1,30
20,greedy,0,,,,,,,,955.0,,971.0,108.0,0,0,30
20,greedy,1,ATTIA_P130,6.0,6.0,4.0,4.0,831515431.0,1094.0,1094.0,970.0,971.0,108.0,0,0,30
20,greedy,2,ATTIA_P169,7.0,6.0,3.6,4.065,790467381.0,827.0,1094.0,771.0,971.0,108.0,0,0,30
20,greedy,3,ATTIA_P089,5.6,5.6,4.4,4.017,717563531.0,788.0,1094.0,852.0,971.0,108.0,0,0,30
20,greedy,4,ATTIA_P000,3.6,6.0,5.6,4.755,356645050.0,944.0,1094.0,894.0,971.0,108.0,0,0,30
20,greedy,5,ATTIA_P001,3.6,7.0,5.2,4.537,2145045045.0,628.0,1094.0,776.0,971.0,108.0,0,0,30
20,greedy,6,ATTIA_P094,5.6,6.0,4.0,4.2,949640013.0,804.0,1094.0,930.0,971.0,108.0,0,0,30
20,greedy,7,ATTIA_P095,5.6,6.0,4.4,3.834,1641299630.0,905.0,1094.0,836.0,971.0,108.0,0,0,30
20,greedy,8,ATTIA_P100,5.6,7.0,4.0,3.818,2057071014.0,591.0,1094.0,712.0,971.0,108.0,0,0,30
20,greedy,9,ATTIA_P003,4.0,5.2,5.6,4.707,1018283404.0,977.0,1094.0,971.0,971.0,108.0,0,0,30
20,greedy,10,ATTIA_P004,4.0,5.6,5.2,4.707,1255734011.0,632.0,1094.0,976.0,976.0,103.0,1,0,30
20,greedy,11,ATTIA_P005,4.0,5.6,5.6,4.421,1351823781.0,704.0,1094.0,843.0,976.0,103.0,1,0,30
20,greedy,12,ATTIA_P006,4.0,6.0,4.8,4.8,57471403.0,960.0,1094.0,1000.0,1000.0,79.0,1,0,30
20,greedy,13,ATTIA_P007,4.0,6.0,5.2,4.457,11404344.0,1078.0,1094.0,953.0,1000.0,79.0,1,0,30
20,greedy,14,ATTIA_P008,4.0,6.0,5.6,4.2,718854417.0,943.0,1094.0,878.0,1000.0,79.0,1,0,30
20,greedy,15,ATTIA_P009,4.0,7.0,4.4,4.69,636235845.0,651.0,1094.0,788.0,1000.0,79.0,1,0,30
20,greedy,16,ATTIA_P010,4.0,7.0,4.8,4.308,1418050076.0,976.0,1094.0,754.0,1000.0,79.0,1,0,30
20,greedy,17,ATTIA_P011,4.0,7.0,5.2,4.03,1378392321.0,675.0,1094.0,758.0,1000.0,79.0,1,0,30
20,greedy,18,ATTIA_P012,4.0,7.0,5.6,3.818,634782762.0,765.0,1094.0,688.0,1000.0,79.0,1,0,30
20,greedy,19,ATTIA_P013,4.4,4.8,5.6,4.563,1745432910.0,820.0,1094.0,923.0,1000.0,79.0,1,0,30
20,greedy,20,ATTIA_P014,4.4,5.2,5.2,4.516,270029779.0,1081.0,1094.0,1036.0,1036.0,43.0,1,1,30
20,greedy,21,ATTIA_P015,4.4,5.2,5.6,4.252,525682113.0,644.0,1094.0,883.0,1036.0,43.0,1,1,30
20,greedy,22,ATTIA_P016,4.4,5.6,4.8,4.563,818715600.0,808.0,1094.0,930.0,1036.0,43.0,1,1,30
20,greedy,23,ATTIA_P017,4.4,5.6,5.2,4.252,1437031870.0,896.0,1094.0,886.0,1036.0,43.0,1,1,30
20,greedy,24,ATTIA_P018,4.4,5.6,5.6,4.017,566175945.0,769.0,1094.0,817.0,1036.0,43.0,1,1,30
20,greedy,25,ATTIA_P019,4.4,6.0,4.4,4.714,1123844148.0,804.0,1094.0,961.0,1036.0,43.0,1,1,30
20,gp_ucb,0,,,,,,,,955.0,,971.0,108.0,0,0,30
20,gp_ucb,1,ATTIA_P169,7.0,6.0,3.6,4.065,790467381.0,827.0,955.0,771.0,971.0,108.0,0,0,30
20,gp_ucb,2,ATTIA_P044,4.8,7.0,4.4,3.924,314677058.0,677.0,955.0,714.0,971.0,108.0,0,0,30
20,gp_ucb,3,ATTIA_P000,3.6,6.0,5.6,4.755,356645050.0,944.0,955.0,894.0,971.0,108.0,0,0,30
20,gp_ucb,4,ATTIA_P001,3.6,7.0,5.2,4.537,2145045045.0,628.0,955.0,776.0,971.0,108.0,0,0,30
20,gp_ucb,5,ATTIA_P003,4.0,5.2,5.6,4.707,1018283404.0,977.0,977.0,971.0,971.0,108.0,0,0,30
20,gp_ucb,6,ATTIA_P004,4.0,5.6,5.2,4.707,1255734011.0,632.0,977.0,976.0,976.0,103.0,1,0,30
20,gp_ucb,7,ATTIA_P005,4.0,5.6,5.6,4.421,1351823781.0,704.0,977.0,843.0,976.0,103.0,1,0,30
20,gp_ucb,8,ATTIA_P006,4.0,6.0,4.8,4.8,57471403.0,960.0,977.0,1000.0,1000.0,79.0,1,0,30
20,gp_ucb,9,ATTIA_P007,4.0,6.0,5.2,4.457,11404344.0,1078.0,1078.0,953.0,1000.0,79.0,1,0,30
20,gp_ucb,10,ATTIA_P008,4.0,6.0,5.6,4.2,718854417.0,943.0,1078.0,878.0,1000.0,79.0,1,0,30
20,gp_ucb,11,ATTIA_P009,4.0,7.0,4.4,4.69,636235845.0,651.0,1078.0,788.0,1000.0,79.0,1,0,30
20,gp_ucb,12,ATTIA_P010,4.0,7.0,4.8,4.308,1418050076.0,976.0,1078.0,754.0,1000.0,79.0,1,0,30
20,gp_ucb,13,ATTIA_P011,4.0,7.0,5.2,4.03,1378392321.0,675.0,1078.0,758.0,1000.0,79.0,1,0,30
20,gp_ucb,14,ATTIA_P012,4.0,7.0,5.6,3.818,634782762.0,765.0,1078.0,688.0,1000.0,79.0,1,0,30
20,gp_ucb,15,ATTIA_P013,4.4,4.8,5.6,4.563,1745432910.0,820.0,1078.0,923.0,1000.0,79.0,1,0,30
20,gp_ucb,16,ATTIA_P014,4.4,5.2,5.2,4.516,270029779.0,1081.0,1081.0,1036.0,1036.0,43.0,1,1,30
20,gp_ucb,17,ATTIA_P015,4.4,5.2,5.6,4.252,525682113.0,644.0,1081.0,883.0,1036.0,43.0,1,1,30
20,gp_ucb,18,ATTIA_P016,4.4,5.6,4.8,4.563,818715600.0,808.0,1081.0,930.0,1036.0,43.0,1,1,30
20,gp_ucb,19,ATTIA_P017,4.4,5.6,5.2,4.252,1437031870.0,896.0,1081.0,886.0,1036.0,43.0,1,1,30
20,gp_ucb,20,ATTIA_P018,4.4,5.6,5.6,4.017,566175945.0,769.0,1081.0,817.0,1036.0,43.0,1,1,30
20,gp_ucb,21,ATTIA_P019,4.4,6.0,4.4,4.714,1123844148.0,804.0,1081.0,961.0,1036.0,43.0,1,1,30
20,gp_ucb,22,ATTIA_P020,4.4,6.0,4.8,4.328,1854891359.0,760.0,1081.0,908.0,1036.0,43.0,1,1,30
20,gp_ucb,23,ATTIA_P021,4.4,6.0,5.2,4.047,1691821911.0,975.0,1081.0,918.0,1036.0,43.0,1,1,30
20,gp_ucb,24,ATTIA_P022,4.4,6.0,5.6,3.834,1775632521.0,934.0,1081.0,802.0,1036.0,43.0,1,1,30
20,gp_ucb,25,ATTIA_P023,4.4,7.0,4.0,4.69,776834589.0,798.0,1081.0,795.0,1036.0,43.0,1,1,30
21,random,0,,,,,,,,949.0,,816.0,263.0,0,0,30
21,random,1,ATTIA_P037,4.8,5.6,5.6,3.733,4015746.0,816.0,949.0,787.0,816.0,263.0,0,0,30
21,random,2,ATTIA_P169,7.0,6.0,3.6,4.065,1948953093.0,724.0,949.0,771.0,816.0,263.0,0,0,30
21,random,3,ATTIA_P125,6.0,5.6,4.4,3.834,2041836787.0,817.0,949.0,844.0,844.0,235.0,0,0,30
21,random,4,ATTIA_P191,8.0,4.4,4.8,3.667,1128000138.0,413.0,949.0,717.0,844.0,235.0,0,0,30
21,random,5,ATTIA_P079,5.6,4.8,4.4,4.563,836715483.0,1378.0,1378.0,975.0,975.0,104.0,1,0,30
21,random,6,ATTIA_P057,5.2,5.2,5.6,3.702,420887641.0,807.0,1378.0,867.0,975.0,104.0,1,0,30
21,random,7,ATTIA_P167,7.0,5.6,5.2,3.129,381703399.0,531.0,1378.0,655.0,975.0,104.0,1,0,30
21,random,8,ATTIA_P027,4.4,7.0,5.6,3.513,1251787444.0,487.0,1378.0,650.0,975.0,104.0,1,0,30
21,random,9,ATTIA_P106,6.0,4.0,4.8,4.8,238954808.0,1031.0,1378.0,1076.0,1076.0,3.0,1,1,30
21,random,10,ATTIA_P032,4.8,5.2,5.2,4.16,728318277.0,897.0,1378.0,986.0,1076.0,3.0,1,1,30
21,random,11,ATTIA_P081,5.6,4.8,5.2,3.935,546959075.0,1072.0,1378.0,876.0,1076.0,3.0,1,1,30
21,random,12,ATTIA_P083,5.6,5.2,4.0,4.707,814203438.0,1208.0,1378.0,1044.0,1076.0,3.0,1,1,30
21,random,13,ATTIA_P038,4.8,6.0,4.0,4.8,282917800.0,1090.0,1378.0,1036.0,1076.0,3.0,1,1,30
21,random,14,ATTIA_P090,5.6,5.6,4.8,3.733,1572515346.0,737.0,1378.0,807.0,1076.0,3.0,1,1,30
21,random,15,ATTIA_P153,7.0,4.8,4.4,3.924,216663275.0,1104.0,1378.0,749.0,1076.0,3.0,1,1,30
21,random,16,ATTIA_P131,6.0,6.0,4.4,3.667,1594400351.0,990.0,1378.0,862.0,1076.0,3.0,1,1,30
21,random,17,ATTIA_P053,5.2,4.8,5.6,3.935,826477138.0,716.0,1378.0,862.0,1076.0,3.0,1,1,30
21,random,18,ATTIA_P181,8.0,3.6,4.8,4.5,1250378226.0,878.0,1378.0,818.0,1076.0,3.0,1,1,30
21,random,19,ATTIA_P218,8.0,7.0,3.6,3.476,60137186.0,566.0,1378.0,605.0,1076.0,3.0,1,1,30
21,random,20,ATTIA_P008,4.0,6.0,5.6,4.2,1764827647.0,915.0,1378.0,878.0,1076.0,3.0,1,1,30
21,random,21,ATTIA_P148,7.0,4.4,4.4,4.239,373408586.0,807.0,1378.0,784.0,1076.0,3.0,1,1,30
21,random,22,ATTIA_P020,4.4,6.0,4.8,4.328,847149028.0,981.0,1378.0,908.0,1076.0,3.0,1,1,30
21,random,23,ATTIA_P059,5.2,5.6,4.4,4.252,526985233.0,826.0,1378.0,917.0,1076.0,3.0,1,1,30
21,random,24,ATTIA_P134,6.0,6.0,5.6,3.111,201071406.0,561.0,1378.0,725.0,1076.0,3.0,1,1,30
21,random,25,ATTIA_P060,5.2,5.6,4.8,3.935,689123736.0,769.0,1378.0,867.0,1076.0,3.0,1,1,30
21,greedy,0,,,,,,,,949.0,,816.0,263.0,0,0,30
21,greedy,1,ATTIA_P000,3.6,6.0,5.6,4.755,2141894308.0,932.0,949.0,894.0,894.0,185.0,0,0,30
21,greedy,2,ATTIA_P164,7.0,5.6,4.0,3.818,227149101.0,324.0,949.0,732.0,894.0,185.0,0,0,30
21,greedy,3,ATTIA_P001,3.6,7.0,5.2,4.537,29832636.0,904.0,949.0,776.0,894.0,185.0,0,0,30
21,greedy,4,ATTIA_P002,3.6,7.0,5.6,4.271,1886408595.0,289.0,949.0,700.0,894.0,185.0,0,0,30
21,greedy,5,ATTIA_P003,4.0,5.2,5.6,4.707,107663458.0,732.0,949.0,971.0,971.0,108.0,0,0,30
21,greedy,6,ATTIA_P004,4.0,5.6,5.2,4.707,609368387.0,759.0,949.0,976.0,976.0,103.0,1,0,30
21,greedy,7,ATTIA_P005,4.0,5.6,5.6,4.421,1334119994.0,816.0,949.0,843.0,976.0,103.0,1,0,30
21,greedy,8,ATTIA_P006,4.0,6.0,4.8,4.8,91684973.0,877.0,949.0,1000.0,1000.0,79.0,1,0,30
21,greedy,9,ATTIA_P007,4.0,6.0,5.2,4.457,1337859727.0,1015.0,1015.0,953.0,1000.0,79.0,1,0,30
21,greedy,10,ATTIA_P008,4.0,6.0,5.6,4.2,1764827647.0,915.0,1015.0,878.0,1000.0,79.0,1,0,30
21,greedy,11,ATTIA_P009,4.0,7.0,4.4,4.69,632213343.0,1174.0,1174.0,788.0,1000.0,79.0,1,0,30
21,greedy,12,ATTIA_P010,4.0,7.0,4.8,4.308,1025027963.0,736.0,1174.0,754.0,1000.0,79.0,1,0,30
21,greedy,13,ATTIA_P011,4.0,7.0,5.2,4.03,778164098.0,510.0,1174.0,758.0,1000.0,79.0,1,0,30
21,greedy,14,ATTIA_P012,4.0,7.0,5.6,3.818,2069961458.0,474.0,1174.0,688.0,1000.0,79.0,1,0,30
21,greedy,15,ATTIA_P023,4.4,7.0,4.0,4.69,1726166252.0,883.0,1174.0,795.0,1000.0,79.0,1,0,30
21,greedy,16,ATTIA_P017,4.4,5.6,5.2,4.252,912626951.0,1105.0,1174.0,886.0,1000.0,79.0,1,0,30
21,greedy,17,ATTIA_P021,4.4,6.0,5.2,4.047,2038432732.0,795.0,1174.0,918.0,1000.0,79.0,1,0,30
21,greedy,18,ATTIA_P032,4.8,5.2,5.2,4.16,728318277.0,897.0,1174.0,986.0,1000.0,79.0,1,0,30
21,greedy,19,ATTIA_P020,4.4,6.0,4.8,4.328,847149028.0,981.0,1174.0,908.0,1000.0,79.0,1,0,30
21,greedy,20,ATTIA_P035,4.8,5.6,4.8,4.2,759438557.0,1025.0,1174.0,892.0,1000.0,79.0,1,0,30
21,greedy,21,ATTIA_P016,4.4,5.6,4.8,4.563,195044718.0,1246.0,1246.0,930.0,1000.0,79.0,1,0,30
21,greedy,22,ATTIA_P031,4.8,5.2,4.8,4.457,295670961.0,970.0,1246.0,966.0,1000.0,79.0,1,0,30
21,greedy,23,ATTIA_P034,4.8,5.6,4.4,4.563,369708358.0,919.0,1246.0,948.0,1000.0,79.0,1,0,30
21,greedy,24,ATTIA_P019,4.4,6.0,4.4,4.714,1066130865.0,734.0,1246.0,961.0,1000.0,79.0,1,0,30
21,greedy,25,ATTIA_P055,5.2,5.2,4.8,4.16,1937933519.0,1263.0,1263.0,1003.0,1003.0,76.0,1,0,30
21,gp_ucb,0,,,,,,,,949.0,,816.0,263.0,0,0,30
21,gp_ucb,1,ATTIA_P000,3.6,6.0,5.6,4.755,2141894308.0,932.0,949.0,894.0,894.0,185.0,0,0,30
21,gp_ucb,2,ATTIA_P164,7.0,5.6,4.0,3.818,227149101.0,324.0,949.0,732.0,894.0,185.0,0,0,30
21,gp_ucb,3,ATTIA_P001,3.6,7.0,5.2,4.537,29832636.0,904.0,949.0,776.0,894.0,185.0,0,0,30
21,gp_ucb,4,ATTIA_P002,3.6,7.0,5.6,4.271,1886408595.0,289.0,949.0,700.0,894.0,185.0,0,0,30
21,gp_ucb,5,ATTIA_P003,4.0,5.2,5.6,4.707,107663458.0,732.0,949.0,971.0,971.0,108.0,0,0,30
21,gp_ucb,6,ATTIA_P004,4.0,5.6,5.2,4.707,609368387.0,759.0,949.0,976.0,976.0,103.0,1,0,30
21,gp_ucb,7,ATTIA_P005,4.0,5.6,5.6,4.421,1334119994.0,816.0,949.0,843.0,976.0,103.0,1,0,30
21,gp_ucb,8,ATTIA_P006,4.0,6.0,4.8,4.8,91684973.0,877.0,949.0,1000.0,1000.0,79.0,1,0,30
21,gp_ucb,9,ATTIA_P007,4.0,6.0,5.2,4.457,1337859727.0,1015.0,1015.0,953.0,1000.0,79.0,1,0,30
21,gp_ucb,10,ATTIA_P008,4.0,6.0,5.6,4.2,1764827647.0,915.0,1015.0,878.0,1000.0,79.0,1,0,30
21,gp_ucb,11,ATTIA_P009,4.0,7.0,4.4,4.69,632213343.0,1174.0,1174.0,788.0,1000.0,79.0,1,0,30
21,gp_ucb,12,ATTIA_P010,4.0,7.0,4.8,4.308,1025027963.0,736.0,1174.0,754.0,1000.0,79.0,1,0,30
21,gp_ucb,13,ATTIA_P011,4.0,7.0,5.2,4.03,778164098.0,510.0,1174.0,758.0,1000.0,79.0,1,0,30
21,gp_ucb,14,ATTIA_P012,4.0,7.0,5.6,3.818,2069961458.0,474.0,1174.0,688.0,1000.0,79.0,1,0,30
21,gp_ucb,15,ATTIA_P023,4.4,7.0,4.0,4.69,1726166252.0,883.0,1174.0,795.0,1000.0,79.0,1,0,30
21,gp_ucb,16,ATTIA_P017,4.4,5.6,5.2,4.252,912626951.0,1105.0,1174.0,886.0,1000.0,79.0,1,0,30
21,gp_ucb,17,ATTIA_P021,4.4,6.0,5.2,4.047,2038432732.0,795.0,1174.0,918.0,1000.0,79.0,1,0,30
21,gp_ucb,18,ATTIA_P032,4.8,5.2,5.2,4.16,728318277.0,897.0,1174.0,986.0,1000.0,79.0,1,0,30
21,gp_ucb,19,ATTIA_P020,4.4,6.0,4.8,4.328,847149028.0,981.0,1174.0,908.0,1000.0,79.0,1,0,30
21,gp_ucb,20,ATTIA_P035,4.8,5.6,4.8,4.2,759438557.0,1025.0,1174.0,892.0,1000.0,79.0,1,0,30
21,gp_ucb,21,ATTIA_P016,4.4,5.6,4.8,4.563,195044718.0,1246.0,1246.0,930.0,1000.0,79.0,1,0,30
21,gp_ucb,22,ATTIA_P031,4.8,5.2,4.8,4.457,295670961.0,970.0,1246.0,966.0,1000.0,79.0,1,0,30
21,gp_ucb,23,ATTIA_P034,4.8,5.6,4.4,4.563,369708358.0,919.0,1246.0,948.0,1000.0,79.0,1,0,30
21,gp_ucb,24,ATTIA_P019,4.4,6.0,4.4,4.714,1066130865.0,734.0,1246.0,961.0,1000.0,79.0,1,0,30
21,gp_ucb,25,ATTIA_P055,5.2,5.2,4.8,4.16,1937933519.0,1263.0,1263.0,1003.0,1003.0,76.0,1,0,30
22,random,0,,,,,,,,969.0,,974.0,105.0,0,0,30
22,random,1,ATTIA_P196,8.0,4.8,4.4,3.667,308457615.0,349.0,969.0,714.0,974.0,105.0,0,0,30
22,random,2,ATTIA_P157,7.0,5.2,3.6,4.537,1391874715.0,617.0,969.0,851.0,974.0,105.0,0,0,30
22,random,3,ATTIA_P198,8.0,4.8,5.2,3.25,1558512769.0,458.0,969.0,670.0,974.0,105.0,0,0,30
22,random,4,ATTIA_P050,5.2,4.4,5.6,4.252,1629711079.0,1040.0,1040.0,909.0,974.0,105.0,0,0,30
22,random,5,ATTIA_P032,4.8,5.2,5.2,4.16,2119764541.0,881.0,1040.0,986.0,986.0,93.0,1,0,30
22,random,6,ATTIA_P208,8.0,5.6,4.4,3.306,257770884.0,671.0,1040.0,653.0,986.0,93.0,1,0,30
22,random,7,ATTIA_P070,5.2,7.0,4.4,3.691,543418301.0,848.0,1040.0,719.0,986.0,93.0,1,0,30
22,random,8,ATTIA_P219,8.0,7.0,4.0,3.17,2052836946.0,577.0,1040.0,592.0,986.0,93.0,1,0,30
22,random,9,ATTIA_P117,6.0,4.8,5.6,3.574,1456926980.0,1007.0,1040.0,800.0,986.0,93.0,1,0,30
22,random,10,ATTIA_P159,7.0,5.2,4.4,3.691,2095858050.0,475.0,1040.0,746.0,986.0,93.0,1,0,30
22,random,11,ATTIA_P179,7.0,7.0,5.2,2.814,1418086120.0,372.0,1040.0,577.0,986.0,93.0,1,0,30
22,random,12,ATTIA_P181,8.0,3.6,4.8,4.5,1650014368.0,1215.0,1215.0,818.0,986.0,93.0,1,0,30
22,random,13,ATTIA_P203,8.0,5.2,4.8,3.25,401748255.0,448.0,1215.0,669.0,986.0,93.0,1,0,30
22,random,14,ATTIA_P122,6.0,5.2,5.6,3.381,1957837711.0,1075.0,1215.0,796.0,986.0,93.0,1,0,30
22,random,15,ATTIA_P172,7.0,6.0,4.8,3.17,428405118.0,778.0,1215.0,664.0,986.0,93.0,1,0,30
22,random,16,ATTIA_P077,5.6,4.4,5.2,4.252,1300897742.0,940.0,1215.0,926.0,986.0,93.0,1,0,30
22,random,17,ATTIA_P141,7.0,3.6,5.2,4.537,2145247905.0,951.0,1215.0,864.0,986.0,93.0,1,0,30
22,random,18,ATTIA_P079,5.6,4.8,4.4,4.563,783408414.0,989.0,1215.0,975.0,986.0,93.0,1,0,30
22,random,19,ATTIA_P146,7.0,4.0,5.6,3.818,245106865.0,761.0,1215.0,737.0,986.0,93.0,1,0,30
22,random,20,ATTIA_P099,5.6,7.0,3.6,4.271,1407554569.0,808.0,1215.0,737.0,986.0,93.0,1,0,30
22,random,21,ATTIA_P148,7.0,4.4,4.4,4.239,2054655497.0,1016.0,1215.0,784.0,986.0,93.0,1,0,30
22,random,22,ATTIA_P130,6.0,6.0,4.0,4.0,1911411852.0,1041.0,1215.0,970.0,986.0,93.0,1,0,30
22,random,23,ATTIA_P207,8.0,5.6,4.0,3.574,1407202949.0,984.0,1215.0,682.0,986.0,93.0,1,0,30
22,random,24,ATTIA_P089,5.6,5.6,4.4,4.017,1762588577.0,1046.0,1215.0,852.0,986.0,93.0,1,0,30
22,random,25,ATTIA_P147,7.0,4.4,4.0,4.69,1094856898.0,991.0,1215.0,857.0,986.0,93.0,1,0,30
22,greedy,0,,,,,,,,969.0,,974.0,105.0,0,0,30
22,greedy,1,ATTIA_P000,3.6,6.0,5.6,4.755,1759229567.0,958.0,969.0,894.0,974.0,105.0,0,0,30
22,greedy,2,ATTIA_P048,5.2,4.0,5.6,4.707,1729127380.0,1197.0,1197.0,1018.0,1018.0,61.0,1,0,30
22,greedy,3,ATTIA_P028,4.8,4.4,5.6,4.563,332822564.0,892.0,1197.0,939.0,1018.0,61.0,1,0,30
22,greedy,4,ATTIA_P001,3.6,7.0,5.2,4.537,622568127.0,960.0,1197.0,776.0,1018.0,61.0,1,0,30
22,greedy,5,ATTIA_P002,3.6,7.0,5.6,4.271,925610744.0,627.0,1197.0,700.0,1018.0,61.0,1,0,30
22,greedy,6,ATTIA_P075,5.6,4.0,5.6,4.421,327448839.0,891.0,1197.0,890.0,1018.0,61.0,1,0,30
22,greedy,7,ATTIA_P074,5.6,4.0,5.2,4.707,108259131.0,1210.0,1210.0,1041.0,1041.0,38.0,1,1,30
22,greedy,8,ATTIA_P049,5.2,4.4,5.2,4.516,1971643982.0,1182.0,1210.0,1071.0,1071.0,8.0,1,1,30
22,greedy,9,ATTIA_P107,6.0,4.0,5.2,4.457,905792725.0,625.0,1210.0,1023.0,1071.0,8.0,1,1,30
22,greedy,10,ATTIA_P003,4.0,5.2,5.6,4.707,907010539.0,1323.0,1323.0,971.0,1071.0,8.0,1,1,30
22,greedy,11,ATTIA_P004,4.0,5.6,5.2,4.707,1833740315.0,838.0,1323.0,976.0,1071.0,8.0,1,1,30
22,greedy,12,ATTIA_P005,4.0,5.6,5.6,4.421,653107421.0,809.0,1323.0,843.0,1071.0,8.0,1,1,30
22,greedy,13,ATTIA_P006,4.0,6.0,4.8,4.8,1331198078.0,1155.0,1323.0,1000.0,1071.0,8.0,1,1,30
22,greedy,14,ATTIA_P007,4.0,6.0,5.2,4.457,1845423454.0,656.0,1323.0,953.0,1071.0,8.0,1,1,30
22,greedy,15,ATTIA_P008,4.0,6.0,5.6,4.2,977075349.0,805.0,1323.0,878.0,1071.0,8.0,1,1,30
22,greedy,16,ATTIA_P009,4.0,7.0,4.4,4.69,122496478.0,877.0,1323.0,788.0,1071.0,8.0,1,1,30
22,greedy,17,ATTIA_P010,4.0,7.0,4.8,4.308,1347679998.0,784.0,1323.0,754.0,1071.0,8.0,1,1,30
22,greedy,18,ATTIA_P013,4.4,4.8,5.6,4.563,1526332353.0,1202.0,1323.0,923.0,1071.0,8.0,1,1,30
22,greedy,19,ATTIA_P029,4.8,4.8,5.2,4.457,1457475740.0,676.0,1323.0,962.0,1071.0,8.0,1,1,30
22,greedy,20,ATTIA_P106,6.0,4.0,4.8,4.8,384485611.0,1095.0,1323.0,1076.0,1076.0,3.0,1,1,30
22,greedy,21,ATTIA_P076,5.6,4.4,4.8,4.563,1144571627.0,891.0,1323.0,974.0,1076.0,3.0,1,1,30
22,greedy,22,ATTIA_P109,6.0,4.4,4.4,4.714,782608033.0,1047.0,1323.0,1017.0,1076.0,3.0,1,1,30
22,greedy,23,ATTIA_P143,7.0,4.0,4.4,4.69,1709839372.0,829.0,1323.0,859.0,1076.0,3.0,1,1,30
22,greedy,24,ATTIA_P079,5.6,4.8,4.4,4.563,783408414.0,989.0,1323.0,975.0,1076.0,3.0,1,1,30
22,greedy,25,ATTIA_P113,6.0,4.8,4.0,4.8,1259339828.0,1230.0,1323.0,1079.0,1079.0,0.0,1,1,30
22,gp_ucb,0,,,,,,,,969.0,,974.0,105.0,0,0,30
22,gp_ucb,1,ATTIA_P000,3.6,6.0,5.6,4.755,1759229567.0,958.0,969.0,894.0,974.0,105.0,0,0,30
22,gp_ucb,2,ATTIA_P048,5.2,4.0,5.6,4.707,1729127380.0,1197.0,1197.0,1018.0,1018.0,61.0,1,0,30
22,gp_ucb,3,ATTIA_P028,4.8,4.4,5.6,4.563,332822564.0,892.0,1197.0,939.0,1018.0,61.0,1,0,30
22,gp_ucb,4,ATTIA_P001,3.6,7.0,5.2,4.537,622568127.0,960.0,1197.0,776.0,1018.0,61.0,1,0,30
22,gp_ucb,5,ATTIA_P002,3.6,7.0,5.6,4.271,925610744.0,627.0,1197.0,700.0,1018.0,61.0,1,0,30
22,gp_ucb,6,ATTIA_P075,5.6,4.0,5.6,4.421,327448839.0,891.0,1197.0,890.0,1018.0,61.0,1,0,30
22,gp_ucb,7,ATTIA_P074,5.6,4.0,5.2,4.707,108259131.0,1210.0,1210.0,1041.0,1041.0,38.0,1,1,30
22,gp_ucb,8,ATTIA_P049,5.2,4.4,5.2,4.516,1971643982.0,1182.0,1210.0,1071.0,1071.0,8.0,1,1,30
22,gp_ucb,9,ATTIA_P107,6.0,4.0,5.2,4.457,905792725.0,625.0,1210.0,1023.0,1071.0,8.0,1,1,30
22,gp_ucb,10,ATTIA_P003,4.0,5.2,5.6,4.707,907010539.0,1323.0,1323.0,971.0,1071.0,8.0,1,1,30
22,gp_ucb,11,ATTIA_P004,4.0,5.6,5.2,4.707,1833740315.0,838.0,1323.0,976.0,1071.0,8.0,1,1,30
22,gp_ucb,12,ATTIA_P005,4.0,5.6,5.6,4.421,653107421.0,809.0,1323.0,843.0,1071.0,8.0,1,1,30
22,gp_ucb,13,ATTIA_P006,4.0,6.0,4.8,4.8,1331198078.0,1155.0,1323.0,1000.0,1071.0,8.0,1,1,30
22,gp_ucb,14,ATTIA_P007,4.0,6.0,5.2,4.457,1845423454.0,656.0,1323.0,953.0,1071.0,8.0,1,1,30
22,gp_ucb,15,ATTIA_P008,4.0,6.0,5.6,4.2,977075349.0,805.0,1323.0,878.0,1071.0,8.0,1,1,30
22,gp_ucb,16,ATTIA_P009,4.0,7.0,4.4,4.69,122496478.0,877.0,1323.0,788.0,1071.0,8.0,1,1,30
22,gp_ucb,17,ATTIA_P010,4.0,7.0,4.8,4.308,1347679998.0,784.0,1323.0,754.0,1071.0,8.0,1,1,30
22,gp_ucb,18,ATTIA_P013,4.4,4.8,5.6,4.563,1526332353.0,1202.0,1323.0,923.0,1071.0,8.0,1,1,30
22,gp_ucb,19,ATTIA_P029,4.8,4.8,5.2,4.457,1457475740.0,676.0,1323.0,962.0,1071.0,8.0,1,1,30
22,gp_ucb,20,ATTIA_P106,6.0,4.0,4.8,4.8,384485611.0,1095.0,1323.0,1076.0,1076.0,3.0,1,1,30
22,gp_ucb,21,ATTIA_P076,5.6,4.4,4.8,4.563,1144571627.0,891.0,1323.0,974.0,1076.0,3.0,1,1,30
22,gp_ucb,22,ATTIA_P109,6.0,4.4,4.4,4.714,782608033.0,1047.0,1323.0,1017.0,1076.0,3.0,1,1,30
22,gp_ucb,23,ATTIA_P143,7.0,4.0,4.4,4.69,1709839372.0,829.0,1323.0,859.0,1076.0,3.0,1,1,30
22,gp_ucb,24,ATTIA_P079,5.6,4.8,4.4,4.563,783408414.0,989.0,1323.0,975.0,1076.0,3.0,1,1,30
22,gp_ucb,25,ATTIA_P113,6.0,4.8,4.0,4.8,1259339828.0,1230.0,1323.0,1079.0,1079.0,0.0,1,1,30
23,random,0,,,,,,,,1205.0,,954.0,125.0,0,0,30
23,random,1,ATTIA_P059,5.2,5.6,4.4,4.252,1866684145.0,1148.0,1205.0,917.0,954.0,125.0,0,0,30
23,random,2,ATTIA_P107,6.0,4.0,5.2,4.457,1225161897.0,1096.0,1205.0,1023.0,1023.0,56.0,1,1,30
23,random,3,ATTIA_P078,5.6,4.4,5.6,4.017,1545456328.0,1148.0,1205.0,850.0,1023.0,56.0,1,1,30
23,random,4,ATTIA_P113,6.0,4.8,4.0,4.8,286088580.0,1146.0,1205.0,1079.0,1079.0,0.0,1,1,30
23,random,5,ATTIA_P043,4.8,7.0,4.0,4.308,445956674.0,681.0,1205.0,770.0,1079.0,0.0,1,1,30
23,random,6,ATTIA_P038,4.8,6.0,4.0,4.8,28534650.0,1176.0,1205.0,1036.0,1079.0,0.0,1,1,30
23,random,7,ATTIA_P173,7.0,6.0,5.2,3.017,1108105670.0,717.0,1205.0,657.0,1079.0,0.0,1,1,30
23,random,8,ATTIA_P036,4.8,5.6,5.2,3.935,2064683207.0,581.0,1205.0,854.0,1079.0,0.0,1,1,30
23,random,9,ATTIA_P193,8.0,4.4,5.6,3.306,1281238398.0,797.0,1205.0,657.0,1079.0,0.0,1,1,30
23,random,10,ATTIA_P025,4.4,7.0,4.8,3.924,577779674.0,562.0,1205.0,705.0,1079.0,0.0,1,1,30
23,random,11,ATTIA_P094,5.6,6.0,4.0,4.2,1890958873.0,796.0,1205.0,930.0,1079.0,0.0,1,1,30
23,random,12,ATTIA_P047,4.8,7.0,5.6,3.294,1755098897.0,782.0,1205.0,647.0,1079.0,0.0,1,1,30
23,random,13,ATTIA_P075,5.6,4.0,5.6,4.421,655876512.0,999.0,1205.0,890.0,1079.0,0.0,1,1,30
23,random,14,ATTIA_P072,5.2,7.0,5.2,3.269,858561355.0,605.0,1205.0,673.0,1079.0,0.0,1,1,30
23,random,15,ATTIA_P149,7.0,4.4,4.8,3.924,641811514.0,551.0,1205.0,751.0,1079.0,0.0,1,1,30
23,random,16,ATTIA_P157,7.0,5.2,3.6,4.537,684535659.0,1014.0,1205.0,851.0,1079.0,0.0,1,1,30
23,random,17,ATTIA_P101,5.6,7.0,4.4,3.513,1164405735.0,482.0,1205.0,666.0,1079.0,0.0,1,1,30
23,random,18,ATTIA_P062,5.2,5.6,5.6,3.523,1547936981.0,860.0,1205.0,769.0,1079.0,0.0,1,1,30
23,random,19,ATTIA_P066,5.2,6.0,5.2,3.545,625231355.0,761.0,1205.0,853.0,1079.0,0.0,1,1,30
23,random,20,ATTIA_P124,6.0,5.6,4.0,4.2,354732062.0,795.0,1205.0,941.0,1079.0,0.0,1,1,30
23,random,21,ATTIA_P017,4.4,5.6,5.2,4.252,1609336378.0,686.0,1205.0,886.0,1079.0,0.0,1,1,30
23,random,22,ATTIA_P158,7.0,5.2,4.0,4.03,1729487523.0,725.0,1205.0,816.0,1079.0,0.0,1,1,30
23,random,23,ATTIA_P166,7.0,5.6,4.8,3.294,671275111.0,701.0,1205.0,671.0,1079.0,0.0,1,1,30
23,random,24,ATTIA_P082,5.6,4.8,5.6,3.733,1953717324.0,736.0,1205.0,806.0,1079.0,0.0,1,1,30
23,random,25,ATTIA_P212,8.0,6.0,3.6,3.789,1892891609.0,613.0,1205.0,711.0,1079.0,0.0,1,1,30
23,greedy,0,,,,,,,,1205.0,,954.0,125.0,0,0,30
23,greedy,1,ATTIA_P000,3.6,6.0,5.6,4.755,2052330668.0,687.0,1205.0,894.0,954.0,125.0,0,0,30
23,greedy,2,ATTIA_P001,3.6,7.0,5.2,4.537,529618475.0,762.0,1205.0,776.0,954.0,125.0,0,0,30
23,greedy,3,ATTIA_P002,3.6,7.0,5.6,4.271,1995447495.0,610.0,1205.0,700.0,954.0,125.0,0,0,30
23,greedy,4,ATTIA_P003,4.0,5.2,5.6,4.707,943009662.0,1101.0,1205.0,971.0,971.0,108.0,0,0,30
23,greedy,5,ATTIA_P004,4.0,5.6,5.2,4.707,95248071.0,786.0,1205.0,976.0,976.0,103.0,1,0,30
23,greedy,6,ATTIA_P086,5.6,5.2,5.2,3.702,1876841164.0,872.0,1205.0,879.0,976.0,103.0,1,0,30
23,greedy,7,ATTIA_P032,4.8,5.2,5.2,4.16,1470507667.0,1102.0,1205.0,986.0,986.0,93.0,1,0,30
23,greedy,8,ATTIA_P036,4.8,5.6,5.2,3.935,2064683207.0,581.0,1205.0,854.0,986.0,93.0,1,0,30
23,greedy,9,ATTIA_P052,5.2,4.8,5.2,4.16,440295321.0,1265.0,1265.0,1001.0,1001.0,78.0,1,0,30
23,greedy,10,ATTIA_P081,5.6,4.8,5.2,3.935,931210558.0,826.0,1265.0,876.0,1001.0,78.0,1,0,30
23,greedy,11,ATTIA_P029,4.8,4.8,5.2,4.457,1303067338.0,1289.0,1289.0,962.0,1001.0,78.0,1,0,30
23,greedy,12,ATTIA_P049,5.2,4.4,5.2,4.516,1644510904.0,900.0,1289.0,1071.0,1071.0,8.0,1,1,30
23,greedy,13,ATTIA_P014,4.4,5.2,5.2,4.516,1449922245.0,874.0,1289.0,1036.0,1071.0,8.0,1,1,30
23,greedy,14,ATTIA_P077,5.6,4.4,5.2,4.252,1505111843.0,995.0,1289.0,926.0,1071.0,8.0,1,1,30
23,greedy,15,ATTIA_P051,5.2,4.8,4.8,4.457,47190856.0,1088.0,1289.0,980.0,1071.0,8.0,1,1,30
23,greedy,16,ATTIA_P080,5.6,4.8,4.8,4.2,171739971.0,1076.0,1289.0,917.0,1071.0,8.0,1,1,30
23,greedy,17,ATTIA_P055,5.2,5.2,4.8,4.16,1878568784.0,987.0,1289.0,1003.0,1071.0,8.0,1,1,30
23,greedy,18,ATTIA_P076,5.6,4.4,4.8,4.563,1472322120.0,931.0,1289.0,974.0,1071.0,8.0,1,1,30
23,greedy,19,ATTIA_P031,4.8,5.2,4.8,4.457,694247585.0,1005.0,1289.0,966.0,1071.0,8.0,1,1,30
23,greedy,20,ATTIA_P110,6.0,4.4,4.8,4.328,1090088010.0,821.0,1289.0,958.0,1071.0,8.0,1,1,30
23,greedy,21,ATTIA_P085,5.6,5.2,4.8,3.935,1210205705.0,883.0,1289.0,878.0,1071.0,8.0,1,1,30
23,greedy,22,ATTIA_P035,4.8,5.6,4.8,4.2,1582237949.0,637.0,1289.0,892.0,1071.0,8.0,1,1,30
23,greedy,23,ATTIA_P053,5.2,4.8,5.6,3.935,756479169.0,991.0,1289.0,862.0,1071.0,8.0,1,1,30
23,greedy,24,ATTIA_P030,4.8,4.8,5.6,4.2,615172376.0,1113.0,1289.0,887.0,1071.0,8.0,1,1,30
23,greedy,25,ATTIA_P015,4.4,5.2,5.6,4.252,846566872.0,938.0,1289.0,883.0,1071.0,8.0,1,1,30
23,gp_ucb,0,,,,,,,,1205.0,,954.0,125.0,0,0,30
23,gp_ucb,1,ATTIA_P000,3.6,6.0,5.6,4.755,2052330668.0,687.0,1205.0,894.0,954.0,125.0,0,0,30
23,gp_ucb,2,ATTIA_P001,3.6,7.0,5.2,4.537,529618475.0,762.0,1205.0,776.0,954.0,125.0,0,0,30
23,gp_ucb,3,ATTIA_P002,3.6,7.0,5.6,4.271,1995447495.0,610.0,1205.0,700.0,954.0,125.0,0,0,30
23,gp_ucb,4,ATTIA_P003,4.0,5.2,5.6,4.707,943009662.0,1101.0,1205.0,971.0,971.0,108.0,0,0,30
23,gp_ucb,5,ATTIA_P004,4.0,5.6,5.2,4.707,95248071.0,786.0,1205.0,976.0,976.0,103.0,1,0,30
23,gp_ucb,6,ATTIA_P086,5.6,5.2,5.2,3.702,1876841164.0,872.0,1205.0,879.0,976.0,103.0,1,0,30
23,gp_ucb,7,ATTIA_P032,4.8,5.2,5.2,4.16,1470507667.0,1102.0,1205.0,986.0,986.0,93.0,1,0,30
23,gp_ucb,8,ATTIA_P036,4.8,5.6,5.2,3.935,2064683207.0,581.0,1205.0,854.0,986.0,93.0,1,0,30
23,gp_ucb,9,ATTIA_P052,5.2,4.8,5.2,4.16,440295321.0,1265.0,1265.0,1001.0,1001.0,78.0,1,0,30
23,gp_ucb,10,ATTIA_P081,5.6,4.8,5.2,3.935,931210558.0,826.0,1265.0,876.0,1001.0,78.0,1,0,30
23,gp_ucb,11,ATTIA_P029,4.8,4.8,5.2,4.457,1303067338.0,1289.0,1289.0,962.0,1001.0,78.0,1,0,30
23,gp_ucb,12,ATTIA_P049,5.2,4.4,5.2,4.516,1644510904.0,900.0,1289.0,1071.0,1071.0,8.0,1,1,30
23,gp_ucb,13,ATTIA_P014,4.4,5.2,5.2,4.516,1449922245.0,874.0,1289.0,1036.0,1071.0,8.0,1,1,30
23,gp_ucb,14,ATTIA_P077,5.6,4.4,5.2,4.252,1505111843.0,995.0,1289.0,926.0,1071.0,8.0,1,1,30
23,gp_ucb,15,ATTIA_P051,5.2,4.8,4.8,4.457,47190856.0,1088.0,1289.0,980.0,1071.0,8.0,1,1,30
23,gp_ucb,16,ATTIA_P080,5.6,4.8,4.8,4.2,171739971.0,1076.0,1289.0,917.0,1071.0,8.0,1,1,30
23,gp_ucb,17,ATTIA_P055,5.2,5.2,4.8,4.16,1878568784.0,987.0,1289.0,1003.0,1071.0,8.0,1,1,30
23,gp_ucb,18,ATTIA_P076,5.6,4.4,4.8,4.563,1472322120.0,931.0,1289.0,974.0,1071.0,8.0,1,1,30
23,gp_ucb,19,ATTIA_P031,4.8,5.2,4.8,4.457,694247585.0,1005.0,1289.0,966.0,1071.0,8.0,1,1,30
23,gp_ucb,20,ATTIA_P110,6.0,4.4,4.8,4.328,1090088010.0,821.0,1289.0,958.0,1071.0,8.0,1,1,30
23,gp_ucb,21,ATTIA_P085,5.6,5.2,4.8,3.935,1210205705.0,883.0,1289.0,878.0,1071.0,8.0,1,1,30
23,gp_ucb,22,ATTIA_P053,5.2,4.8,5.6,3.935,756479169.0,991.0,1289.0,862.0,1071.0,8.0,1,1,30
23,gp_ucb,23,ATTIA_P030,4.8,4.8,5.6,4.2,615172376.0,1113.0,1289.0,887.0,1071.0,8.0,1,1,30
23,gp_ucb,24,ATTIA_P050,5.2,4.4,5.6,4.252,1774043706.0,915.0,1289.0,909.0,1071.0,8.0,1,1,30
23,gp_ucb,25,ATTIA_P054,5.2,5.2,4.4,4.516,1201391974.0,988.0,1289.0,1075.0,1075.0,4.0,1,1,30
24,random,0,,,,,,,,943.0,,844.0,235.0,0,0,30
24,random,1,ATTIA_P123,6.0,5.6,3.6,4.755,584480987.0,790.0,943.0,981.0,981.0,98.0,1,0,30
24,random,2,ATTIA_P052,5.2,4.8,5.2,4.16,476273589.0,1186.0,1186.0,1001.0,1001.0,78.0,1,0,30
24,random,3,ATTIA_P027,4.4,7.0,5.6,3.513,2144301443.0,612.0,1186.0,650.0,1001.0,78.0,1,0,30
24,random,4,ATTIA_P021,4.4,6.0,5.2,4.047,96525508.0,871.0,1186.0,918.0,1001.0,78.0,1,0,30
24,random,5,ATTIA_P006,4.0,6.0,4.8,4.8,1410634837.0,822.0,1186.0,1000.0,1001.0,78.0,1,0,30
24,random,6,ATTIA_P040,4.8,6.0,4.8,4.0,1200459089.0,596.0,1186.0,922.0,1001.0,78.0,1,0,30
24,random,7,ATTIA_P199,8.0,4.8,5.6,3.111,1684623191.0,696.0,1186.0,635.0,1001.0,78.0,1,0,30
24,random,8,ATTIA_P215,8.0,6.0,4.8,3.0,1604100195.0,555.0,1186.0,635.0,1001.0,78.0,1,0,30
24,random,9,ATTIA_P146,7.0,4.0,5.6,3.818,1623632705.0,731.0,1186.0,737.0,1001.0,78.0,1,0,30
24,random,10,ATTIA_P101,5.6,7.0,4.4,3.513,1980763259.0,331.0,1186.0,666.0,1001.0,78.0,1,0,30
24,random,11,ATTIA_P061,5.2,5.6,5.2,3.702,615579286.0,1185.0,1186.0,868.0,1001.0,78.0,1,0,30
24,random,12,ATTIA_P118,6.0,5.2,4.0,4.457,219900373.0,890.0,1186.0,1029.0,1029.0,50.0,1,1,30
24,random,13,ATTIA_P002,3.6,7.0,5.6,4.271,458955895.0,754.0,1186.0,700.0,1029.0,50.0,1,1,30
24,random,14,ATTIA_P004,4.0,5.6,5.2,4.707,2133491607.0,945.0,1186.0,976.0,1029.0,50.0,1,1,30
24,random,15,ATTIA_P028,4.8,4.4,5.6,4.563,2088803889.0,787.0,1186.0,939.0,1029.0,50.0,1,1,30
24,random,16,ATTIA_P197,8.0,4.8,4.8,3.429,1127413187.0,392.0,1186.0,688.0,1029.0,50.0,1,1,30
24,random,17,ATTIA_P082,5.6,4.8,5.6,3.733,1925278495.0,397.0,1186.0,806.0,1029.0,50.0,1,1,30
24,random,18,ATTIA_P117,6.0,4.8,5.6,3.574,409479403.0,638.0,1186.0,800.0,1029.0,50.0,1,1,30
24,random,19,ATTIA_P166,7.0,5.6,4.8,3.294,1524814947.0,683.0,1186.0,671.0,1029.0,50.0,1,1,30
24,random,20,ATTIA_P019,4.4,6.0,4.4,4.714,1884740738.0,814.0,1186.0,961.0,1029.0,50.0,1,1,30
24,random,21,ATTIA_P000,3.6,6.0,5.6,4.755,419136072.0,730.0,1186.0,894.0,1029.0,50.0,1,1,30
24,random,22,ATTIA_P072,5.2,7.0,5.2,3.269,1670129967.0,426.0,1186.0,673.0,1029.0,50.0,1,1,30
24,random,23,ATTIA_P078,5.6,4.4,5.6,4.017,2141478066.0,887.0,1186.0,850.0,1029.0,50.0,1,1,30
24,random,24,ATTIA_P055,5.2,5.2,4.8,4.16,399554579.0,1031.0,1186.0,1003.0,1029.0,50.0,1,1,30
24,random,25,ATTIA_P153,7.0,4.8,4.4,3.924,151884877.0,643.0,1186.0,749.0,1029.0,50.0,1,1,30
24,greedy,0,,,,,,,,943.0,,844.0,235.0,0,0,30
24,greedy,1,ATTIA_P065,5.2,6.0,4.8,3.759,1897682108.0,1268.0,1268.0,891.0,891.0,188.0,0,0,30
24,greedy,2,ATTIA_P096,5.6,6.0,4.8,3.574,1740476285.0,876.0,1268.0,795.0,891.0,188.0,0,0,30
24,greedy,3,ATTIA_P060,5.2,5.6,4.8,3.935,1305770690.0,801.0,1268.0,867.0,891.0,188.0,0,0,30
24,greedy,4,ATTIA_P040,4.8,6.0,4.8,4.0,1200459089.0,596.0,1268.0,922.0,922.0,157.0,0,0,30
24,greedy,5,ATTIA_P126,6.0,5.6,4.8,3.574,134952096.0,1087.0,1268.0,802.0,922.0,157.0,0,0,30
24,greedy,6,ATTIA_P132,6.0,6.0,4.8,3.429,2066901246.0,697.0,1268.0,816.0,922.0,157.0,0,0,30
24,greedy,7,ATTIA_P120,6.0,5.2,4.8,3.759,1745388103.0,1089.0,1268.0,911.0,922.0,157.0,0,0,30
24,greedy,8,ATTIA_P085,5.6,5.2,4.8,3.935,1764298191.0,874.0,1268.0,878.0,922.0,157.0,0,0,30
24,greedy,9,ATTIA_P115,6.0,4.8,4.8,4.0,742351432.0,852.0,1268.0,957.0,957.0,122.0,0,0,30
24,greedy,10,ATTIA_P160,7.0,5.2,4.8,3.45,586895891.0,698.0,1268.0,715.0,957.0,122.0,0,0,30
24,greedy,11,ATTIA_P080,5.6,4.8,4.8,4.2,1395965120.0,1007.0,1268.0,917.0,957.0,122.0,0,0,30
24,greedy,12,ATTIA_P055,5.2,5.2,4.8,4.16,399554579.0,1031.0,1268.0,1003.0,1003.0,76.0,1,0,30
24,greedy,13,ATTIA_P051,5.2,4.8,4.8,4.457,1912470749.0,793.0,1268.0,980.0,1003.0,76.0,1,0,30
24,greedy,14,ATTIA_P110,6.0,4.4,4.8,4.328,1546228881.0,964.0,1268.0,958.0,1003.0,76.0,1,0,30
24,greedy,15,ATTIA_P076,5.6,4.4,4.8,4.563,972827583.0,672.0,1268.0,974.0,1003.0,76.0,1,0,30
24,greedy,16,ATTIA_P031,4.8,5.2,4.8,4.457,666810337.0,1192.0,1268.0,966.0,1003.0,76.0,1,0,30
24,greedy,17,ATTIA_P016,4.4,5.6,4.8,4.563,1692969130.0,1343.0,1343.0,930.0,1003.0,76.0,1,0,30
24,greedy,18,ATTIA_P000,3.6,6.0,5.6,4.755,419136072.0,730.0,1343.0,894.0,1003.0,76.0,1,0,30
24,greedy,19,ATTIA_P020,4.4,6.0,4.8,4.328,1221808585.0,995.0,1343.0,908.0,1003.0,76.0,1,0,30
24,greedy,20,ATTIA_P006,4.0,6.0,4.8,4.8,1410634837.0,822.0,1343.0,1000.0,1003.0,76.0,1,0,30
24,greedy,21,ATTIA_P035,4.8,5.6,4.8,4.2,1977083061.0,1004.0,1343.0,892.0,1003.0,76.0,1,0,30
24,greedy,22,ATTIA_P034,4.8,5.6,4.4,4.563,885525710.0,960.0,1343.0,948.0,1003.0,76.0,1,0,30
24,greedy,23,ATTIA_P059,5.2,5.6,4.4,4.252,937906867.0,862.0,1343.0,917.0,1003.0,76.0,1,0,30
24,greedy,24,ATTIA_P054,5.2,5.2,4.4,4.516,2055663335.0,1073.0,1343.0,1075.0,1075.0,4.0,1,1,30
24,greedy,25,ATTIA_P084,5.6,5.2,4.4,4.252,1759076768.0,1072.0,1343.0,928.0,1075.0,4.0,1,1,30
24,gp_ucb,0,,,,,,,,943.0,,844.0,235.0,0,0,30
24,gp_ucb,1,ATTIA_P060,5.2,5.6,4.8,3.935,1305770690.0,801.0,943.0,867.0,867.0,212.0,0,0,30
24,gp_ucb,2,ATTIA_P126,6.0,5.6,4.8,3.574,134952096.0,1087.0,1087.0,802.0,867.0,212.0,0,0,30
24,gp_ucb,3,ATTIA_P132,6.0,6.0,4.8,3.429,2066901246.0,697.0,1087.0,816.0,867.0,212.0,0,0,30
24,gp_ucb,4,ATTIA_P120,6.0,5.2,4.8,3.759,1745388103.0,1089.0,1089.0,911.0,911.0,168.0,0,0,30
24,gp_ucb,5,ATTIA_P115,6.0,4.8,4.8,4.0,742351432.0,852.0,1089.0,957.0,957.0,122.0,0,0,30
24,gp_ucb,6,ATTIA_P085,5.6,5.2,4.8,3.935,1764298191.0,874.0,1089.0,878.0,957.0,122.0,0,0,30
24,gp_ucb,7,ATTIA_P160,7.0,5.2,4.8,3.45,586895891.0,698.0,1089.0,715.0,957.0,122.0,0,0,30
24,gp_ucb,8,ATTIA_P086,5.6,5.2,5.2,3.702,1222790545.0,1092.0,1092.0,879.0,957.0,122.0,0,0,30
24,gp_ucb,9,ATTIA_P121,6.0,5.2,5.2,3.545,587399358.0,816.0,1092.0,872.0,957.0,122.0,0,0,30
24,gp_ucb,10,ATTIA_P056,5.2,5.2,5.2,3.9,451223733.0,712.0,1092.0,954.0,957.0,122.0,0,0,30
24,gp_ucb,11,ATTIA_P116,6.0,4.8,5.2,3.759,535299815.0,1277.0,1277.0,911.0,957.0,122.0,0,0,30
24,gp_ucb,12,ATTIA_P081,5.6,4.8,5.2,3.935,1524308265.0,594.0,1277.0,876.0,957.0,122.0,0,0,30
24,gp_ucb,13,ATTIA_P091,5.6,5.6,5.2,3.523,995041753.0,814.0,1277.0,777.0,957.0,122.0,0,0,30
24,gp_ucb,14,ATTIA_P061,5.2,5.6,5.2,3.702,615579286.0,1185.0,1277.0,868.0,957.0,122.0,0,0,30
24,gp_ucb,15,ATTIA_P000,3.6,6.0,5.6,4.755,419136072.0,730.0,1277.0,894.0,957.0,122.0,0,0,30
24,gp_ucb,16,ATTIA_P036,4.8,5.6,5.2,3.935,768959482.0,1102.0,1277.0,854.0,957.0,122.0,0,0,30
24,gp_ucb,17,ATTIA_P001,3.6,7.0,5.2,4.537,1216590581.0,708.0,1277.0,776.0,957.0,122.0,0,0,30
24,gp_ucb,18,ATTIA_P066,5.2,6.0,5.2,3.545,126684557.0,881.0,1277.0,853.0,957.0,122.0,0,0,30
24,gp_ucb,19,ATTIA_P097,5.6,6.0,5.2,3.381,903838297.0,762.0,1277.0,789.0,957.0,122.0,0,0,30
24,gp_ucb,20,ATTIA_P041,4.8,6.0,5.2,3.759,1046413131.0,970.0,1277.0,878.0,957.0,122.0,0,0,30
24,gp_ucb,21,ATTIA_P055,5.2,5.2,4.8,4.16,399554579.0,1031.0,1277.0,1003.0,1003.0,76.0,1,0,30
24,gp_ucb,22,ATTIA_P002,3.6,7.0,5.6,4.271,458955895.0,754.0,1277.0,700.0,1003.0,76.0,1,0,30
24,gp_ucb,23,ATTIA_P035,4.8,5.6,4.8,4.2,1977083061.0,1004.0,1277.0,892.0,1003.0,76.0,1,0,30
24,gp_ucb,24,ATTIA_P032,4.8,5.2,5.2,4.16,1468457480.0,907.0,1277.0,986.0,1003.0,76.0,1,0,30
24,gp_ucb,25,ATTIA_P040,4.8,6.0,4.8,4.0,1200459089.0,596.0,1277.0,922.0,1003.0,76.0,1,0,30
25,random,0,,,,,,,,1024.0,,953.0,126.0,0,0,30
25,random,1,ATTIA_P165,7.0,5.6,4.4,3.513,1357545583.0,789.0,1024.0,682.0,953.0,126.0,0,0,30
25,random,2,ATTIA_P100,5.6,7.0,4.0,3.818,1019682429.0,709.0,1024.0,712.0,953.0,126.0,0,0,30
25,random,3,ATTIA_P205,8.0,5.2,5.6,2.963,41536085.0,461.0,1024.0,622.0,953.0,126.0,0,0,30
25,random,4,ATTIA_P128,6.0,5.6,5.6,3.231,821963264.0,837.0,1024.0,718.0,953.0,126.0,0,0,30
25,random,5,ATTIA_P204,8.0,5.2,5.2,3.089,178245191.0,709.0,1024.0,662.0,953.0,126.0,0,0,30
25,random,6,ATTIA_P064,5.2,6.0,4.4,4.047,600018563.0,957.0,1024.0,949.0,953.0,126.0,0,0,30
25,random,7,ATTIA_P035,4.8,5.6,4.8,4.2,1593451881.0,1185.0,1185.0,892.0,953.0,126.0,0,0,30
25,random,8,ATTIA_P044,4.8,7.0,4.4,3.924,1750058476.0,676.0,1185.0,714.0,953.0,126.0,0,0,30
25,random,9,ATTIA_P187,8.0,4.0,5.2,3.759,996136489.0,947.0,1185.0,753.0,953.0,126.0,0,0,30
25,random,10,ATTIA_P113,6.0,4.8,4.0,4.8,1174100360.0,1061.0,1185.0,1079.0,1079.0,0.0,1,1,30
25,random,11,ATTIA_P051,5.2,4.8,4.8,4.457,1515138909.0,1167.0,1185.0,980.0,1079.0,0.0,1,1,30
25,random,12,ATTIA_P175,7.0,7.0,3.6,3.706,1950162856.0,473.0,1185.0,634.0,1079.0,0.0,1,1,30
25,random,13,ATTIA_P172,7.0,6.0,4.8,3.17,85384933.0,617.0,1185.0,664.0,1079.0,0.0,1,1,30
25,random,14,ATTIA_P151,7.0,4.4,5.6,3.513,2049646555.0,601.0,1185.0,684.0,1079.0,0.0,1,1,30
25,random,15,ATTIA_P088,5.6,5.6,4.0,4.421,1310219806.0,682.0,1185.0,897.0,1079.0,0.0,1,1,30
25,random,16,ATTIA_P162,7.0,5.2,5.6,3.129,300957296.0,579.0,1185.0,655.0,1079.0,0.0,1,1,30
25,random,17,ATTIA_P029,4.8,4.8,5.2,4.457,1450013636.0,959.0,1185.0,962.0,1079.0,0.0,1,1,30
25,random,18,ATTIA_P090,5.6,5.6,4.8,3.733,635793498.0,876.0,1185.0,807.0,1079.0,0.0,1,1,30
25,random,19,ATTIA_P177,7.0,7.0,4.4,3.122,526622911.0,928.0,1185.0,593.0,1079.0,0.0,1,1,30
25,random,20,ATTIA_P220,8.0,7.0,4.4,2.957,548066709.0,373.0,1185.0,573.0,1079.0,0.0,1,1,30
25,random,21,ATTIA_P210,8.0,5.6,5.2,2.963,430865240.0,588.0,1185.0,621.0,1079.0,0.0,1,1,30
25,random,22,ATTIA_P123,6.0,5.6,3.6,4.755,1428827373.0,1020.0,1185.0,981.0,1079.0,0.0,1,1,30
25,random,23,ATTIA_P072,5.2,7.0,5.2,3.269,2095115747.0,874.0,1185.0,673.0,1079.0,0.0,1,1,30
25,random,24,ATTIA_P109,6.0,4.4,4.4,4.714,395618055.0,892.0,1185.0,1017.0,1079.0,0.0,1,1,30
25,random,25,ATTIA_P005,4.0,5.6,5.6,4.421,315805040.0,860.0,1185.0,843.0,1079.0,0.0,1,1,30
25,greedy,0,,,,,,,,1024.0,,953.0,126.0,0,0,30
25,greedy,1,ATTIA_P089,5.6,5.6,4.4,4.017,887087318.0,972.0,1024.0,852.0,953.0,126.0,0,0,30
25,greedy,2,ATTIA_P084,5.6,5.2,4.4,4.252,1074235448.0,687.0,1024.0,928.0,953.0,126.0,0,0,30
25,greedy,3,ATTIA_P064,5.2,6.0,4.4,4.047,600018563.0,957.0,1024.0,949.0,953.0,126.0,0,0,30
25,greedy,4,ATTIA_P039,4.8,6.0,4.4,4.328,766008371.0,854.0,1024.0,924.0,953.0,126.0,0,0,30
25,greedy,5,ATTIA_P095,5.6,6.0,4.4,3.834,1516028228.0,683.0,1024.0,836.0,953.0,126.0,0,0,30
25,greedy,6,ATTIA_P035,4.8,5.6,4.8,4.2,1593451881.0,1185.0,1185.0,892.0,953.0,126.0,0,0,30
25,greedy,7,ATTIA_P060,5.2,5.6,4.8,3.935,1171157144.0,1087.0,1185.0,867.0,953.0,126.0,0,0,30
25,greedy,8,ATTIA_P040,4.8,6.0,4.8,4.0,1041268718.0,931.0,1185.0,922.0,953.0,126.0,0,0,30
25,greedy,9,ATTIA_P055,5.2,5.2,4.8,4.16,310517461.0,782.0,1185.0,1003.0,1003.0,76.0,1,0,30
25,greedy,10,ATTIA_P036,4.8,5.6,5.2,3.935,553682243.0,910.0,1185.0,854.0,1003.0,76.0,1,0,30
25,greedy,11,ATTIA_P020,4.4,6.0,4.8,4.328,1470997630.0,798.0,1185.0,908.0,1003.0,76.0,1,0,30
25,greedy,12,ATTIA_P034,4.8,5.6,4.4,4.563,1229839354.0,789.0,1185.0,948.0,1003.0,76.0,1,0,30
25,greedy,13,ATTIA_P017,4.4,5.6,5.2,4.252,717495874.0,1048.0,1185.0,886.0,1003.0,76.0,1,0,30
25,greedy,14,ATTIA_P032,4.8,5.2,5.2,4.16,120163130.0,997.0,1185.0,986.0,1003.0,76.0,1,0,30
25,greedy,15,ATTIA_P014,4.4,5.2,5.2,4.516,1815369853.0,998.0,1185.0,1036.0,1036.0,43.0,1,1,30
25,greedy,16,ATTIA_P015,4.4,5.2,5.6,4.252,2057154397.0,774.0,1185.0,883.0,1036.0,43.0,1,1,30
25,greedy,17,ATTIA_P031,4.8,5.2,4.8,4.457,1855282735.0,987.0,1185.0,966.0,1036.0,43.0,1,1,30
25,greedy,18,ATTIA_P029,4.8,4.8,5.2,4.457,1450013636.0,959.0,1185.0,962.0,1036.0,43.0,1,1,30
25,greedy,19,ATTIA_P016,4.4,5.6,4.8,4.563,1806959407.0,941.0,1185.0,930.0,1036.0,43.0,1,1,30
25,greedy,20,ATTIA_P052,5.2,4.8,5.2,4.16,1231396616.0,777.0,1185.0,1001.0,1036.0,43.0,1,1,30
25,greedy,21,ATTIA_P094,5.6,6.0,4.0,4.2,1888667566.0,817.0,1185.0,930.0,1036.0,43.0,1,1,30
25,greedy,22,ATTIA_P049,5.2,4.4,5.2,4.516,1977927507.0,1092.0,1185.0,1071.0,1071.0,8.0,1,1,30
25,greedy,23,ATTIA_P028,4.8,4.4,5.6,4.563,1710659882.0,775.0,1185.0,939.0,1071.0,8.0,1,1,30
25,greedy,24,ATTIA_P074,5.6,4.0,5.2,4.707,917303767.0,1050.0,1185.0,1041.0,1071.0,8.0,1,1,30
25,greedy,25,ATTIA_P107,6.0,4.0,5.2,4.457,306738870.0,1166.0,1185.0,1023.0,1071.0,8.0,1,1,30
25,gp_ucb,0,,,,,,,,1024.0,,953.0,126.0,0,0,30
25,gp_ucb,1,ATTIA_P089,5.6,5.6,4.4,4.017,887087318.0,972.0,1024.0,852.0,953.0,126.0,0,0,30
25,gp_ucb,2,ATTIA_P084,5.6,5.2,4.4,4.252,1074235448.0,687.0,1024.0,928.0,953.0,126.0,0,0,30
25,gp_ucb,3,ATTIA_P064,5.2,6.0,4.4,4.047,600018563.0,957.0,1024.0,949.0,953.0,126.0,0,0,30
25,gp_ucb,4,ATTIA_P039,4.8,6.0,4.4,4.328,766008371.0,854.0,1024.0,924.0,953.0,126.0,0,0,30
25,gp_ucb,5,ATTIA_P095,5.6,6.0,4.4,3.834,1516028228.0,683.0,1024.0,836.0,953.0,126.0,0,0,30
25,gp_ucb,6,ATTIA_P035,4.8,5.6,4.8,4.2,1593451881.0,1185.0,1185.0,892.0,953.0,126.0,0,0,30
25,gp_ucb,7,ATTIA_P060,5.2,5.6,4.8,3.935,1171157144.0,1087.0,1185.0,867.0,953.0,126.0,0,0,30
25,gp_ucb,8,ATTIA_P040,4.8,6.0,4.8,4.0,1041268718.0,931.0,1185.0,922.0,953.0,126.0,0,0,30
25,gp_ucb,9,ATTIA_P055,5.2,5.2,4.8,4.16,310517461.0,782.0,1185.0,1003.0,1003.0,76.0,1,0,30
25,gp_ucb,10,ATTIA_P036,4.8,5.6,5.2,3.935,553682243.0,910.0,1185.0,854.0,1003.0,76.0,1,0,30
25,gp_ucb,11,ATTIA_P016,4.4,5.6,4.8,4.563,1806959407.0,941.0,1185.0,930.0,1003.0,76.0,1,0,30
25,gp_ucb,12,ATTIA_P034,4.8,5.6,4.4,4.563,1229839354.0,789.0,1185.0,948.0,1003.0,76.0,1,0,30
25,gp_ucb,13,ATTIA_P020,4.4,6.0,4.8,4.328,1470997630.0,798.0,1185.0,908.0,1003.0,76.0,1,0,30
25,gp_ucb,14,ATTIA_P017,4.4,5.6,5.2,4.252,717495874.0,1048.0,1185.0,886.0,1003.0,76.0,1,0,30
25,gp_ucb,15,ATTIA_P014,4.4,5.2,5.2,4.516,1815369853.0,998.0,1185.0,1036.0,1036.0,43.0,1,1,30
25,gp_ucb,16,ATTIA_P032,4.8,5.2,5.2,4.16,120163130.0,997.0,1185.0,986.0,1036.0,43.0,1,1,30
25,gp_ucb,17,ATTIA_P015,4.4,5.2,5.6,4.252,2057154397.0,774.0,1185.0,883.0,1036.0,43.0,1,1,30
25,gp_ucb,18,ATTIA_P031,4.8,5.2,4.8,4.457,1855282735.0,987.0,1185.0,966.0,1036.0,43.0,1,1,30
25,gp_ucb,19,ATTIA_P029,4.8,4.8,5.2,4.457,1450013636.0,959.0,1185.0,962.0,1036.0,43.0,1,1,30
25,gp_ucb,20,ATTIA_P052,5.2,4.8,5.2,4.16,1231396616.0,777.0,1185.0,1001.0,1036.0,43.0,1,1,30
25,gp_ucb,21,ATTIA_P094,5.6,6.0,4.0,4.2,1888667566.0,817.0,1185.0,930.0,1036.0,43.0,1,1,30
25,gp_ucb,22,ATTIA_P028,4.8,4.4,5.6,4.563,1710659882.0,775.0,1185.0,939.0,1036.0,43.0,1,1,30
25,gp_ucb,23,ATTIA_P021,4.4,6.0,5.2,4.047,1234277542.0,880.0,1185.0,918.0,1036.0,43.0,1,1,30
25,gp_ucb,24,ATTIA_P003,4.0,5.2,5.6,4.707,2059473820.0,961.0,1185.0,971.0,1036.0,43.0,1,1,30
25,gp_ucb,25,ATTIA_P223,8.0,7.0,5.6,2.585,998979180.0,460.0,1185.0,548.0,1036.0,43.0,1,1,30
26,random,0,,,,,,,,1147.0,,1026.0,53.0,1,1,30
26,random,1,ATTIA_P138,6.0,7.0,4.8,3.17,1570840911.0,475.0,1147.0,654.0,1026.0,53.0,1,1,30
26,random,2,ATTIA_P191,8.0,4.4,4.8,3.667,547028633.0,840.0,1147.0,717.0,1026.0,53.0,1,1,30
26,random,3,ATTIA_P046,4.8,7.0,5.2,3.45,914412643.0,317.0,1147.0,685.0,1026.0,53.0,1,1,30
26,random,4,ATTIA_P100,5.6,7.0,4.0,3.818,1015552224.0,761.0,1147.0,712.0,1026.0,53.0,1,1,30
26,random,5,ATTIA_P002,3.6,7.0,5.6,4.271,1291313410.0,809.0,1147.0,700.0,1026.0,53.0,1,1,30
26,random,6,ATTIA_P062,5.2,5.6,5.6,3.523,1332760326.0,828.0,1147.0,769.0,1026.0,53.0,1,1,30
26,random,7,ATTIA_P181,8.0,3.6,4.8,4.5,125475622.0,976.0,1147.0,818.0,1026.0,53.0,1,1,30
26,random,8,ATTIA_P029,4.8,4.8,5.2,4.457,97776399.0,784.0,1147.0,962.0,1026.0,53.0,1,1,30
26,random,9,ATTIA_P111,6.0,4.4,5.2,4.047,475211690.0,717.0,1147.0,971.0,1026.0,53.0,1,1,30
26,random,10,ATTIA_P132,6.0,6.0,4.8,3.429,1434989999.0,790.0,1147.0,816.0,1026.0,53.0,1,1,30
26,random,11,ATTIA_P025,4.4,7.0,4.8,3.924,551314577.0,564.0,1147.0,705.0,1026.0,53.0,1,1,30
26,random,12,ATTIA_P079,5.6,4.8,4.4,4.563,348456727.0,854.0,1147.0,975.0,1026.0,53.0,1,1,30
26,random,13,ATTIA_P102,5.6,7.0,4.8,3.294,2045543774.0,634.0,1147.0,656.0,1026.0,53.0,1,1,30
26,random,14,ATTIA_P120,6.0,5.2,4.8,3.759,1915344329.0,857.0,1147.0,911.0,1026.0,53.0,1,1,30
26,random,15,ATTIA_P106,6.0,4.0,4.8,4.8,448295639.0,978.0,1147.0,1076.0,1076.0,3.0,1,1,30
26,random,16,ATTIA_P030,4.8,4.8,5.6,4.2,1867478268.0,800.0,1147.0,887.0,1076.0,3.0,1,1,30
26,random,17,ATTIA_P149,7.0,4.4,4.8,3.924,910212349.0,864.0,1147.0,751.0,1076.0,3.0,1,1,30
26,random,18,ATTIA_P190,8.0,4.4,4.4,3.94,1632041764.0,992.0,1147.0,725.0,1076.0,3.0,1,1,30
26,random,19,ATTIA_P053,5.2,4.8,5.6,3.935,916892590.0,570.0,1147.0,862.0,1076.0,3.0,1,1,30
26,random,20,ATTIA_P056,5.2,5.2,5.2,3.9,1386386343.0,809.0,1147.0,954.0,1076.0,3.0,1,1,30
26,random,21,ATTIA_P161,7.0,5.2,5.2,3.269,1876360426.0,869.0,1147.0,695.0,1076.0,3.0,1,1,30
26,random,22,ATTIA_P169,7.0,6.0,3.6,4.065,1976952247.0,786.0,1147.0,771.0,1076.0,3.0,1,1,30
26,random,23,ATTIA_P104,5.6,7.0,5.6,3.0,274085820.0,533.0,1147.0,611.0,1076.0,3.0,1,1,30
26,random,24,ATTIA_P037,4.8,5.6,5.6,3.733,1302782630.0,640.0,1147.0,787.0,1076.0,3.0,1,1,30
26,random,25,ATTIA_P032,4.8,5.2,5.2,4.16,2124532246.0,822.0,1147.0,986.0,1076.0,3.0,1,1,30
26,greedy,0,,,,,,,,1147.0,,1026.0,53.0,1,1,30
26,greedy,1,ATTIA_P003,4.0,5.2,5.6,4.707,335226807.0,900.0,1147.0,971.0,1026.0,53.0,1,1,30
26,greedy,2,ATTIA_P007,4.0,6.0,5.2,4.457,1772732915.0,1013.0,1147.0,953.0,1026.0,53.0,1,1,30
26,greedy,3,ATTIA_P017,4.4,5.6,5.2,4.252,1635748157.0,709.0,1147.0,886.0,1026.0,53.0,1,1,30
26,greedy,4,ATTIA_P000,3.6,6.0,5.6,4.755,13134548.0,785.0,1147.0,894.0,1026.0,53.0,1,1,30
26,greedy,5,ATTIA_P001,3.6,7.0,5.2,4.537,1206802858.0,790.0,1147.0,776.0,1026.0,53.0,1,1,30
26,greedy,6,ATTIA_P002,3.6,7.0,5.6,4.271,1291313410.0,809.0,1147.0,700.0,1026.0,53.0,1,1,30
26,greedy,7,ATTIA_P005,4.0,5.6,5.6,4.421,1789462132.0,849.0,1147.0,843.0,1026.0,53.0,1,1,30
26,greedy,8,ATTIA_P006,4.0,6.0,4.8,4.8,1333897714.0,1339.0,1339.0,1000.0,1026.0,53.0,1,1,30
26,greedy,9,ATTIA_P016,4.4,5.6,4.8,4.563,784424204.0,1003.0,1339.0,930.0,1026.0,53.0,1,1,30
26,greedy,10,ATTIA_P019,4.4,6.0,4.4,4.714,1344238247.0,736.0,1339.0,961.0,1026.0,53.0,1,1,30
26,greedy,11,ATTIA_P020,4.4,6.0,4.8,4.328,1689943430.0,800.0,1339.0,908.0,1026.0,53.0,1,1,30
26,greedy,12,ATTIA_P014,4.4,5.2,5.2,4.516,612407875.0,1183.0,1339.0,1036.0,1036.0,43.0,1,1,30
26,greedy,13,ATTIA_P031,4.8,5.2,4.8,4.457,1751593625.0,1267.0,1339.0,966.0,1036.0,43.0,1,1,30
26,greedy,14,ATTIA_P055,5.2,5.2,4.8,4.16,1946632795.0,936.0,1339.0,1003.0,1036.0,43.0,1,1,30
26,greedy,15,ATTIA_P029,4.8,4.8,5.2,4.457,97776399.0,784.0,1339.0,962.0,1036.0,43.0,1,1,30
26,greedy,16,ATTIA_P051,5.2,4.8,4.8,4.457,1935065954.0,1043.0,1339.0,980.0,1036.0,43.0,1,1,30
26,greedy,17,ATTIA_P080,5.6,4.8,4.8,4.2,485752786.0,763.0,1339.0,917.0,1036.0,43.0,1,1,30
26,greedy,18,ATTIA_P035,4.8,5.6,4.8,4.2,1998964.0,1061.0,1339.0,892.0,1036.0,43.0,1,1,30
26,greedy,19,ATTIA_P060,5.2,5.6,4.8,3.935,1872735062.0,1144.0,1339.0,867.0,1036.0,43.0,1,1,30
26,greedy,20,ATTIA_P090,5.6,5.6,4.8,3.733,547190257.0,739.0,1339.0,807.0,1036.0,43.0,1,1,30
26,greedy,21,ATTIA_P054,5.2,5.2,4.4,4.516,1133576845.0,1266.0,1339.0,1075.0,1075.0,4.0,1,1,30
26,greedy,22,ATTIA_P034,4.8,5.6,4.4,4.563,303099789.0,987.0,1339.0,948.0,1075.0,4.0,1,1,30
26,greedy,23,ATTIA_P059,5.2,5.6,4.4,4.252,2143503372.0,803.0,1339.0,917.0,1075.0,4.0,1,1,30
26,greedy,24,ATTIA_P079,5.6,4.8,4.4,4.563,348456727.0,854.0,1339.0,975.0,1075.0,4.0,1,1,30
26,greedy,25,ATTIA_P084,5.6,5.2,4.4,4.252,1190382943.0,1115.0,1339.0,928.0,1075.0,4.0,1,1,30
26,gp_ucb,0,,,,,,,,1147.0,,1026.0,53.0,1,1,30
26,gp_ucb,1,ATTIA_P013,4.4,4.8,5.6,4.563,131813097.0,870.0,1147.0,923.0,1026.0,53.0,1,1,30
26,gp_ucb,2,ATTIA_P007,4.0,6.0,5.2,4.457,1772732915.0,1013.0,1147.0,953.0,1026.0,53.0,1,1,30
26,gp_ucb,3,ATTIA_P016,4.4,5.6,4.8,4.563,784424204.0,1003.0,1147.0,930.0,1026.0,53.0,1,1,30
26,gp_ucb,4,ATTIA_P005,4.0,5.6,5.6,4.421,1789462132.0,849.0,1147.0,843.0,1026.0,53.0,1,1,30
26,gp_ucb,5,ATTIA_P006,4.0,6.0,4.8,4.8,1333897714.0,1339.0,1339.0,1000.0,1026.0,53.0,1,1,30
26,gp_ucb,6,ATTIA_P019,4.4,6.0,4.4,4.714,1344238247.0,736.0,1339.0,961.0,1026.0,53.0,1,1,30
26,gp_ucb,7,ATTIA_P020,4.4,6.0,4.8,4.328,1689943430.0,800.0,1339.0,908.0,1026.0,53.0,1,1,30
26,gp_ucb,8,ATTIA_P017,4.4,5.6,5.2,4.252,1635748157.0,709.0,1339.0,886.0,1026.0,53.0,1,1,30
26,gp_ucb,9,ATTIA_P000,3.6,6.0,5.6,4.755,13134548.0,785.0,1339.0,894.0,1026.0,53.0,1,1,30
26,gp_ucb,10,ATTIA_P001,3.6,7.0,5.2,4.537,1206802858.0,790.0,1339.0,776.0,1026.0,53.0,1,1,30
26,gp_ucb,11,ATTIA_P002,3.6,7.0,5.6,4.271,1291313410.0,809.0,1339.0,700.0,1026.0,53.0,1,1,30
26,gp_ucb,12,ATTIA_P093,5.6,6.0,3.6,4.755,804743948.0,1420.0,1420.0,970.0,1026.0,53.0,1,1,30
26,gp_ucb,13,ATTIA_P123,6.0,5.6,3.6,4.755,316987918.0,989.0,1420.0,981.0,1026.0,53.0,1,1,30
26,gp_ucb,14,ATTIA_P063,5.2,6.0,4.0,4.457,2097643091.0,1133.0,1420.0,1004.0,1026.0,53.0,1,1,30
26,gp_ucb,15,ATTIA_P094,5.6,6.0,4.0,4.2,195718267.0,867.0,1420.0,930.0,1026.0,53.0,1,1,30
26,gp_ucb,16,ATTIA_P058,5.2,5.6,4.0,4.707,1677136321.0,985.0,1420.0,1030.0,1030.0,49.0,1,1,30
26,gp_ucb,17,ATTIA_P088,5.6,5.6,4.0,4.421,1006191562.0,737.0,1420.0,897.0,1030.0,49.0,1,1,30
26,gp_ucb,18,ATTIA_P038,4.8,6.0,4.0,4.8,1263744493.0,1002.0,1420.0,1036.0,1036.0,43.0,1,1,30
26,gp_ucb,19,ATTIA_P034,4.8,5.6,4.4,4.563,303099789.0,987.0,1420.0,948.0,1036.0,43.0,1,1,30
26,gp_ucb,20,ATTIA_P031,4.8,5.2,4.8,4.457,1751593625.0,1267.0,1420.0,966.0,1036.0,43.0,1,1,30
26,gp_ucb,21,ATTIA_P055,5.2,5.2,4.8,4.16,1946632795.0,936.0,1420.0,1003.0,1036.0,43.0,1,1,30
26,gp_ucb,22,ATTIA_P054,5.2,5.2,4.4,4.516,1133576845.0,1266.0,1420.0,1075.0,1075.0,4.0,1,1,30
26,gp_ucb,23,ATTIA_P051,5.2,4.8,4.8,4.457,1935065954.0,1043.0,1420.0,980.0,1075.0,4.0,1,1,30
26,gp_ucb,24,ATTIA_P079,5.6,4.8,4.4,4.563,348456727.0,854.0,1420.0,975.0,1075.0,4.0,1,1,30
26,gp_ucb,25,ATTIA_P084,5.6,5.2,4.4,4.252,1190382943.0,1115.0,1420.0,928.0,1075.0,4.0,1,1,30
27,random,0,,,,,,,,1150.0,,918.0,161.0,0,0,30
27,random,1,ATTIA_P139,6.0,7.0,5.2,3.017,1457885773.0,576.0,1150.0,648.0,918.0,161.0,0,0,30
27,random,2,ATTIA_P143,7.0,4.0,4.4,4.69,946080202.0,1088.0,1150.0,859.0,918.0,161.0,0,0,30
27,random,3,ATTIA_P080,5.6,4.8,4.8,4.2,603267100.0,618.0,1150.0,917.0,918.0,161.0,0,0,30
27,random,4,ATTIA_P165,7.0,5.6,4.4,3.513,1505460257.0,501.0,1150.0,682.0,918.0,161.0,0,0,30
27,random,5,ATTIA_P142,7.0,3.6,5.6,4.271,912358969.0,989.0,1150.0,765.0,918.0,161.0,0,0,30
27,random,6,ATTIA_P115,6.0,4.8,4.8,4.0,371050706.0,892.0,1150.0,957.0,957.0,122.0,0,0,30
27,random,7,ATTIA_P074,5.6,4.0,5.2,4.707,315396377.0,1270.0,1270.0,1041.0,1041.0,38.0,1,1,30
27,random,8,ATTIA_P114,6.0,4.8,4.4,4.328,2132801038.0,828.0,1270.0,960.0,1041.0,38.0,1,1,30
27,random,9,ATTIA_P033,4.8,5.2,5.6,3.935,1742027707.0,1052.0,1270.0,852.0,1041.0,38.0,1,1,30
27,random,10,ATTIA_P017,4.4,5.6,5.2,4.252,756575009.0,912.0,1270.0,886.0,1041.0,38.0,1,1,30
27,random,11,ATTIA_P042,4.8,6.0,5.6,3.574,924831999.0,558.0,1270.0,776.0,1041.0,38.0,1,1,30
27,random,12,ATTIA_P198,8.0,4.8,5.2,3.25,451128012.0,845.0,1270.0,670.0,1041.0,38.0,1,1,30
27,random,13,ATTIA_P182,8.0,3.6,5.2,4.197,12489236.0,954.0,1270.0,786.0,1041.0,38.0,1,1,30
27,random,14,ATTIA_P039,4.8,6.0,4.4,4.328,144577356.0,965.0,1270.0,924.0,1041.0,38.0,1,1,30
27,random,15,ATTIA_P194,8.0,4.8,3.6,4.5,1664228555.0,937.0,1270.0,805.0,1041.0,38.0,1,1,30
27,random,16,ATTIA_P212,8.0,6.0,3.6,3.789,1606739045.0,615.0,1270.0,711.0,1041.0,38.0,1,1,30
27,random,17,ATTIA_P152,7.0,4.8,4.0,4.308,1323013544.0,776.0,1270.0,814.0,1041.0,38.0,1,1,30
27,random,18,ATTIA_P105,6.0,3.6,5.6,4.755,339513996.0,886.0,1270.0,974.0,1041.0,38.0,1,1,30
27,random,19,ATTIA_P185,8.0,4.0,4.4,4.328,975457815.0,942.0,1270.0,785.0,1041.0,38.0,1,1,30
27,random,20,ATTIA_P120,6.0,5.2,4.8,3.759,1103014064.0,945.0,1270.0,911.0,1041.0,38.0,1,1,30
27,random,21,ATTIA_P172,7.0,6.0,4.8,3.17,530502597.0,857.0,1270.0,664.0,1041.0,38.0,1,1,30
27,random,22,ATTIA_P187,8.0,4.0,5.2,3.759,1230904406.0,790.0,1270.0,753.0,1041.0,38.0,1,1,30
27,random,23,ATTIA_P046,4.8,7.0,5.2,3.45,1924938844.0,573.0,1270.0,685.0,1041.0,38.0,1,1,30
27,random,24,ATTIA_P087,5.6,5.2,5.6,3.523,1754282506.0,543.0,1270.0,776.0,1041.0,38.0,1,1,30
27,random,25,ATTIA_P130,6.0,6.0,4.0,4.0,121847720.0,412.0,1270.0,970.0,1041.0,38.0,1,1,30
27,greedy,0,,,,,,,,1150.0,,918.0,161.0,0,0,30
27,greedy,1,ATTIA_P145,7.0,4.0,5.2,4.03,603371256.0,525.0,1150.0,824.0,918.0,161.0,0,0,30
27,greedy,2,ATTIA_P097,5.6,6.0,5.2,3.381,1753635733.0,946.0,1150.0,789.0,918.0,161.0,0,0,30
27,greedy,3,ATTIA_P127,6.0,5.6,5.2,3.381,1774640105.0,1031.0,1150.0,797.0,918.0,161.0,0,0,30
27,greedy,4,ATTIA_P121,6.0,5.2,5.2,3.545,924018558.0,855.0,1150.0,872.0,918.0,161.0,0,0,30
27,greedy,5,ATTIA_P133,6.0,6.0,5.2,3.25,26098824.0,714.0,1150.0,786.0,918.0,161.0,0,0,30
27,greedy,6,ATTIA_P066,5.2,6.0,5.2,3.545,572694614.0,925.0,1150.0,853.0,918.0,161.0,0,0,30
27,greedy,7,ATTIA_P061,5.2,5.6,5.2,3.702,1625922286.0,824.0,1150.0,868.0,918.0,161.0,0,0,30
27,greedy,8,ATTIA_P086,5.6,5.2,5.2,3.702,205306786.0,915.0,1150.0,879.0,918.0,161.0,0,0,30
27,greedy,9,ATTIA_P081,5.6,4.8,5.2,3.935,628794006.0,978.0,1150.0,876.0,918.0,161.0,0,0,30
27,greedy,10,ATTIA_P116,6.0,4.8,5.2,3.759,446735874.0,1019.0,1150.0,911.0,918.0,161.0,0,0,30
27,greedy,11,ATTIA_P111,6.0,4.4,5.2,4.047,1074899175.0,722.0,1150.0,971.0,971.0,108.0,0,0,30
27,greedy,12,ATTIA_P056,5.2,5.2,5.2,3.9,1870117156.0,1190.0,1190.0,954.0,971.0,108.0,0,0,30
27,greedy,13,ATTIA_P036,4.8,5.6,5.2,3.935,1227355708.0,861.0,1190.0,854.0,971.0,108.0,0,0,30
27,greedy,14,ATTIA_P052,5.2,4.8,5.2,4.16,425878293.0,1208.0,1208.0,1001.0,1001.0,78.0,1,0,30
27,greedy,15,ATTIA_P032,4.8,5.2,5.2,4.16,1069844971.0,1013.0,1208.0,986.0,1001.0,78.0,1,0,30
27,greedy,16,ATTIA_P029,4.8,4.8,5.2,4.457,2027170487.0,1213.0,1213.0,962.0,1001.0,78.0,1,0,30
27,greedy,17,ATTIA_P049,5.2,4.4,5.2,4.516,443191798.0,1430.0,1430.0,1071.0,1071.0,8.0,1,1,30
27,greedy,18,ATTIA_P074,5.6,4.0,5.2,4.707,315396377.0,1270.0,1430.0,1041.0,1071.0,8.0,1,1,30
27,greedy,19,ATTIA_P077,5.6,4.4,5.2,4.252,1480569553.0,1139.0,1430.0,926.0,1071.0,8.0,1,1,30
27,greedy,20,ATTIA_P107,6.0,4.0,5.2,4.457,1222434432.0,1173.0,1430.0,1023.0,1071.0,8.0,1,1,30
27,greedy,21,ATTIA_P014,4.4,5.2,5.2,4.516,600954171.0,974.0,1430.0,1036.0,1071.0,8.0,1,1,30
27,greedy,22,ATTIA_P106,6.0,4.0,4.8,4.8,47144563.0,1085.0,1430.0,1076.0,1076.0,3.0,1,1,30
27,greedy,23,ATTIA_P076,5.6,4.4,4.8,4.563,1148426267.0,1020.0,1430.0,974.0,1076.0,3.0,1,1,30
27,greedy,24,ATTIA_P048,5.2,4.0,5.6,4.707,172126262.0,678.0,1430.0,1018.0,1076.0,3.0,1,1,30
27,greedy,25,ATTIA_P051,5.2,4.8,4.8,4.457,255412435.0,957.0,1430.0,980.0,1076.0,3.0,1,1,30
27,gp_ucb,0,,,,,,,,1150.0,,918.0,161.0,0,0,30
27,gp_ucb,1,ATTIA_P187,8.0,4.0,5.2,3.759,1230904406.0,790.0,1150.0,753.0,918.0,161.0,0,0,30
27,gp_ucb,2,ATTIA_P121,6.0,5.2,5.2,3.545,924018558.0,855.0,1150.0,872.0,918.0,161.0,0,0,30
27,gp_ucb,3,ATTIA_P097,5.6,6.0,5.2,3.381,1753635733.0,946.0,1150.0,789.0,918.0,161.0,0,0,30
27,gp_ucb,4,ATTIA_P107,6.0,4.0,5.2,4.457,1222434432.0,1173.0,1173.0,1023.0,1023.0,56.0,1,1,30
27,gp_ucb,5,ATTIA_P074,5.6,4.0,5.2,4.707,315396377.0,1270.0,1270.0,1041.0,1041.0,38.0,1,1,30
27,gp_ucb,6,ATTIA_P049,5.2,4.4,5.2,4.516,443191798.0,1430.0,1430.0,1071.0,1071.0,8.0,1,1,30
27,gp_ucb,7,ATTIA_P029,4.8,4.8,5.2,4.457,2027170487.0,1213.0,1430.0,962.0,1071.0,8.0,1,1,30
27,gp_ucb,8,ATTIA_P077,5.6,4.4,5.2,4.252,1480569553.0,1139.0,1430.0,926.0,1071.0,8.0,1,1,30
27,gp_ucb,9,ATTIA_P106,6.0,4.0,4.8,4.8,47144563.0,1085.0,1430.0,1076.0,1076.0,3.0,1,1,30
27,gp_ucb,10,ATTIA_P048,5.2,4.0,5.6,4.707,172126262.0,678.0,1430.0,1018.0,1076.0,3.0,1,1,30
27,gp_ucb,11,ATTIA_P051,5.2,4.8,4.8,4.457,255412435.0,957.0,1430.0,980.0,1076.0,3.0,1,1,30
27,gp_ucb,12,ATTIA_P052,5.2,4.8,5.2,4.16,425878293.0,1208.0,1430.0,1001.0,1076.0,3.0,1,1,30
27,gp_ucb,13,ATTIA_P184,8.0,4.0,4.0,4.8,852415788.0,941.0,1430.0,854.0,1076.0,3.0,1,1,30
27,gp_ucb,14,ATTIA_P144,7.0,4.0,4.8,4.308,1057145476.0,613.0,1430.0,818.0,1076.0,3.0,1,1,30
27,gp_ucb,15,ATTIA_P032,4.8,5.2,5.2,4.16,1069844971.0,1013.0,1430.0,986.0,1076.0,3.0,1,1,30
27,gp_ucb,16,ATTIA_P142,7.0,3.6,5.6,4.271,912358969.0,989.0,1430.0,765.0,1076.0,3.0,1,1,30
27,gp_ucb,17,ATTIA_P218,8.0,7.0,3.6,3.476,101036613.0,397.0,1430.0,605.0,1076.0,3.0,1,1,30
27,gp_ucb,18,ATTIA_P030,4.8,4.8,5.6,4.2,673824296.0,837.0,1430.0,887.0,1076.0,3.0,1,1,30
27,gp_ucb,19,ATTIA_P076,5.6,4.4,4.8,4.563,1148426267.0,1020.0,1430.0,974.0,1076.0,3.0,1,1,30
27,gp_ucb,20,ATTIA_P068,5.2,7.0,3.6,4.537,2119485249.0,696.0,1430.0,816.0,1076.0,3.0,1,1,30
27,gp_ucb,21,ATTIA_P081,5.6,4.8,5.2,3.935,628794006.0,978.0,1430.0,876.0,1076.0,3.0,1,1,30
27,gp_ucb,22,ATTIA_P096,5.6,6.0,4.8,3.574,1511372412.0,956.0,1430.0,795.0,1076.0,3.0,1,1,30
27,gp_ucb,23,ATTIA_P223,8.0,7.0,5.6,2.585,2142863459.0,671.0,1430.0,548.0,1076.0,3.0,1,1,30
27,gp_ucb,24,ATTIA_P194,8.0,4.8,3.6,4.5,1664228555.0,937.0,1430.0,805.0,1076.0,3.0,1,1,30
27,gp_ucb,25,ATTIA_P006,4.0,6.0,4.8,4.8,1843005178.0,647.0,1430.0,1000.0,1076.0,3.0,1,1,30
28,random,0,,,,,,,,1199.0,,928.0,151.0,0,0,30
28,random,1,ATTIA_P130,6.0,6.0,4.0,4.0,309561107.0,1046.0,1199.0,970.0,970.0,109.0,0,0,30
28,random,2,ATTIA_P126,6.0,5.6,4.8,3.574,99519134.0,489.0,1199.0,802.0,970.0,109.0,0,0,30
28,random,3,ATTIA_P036,4.8,5.6,5.2,3.935,1663509469.0,893.0,1199.0,854.0,970.0,109.0,0,0,30
28,random,4,ATTIA_P052,5.2,4.8,5.2,4.16,314790973.0,1061.0,1199.0,1001.0,1001.0,78.0,1,0,30
28,random,5,ATTIA_P158,7.0,5.2,4.0,4.03,362052958.0,466.0,1199.0,816.0,1001.0,78.0,1,0,30
28,random,6,ATTIA_P108,6.0,4.0,5.6,4.2,1933711145.0,1015.0,1199.0,938.0,1001.0,78.0,1,0,30
28,random,7,ATTIA_P211,8.0,5.6,5.6,2.847,1162984470.0,401.0,1199.0,596.0,1001.0,78.0,1,0,30
28,random,8,ATTIA_P118,6.0,5.2,4.0,4.457,283869905.0,881.0,1199.0,1029.0,1029.0,50.0,1,1,30
28,random,9,ATTIA_P040,4.8,6.0,4.8,4.0,1258978604.0,845.0,1199.0,922.0,1029.0,50.0,1,1,30
28,random,10,ATTIA_P059,5.2,5.6,4.4,4.252,171493425.0,905.0,1199.0,917.0,1029.0,50.0,1,1,30
28,random,11,ATTIA_P205,8.0,5.2,5.6,2.963,916179479.0,710.0,1199.0,622.0,1029.0,50.0,1,1,30
28,random,12,ATTIA_P183,8.0,3.6,5.6,3.969,808722882.0,417.0,1199.0,711.0,1029.0,50.0,1,1,30
28,random,13,ATTIA_P114,6.0,4.8,4.4,4.328,1754635524.0,977.0,1199.0,960.0,1029.0,50.0,1,1,30
28,random,14,ATTIA_P005,4.0,5.6,5.6,4.421,2110079301.0,825.0,1199.0,843.0,1029.0,50.0,1,1,30
28,random,15,ATTIA_P163,7.0,5.6,3.6,4.271,1773098936.0,720.0,1199.0,758.0,1029.0,50.0,1,1,30
28,random,16,ATTIA_P053,5.2,4.8,5.6,3.935,571677513.0,1162.0,1199.0,862.0,1029.0,50.0,1,1,30
28,random,17,ATTIA_P112,6.0,4.4,5.6,3.834,869346307.0,781.0,1199.0,841.0,1029.0,50.0,1,1,30
28,random,18,ATTIA_P022,4.4,6.0,5.6,3.834,117979555.0,710.0,1199.0,802.0,1029.0,50.0,1,1,30
28,random,19,ATTIA_P044,4.8,7.0,4.4,3.924,1568068464.0,873.0,1199.0,714.0,1029.0,50.0,1,1,30
28,random,20,ATTIA_P079,5.6,4.8,4.4,4.563,1917759467.0,759.0,1199.0,975.0,1029.0,50.0,1,1,30
28,random,21,ATTIA_P115,6.0,4.8,4.8,4.0,400670438.0,905.0,1199.0,957.0,1029.0,50.0,1,1,30
28,random,22,ATTIA_P111,6.0,4.4,5.2,4.047,2006727398.0,927.0,1199.0,971.0,1029.0,50.0,1,1,30
28,random,23,ATTIA_P193,8.0,4.4,5.6,3.306,1194007601.0,666.0,1199.0,657.0,1029.0,50.0,1,1,30
28,random,24,ATTIA_P136,6.0,7.0,4.0,3.652,393298246.0,695.0,1199.0,727.0,1029.0,50.0,1,1,30
28,random,25,ATTIA_P122,6.0,5.2,5.6,3.381,1099116141.0,767.0,1199.0,796.0,1029.0,50.0,1,1,30
28,greedy,0,,,,,,,,1199.0,,928.0,151.0,0,0,30
28,greedy,1,ATTIA_P119,6.0,5.2,4.4,4.047,1834167000.0,925.0,1199.0,971.0,971.0,108.0,0,0,30
28,greedy,2,ATTIA_P054,5.2,5.2,4.4,4.516,1898031558.0,1282.0,1282.0,1075.0,1075.0,4.0,1,1,30
28,greedy,3,ATTIA_P079,5.6,4.8,4.4,4.563,1917759467.0,759.0,1282.0,975.0,1075.0,4.0,1,1,30
28,greedy,4,ATTIA_P059,5.2,5.6,4.4,4.252,171493425.0,905.0,1282.0,917.0,1075.0,4.0,1,1,30
28,greedy,5,ATTIA_P034,4.8,5.6,4.4,4.563,1860636484.0,808.0,1282.0,948.0,1075.0,4.0,1,1,30
28,greedy,6,ATTIA_P089,5.6,5.6,4.4,4.017,1287934973.0,1039.0,1282.0,852.0,1075.0,4.0,1,1,30
28,greedy,7,ATTIA_P125,6.0,5.6,4.4,3.834,1967314922.0,1064.0,1282.0,844.0,1075.0,4.0,1,1,30
28,greedy,8,ATTIA_P131,6.0,6.0,4.4,3.667,1104413769.0,1066.0,1282.0,862.0,1075.0,4.0,1,1,30
28,greedy,9,ATTIA_P095,5.6,6.0,4.4,3.834,1504155582.0,1009.0,1282.0,836.0,1075.0,4.0,1,1,30
28,greedy,10,ATTIA_P055,5.2,5.2,4.8,4.16,1559874608.0,1082.0,1282.0,1003.0,1075.0,4.0,1,1,30
28,greedy,11,ATTIA_P085,5.6,5.2,4.8,3.935,73059422.0,899.0,1282.0,878.0,1075.0,4.0,1,1,30
28,greedy,12,ATTIA_P124,6.0,5.6,4.0,4.2,15285247.0,1135.0,1282.0,941.0,1075.0,4.0,1,1,30
28,greedy,13,ATTIA_P088,5.6,5.6,4.0,4.421,1629097634.0,896.0,1282.0,897.0,1075.0,4.0,1,1,30
28,greedy,14,ATTIA_P118,6.0,5.2,4.0,4.457,283869905.0,881.0,1282.0,1029.0,1075.0,4.0,1,1,30
28,greedy,15,ATTIA_P130,6.0,6.0,4.0,4.0,309561107.0,1046.0,1282.0,970.0,1075.0,4.0,1,1,30
28,greedy,16,ATTIA_P094,5.6,6.0,4.0,4.2,655031857.0,697.0,1282.0,930.0,1075.0,4.0,1,1,30
28,greedy,17,ATTIA_P031,4.8,5.2,4.8,4.457,1985179201.0,1121.0,1282.0,966.0,1075.0,4.0,1,1,30
28,greedy,18,ATTIA_P051,5.2,4.8,4.8,4.457,1952038249.0,1042.0,1282.0,980.0,1075.0,4.0,1,1,30
28,greedy,19,ATTIA_P080,5.6,4.8,4.8,4.2,655071880.0,1132.0,1282.0,917.0,1075.0,4.0,1,1,30
28,greedy,20,ATTIA_P049,5.2,4.4,5.2,4.516,135127924.0,1457.0,1457.0,1071.0,1075.0,4.0,1,1,30
28,greedy,21,ATTIA_P048,5.2,4.0,5.6,4.707,1709755903.0,1060.0,1457.0,1018.0,1075.0,4.0,1,1,30
28,greedy,22,ATTIA_P028,4.8,4.4,5.6,4.563,1741498277.0,802.0,1457.0,939.0,1075.0,4.0,1,1,30
28,greedy,23,ATTIA_P074,5.6,4.0,5.2,4.707,379601074.0,1232.0,1457.0,1041.0,1075.0,4.0,1,1,30
28,greedy,24,ATTIA_P107,6.0,4.0,5.2,4.457,641675169.0,702.0,1457.0,1023.0,1075.0,4.0,1,1,30
28,greedy,25,ATTIA_P052,5.2,4.8,5.2,4.16,314790973.0,1061.0,1457.0,1001.0,1075.0,4.0,1,1,30
28,gp_ucb,0,,,,,,,,1199.0,,928.0,151.0,0,0,30
28,gp_ucb,1,ATTIA_P119,6.0,5.2,4.4,4.047,1834167000.0,925.0,1199.0,971.0,971.0,108.0,0,0,30
28,gp_ucb,2,ATTIA_P054,5.2,5.2,4.4,4.516,1898031558.0,1282.0,1282.0,1075.0,1075.0,4.0,1,1,30
28,gp_ucb,3,ATTIA_P079,5.6,4.8,4.4,4.563,1917759467.0,759.0,1282.0,975.0,1075.0,4.0,1,1,30
28,gp_ucb,4,ATTIA_P059,5.2,5.6,4.4,4.252,171493425.0,905.0,1282.0,917.0,1075.0,4.0,1,1,30
28,gp_ucb,5,ATTIA_P034,4.8,5.6,4.4,4.563,1860636484.0,808.0,1282.0,948.0,1075.0,4.0,1,1,30
28,gp_ucb,6,ATTIA_P089,5.6,5.6,4.4,4.017,1287934973.0,1039.0,1282.0,852.0,1075.0,4.0,1,1,30
28,gp_ucb,7,ATTIA_P125,6.0,5.6,4.4,3.834,1967314922.0,1064.0,1282.0,844.0,1075.0,4.0,1,1,30
28,gp_ucb,8,ATTIA_P131,6.0,6.0,4.4,3.667,1104413769.0,1066.0,1282.0,862.0,1075.0,4.0,1,1,30
28,gp_ucb,9,ATTIA_P095,5.6,6.0,4.4,3.834,1504155582.0,1009.0,1282.0,836.0,1075.0,4.0,1,1,30
28,gp_ucb,10,ATTIA_P055,5.2,5.2,4.8,4.16,1559874608.0,1082.0,1282.0,1003.0,1075.0,4.0,1,1,30
28,gp_ucb,11,ATTIA_P085,5.6,5.2,4.8,3.935,73059422.0,899.0,1282.0,878.0,1075.0,4.0,1,1,30
28,gp_ucb,12,ATTIA_P124,6.0,5.6,4.0,4.2,15285247.0,1135.0,1282.0,941.0,1075.0,4.0,1,1,30
28,gp_ucb,13,ATTIA_P118,6.0,5.2,4.0,4.457,283869905.0,881.0,1282.0,1029.0,1075.0,4.0,1,1,30
28,gp_ucb,14,ATTIA_P130,6.0,6.0,4.0,4.0,309561107.0,1046.0,1282.0,970.0,1075.0,4.0,1,1,30
28,gp_ucb,15,ATTIA_P094,5.6,6.0,4.0,4.2,655031857.0,697.0,1282.0,930.0,1075.0,4.0,1,1,30
28,gp_ucb,16,ATTIA_P051,5.2,4.8,4.8,4.457,1952038249.0,1042.0,1282.0,980.0,1075.0,4.0,1,1,30
28,gp_ucb,17,ATTIA_P080,5.6,4.8,4.8,4.2,655071880.0,1132.0,1282.0,917.0,1075.0,4.0,1,1,30
28,gp_ucb,18,ATTIA_P110,6.0,4.4,4.8,4.328,658863278.0,713.0,1282.0,958.0,1075.0,4.0,1,1,30
28,gp_ucb,19,ATTIA_P031,4.8,5.2,4.8,4.457,1985179201.0,1121.0,1282.0,966.0,1075.0,4.0,1,1,30
28,gp_ucb,20,ATTIA_P035,4.8,5.6,4.8,4.2,1558856545.0,817.0,1282.0,892.0,1075.0,4.0,1,1,30
28,gp_ucb,21,ATTIA_P060,5.2,5.6,4.8,3.935,1577133660.0,781.0,1282.0,867.0,1075.0,4.0,1,1,30
28,gp_ucb,22,ATTIA_P029,4.8,4.8,5.2,4.457,1222649822.0,1200.0,1282.0,962.0,1075.0,4.0,1,1,30
28,gp_ucb,23,ATTIA_P052,5.2,4.8,5.2,4.16,314790973.0,1061.0,1282.0,1001.0,1075.0,4.0,1,1,30
28,gp_ucb,24,ATTIA_P014,4.4,5.2,5.2,4.516,462209735.0,962.0,1282.0,1036.0,1075.0,4.0,1,1,30
28,gp_ucb,25,ATTIA_P049,5.2,4.4,5.2,4.516,135127924.0,1457.0,1457.0,1071.0,1075.0,4.0,1,1,30
29,random,0,,,,,,,,987.0,,816.0,263.0,0,0,30
29,random,1,ATTIA_P122,6.0,5.2,5.6,3.381,520285190.0,565.0,987.0,796.0,816.0,263.0,0,0,30
29,random,2,ATTIA_P061,5.2,5.6,5.2,3.702,1718866890.0,982.0,987.0,868.0,868.0,211.0,0,0,30
29,random,3,ATTIA_P082,5.6,4.8,5.6,3.733,2049879351.0,799.0,987.0,806.0,868.0,211.0,0,0,30
29,random,4,ATTIA_P187,8.0,4.0,5.2,3.759,155575520.0,744.0,987.0,753.0,868.0,211.0,0,0,30
29,random,5,ATTIA_P113,6.0,4.8,4.0,4.8,1713064423.0,809.0,987.0,1079.0,1079.0,0.0,1,1,30
29,random,6,ATTIA_P022,4.4,6.0,5.6,3.834,221491476.0,936.0,987.0,802.0,1079.0,0.0,1,1,30
29,random,7,ATTIA_P084,5.6,5.2,4.4,4.252,1498502456.0,1082.0,1082.0,928.0,1079.0,0.0,1,1,30
29,random,8,ATTIA_P211,8.0,5.6,5.6,2.847,1293688351.0,494.0,1082.0,596.0,1079.0,0.0,1,1,30
29,random,9,ATTIA_P131,6.0,6.0,4.4,3.667,1899439193.0,930.0,1082.0,862.0,1079.0,0.0,1,1,30
29,random,10,ATTIA_P024,4.4,7.0,4.4,4.239,75332746.0,660.0,1082.0,733.0,1079.0,0.0,1,1,30
29,random,11,ATTIA_P116,6.0,4.8,5.2,3.759,1163135777.0,944.0,1082.0,911.0,1079.0,0.0,1,1,30
29,random,12,ATTIA_P032,4.8,5.2,5.2,4.16,513533027.0,1236.0,1236.0,986.0,1079.0,0.0,1,1,30
29,random,13,ATTIA_P176,7.0,7.0,4.0,3.36,916233452.0,656.0,1236.0,618.0,1079.0,0.0,1,1,30
29,random,14,ATTIA_P130,6.0,6.0,4.0,4.0,1843958233.0,959.0,1236.0,970.0,1079.0,0.0,1,1,30
29,random,15,ATTIA_P010,4.0,7.0,4.8,4.308,1682390547.0,945.0,1236.0,754.0,1079.0,0.0,1,1,30
29,random,16,ATTIA_P002,3.6,7.0,5.6,4.271,954545520.0,639.0,1236.0,700.0,1079.0,0.0,1,1,30
29,random,17,ATTIA_P218,8.0,7.0,3.6,3.476,567124015.0,497.0,1236.0,605.0,1079.0,0.0,1,1,30
29,random,18,ATTIA_P165,7.0,5.6,4.4,3.513,748695946.0,785.0,1236.0,682.0,1079.0,0.0,1,1,30
29,random,19,ATTIA_P180,7.0,7.0,5.6,2.71,1548037997.0,473.0,1236.0,558.0,1079.0,0.0,1,1,30
29,random,20,ATTIA_P051,5.2,4.8,4.8,4.457,155756834.0,856.0,1236.0,980.0,1079.0,0.0,1,1,30
29,random,21,ATTIA_P156,7.0,4.8,5.6,3.294,1903617087.0,622.0,1236.0,673.0,1079.0,0.0,1,1,30
29,random,22,ATTIA_P125,6.0,5.6,4.4,3.834,368502306.0,852.0,1236.0,844.0,1079.0,0.0,1,1,30
29,random,23,ATTIA_P142,7.0,3.6,5.6,4.271,1240433815.0,833.0,1236.0,765.0,1079.0,0.0,1,1,30
29,random,24,ATTIA_P057,5.2,5.2,5.6,3.702,1692737659.0,826.0,1236.0,867.0,1079.0,0.0,1,1,30
29,random,25,ATTIA_P196,8.0,4.8,4.4,3.667,1697352830.0,847.0,1236.0,714.0,1079.0,0.0,1,1,30
29,greedy,0,,,,,,,,987.0,,816.0,263.0,0,0,30
29,greedy,1,ATTIA_P099,5.6,7.0,3.6,4.271,1275879015.0,654.0,987.0,737.0,816.0,263.0,0,0,30
29,greedy,2,ATTIA_P000,3.6,6.0,5.6,4.755,992589122.0,972.0,987.0,894.0,894.0,185.0,0,0,30
29,greedy,3,ATTIA_P001,3.6,7.0,5.2,4.537,783381903.0,571.0,987.0,776.0,894.0,185.0,0,0,30
29,greedy,4,ATTIA_P002,3.6,7.0,5.6,4.271,954545520.0,639.0,987.0,700.0,894.0,185.0,0,0,30
29,greedy,5,ATTIA_P003,4.0,5.2,5.6,4.707,185569238.0,1172.0,1172.0,971.0,971.0,108.0,0,0,30
29,greedy,6,ATTIA_P013,4.4,4.8,5.6,4.563,541027675.0,818.0,1172.0,923.0,971.0,108.0,0,0,30
29,greedy,7,ATTIA_P004,4.0,5.6,5.2,4.707,76552736.0,1110.0,1172.0,976.0,976.0,103.0,1,0,30
29,greedy,8,ATTIA_P014,4.4,5.2,5.2,4.516,559858606.0,1275.0,1275.0,1036.0,1036.0,43.0,1,1,30
29,greedy,9,ATTIA_P031,4.8,5.2,4.8,4.457,1957184392.0,799.0,1275.0,966.0,1036.0,43.0,1,1,30
29,greedy,10,ATTIA_P005,4.0,5.6,5.6,4.421,812133986.0,1173.0,1275.0,843.0,1036.0,43.0,1,1,30
29,greedy,11,ATTIA_P017,4.4,5.6,5.2,4.252,195677737.0,707.0,1275.0,886.0,1036.0,43.0,1,1,30
29,greedy,12,ATTIA_P015,4.4,5.2,5.6,4.252,239979328.0,522.0,1275.0,883.0,1036.0,43.0,1,1,30
29,greedy,13,ATTIA_P029,4.8,4.8,5.2,4.457,188212513.0,957.0,1275.0,962.0,1036.0,43.0,1,1,30
29,greedy,14,ATTIA_P007,4.0,6.0,5.2,4.457,1070401418.0,1080.0,1275.0,953.0,1036.0,43.0,1,1,30
29,greedy,15,ATTIA_P016,4.4,5.6,4.8,4.563,1107694458.0,1017.0,1275.0,930.0,1036.0,43.0,1,1,30
29,greedy,16,ATTIA_P006,4.0,6.0,4.8,4.8,1793377790.0,1211.0,1275.0,1000.0,1036.0,43.0,1,1,30
29,greedy,17,ATTIA_P019,4.4,6.0,4.4,4.714,34839524.0,1061.0,1275.0,961.0,1036.0,43.0,1,1,30
29,greedy,18,ATTIA_P038,4.8,6.0,4.0,4.8,767574446.0,1112.0,1275.0,1036.0,1036.0,43.0,1,1,30
29,greedy,19,ATTIA_P058,5.2,5.6,4.0,4.707,154695876.0,1105.0,1275.0,1030.0,1036.0,43.0,1,1,30
29,greedy,20,ATTIA_P083,5.6,5.2,4.0,4.707,35101807.0,862.0,1275.0,1044.0,1044.0,35.0,1,1,30
29,greedy,21,ATTIA_P034,4.8,5.6,4.4,4.563,144653248.0,1009.0,1275.0,948.0,1044.0,35.0,1,1,30
29,greedy,22,ATTIA_P093,5.6,6.0,3.6,4.755,725666588.0,770.0,1275.0,970.0,1044.0,35.0,1,1,30
29,greedy,23,ATTIA_P054,5.2,5.2,4.4,4.516,1883204865.0,1147.0,1275.0,1075.0,1075.0,4.0,1,1,30
29,greedy,24,ATTIA_P079,5.6,4.8,4.4,4.563,702246293.0,728.0,1275.0,975.0,1075.0,4.0,1,1,30
29,greedy,25,ATTIA_P063,5.2,6.0,4.0,4.457,745514126.0,989.0,1275.0,1004.0,1075.0,4.0,1,1,30
29,gp_ucb,0,,,,,,,,987.0,,816.0,263.0,0,0,30
29,gp_ucb,1,ATTIA_P093,5.6,6.0,3.6,4.755,725666588.0,770.0,987.0,970.0,970.0,109.0,0,0,30
29,gp_ucb,2,ATTIA_P099,5.6,7.0,3.6,4.271,1275879015.0,654.0,987.0,737.0,970.0,109.0,0,0,30
29,gp_ucb,3,ATTIA_P000,3.6,6.0,5.6,4.755,992589122.0,972.0,987.0,894.0,970.0,109.0,0,0,30
29,gp_ucb,4,ATTIA_P001,3.6,7.0,5.2,4.537,783381903.0,571.0,987.0,776.0,970.0,109.0,0,0,30
29,gp_ucb,5,ATTIA_P002,3.6,7.0,5.6,4.271,954545520.0,639.0,987.0,700.0,970.0,109.0,0,0,30
29,gp_ucb,6,ATTIA_P003,4.0,5.2,5.6,4.707,185569238.0,1172.0,1172.0,971.0,971.0,108.0,0,0,30
29,gp_ucb,7,ATTIA_P013,4.4,4.8,5.6,4.563,541027675.0,818.0,1172.0,923.0,971.0,108.0,0,0,30
29,gp_ucb,8,ATTIA_P004,4.0,5.6,5.2,4.707,76552736.0,1110.0,1172.0,976.0,976.0,103.0,1,0,30
29,gp_ucb,9,ATTIA_P005,4.0,5.6,5.6,4.421,812133986.0,1173.0,1173.0,843.0,976.0,103.0,1,0,30
29,gp_ucb,10,ATTIA_P014,4.4,5.2,5.2,4.516,559858606.0,1275.0,1275.0,1036.0,1036.0,43.0,1,1,30
29,gp_ucb,11,ATTIA_P017,4.4,5.6,5.2,4.252,195677737.0,707.0,1275.0,886.0,1036.0,43.0,1,1,30
29,gp_ucb,12,ATTIA_P029,4.8,4.8,5.2,4.457,188212513.0,957.0,1275.0,962.0,1036.0,43.0,1,1,30
29,gp_ucb,13,ATTIA_P016,4.4,5.6,4.8,4.563,1107694458.0,1017.0,1275.0,930.0,1036.0,43.0,1,1,30
29,gp_ucb,14,ATTIA_P031,4.8,5.2,4.8,4.457,1957184392.0,799.0,1275.0,966.0,1036.0,43.0,1,1,30
29,gp_ucb,15,ATTIA_P015,4.4,5.2,5.6,4.252,239979328.0,522.0,1275.0,883.0,1036.0,43.0,1,1,30
29,gp_ucb,16,ATTIA_P007,4.0,6.0,5.2,4.457,1070401418.0,1080.0,1275.0,953.0,1036.0,43.0,1,1,30
29,gp_ucb,17,ATTIA_P006,4.0,6.0,4.8,4.8,1793377790.0,1211.0,1275.0,1000.0,1036.0,43.0,1,1,30
29,gp_ucb,18,ATTIA_P019,4.4,6.0,4.4,4.714,34839524.0,1061.0,1275.0,961.0,1036.0,43.0,1,1,30
29,gp_ucb,19,ATTIA_P034,4.8,5.6,4.4,4.563,144653248.0,1009.0,1275.0,948.0,1036.0,43.0,1,1,30
29,gp_ucb,20,ATTIA_P038,4.8,6.0,4.0,4.8,767574446.0,1112.0,1275.0,1036.0,1036.0,43.0,1,1,30
29,gp_ucb,21,ATTIA_P106,6.0,4.0,4.8,4.8,466931121.0,948.0,1275.0,1076.0,1076.0,3.0,1,1,30
29,gp_ucb,22,ATTIA_P058,5.2,5.6,4.0,4.707,154695876.0,1105.0,1275.0,1030.0,1076.0,3.0,1,1,30
29,gp_ucb,23,ATTIA_P113,6.0,4.8,4.0,4.8,1713064423.0,809.0,1275.0,1079.0,1079.0,0.0,1,1,30
29,gp_ucb,24,ATTIA_P184,8.0,4.0,4.0,4.8,660156900.0,614.0,1275.0,854.0,1079.0,0.0,1,1,30
29,gp_ucb,25,ATTIA_P054,5.2,5.2,4.4,4.516,1883204865.0,1147.0,1275.0,1075.0,1079.0,0.0,1,1,30
