benchmark_seed,step,candidate_id,C1,C2,C3,C4,predicted_mean,predicted_std,acquisition_method,acquisition_score,exploration_score,exploitation_score,controller_reason,simulated_lifetime,best_observed_lifetime,should_stop,stop_reason
0,1,ATTIA_CONT_98419c1a490a,6.2976,3.6,5.3718,4.748167522688838,961.5846627879504,136.24325713471404,gp_ucb,1317.5595704973737,163.19632980270134,23.79138678938597,Early exploration phase (step 1/25); prioritizing epistemic coverage (beta=2.61).,989.0,1078.0,False,"Active search warranted (max EI: 22.58 cycles, max std: 166.53)."
0,2,ATTIA_CONT_8119b92ded22,8.0,3.6,5.6,3.9685039370078754,982.0317868419575,126.94292066627412,gp_ucb,1347.3099031975794,149.291060089475,30.600496851489805,Early exploration phase (step 2/25); prioritizing epistemic coverage (beta=2.88).,968.0,1078.0,False,"Active search warranted (max EI: 24.11 cycles, max std: 155.51)."
0,3,ATTIA_CONT_8d56312fa453,7.8732,3.6,4.8311,4.513649715957106,976.4352698288768,119.55163934821925,gp_ucb,1312.8834076954138,135.79951087472665,27.015722328309675,Stagnation detected (4 steps without improvement) with high epistemic variance (144.5); boosting exploration (beta=2.81).,1035.0,1078.0,False,"Active search warranted (max EI: 19.85 cycles, max std: 144.47)."
0,4,ATTIA_CONT_73c5c0140996,7.909753607710924,4.092752814278714,3.927032310520309,4.809366321101284,878.1514113760547,134.9233087687253,gp_ucb,1249.1291766440045,129.64740301776487,35.410175235852066,Stagnation detected (5 steps without improvement) with high epistemic variance (140.9); boosting exploration (beta=2.75).,819.0,1078.0,False,"Active search warranted (max EI: 21.72 cycles, max std: 140.92)."
0,5,ATTIA_CONT_e4ac54c7ae5f,6.5505,4.0547,4.8124,4.41990249965183,1016.358078137279,73.3563123842711,gp_ucb,1213.193720723359,117.37590557722534,34.89574547610849,Stagnation detected (6 steps without improvement) with high epistemic variance (130.4); boosting exploration (beta=2.68).,744.0,1078.0,False,"Active search warranted (max EI: 21.45 cycles, max std: 130.42)."
0,6,ATTIA_CONT_bad708a1d14f,7.1649,3.6,5.6,4.212036657953582,973.6029599020314,118.7303359077094,gp_ucb,1284.1230815231388,130.43714548183556,12.75252691829116,Stagnation detected (7 steps without improvement) with high epistemic variance (148.2); boosting exploration (beta=2.62).,343.0,1078.0,False,"Active search warranted (max EI: 12.75 cycles, max std: 148.22)."
0,7,ATTIA_CONT_34be492b1731,7.94520419180218,3.61063660226157,5.564706615655737,3.9871171355349717,806.4886277740324,203.81515691552028,gp_ucb,1325.317314202865,175.58681705832802,8.661965262322909,Stagnation detected (8 steps without improvement) with high epistemic variance (204.2); boosting exploration (beta=2.55).,840.0,1078.0,False,"Active search warranted (max EI: 8.66 cycles, max std: 204.17)."
0,8,ATTIA_CONT_325af4eee429,7.9772,3.6371,4.8134,4.438952254534987,900.7292823280662,180.52045098420535,gp_ucb,1347.3122444108674,167.83721509522104,24.849082466216576,Stagnation detected (9 steps without improvement) with high epistemic variance (199.8); boosting exploration (beta=2.47).,726.0,1078.0,False,"Active search warranted (max EI: 24.85 cycles, max std: 199.81)."
0,9,ATTIA_CONT_b7c5baa90d52,7.7752,3.6157,4.8229,4.528913079139617,910.3900798422143,167.53562911362323,gp_ucb,1312.4707230995414,155.90162888677995,7.492120955916429,Stagnation detected (10 steps without improvement) with high epistemic variance (190.1); boosting exploration (beta=2.40).,875.0,1078.0,False,"Active search warranted (max EI: 7.49 cycles, max std: 190.12)."
0,10,ATTIA_CONT_371dee7ee580,6.9875,4.0476,5.1838,3.995972557014646,951.1107960273544,154.7991738837935,gp_ucb,1310.8313448223748,147.525489587264,11.526777686304971,Stagnation detected (11 steps without improvement) with high epistemic variance (184.4); boosting exploration (beta=2.32).,742.0,1078.0,False,"Active search warranted (max EI: 11.53 cycles, max std: 184.41)."
0,11,ATTIA_CONT_8437ae77c657,7.0008,3.996,5.2012,4.032600493396246,881.1680618074345,168.68515059546502,gp_ucb,1259.865339092847,138.7395942956741,6.4927843376113366,Stagnation detected (12 steps without improvement) with high epistemic variance (177.9); boosting exploration (beta=2.24).,789.0,1078.0,False,"Active search warranted (max EI: 6.49 cycles, max std: 177.87)."
0,12,ATTIA_CONT_8c82f1005d8e,6.9756,4.0089,5.1915,4.033739024673612,799.973278919563,172.1636221346389,gp_ucb,1172.4193292286898,130.8902863510557,3.861321192677428,Stagnation detected (13 steps without improvement) with high epistemic variance (172.2); boosting exploration (beta=2.16).,847.0,1078.0,False,"Active search warranted (max EI: 3.86 cycles, max std: 172.22)."
0,13,ATTIA_CONT_5023c1a04a02,7.8719596998000885,3.6421933333536685,5.595309694879511,3.95226906929934,808.1875906953647,167.3017310572828,gp_ucb,1155.91770875789,124.09966473105973,3.772678041649092,Stagnation detected (14 steps without improvement) with high epistemic variance (167.7); boosting exploration (beta=2.08).,996.0,1078.0,False,"Active search warranted (max EI: 3.77 cycles, max std: 167.70)."
0,14,ATTIA_CONT_c068ebbd25eb,7.9167,3.6333,5.6,3.9492167956357664,872.1068071248419,161.78116102048733,gp_ucb,1194.047020230159,122.44094478306198,7.137170428658099,Stagnation detected (15 steps without improvement) with high epistemic variance (170.1); boosting exploration (beta=1.99).,466.0,1078.0,False,"Active search warranted (max EI: 7.14 cycles, max std: 170.06)."
0,15,ATTIA_CONT_e93f5642c611,4.4922,5.8283,5.0913,4.119716491127695,791.6315789473684,181.47326864199962,gp_ucb,1135.9528969539665,127.03128804939973,4.440726793298214,Stagnation detected (16 steps without improvement) with high epistemic variance (181.5); boosting exploration (beta=1.90).,1178.0,1178.0,False,"Active search warranted (max EI: 4.44 cycles, max std: 181.47)."
0,16,ATTIA_CONT_dbe9bcc9aaf2,6.0073,5.397,4.1866,4.11990966841614,810.95,195.8998374627408,expected_improvement,2.317942879904665,133.21188947466374,2.317942879904665,Balancing predicted mean (811.0) and posterior epistemic uncertainty (195.9).,1060.0,1178.0,False,"Active search warranted (max EI: 2.32 cycles, max std: 195.90)."
0,17,ATTIA_CONT_7fde809e9198,5.2889,6.4957,3.8166,4.380263007594704,822.8095238095239,198.40023577014085,expected_improvement,2.9020012657305614,130.94415560829296,2.9020012657305614,Balancing predicted mean (822.8) and posterior epistemic uncertainty (198.4).,1259.0,1259.0,False,"Active search warranted (max EI: 2.90 cycles, max std: 198.40)."
0,18,ATTIA_CONT_7a0598eddd51,4.6368,6.7598,3.9223,4.655893728333682,842.6363636363636,214.07525547196434,expected_improvement,2.103719347209262,137.0081635020572,2.103719347209262,Balancing predicted mean (842.6) and posterior epistemic uncertainty (214.1).,821.0,1259.0,False,"Active search warranted (max EI: 2.10 cycles, max std: 214.08)."
0,19,ATTIA_CONT_99d94c931f9f,7.1223,6.9405,4.1421,3.252836692007384,841.695652173913,209.41434820145125,expected_improvement,1.8128236349924158,129.83689588489977,1.8128236349924158,Balancing predicted mean (841.7) and posterior epistemic uncertainty (209.4).,708.0,1259.0,False,"Active search warranted (max EI: 1.81 cycles, max std: 209.41)."
0,20,ATTIA_CONT_e390bd57b2b8,7.3083,6.7469,3.9728,3.3718312201035783,836.125,206.74044059089684,expected_improvement,1.5526302728433112,124.0442643545381,1.5526302728433112,Balancing predicted mean (836.1) and posterior epistemic uncertainty (206.7).,577.0,1259.0,False,"Active search warranted (max EI: 1.55 cycles, max std: 206.74)."
0,21,ATTIA_CONT_8943cdfa3bf3,5.4731,6.1351,5.5434,3.254887370037382,825.76,208.83109702529333,expected_improvement,1.4483882363685403,121.12203627467012,1.4483882363685403,Balancing predicted mean (825.8) and posterior epistemic uncertainty (208.8).,685.0,1259.0,False,"Active search warranted (max EI: 1.45 cycles, max std: 208.83)."
0,22,ATTIA_CONT_d2bb276ec0ce,6.1385,5.7348,4.317,3.7819945729303672,820.3461538461538,206.56007287833165,greedy,820.3461538461538,115.67364081186574,1.2512810763280937,Late budget phase (12% remaining); switching to pure exploitation of posterior mean.,817.0,1259.0,False,"Active search warranted (max EI: 1.25 cycles, max std: 206.56)."
0,23,ATTIA_CONT_d9c0b5fcc657,5.026,6.6259,4.1407,4.1332561743534395,820.2222222222222,202.70763290289622,greedy,820.2222222222222,109.46212176756397,1.094923492386581,Late budget phase (8% remaining); switching to pure exploitation of posterior mean.,783.0,1259.0,False,"Active search warranted (max EI: 1.09 cycles, max std: 202.71)."
0,24,ATTIA_CONT_0346cf52763e,7.4458,6.8245,4.8004,2.905434706592404,818.8928571428571,199.1640300730808,greedy,818.8928571428571,103.56529563800201,0.9464556658412606,Late budget phase (4% remaining); switching to pure exploitation of posterior mean.,564.0,1259.0,False,"Active search warranted (max EI: 0.95 cycles, max std: 199.16)."
0,25,ATTIA_CONT_151c0f77de8c,7.478,4.0966,4.1602,4.648356225291967,810.1034482758621,201.1507743432572,greedy,810.1034482758621,100.5753871716286,0.8978944849244082,Late budget phase (0% remaining); switching to pure exploitation of posterior mean.,603.0,1259.0,False,"Active search warranted (max EI: 0.90 cycles, max std: 201.15)."
1,1,ATTIA_CONT_e7de211ce4dc,7.2166,5.3426,4.727,3.377939317952025,788.8,77.70045105823951,gp_ucb,941.0611663014272,76.14644203707472,3.9217101977108246,Early exploration phase (step 1/25); prioritizing epistemic coverage (beta=1.96).,678.0,886.0,False,"Active search warranted (max EI: 3.92 cycles, max std: 77.70)."
1,2,ATTIA_CONT_dc4666f198aa,5.0042,6.7944,3.9909,4.241761488960554,770.3333333333334,82.07449621370492,gp_ucb,954.0205462274585,78.79151636515672,2.9476869213116714,Early exploration phase (step 2/25); prioritizing epistemic coverage (beta=2.24).,741.0,886.0,False,"Active search warranted (max EI: 2.95 cycles, max std: 82.07)."
1,3,ATTIA_CONT_dcf12981de85,5.0451,5.7364,4.3478,4.3328595263376695,766.1428571428571,76.6763678339333,expected_improvement,1.942217245492185,72.0757857638973,1.942217245492185,Balancing predicted mean (766.1) and posterior epistemic uncertainty (76.7).,1253.0,1253.0,False,"Active search warranted (max EI: 1.94 cycles, max std: 76.68)."
1,4,ATTIA_CONT_225a068873ca,4.3262,6.5395,5.1342,3.9293596431953355,827.0,176.26542499948832,expected_improvement,0.4557030807517859,162.16419099952924,0.4557030807517859,Balancing predicted mean (827.0) and posterior epistemic uncertainty (176.3).,829.0,1253.0,False,"Active search warranted (max EI: 0.46 cycles, max std: 176.27)."
1,5,ATTIA_CONT_e93f5642c611,4.4922,5.8283,5.0913,4.119716491127695,827.2222222222222,166.18582492538573,expected_improvement,0.2742939787051575,149.56724243284717,0.2742939787051575,Balancing predicted mean (827.2) and posterior epistemic uncertainty (166.2).,768.0,1253.0,False,"Active search warranted (max EI: 0.27 cycles, max std: 166.19)."
1,6,ATTIA_CONT_dbe9bcc9aaf2,6.0073,5.397,4.1866,4.11990966841614,821.3,158.655633279052,expected_improvement,0.15697221524384863,139.61695728556577,0.15697221524384863,Balancing predicted mean (821.3) and posterior epistemic uncertainty (158.7).,1246.0,1253.0,False,"Active search warranted (max EI: 0.16 cycles, max std: 158.66)."
1,7,ATTIA_CONT_0be6f5d81274,5.5486,5.54,4.1139,4.356844157358235,1211.568143176419,131.7179208132351,gp_ucb,1546.8672464527344,162.406550100662,82.51685425762469,Stagnation detected (3 steps without improvement) with high epistemic variance (188.8); boosting exploration (beta=2.55).,637.0,1253.0,False,"Active search warranted (max EI: 49.73 cycles, max std: 188.84)."
1,8,ATTIA_CONT_7a0598eddd51,4.6368,6.7598,3.9223,4.655893728333682,841.3333333333334,196.05200413814626,gp_ucb,1326.339206038698,164.6836834760429,1.268707150736935,Stagnation detected (4 steps without improvement) with high epistemic variance (196.1); boosting exploration (beta=2.47).,946.0,1253.0,False,"Active search warranted (max EI: 1.27 cycles, max std: 196.05)."
1,9,ATTIA_CONT_99d94c931f9f,7.1223,6.9405,4.1421,3.252836692007384,849.3846153846154,190.4143432131666,gp_ucb,1306.3790390962154,156.13976143479664,1.166180318556009,Stagnation detected (5 steps without improvement) with high epistemic variance (190.4); boosting exploration (beta=2.40).,799.0,1253.0,False,"Active search warranted (max EI: 1.17 cycles, max std: 190.41)."
1,10,ATTIA_CONT_e390bd57b2b8,7.3083,6.7469,3.9728,3.3718312201035783,845.7857142857143,183.94610198003465,gp_ucb,1273.2378280267817,147.15688158402773,0.8642088161498771,Stagnation detected (6 steps without improvement) with high epistemic variance (183.9); boosting exploration (beta=2.32).,683.0,1253.0,False,"Active search warranted (max EI: 0.86 cycles, max std: 183.95)."
1,11,ATTIA_CONT_8943cdfa3bf3,5.4731,6.1351,5.5434,3.254887370037382,834.9333333333333,182.2889601336588,gp_ucb,1244.1710338602002,142.18538890425387,0.6803162803221312,Stagnation detected (7 steps without improvement) with high epistemic variance (182.3); boosting exploration (beta=2.24).,633.0,1253.0,False,"Active search warranted (max EI: 0.68 cycles, max std: 182.29)."
1,12,ATTIA_CONT_d2bb276ec0ce,6.1385,5.7348,4.317,3.7819945729303672,822.3125,183.14397040842633,gp_ucb,1218.5134856597845,139.189417510404,0.5757408870138576,Stagnation detected (8 steps without improvement) with high epistemic variance (183.1); boosting exploration (beta=2.16).,1023.0,1253.0,False,"Active search warranted (max EI: 0.58 cycles, max std: 183.14)."
1,13,ATTIA_CONT_d9c0b5fcc657,5.026,6.6259,4.1407,4.1332561743534395,834.1176470588235,183.84356605432797,gp_ucb,1216.2293235197128,136.0442388802027,0.7167166466301031,Stagnation detected (9 steps without improvement) with high epistemic variance (183.8); boosting exploration (beta=2.08).,648.0,1253.0,False,"Active search warranted (max EI: 0.72 cycles, max std: 183.84)."
1,14,ATTIA_CONT_bebbb9dfdbca,6.0165,5.4471,4.1716,4.101325012759644,1142.776270333628,120.30052715837878,gp_ucb,1382.1713520515066,132.22208945122932,5.554999315299515,Stagnation detected (10 steps without improvement) with high epistemic variance (183.6); boosting exploration (beta=1.99).,1117.0,1253.0,False,"Active search warranted (max EI: 5.55 cycles, max std: 183.64)."
1,15,ATTIA_CONT_5bd8e48671c1,4.9879,5.7882,4.3686,4.325697467064543,1158.2514187113322,115.03380806205055,gp_ucb,1376.512928883981,126.23267901803861,14.41613592023753,Stagnation detected (11 steps without improvement) with high epistemic variance (180.3); boosting exploration (beta=1.90).,673.0,1253.0,False,"Active search warranted (max EI: 14.42 cycles, max std: 180.33)."
1,16,ATTIA_CONT_7ef7d1bb54b2,6.0096,5.4167,4.1815,4.112348912589686,1200.5537575980923,113.30945665907929,gp_ucb,1404.51122289336,127.38928704807353,14.02967480869146,Stagnation detected (12 steps without improvement) with high epistemic variance (187.3); boosting exploration (beta=1.80).,993.0,1253.0,False,"Active search warranted (max EI: 14.03 cycles, max std: 187.34)."
1,17,ATTIA_CONT_d324dc684b1a,6.053340657614424,5.37755570011441,4.167637774853481,4.128254536495639,943.2406183357554,177.25130667799135,gp_ucb,1244.0460605585972,121.29379520667936,2.883710320844271,Stagnation detected (13 steps without improvement) with high epistemic variance (183.8); boosting exploration (beta=1.70).,1424.0,1424.0,False,"Active search warranted (max EI: 2.88 cycles, max std: 183.78)."
1,18,ATTIA_CONT_ebf0204caea7,6.069543673233952,5.39462125285692,4.134242244596248,4.143803547992668,1053.8006539202627,198.2201258411514,expected_improvement,2.382175234007809,134.36490878457263,2.382175234007809,Balancing predicted mean (1053.8) and posterior epistemic uncertainty (209.9).,899.0,1424.0,False,"Active search warranted (max EI: 2.38 cycles, max std: 209.95)."
1,19,ATTIA_CONT_8485ddceda71,6.0454,5.3782,4.1733,4.126025917030608,1203.7779436653968,166.98597303020256,expected_improvement,7.302628372560388,128.1603993756725,0.8642572099048698,Balancing predicted mean (1006.8) and posterior epistemic uncertainty (206.7).,1053.0,1424.0,False,"Active search warranted (max EI: 0.86 cycles, max std: 206.71)."
1,20,ATTIA_CONT_3a5500844b44,6.0399,5.3814,4.1766,4.123486418007419,1095.836709597404,178.15341962604734,expected_improvement,2.286018426962034,122.14713439725978,0.40293815606431016,Balancing predicted mean (928.8) and posterior epistemic uncertainty (203.6).,995.0,1424.0,False,"Active search warranted (max EI: 0.40 cycles, max std: 203.58)."
1,21,ATTIA_CONT_f6c43a729dee,6.0348,5.3845,4.1788,4.121903747274541,1062.8638758024592,179.1641206045718,expected_improvement,1.458306240932301,116.51872417232994,0.284317085521022,Balancing predicted mean (916.4) and posterior epistemic uncertainty (200.9).,750.0,1424.0,False,"Active search warranted (max EI: 0.28 cycles, max std: 200.89)."
1,22,ATTIA_CONT_1f60065f2f91,6.0337,5.3954,4.1765,4.118284617283256,988.8650317982674,193.02033672312928,greedy,988.8647528008503,113.83747041866057,0.6255488299413159,Late budget phase (12% remaining); switching to pure exploitation of posterior mean.,742.0,1424.0,False,"Active search warranted (max EI: 0.63 cycles, max std: 203.28)."
1,23,ATTIA_CONT_b92eed277eca,6.141034872316588,5.387721908564735,4.17149508093223,4.078886974206577,938.5177947848026,199.1987688254164,greedy,938.5177947848027,109.82907950182165,0.4841234759321611,Late budget phase (8% remaining); switching to pure exploitation of posterior mean.,1112.0,1424.0,False,"Active search warranted (max EI: 0.48 cycles, max std: 203.39)."
1,24,ATTIA_CONT_a8f1bebfcc50,6.0616,5.3944,4.177,4.105483197837555,968.904450353774,196.2304038792335,greedy,968.9044170931592,105.94627045565115,0.6001734225602933,Late budget phase (4% remaining); switching to pure exploitation of posterior mean.,989.0,1424.0,False,"Active search warranted (max EI: 0.60 cycles, max std: 203.74)."
1,25,ATTIA_CONT_314620741eaf,6.064712730769501,5.2255343527815405,4.276750939193082,4.110917279111059,937.7753865279929,197.93424400677264,greedy,937.7753865279929,100.44876417491582,0.45349360966104957,Late budget phase (0% remaining); switching to pure exploitation of posterior mean.,1098.0,1424.0,False,"Active search warranted (max EI: 0.45 cycles, max std: 200.90)."
2,1,ATTIA_CONT_8943cdfa3bf3,5.4731,6.1351,5.5434,3.254887370037382,754.2,133.07351705080308,gp_ucb,1058.431400715223,130.412046709787,5.168583722782337,Early exploration phase (step 1/25); prioritizing epistemic coverage (beta=2.29).,804.0,937.0,False,"Active search warranted (max EI: 5.17 cycles, max std: 133.07)."
2,2,ATTIA_CONT_d2bb276ec0ce,6.1385,5.7348,4.317,3.7819945729303672,762.5,122.88856818172248,gp_ucb,1076.8215302083568,117.97302545445358,4.31061934876538,Early exploration phase (step 2/25); prioritizing epistemic coverage (beta=2.56).,589.0,937.0,False,"Active search warranted (max EI: 4.31 cycles, max std: 122.89)."
2,3,ATTIA_CONT_d9c0b5fcc657,5.026,6.6259,4.1407,4.1332561743534395,737.7142857142857,128.95813812458132,gp_ucb,1100.6346557644995,121.22064983710644,3.404806831635936,Stagnation detected (3 steps without improvement) with high epistemic variance (129.0); boosting exploration (beta=2.81).,444.0,937.0,False,"Active search warranted (max EI: 3.40 cycles, max std: 128.96)."
2,4,ATTIA_CONT_689c4750d8ad,5.2019,5.2855,5.4113,3.743908496514228,815.4236775627242,139.85814564971537,gp_ucb,1199.9696565185895,146.2095590948937,18.601451846284185,Stagnation detected (4 steps without improvement) with high epistemic variance (158.9); boosting exploration (beta=2.75).,804.0,937.0,False,"Active search warranted (max EI: 18.60 cycles, max std: 158.92)."
2,5,ATTIA_CONT_15fe39cfbb54,4.759,5.7658,5.3187,3.8203982437061277,824.8840870156126,131.93912446241038,gp_ucb,1178.913925016487,136.78148199505168,18.895222701128713,Stagnation detected (5 steps without improvement) with high epistemic variance (152.0); boosting exploration (beta=2.68).,704.0,937.0,False,"Active search warranted (max EI: 18.90 cycles, max std: 151.98)."
2,6,ATTIA_CONT_0302e12ec4a3,5.4052,5.5366,5.2928,3.587133458849436,839.6841152267621,119.18238385744209,gp_ucb,1151.385743028483,125.52372223578541,15.677655479572113,Stagnation detected (6 steps without improvement) with high epistemic variance (142.6); boosting exploration (beta=2.62).,1018.0,1018.0,False,"Active search warranted (max EI: 15.68 cycles, max std: 142.64)."
2,7,ATTIA_CONT_0a57496f94c2,5.4137,5.6551,5.216,3.5705683593684725,984.2331452634238,68.3702139517559,expected_improvement,13.649780841254048,138.67988594789935,12.23602227060595,Balancing predicted mean (993.1) and posterior epistemic uncertainty (161.3).,725.0,1018.0,False,"Active search warranted (max EI: 12.24 cycles, max std: 161.26)."
2,8,ATTIA_CONT_f919cbc14079,5.3369,5.4873,5.3159,3.6283844709962763,828.1766738796771,141.84936841891627,expected_improvement,5.950080236583396,129.3221239749485,5.838533512332095,Balancing predicted mean (828.3) and posterior epistemic uncertainty (154.0).,778.0,1018.0,False,"Active search warranted (max EI: 5.84 cycles, max std: 153.95)."
2,9,ATTIA_CONT_bfbe2ee4bb66,6.1231,4.9265,5.6,3.466660223763807,806.5492520488324,150.65494008172195,expected_improvement,5.4804653871379045,137.0210667721649,5.382870950270043,Balancing predicted mean (826.3) and posterior epistemic uncertainty (167.1).,608.0,1018.0,False,"Active search warranted (max EI: 5.38 cycles, max std: 167.10)."
2,10,ATTIA_CONT_a982afcaf682,5.2909,5.5281,5.2781,3.649988351781172,812.4722777712159,134.3822791241983,gp_ucb,1124.7484753579038,116.88626080605702,3.5820023948448174,Stagnation detected (3 steps without improvement) with high epistemic variance (146.1); boosting exploration (beta=2.32).,699.0,1018.0,False,"Active search warranted (max EI: 3.58 cycles, max std: 146.11)."
2,11,ATTIA_CONT_e30b16a14bc0,5.3464,5.5287,5.282,3.6219415577380465,777.0243782614922,136.97462943019218,gp_ucb,1084.5317224488208,110.99179405522388,2.0541956603424527,Stagnation detected (4 steps without improvement) with high epistemic variance (142.3); boosting exploration (beta=2.24).,793.0,1018.0,False,"Active search warranted (max EI: 2.05 cycles, max std: 142.30)."
2,12,ATTIA_CONT_886a51133af9,5.4436,5.5124,5.3209,3.567809104680739,939.8629681420991,102.21221253167562,gp_ucb,1160.9812722203794,107.5048894004663,13.272244090420823,Stagnation detected (5 steps without improvement) with high epistemic variance (141.5); boosting exploration (beta=2.16).,777.0,1018.0,False,"Active search warranted (max EI: 13.27 cycles, max std: 141.45)."
2,13,ATTIA_CONT_86a12f43b0ba,5.2878,5.5465,5.2727,3.646059033522587,787.8125506714738,126.16019185493953,gp_ucb,1050.0315559977917,100.12845093626966,1.6427298843594667,Stagnation detected (6 steps without improvement) with high epistemic variance (135.3); boosting exploration (beta=2.08).,1087.0,1087.0,False,"Active search warranted (max EI: 1.64 cycles, max std: 135.31)."
2,14,ATTIA_CONT_60ba8e33a522,5.2557,5.5615,5.2586,3.661777265173442,817.1177023623765,145.55239173136607,expected_improvement,1.8104440641439155,110.11200408513166,1.787742088936957,Balancing predicted mean (816.7) and posterior epistemic uncertainty (152.9).,990.0,1087.0,False,"Active search warranted (max EI: 1.79 cycles, max std: 152.93)."
2,15,ATTIA_CONT_5274cc826892,5.2287,5.579,5.2455,3.673796040840975,848.4740629637846,146.40513304369856,expected_improvement,3.1746356008592276,109.89587408158734,3.0501965748993776,Balancing predicted mean (845.9) and posterior epistemic uncertainty (157.0).,1091.0,1091.0,False,"Active search warranted (max EI: 3.05 cycles, max std: 156.99)."
2,16,ATTIA_CONT_8c47a631c421,5.2212,5.5928,5.2411,3.673694733766274,915.5711202317589,149.3969637751053,expected_improvement,8.832797074452039,113.39262486192817,6.654946501377999,Balancing predicted mean (886.1) and posterior epistemic uncertainty (166.8).,803.0,1091.0,False,"Active search warranted (max EI: 6.65 cycles, max std: 166.75)."
2,17,ATTIA_CONT_b8c99bbb3b7e,5.2236,5.5832,5.2409,3.676757137487553,880.8634190002459,150.03066854117833,expected_improvement,5.492982246181498,107.86377484450986,4.578519869339724,Balancing predicted mean (858.4) and posterior epistemic uncertainty (163.4).,631.0,1091.0,False,"Active search warranted (max EI: 4.58 cycles, max std: 163.43)."
2,18,ATTIA_CONT_e0bc5da22277,5.2579,5.5616,5.2593,3.6603276213270446,832.4087548089853,158.66785932062035,expected_improvement,3.436112069884784,105.12590478031909,3.308143503077561,Balancing predicted mean (828.8) and posterior epistemic uncertainty (164.3).,941.0,1091.0,False,"Active search warranted (max EI: 3.31 cycles, max std: 164.26)."
2,19,ATTIA_CONT_2b475991de0b,5.2557,5.5644,5.2573,3.661151359311885,846.543053293821,156.47767632669823,gp_ucb,1076.5172919487359,101.51977982274826,3.8134566534707677,Stagnation detected (3 steps without improvement) with high epistemic variance (163.7); boosting exploration (beta=1.47).,904.0,1091.0,False,"Active search warranted (max EI: 3.81 cycles, max std: 163.74)."
2,20,ATTIA_CONT_241e23b81021,5.2518,5.5663,5.2562,3.6627573039004133,855.1263941959559,153.27646172244394,expected_improvement,4.108039884415366,97.17673804534941,3.650867342597026,Balancing predicted mean (842.7) and posterior epistemic uncertainty (162.0).,881.0,1091.0,False,"Active search warranted (max EI: 3.65 cycles, max std: 161.96)."
2,21,ATTIA_CONT_62a845a99caa,5.156256622721407,5.575629998897973,5.2466163118929305,3.7113570046875433,846.9093316983465,152.85685831654112,expected_improvement,3.578546968703428,92.70195212250086,3.578546968703428,Balancing predicted mean (846.9) and posterior epistemic uncertainty (159.8).,836.0,1091.0,False,"Active search warranted (max EI: 3.58 cycles, max std: 159.83)."
2,22,ATTIA_CONT_45208effde09,5.1657,5.5414,5.3641,3.6648246340765214,854.436866661363,137.65226168642525,greedy,854.4368895220119,102.83869282593669,4.402818293725584,Late budget phase (12% remaining); switching to pure exploitation of posterior mean.,963.0,1091.0,False,"Active search warranted (max EI: 4.40 cycles, max std: 183.64)."
2,23,ATTIA_CONT_9db5bf349dc2,5.1201,5.5286,5.4227,3.6665352283099155,864.1006250281245,135.84000039859774,greedy,864.1006209374616,104.4087771125673,5.989698151566596,Late budget phase (8% remaining); switching to pure exploitation of posterior mean.,791.0,1091.0,False,"Active search warranted (max EI: 5.99 cycles, max std: 193.35)."
2,24,ATTIA_CONT_c0b6152d437a,5.1392,5.5381,5.4001,3.662984604700366,857.7155864122914,132.5492030075839,greedy,857.7155649104056,100.17178224397885,5.861479932869479,Late budget phase (4% remaining); switching to pure exploitation of posterior mean.,606.0,1091.0,False,"Active search warranted (max EI: 5.86 cycles, max std: 192.64)."
2,25,ATTIA_CONT_09f5aca49273,5.2672,5.5669,5.2477,3.6591665167328373,854.8160986764866,149.28007175831868,greedy,854.816021892019,77.8591533561481,2.8902729286718447,Late budget phase (0% remaining); switching to pure exploitation of posterior mean.,595.0,1091.0,False,"Active search warranted (max EI: 2.89 cycles, max std: 155.72)."
3,1,ATTIA_CONT_47952847082c,7.6979,6.5872,3.9638,3.3407381688219457,698.6,224.04962317399634,gp_ucb,1283.994404095083,219.5686307105164,21.459974497541957,Early exploration phase (step 1/25); prioritizing epistemic coverage (beta=2.61).,708.0,906.0,False,"Active search warranted (max EI: 21.46 cycles, max std: 224.05)."
3,2,ATTIA_CONT_e26f2b415a9f,5.6158,5.1823,5.3683,3.622911571389318,768.1245759433366,193.0916412015177,gp_ucb,1323.7455662894472,196.37756568887406,32.54240712107874,Early exploration phase (step 2/25); prioritizing epistemic coverage (beta=2.88).,1300.0,1300.0,False,"Active search warranted (max EI: 32.54 cycles, max std: 204.56)."
3,3,ATTIA_CONT_1eeb5fecc9bb,5.5652,5.138,5.3412,3.679268361305881,1224.3028451892865,147.9022404404038,expected_improvement,28.716393916226934,262.91691686368614,26.307293516992573,Balancing predicted mean (1159.1) and posterior epistemic uncertainty (279.7).,821.0,1300.0,False,"Active search warranted (max EI: 26.31 cycles, max std: 279.70)."
3,4,ATTIA_CONT_063ed815fe9b,5.6274,5.2073,5.3739,3.6034908806668566,887.1239718055338,252.94384422327147,expected_improvement,5.445286194601621,242.23684837283545,5.288748112285379,Balancing predicted mean (883.2) and posterior epistemic uncertainty (263.3).,807.0,1300.0,False,"Active search warranted (max EI: 5.29 cycles, max std: 263.30)."
3,5,ATTIA_CONT_7571efac47df,5.6073,5.1928,5.3886,3.612154453578954,861.8489826899511,241.49085332065135,expected_improvement,3.3244356887253392,224.0309325112098,3.2748045301891473,Balancing predicted mean (859.6) and posterior epistemic uncertainty (248.9).,1053.0,1300.0,False,"Active search warranted (max EI: 3.27 cycles, max std: 248.92)."
3,6,ATTIA_CONT_631c6131f739,5.5863,5.3226,5.3309,3.5860252241140596,917.6806419746362,230.31284918969288,gp_ucb,1520.0269856266336,218.68451518846376,4.625144034895158,Stagnation detected (3 steps without improvement) with high epistemic variance (248.5); boosting exploration (beta=2.62).,617.0,1300.0,False,"Active search warranted (max EI: 4.63 cycles, max std: 248.51)."
3,7,ATTIA_CONT_092bdbfdfe75,5.6049,5.1665,5.3801,3.629853181120681,1138.5317056021208,183.64490100423185,gp_ucb,1606.0136951281975,206.21105507650753,4.664650279733191,Stagnation detected (4 steps without improvement) with high epistemic variance (239.8); boosting exploration (beta=2.55).,882.0,1300.0,False,"Active search warranted (max EI: 4.66 cycles, max std: 239.78)."
3,8,ATTIA_CONT_4b691069f3fe,5.616,5.1856,5.3657,3.622401367473228,1024.7841341215255,200.63852334809573,gp_ucb,1521.1362407755414,193.95410780179378,1.7017546465130202,Stagnation detected (5 steps without improvement) with high epistemic variance (230.9); boosting exploration (beta=2.47).,818.0,1300.0,False,"Active search warranted (max EI: 1.70 cycles, max std: 230.90)."
3,9,ATTIA_CONT_a532f2050736,5.6121,5.1793,5.3756,3.622599283227681,911.4530562227487,209.8486877501004,gp_ucb,1415.089939488583,183.65687204296142,2.1814245170865814,Stagnation detected (6 steps without improvement) with high epistemic variance (224.0); boosting exploration (beta=2.40).,826.0,1300.0,False,"Active search warranted (max EI: 2.18 cycles, max std: 223.97)."
3,10,ATTIA_CONT_bb4a646447cd,5.74607255226245,5.1362597735106705,5.304473897789115,3.622045254612362,824.0046441026676,216.2523442383398,gp_ucb,1326.5296807907098,173.34992100492437,1.0533535121587834,Stagnation detected (7 steps without improvement) with high epistemic variance (216.7); boosting exploration (beta=2.32).,698.0,1300.0,False,"Active search warranted (max EI: 1.05 cycles, max std: 216.69)."
3,11,ATTIA_CONT_8cf97829e86f,5.6093,5.184,5.3764,3.6211066759423107,892.0051358617028,198.803018286932,gp_ucb,1338.316646892464,164.13492652757228,0.736636259447458,Stagnation detected (8 steps without improvement) with high epistemic variance (210.4); boosting exploration (beta=2.24).,831.0,1300.0,False,"Active search warranted (max EI: 0.74 cycles, max std: 210.43)."
3,12,ATTIA_CONT_654654068f9c,5.581340662054937,5.188019612527015,5.372544913343485,3.632643744013125,871.5841734638792,196.18429808656552,gp_ucb,1295.9957011790934,155.34087349471014,1.0038871089060573,Stagnation detected (9 steps without improvement) with high epistemic variance (204.4); boosting exploration (beta=2.16).,1118.0,1300.0,False,"Active search warranted (max EI: 1.00 cycles, max std: 204.40)."
3,13,ATTIA_CONT_5c499a43d107,5.5587,5.2214,4.3969,4.264707389956966,834.8944459722617,208.20063080813384,gp_ucb,1267.6313315632501,156.37020433913497,0.8961405317312385,Stagnation detected (10 steps without improvement) with high epistemic variance (211.3); boosting exploration (beta=2.08).,932.0,1300.0,False,"Active search warranted (max EI: 0.90 cycles, max std: 211.31)."
3,14,ATTIA_CONT_7ff90604268a,5.6112,5.1979,5.5853,3.524955357631603,844.6147499351766,202.84850322146244,gp_ucb,1248.2792914103372,149.44693037134275,0.8898807746715098,Stagnation detected (11 steps without improvement) with high epistemic variance (207.6); boosting exploration (beta=1.99).,610.0,1300.0,False,"Active search warranted (max EI: 0.89 cycles, max std: 207.57)."
3,15,ATTIA_CONT_e3cd22bf23e2,5.5838,5.189,5.374,3.630458087564082,913.5923747173591,193.99446191417402,gp_ucb,1281.6710253935407,144.76648976589408,0.9642273581599481,Stagnation detected (12 steps without improvement) with high epistemic variance (206.8); boosting exploration (beta=1.90).,737.0,1300.0,False,"Active search warranted (max EI: 0.96 cycles, max std: 206.81)."
3,16,ATTIA_CONT_542ce6b23019,5.6036,5.1838,5.3748,3.6243109527081203,883.765853877292,194.49206785891178,gp_ucb,1233.851642219231,138.02843790800844,0.6872184304701392,Stagnation detected (13 steps without improvement) with high epistemic variance (203.0); boosting exploration (beta=1.80).,894.0,1300.0,False,"Active search warranted (max EI: 0.69 cycles, max std: 202.98)."
3,17,ATTIA_CONT_8b63a19f60bd,5.540644527213349,5.221513026609536,5.3825013452832735,3.6291539121478467,859.1658549461914,195.15120843941602,gp_ucb,1190.3484377724167,131.34264071443644,0.8051926986297318,Stagnation detected (14 steps without improvement) with high epistemic variance (199.0); boosting exploration (beta=1.70).,1057.0,1300.0,False,"Active search warranted (max EI: 0.81 cycles, max std: 199.00)."
3,18,ATTIA_CONT_047abd9a8b87,5.5661,5.2007,5.3828,3.62824166783659,902.9184991033383,191.2211241378689,gp_ucb,1206.4725208337022,128.77919703344506,0.8229317171851758,Stagnation detected (15 steps without improvement) with high epistemic variance (201.2); boosting exploration (beta=1.59).,979.0,1300.0,False,"Active search warranted (max EI: 0.82 cycles, max std: 201.22)."
3,19,ATTIA_CONT_bac8998837e7,5.5586,5.2041,5.385,3.628779969109264,917.3370412952298,186.73146356591718,gp_ucb,1191.7770814031828,123.96045541338688,0.9190705419085976,Stagnation detected (16 steps without improvement) with high epistemic variance (199.9); boosting exploration (beta=1.47).,824.0,1300.0,False,"Active search warranted (max EI: 0.92 cycles, max std: 199.94)."
3,20,ATTIA_CONT_aed3da5cf159,5.5541,5.2042,5.3856,3.630378976196448,904.0435719647436,184.46420948326974,expected_improvement,1.0482075294671596,117.42021419540903,0.6733320327599621,Balancing predicted mean (848.6) and posterior epistemic uncertainty (195.7).,776.0,1300.0,False,"Active search warranted (max EI: 0.67 cycles, max std: 195.70)."
3,21,ATTIA_CONT_742d9cca7c99,5.5944,5.189,5.3764,3.624899337941942,895.0072574644421,181.72434247545394,expected_improvement,0.8182569736225513,111.29186089247393,0.5889953762647053,Balancing predicted mean (850.8) and posterior epistemic uncertainty (191.9).,1176.0,1300.0,False,"Active search warranted (max EI: 0.59 cycles, max std: 191.88)."
3,22,ATTIA_CONT_d97dccdde99b,5.634249135370506,5.1486351855263335,5.332707963182838,3.6483145047068883,866.6810552542662,196.09731209251666,greedy,866.6810552542662,111.53381439987162,0.9320353573818903,Late budget phase (12% remaining); switching to pure exploitation of posterior mean.,845.0,1300.0,False,"Active search warranted (max EI: 0.93 cycles, max std: 199.17)."
3,23,ATTIA_CONT_9437f015014f,5.660221632073883,5.183158031167531,5.362009701979531,3.607087231087042,887.9807249386948,189.19137743939802,greedy,887.9807249386948,105.52380794593765,0.9845340300749967,Late budget phase (8% remaining); switching to pure exploitation of posterior mean.,806.0,1300.0,False,"Active search warranted (max EI: 0.98 cycles, max std: 195.41)."
3,24,ATTIA_CONT_3de13840cfe6,5.5911,5.1902,5.3768,3.6255184479686915,912.5050405063146,181.47242697096556,greedy,912.5044442360695,99.91258649209134,0.670073261170689,Late budget phase (4% remaining); switching to pure exploitation of posterior mean.,821.0,1300.0,False,"Active search warranted (max EI: 0.67 cycles, max std: 192.14)."
3,25,ATTIA_CONT_ee222fdb8ab9,5.473145312165325,5.243502078281602,5.348621019357732,3.663718638712782,857.3894598881953,188.38043341470743,greedy,857.3894598881953,94.60335101301581,0.5958708853648265,Late budget phase (0% remaining); switching to pure exploitation of posterior mean.,563.0,1300.0,False,"Active search warranted (max EI: 0.60 cycles, max std: 189.21)."
4,1,ATTIA_CONT_c12d5ea73f2d,4.7432,5.8569,5.4563,3.724505291673952,797.211781329182,76.04318630991091,gp_ucb,995.8964616132882,85.61669567703527,10.601607885022865,Early exploration phase (step 1/25); prioritizing epistemic coverage (beta=2.61).,926.0,926.0,False,"Active search warranted (max EI: 10.60 cycles, max std: 87.36)."
4,2,ATTIA_CONT_655b1da7636a,4.4878,6.334,5.6,3.648869872345812,871.1107224949259,77.14303323979061,gp_ucb,1019.0968341758182,101.4323716844156,13.342471710610912,Early exploration phase (step 2/25); prioritizing epistemic coverage (beta=1.92).,800.0,926.0,False,"Active search warranted (max EI: 12.69 cycles, max std: 105.66)."
4,3,ATTIA_CONT_ac943580f09f,4.6919,5.6724,5.5914,3.7727057363561407,904.0746936266427,53.170522424624146,expected_improvement,12.024224330598262,90.84214558836187,11.67960457231602,Balancing predicted mean (925.1) and posterior epistemic uncertainty (96.6).,592.0,926.0,False,"Active search warranted (max EI: 11.68 cycles, max std: 96.64)."
4,4,ATTIA_CONT_92c2ea5d26c7,6.5997,4.047,4.4535,4.758003538650098,748.25,110.384272097334,expected_improvement,2.503448755918214,101.55353032954727,2.503448755918214,Balancing predicted mean (748.2) and posterior epistemic uncertainty (110.4).,648.0,926.0,False,"Active search warranted (max EI: 2.50 cycles, max std: 110.38)."
4,5,ATTIA_CONT_ade3c8dd729c,6.7264,6.9375,4.0816,3.3838738137587185,737.1111111111111,108.73560306286302,gp_ucb,1028.8793511387064,97.86204275657673,1.8150565659117683,Stagnation detected (3 steps without improvement) with high epistemic variance (108.7); boosting exploration (beta=2.68).,710.0,926.0,False,"Active search warranted (max EI: 1.82 cycles, max std: 108.74)."
4,6,ATTIA_CONT_92b7194f8cfc,6.5397,4.2651,4.4746,4.494859473339067,734.4,103.47579424850467,gp_ucb,1005.0243181391035,91.05869893868412,1.2954217335956058,Stagnation detected (4 steps without improvement) with high epistemic variance (103.5); boosting exploration (beta=2.62).,773.0,926.0,False,"Active search warranted (max EI: 1.30 cycles, max std: 103.48)."
4,7,ATTIA_CONT_1146fa6def59,7.0259,5.0307,5.1168,3.3694008279910808,737.9090909090909,99.28238367720871,gp_ucb,990.6407792109588,85.38284996239949,1.11297861740643,Stagnation detected (5 steps without improvement) with high epistemic variance (99.3); boosting exploration (beta=2.55).,526.0,926.0,False,"Active search warranted (max EI: 1.11 cycles, max std: 99.28)."
4,8,ATTIA_CONT_c06ba58f995b,4.0877,6.0869,5.5649,4.086436349601644,720.25,111.65058970384982,gp_ucb,996.4583047068835,93.78649535123385,1.4297118754502227,Stagnation detected (6 steps without improvement) with high epistemic variance (111.7); boosting exploration (beta=2.47).,949.0,949.0,False,"Active search warranted (max EI: 1.43 cycles, max std: 111.65)."
4,9,ATTIA_CONT_b967d321f459,5.2309,6.482,4.8773,3.5353578545016617,737.8461538461538,123.37924602604649,expected_improvement,2.1938523307538524,101.17098174135813,2.1938523307538524,Balancing predicted mean (737.8) and posterior epistemic uncertainty (123.4).,1066.0,1066.0,False,"Active search warranted (max EI: 2.19 cycles, max std: 123.38)."
4,10,ATTIA_CONT_89cdf9786e35,6.5654,6.1163,3.9456,3.786799088542384,761.2857142857143,145.86807999762598,expected_improvement,0.9724681935443922,116.69446399810079,0.9724681935443922,Balancing predicted mean (761.3) and posterior epistemic uncertainty (145.9).,750.0,1066.0,False,"Active search warranted (max EI: 0.97 cycles, max std: 145.87)."
4,11,ATTIA_CONT_ac87c202281b,7.136,5.7215,3.6455,4.096536203340099,760.5333333333333,140.95004637582213,expected_improvement,0.7557102911656193,109.94103617314126,0.7557102911656193,Balancing predicted mean (760.5) and posterior epistemic uncertainty (141.0).,716.0,1066.0,False,"Active search warranted (max EI: 0.76 cycles, max std: 140.95)."
4,12,ATTIA_CONT_efc2015e1a92,5.9266,5.2154,5.1545,3.586061740390411,757.75,136.89937009187682,expected_improvement,0.5768288735252569,104.04352126982639,0.5768288735252569,Balancing predicted mean (757.8) and posterior epistemic uncertainty (136.9).,877.0,1066.0,False,"Active search warranted (max EI: 0.58 cycles, max std: 136.90)."
4,13,ATTIA_CONT_3dafffba5475,6.6251,5.5593,4.4191,3.6202629103969115,764.7647058823529,135.74349865157777,gp_ucb,1046.902269636381,100.45018900216755,0.6279746174531029,Stagnation detected (3 steps without improvement) with high epistemic variance (135.7); boosting exploration (beta=2.08).,670.0,1066.0,False,"Active search warranted (max EI: 0.63 cycles, max std: 135.74)."
4,14,ATTIA_CONT_0d3e04d15052,7.558,4.4541,4.4608,3.9629713374329456,759.5,133.69295241127935,gp_ucb,1025.5456161578322,96.25892573612113,0.5001814604483861,Stagnation detected (4 steps without improvement) with high epistemic variance (133.7); boosting exploration (beta=1.99).,837.0,1066.0,False,"Active search warranted (max EI: 0.50 cycles, max std: 133.69)."
4,15,ATTIA_CONT_4c9a314ca502,6.3851,5.096,4.3188,4.017022920739111,763.578947368421,131.27283761100006,gp_ucb,1012.6516444269272,91.89098632770003,0.47529401798755977,Stagnation detected (5 steps without improvement) with high epistemic variance (131.3); boosting exploration (beta=1.90).,580.0,1066.0,False,"Active search warranted (max EI: 0.48 cycles, max std: 131.27)."
4,16,ATTIA_CONT_f63b843eb1c1,7.125,3.9453,4.8446,4.289987427958848,754.4,134.05873530132453,gp_ucb,995.7057235423841,91.15994000490068,0.4568590652246032,Stagnation detected (6 steps without improvement) with high epistemic variance (134.1); boosting exploration (beta=1.80).,939.0,1066.0,False,"Active search warranted (max EI: 0.46 cycles, max std: 134.06)."
4,17,ATTIA_CONT_a7ee4bd6a7d5,5.7022,5.1758,4.9294,3.8183805522051957,763.1904761904761,136.6067063973149,gp_ucb,995.0197444683188,90.16042622222784,0.636501479336995,Stagnation detected (7 steps without improvement) with high epistemic variance (136.6); boosting exploration (beta=1.70).,799.0,1066.0,False,"Active search warranted (max EI: 0.64 cycles, max std: 136.61)."
4,18,ATTIA_CONT_22682eae3060,6.2664,5.5097,5.2167,3.3271014118129867,764.8181818181819,133.6741749106832,gp_ucb,977.0193559334324,85.55147194283725,0.5608820109982444,Stagnation detected (8 steps without improvement) with high epistemic variance (133.7); boosting exploration (beta=1.59).,722.0,1066.0,False,"Active search warranted (max EI: 0.56 cycles, max std: 133.67)."
4,19,ATTIA_CONT_9a0249d72edc,6.4273,4.7998,4.0193,4.532979583709937,762.9565217391304,131.02720428951542,gp_ucb,955.5263974987648,81.23686665949957,0.4619397432832346,Stagnation detected (9 steps without improvement) with high epistemic variance (131.0); boosting exploration (beta=1.47).,885.0,1066.0,False,"Active search warranted (max EI: 0.46 cycles, max std: 131.03)."
4,20,ATTIA_CONT_f91e9f4a3aca,5.8982,4.285,5.0041,4.336857236443012,768.0416666666666,130.56623300126185,expected_improvement,0.5037085263608994,78.3397398007571,0.5037085263608994,Balancing predicted mean (768.0) and posterior epistemic uncertainty (130.6).,1159.0,1159.0,False,"Active search warranted (max EI: 0.50 cycles, max std: 130.57)."
4,21,ATTIA_CONT_ba98b5b0042f,6.7056,4.9047,3.8033,4.600056853114675,783.68,149.1141005636337,expected_improvement,0.2834183217658617,86.48617832690755,0.2834183217658617,Balancing predicted mean (783.7) and posterior epistemic uncertainty (149.1).,716.0,1159.0,False,"Active search warranted (max EI: 0.28 cycles, max std: 149.11)."
4,22,ATTIA_CONT_485e9fd54c39,6.2971,4.8338,5.1105,3.6767689559886314,781.0769230769231,146.79654143412492,greedy,781.0769230769231,82.20606320310996,0.23297665713125237,Late budget phase (12% remaining); switching to pure exploitation of posterior mean.,662.0,1159.0,False,"Active search warranted (max EI: 0.23 cycles, max std: 146.80)."
4,23,ATTIA_CONT_b87dd2aa6ad7,4.6451,5.3222,4.8019,4.506339734856944,776.6666666666666,145.79716963106253,greedy,776.6666666666666,78.73047160077377,0.1986730392745244,Late budget phase (8% remaining); switching to pure exploitation of posterior mean.,1123.0,1159.0,False,"Active search warranted (max EI: 0.20 cycles, max std: 145.80)."
4,24,ATTIA_CONT_c33f59dca2e6,4.7108,5.2281,4.8456,4.476109525756989,898.9635443370872,152.26897734225392,greedy,898.963537642484,82.91846011100738,2.707490349127168,Late budget phase (4% remaining); switching to pure exploitation of posterior mean.,719.0,1159.0,False,"Active search warranted (max EI: 2.71 cycles, max std: 159.46)."
4,25,ATTIA_CONT_722e429b1398,5.3786,6.9606,4.1824,3.778598304679586,786.6206896551724,154.73368260167624,greedy,786.6206896551724,77.36684130083812,0.4125895316652919,Late budget phase (0% remaining); switching to pure exploitation of posterior mean.,583.0,1159.0,False,"Active search warranted (max EI: 0.41 cycles, max std: 154.73)."
5,1,ATTIA_CONT_427a4a56f074,4.720553751350584,5.211090497197026,5.243356514708397,4.186240190183752,710.2432063299145,227.99649388403566,gp_ucb,1157.023264857493,223.45133816949124,5.300599662231701,Early exploration phase (step 1/25); prioritizing epistemic coverage (beta=1.96).,936.0,1075.0,False,"Active search warranted (max EI: 5.30 cycles, max std: 228.01)."
5,2,ATTIA_CONT_a2279df3151f,4.8774,5.1543,5.1904,4.138560321903738,951.9531778862189,176.07441693622167,gp_ucb,1346.0177972460713,209.10941807614324,28.16708999828643,Early exploration phase (step 2/25); prioritizing epistemic coverage (beta=2.24).,1237.0,1237.0,False,"Active search warranted (max EI: 28.17 cycles, max std: 217.82)."
5,3,ATTIA_CONT_bcb010809296,5.0635,5.1407,5.0747,4.094007266981662,1251.698044416209,143.2589090010722,expected_improvement,64.79621946192519,270.59481116400696,41.61336165696243,Balancing predicted mean (1133.6) and posterior epistemic uncertainty (287.9).,913.0,1237.0,False,"Active search warranted (max EI: 41.61 cycles, max std: 287.87)."
5,4,ATTIA_CONT_a7436b7b6e36,4.8607,5.1522,5.2672,4.104153359462859,1179.1174911528187,129.09793929995894,expected_improvement,27.649836537546225,230.12320863545384,12.427720374740108,Balancing predicted mean (983.3) and posterior epistemic uncertainty (250.1).,822.0,1237.0,False,"Active search warranted (max EI: 12.43 cycles, max std: 250.13)."
5,5,ATTIA_CONT_c93c3353c042,4.86,5.1671,5.1294,4.182607883498022,1004.228305439195,201.8644015801508,expected_improvement,12.456952276013524,214.2853835547996,9.536800378917683,Balancing predicted mean (963.4) and posterior epistemic uncertainty (238.1).,904.0,1237.0,False,"Active search warranted (max EI: 9.54 cycles, max std: 238.09)."
5,6,ATTIA_CONT_8310d342dd26,4.955,5.225,5.1043,4.0947328434757955,931.0055889337442,210.26947567437261,gp_ucb,1480.9315472705498,201.72014691840135,6.183003603214711,Stagnation detected (3 steps without improvement) with high epistemic variance (229.2); boosting exploration (beta=2.62).,1048.0,1237.0,False,"Active search warranted (max EI: 6.18 cycles, max std: 229.23)."
5,7,ATTIA_CONT_06e081afa87c,4.9867,5.2781,4.8765,4.196872093414943,927.6223657006134,221.90568699635335,gp_ucb,1492.5017031747825,203.51802573356164,8.211896709529473,Stagnation detected (4 steps without improvement) with high epistemic variance (236.6); boosting exploration (beta=2.55).,829.0,1237.0,False,"Active search warranted (max EI: 8.21 cycles, max std: 236.65)."
5,8,ATTIA_CONT_4e583184bb19,5.0425,5.226,5.1703,3.9959130922975747,942.2518030866206,198.833238892629,gp_ucb,1434.138637403838,184.79579234930395,6.098571545457386,Stagnation detected (5 steps without improvement) with high epistemic variance (220.0); boosting exploration (beta=2.47).,703.0,1237.0,False,"Active search warranted (max EI: 6.10 cycles, max std: 219.99)."
5,9,ATTIA_CONT_e703e249d8b2,4.8741,5.179,5.155,4.147770774221655,972.2433158211684,184.891504367468,gp_ucb,1415.9836335190162,172.6017932025938,5.521524314093664,Stagnation detected (6 steps without improvement) with high epistemic variance (210.5); boosting exploration (beta=2.40).,789.0,1237.0,False,"Active search warranted (max EI: 5.52 cycles, max std: 210.49)."
5,10,ATTIA_CONT_63bdf9635e82,4.8387,5.1683,5.1754,4.1674089307412645,918.7128530003051,191.76449683409635,gp_ucb,1364.333157871617,163.81645599958648,3.6896446190643637,Stagnation detected (7 steps without improvement) with high epistemic variance (204.8); boosting exploration (beta=2.32).,906.0,1237.0,False,"Active search warranted (max EI: 3.69 cycles, max std: 204.77)."
5,11,ATTIA_CONT_cbe4b62f2d1a,4.84,5.1811,5.1622,4.166723977070453,922.3766879281425,183.3687071573256,gp_ucb,1334.0383914292986,155.575776385966,2.714142215029467,Stagnation detected (8 steps without improvement) with high epistemic variance (199.5); boosting exploration (beta=2.24).,919.0,1237.0,False,"Active search warranted (max EI: 2.71 cycles, max std: 199.46)."
5,12,ATTIA_CONT_f73fd491f3ce,4.8183,5.2091,5.1388,4.18022537041381,921.3350607161459,177.89712459610772,gp_ucb,1306.1855227667297,149.07559590167844,2.2964815808424337,Stagnation detected (9 steps without improvement) with high epistemic variance (196.2); boosting exploration (beta=2.16).,871.0,1237.0,False,"Active search warranted (max EI: 2.30 cycles, max std: 196.15)."
5,13,ATTIA_CONT_358cfd857775,4.8885,5.1164,5.1465,4.183840098660243,912.9677096087727,177.97429002517677,gp_ucb,1282.880404382876,143.19674994819118,2.152414183894896,Stagnation detected (10 steps without improvement) with high epistemic variance (193.5); boosting exploration (beta=2.08).,757.0,1237.0,False,"Active search warranted (max EI: 2.15 cycles, max std: 193.51)."
5,14,ATTIA_CONT_dd6a152e00f3,4.8307,5.1926,5.199,4.1425438641054715,913.0191557083618,171.4161605974394,gp_ucb,1254.1333369753684,132.9959427634999,1.5846678963762475,Stagnation detected (11 steps without improvement) with high epistemic variance (184.7); boosting exploration (beta=1.99).,880.0,1237.0,False,"Active search warranted (max EI: 1.58 cycles, max std: 184.72)."
5,15,ATTIA_CONT_944e0b1d8195,4.8417,5.1946,5.1789,4.14601421654062,912.5903096764646,165.07998702956536,gp_ucb,1225.8075788038987,127.08296493743954,1.4009437440632162,Stagnation detected (12 steps without improvement) with high epistemic variance (181.5); boosting exploration (beta=1.90).,936.0,1237.0,False,"Active search warranted (max EI: 1.40 cycles, max std: 181.55)."
5,16,ATTIA_CONT_d476e9c97f93,4.8304,5.2228,5.095,4.191604815346734,911.5032385611315,159.28715028242192,gp_ucb,1198.2203755049438,129.6349572699539,1.4723411411065417,Stagnation detected (13 steps without improvement) with high epistemic variance (190.6); boosting exploration (beta=1.80).,1007.0,1237.0,False,"Active search warranted (max EI: 1.47 cycles, max std: 190.64)."
5,17,ATTIA_CONT_512542beae3b,4.9294,6.9778,3.7399,4.550203027156835,856.5238093092223,209.95627633481686,gp_ucb,1212.8314255068262,138.57114238097913,2.9063188663358748,Stagnation detected (14 steps without improvement) with high epistemic variance (210.0); boosting exploration (beta=1.70).,700.0,1237.0,False,"Active search warranted (max EI: 2.91 cycles, max std: 209.96)."
5,18,ATTIA_CONT_9154bda908b1,4.675,5.503,5.0724,4.1568773565115915,886.4620530681751,186.099140000662,gp_ucb,1181.8854887311265,130.0743544880689,2.3019178004139516,Stagnation detected (15 steps without improvement) with high epistemic variance (203.2); boosting exploration (beta=1.59).,1345.0,1345.0,False,"Active search warranted (max EI: 2.30 cycles, max std: 203.24)."
5,19,ATTIA_CONT_8adb6673695e,4.6193,5.6004,5.0642,4.152356833005111,1183.6870649724958,189.34661576763452,expected_improvement,20.74810136831668,160.62839616293115,19.195251992876557,Balancing predicted mean (1166.7) and posterior epistemic uncertainty (259.1).,1109.0,1345.0,False,"Active search warranted (max EI: 19.20 cycles, max std: 259.08)."
5,20,ATTIA_CONT_0d8311351f57,4.6622,5.5186,5.0806,4.152654987034065,1160.903997672376,158.22359584365014,expected_improvement,9.560472991641713,150.72504749816386,8.473628590037546,Balancing predicted mean (1117.1) and posterior epistemic uncertainty (251.2).,1021.0,1345.0,False,"Active search warranted (max EI: 8.47 cycles, max std: 251.21)."
5,21,ATTIA_CONT_d7cb6ffecc35,4.5356,5.8074,4.9021,4.225345567202495,1034.2672219406231,212.90315401430325,expected_improvement,6.8378693723730635,146.69001426408633,6.73917650289015,Balancing predicted mean (1095.3) and posterior epistemic uncertainty (252.9).,897.0,1345.0,False,"Active search warranted (max EI: 6.74 cycles, max std: 252.91)."
5,22,ATTIA_CONT_7c61d19c3791,4.6677,5.5165,5.0783,4.151024087656215,1103.9336343264663,154.15806043815834,greedy,1103.933704131767,131.3071251529554,3.851059855101454,Late budget phase (12% remaining); switching to pure exploitation of posterior mean.,1157.0,1345.0,False,"Active search warranted (max EI: 3.85 cycles, max std: 234.48)."
5,23,ATTIA_CONT_ddd593afe22e,4.6685,5.515,5.0812,4.149305241624819,1121.61948636629,145.369787441197,greedy,1121.6195128964027,131.111625653891,4.515529327437058,Late budget phase (8% remaining); switching to pure exploitation of posterior mean.,906.0,1345.0,False,"Active search warranted (max EI: 4.52 cycles, max std: 242.80)."
5,24,ATTIA_CONT_eb5e096d3045,4.6614,5.535,5.0734,4.148851518914455,1069.9710384855287,151.36491484249052,greedy,1069.9710592706142,125.96505062899728,3.430873745777477,Late budget phase (4% remaining); switching to pure exploitation of posterior mean.,847.0,1345.0,False,"Active search warranted (max EI: 3.43 cycles, max std: 242.24)."
5,25,ATTIA_CONT_5e956a2dfb9b,4.669,5.5427,5.0517,4.15309887307176,1025.7654382440694,157.16768650174714,greedy,1025.7653202013896,121.44276342223685,3.068781392498412,Late budget phase (0% remaining); switching to pure exploitation of posterior mean.,951.0,1345.0,False,"Active search warranted (max EI: 3.07 cycles, max std: 242.89)."
6,1,ATTIA_CONT_dcae5678315b,7.9789,4.4348,5.2052,3.4435512450995227,775.3802427555828,188.09558238656192,gp_ucb,1205.4021926588866,184.64554934703253,5.339333714742967,Early exploration phase (step 1/25); prioritizing epistemic coverage (beta=2.29).,389.0,1060.0,False,"Active search warranted (max EI: 5.34 cycles, max std: 188.41)."
6,2,ATTIA_CONT_485e9fd54c39,6.2971,4.8338,5.1105,3.6767689559886314,709.6666666666666,223.93854867424344,gp_ucb,1282.451493875646,214.9810067272737,5.656869632333233,Early exploration phase (step 2/25); prioritizing epistemic coverage (beta=2.56).,792.0,1060.0,False,"Active search warranted (max EI: 5.66 cycles, max std: 223.94)."
6,3,ATTIA_CONT_b87dd2aa6ad7,4.6451,5.3222,4.8019,4.506339734856944,721.4285714285714,209.31902738306815,gp_ucb,1310.5045303496445,196.75988574008406,4.6673560956487385,Stagnation detected (3 steps without improvement) with high epistemic variance (209.3); boosting exploration (beta=2.81).,1062.0,1062.0,False,"Active search warranted (max EI: 4.67 cycles, max std: 209.32)."
6,4,ATTIA_CONT_029c7d5635a5,4.1412,5.6876,4.8258,4.788886263949927,911.5779709034135,207.76082722211896,expected_improvement,28.493740860880386,210.08111024205172,28.443271706821648,Balancing predicted mean (911.7) and posterior epistemic uncertainty (228.3).,1012.0,1062.0,False,"Active search warranted (max EI: 28.44 cycles, max std: 228.35)."
6,5,ATTIA_CONT_76f870e10d59,3.9760122381852767,5.79502422948412,4.992636695107413,4.785415871384903,977.3505416584785,181.1115027970393,expected_improvement,37.67643192882056,207.57426070069644,37.67643192882056,Balancing predicted mean (982.6) and posterior epistemic uncertainty (230.6).,813.0,1062.0,False,"Active search warranted (max EI: 37.68 cycles, max std: 230.64)."
6,6,ATTIA_CONT_a561d0d5943d,4.3045,5.5708,4.6968,4.793864670377258,929.1832269625123,188.0664309930229,expected_improvement,26.586386572352847,188.1636236607894,26.254282456492206,Balancing predicted mean (925.8) and posterior epistemic uncertainty (213.8).,759.0,1062.0,False,"Active search warranted (max EI: 26.25 cycles, max std: 213.82)."
6,7,ATTIA_CONT_c9becdfd768b,4.12,5.8603,4.8068,4.71839339120851,877.4749269325768,190.47564596096646,gp_ucb,1362.3467939185932,175.65098140778315,16.832294815029538,Stagnation detected (3 steps without improvement) with high epistemic variance (204.2); boosting exploration (beta=2.55).,870.0,1062.0,False,"Active search warranted (max EI: 16.83 cycles, max std: 204.25)."
6,8,ATTIA_CONT_8d85c42f01db,4.3834,5.3592,4.8518,4.705974616371887,879.0403776680018,181.90253662003823,gp_ucb,1329.0424099566153,165.8601891546333,15.134310258074471,Stagnation detected (4 steps without improvement) with high epistemic variance (197.5); boosting exploration (beta=2.47).,1080.0,1080.0,False,"Active search warranted (max EI: 15.13 cycles, max std: 197.45)."
6,9,ATTIA_CONT_2357b4725bd3,4.4258,5.1484,4.8723,4.809808105810486,919.9316716511607,181.84113408202182,expected_improvement,18.93066235034084,169.71085982125706,18.8226162386988,Balancing predicted mean (922.1) and posterior epistemic uncertainty (207.0).,1240.0,1240.0,False,"Active search warranted (max EI: 18.82 cycles, max std: 206.96)."
6,10,ATTIA_CONT_a35a4bebcf53,4.664737469692563,4.816139100585807,4.957093882330409,4.771158576353489,995.2228730055706,200.40913788449265,expected_improvement,10.757951308341976,186.14924052088983,10.757951308341976,Balancing predicted mean (1001.3) and posterior epistemic uncertainty (232.7).,917.0,1240.0,False,"Active search warranted (max EI: 10.76 cycles, max std: 232.69)."
6,11,ATTIA_CONT_7e0f9be76ad0,4.547355494344178,4.986084233644068,4.882760536131394,4.806191826484335,976.9794717131609,180.7182319513783,expected_improvement,5.857581848816633,182.9431929512367,5.857581848816633,Balancing predicted mean (977.0) and posterior epistemic uncertainty (234.5).,1055.0,1240.0,False,"Active search warranted (max EI: 5.86 cycles, max std: 234.54)."
6,12,ATTIA_CONT_98e7b859e7ea,3.9669085413517604,5.251434840845061,5.58528296994668,4.7218419746003075,918.9862798770382,213.11269534309253,expected_improvement,6.1557035034943155,183.80784994095652,6.1557035034943155,Balancing predicted mean (990.5) and posterior epistemic uncertainty (241.9).,794.0,1240.0,False,"Active search warranted (max EI: 6.16 cycles, max std: 241.85)."
6,13,ATTIA_CONT_bc9e3c4cae8c,5.134595199488202,4.786425348251498,4.527028736769977,4.790272468955698,960.376969670457,188.4573358449951,gp_ucb,1352.0781865615807,168.48190587076286,5.730269729861572,Stagnation detected (3 steps without improvement) with high epistemic variance (227.7); boosting exploration (beta=2.08).,1053.0,1240.0,False,"Active search warranted (max EI: 5.73 cycles, max std: 227.68)."
6,14,ATTIA_CONT_36e45038851e,5.325129149051863,4.63949392496766,4.531154604748634,4.777616082918459,987.6825455165203,175.69255192896534,gp_ucb,1337.3063094415663,165.30767084082467,5.94581357877588,Stagnation detected (4 steps without improvement) with high epistemic variance (229.6); boosting exploration (beta=1.99).,1168.0,1240.0,False,"Active search warranted (max EI: 5.95 cycles, max std: 229.59)."
6,15,ATTIA_CONT_1f3da6a70374,6.431108087031344,4.325931899662837,4.198939987833703,4.795709364689208,993.35043501675,198.73956852379587,gp_ucb,1370.4322536573316,166.19477027411912,10.630863819576636,Stagnation detected (5 steps without improvement) with high epistemic variance (237.4); boosting exploration (beta=1.90).,1174.0,1240.0,False,"Active search warranted (max EI: 10.63 cycles, max std: 237.42)."
6,16,ATTIA_CONT_dd98afba4eb6,6.561,4.3749,4.091,4.809961374354797,1076.587805975058,179.8551220902543,gp_ucb,1400.3327425541354,160.4221458929579,17.77364293185055,Stagnation detected (6 steps without improvement) with high epistemic variance (235.9); boosting exploration (beta=1.80).,808.0,1240.0,False,"Active search warranted (max EI: 17.77 cycles, max std: 235.91)."
6,17,ATTIA_CONT_e80980c3376f,5.505286143702027,4.462041784585573,4.558500103674001,4.8029198149814745,1037.9710708609432,169.140852742136,gp_ucb,1325.012616340078,151.61143558915433,9.596739660058564,Stagnation detected (7 steps without improvement) with high epistemic variance (229.7); boosting exploration (beta=1.70).,660.0,1240.0,False,"Active search warranted (max EI: 9.60 cycles, max std: 229.71)."
6,18,ATTIA_CONT_fae02fa52cea,4.884674214646493,4.961737115502167,4.566845656677854,4.8053923786671,977.3864823739669,186.6736579019991,gp_ucb,1273.721727455229,143.7494777779911,6.742231149184921,Stagnation detected (8 steps without improvement) with high epistemic variance (224.6); boosting exploration (beta=1.59).,1007.0,1240.0,False,"Active search warranted (max EI: 6.74 cycles, max std: 224.61)."
6,19,ATTIA_CONT_e502df6c3a9e,4.79726076500422,5.181199666016791,4.474915696172346,4.79828833429091,979.0153155774279,181.59869941812738,gp_ucb,1245.909806493909,137.6771374282868,6.131748868254114,Stagnation detected (9 steps without improvement) with high epistemic variance (222.1); boosting exploration (beta=1.47).,1009.0,1240.0,False,"Active search warranted (max EI: 6.13 cycles, max std: 222.06)."
6,20,ATTIA_CONT_d4c60d16ac74,5.071665495181084,5.297456866918324,4.175848916793276,4.809603272188881,967.8044688247484,183.79224346044495,expected_improvement,5.623354448635354,131.9601514156875,5.623354448635354,Balancing predicted mean (982.4) and posterior epistemic uncertainty (219.9).,1173.0,1240.0,False,"Active search warranted (max EI: 5.62 cycles, max std: 219.93)."
6,21,ATTIA_CONT_d575daf17685,5.218987741465203,5.635999751927604,3.914207706117497,4.788929333425369,984.1144462714154,192.4694845150268,expected_improvement,8.226616650106681,127.14597280359163,8.226616650106681,Balancing predicted mean (1007.0) and posterior epistemic uncertainty (219.2).,862.0,1240.0,False,"Active search warranted (max EI: 8.23 cycles, max std: 219.22)."
6,22,ATTIA_CONT_3f38375aaa16,4.7829,5.0401,4.5883,4.809987390476162,994.9967339109438,171.25479184326252,greedy,994.9986074662337,120.26323622501259,5.607119685015675,Late budget phase (12% remaining); switching to pure exploitation of posterior mean.,681.0,1240.0,False,"Active search warranted (max EI: 5.61 cycles, max std: 214.76)."
6,23,ATTIA_CONT_6b129b187817,5.035175943902917,5.151944123685936,4.301626250300565,4.804023751366316,964.6795079910987,184.07521434850906,greedy,964.6795079910986,117.13017946088058,5.447135366240989,Late budget phase (8% remaining); switching to pure exploitation of posterior mean.,1323.0,1323.0,False,"Active search warranted (max EI: 5.45 cycles, max std: 216.91)."
6,24,ATTIA_CONT_1c290563940c,4.889067041320262,5.231646225341042,4.3591175725149025,4.801997291897952,994.4302525266137,191.9167310766744,greedy,994.4302525266136,120.16733757327961,3.6032397458759817,Late budget phase (4% remaining); switching to pure exploitation of posterior mean.,1022.0,1323.0,False,"Active search warranted (max EI: 3.60 cycles, max std: 231.09)."
6,25,ATTIA_CONT_484dda8cc8dd,5.194922638708536,5.177833996033165,4.192132892216384,4.780921930960846,994.493727761971,189.11641115520328,greedy,994.493727761971,114.05107849540188,3.1577374603749,Late budget phase (0% remaining); switching to pure exploitation of posterior mean.,1037.0,1323.0,False,"Active search warranted (max EI: 3.16 cycles, max std: 228.10)."
7,1,ATTIA_CONT_e62a8419e020,7.248353998507749,4.320354303211833,3.9088528354798155,4.80586828935913,901.0308567353056,282.27139472906964,gp_ucb,1638.5464685432605,287.684136735413,86.56755629247894,Early exploration phase (step 1/25); prioritizing epistemic coverage (beta=2.61).,1006.0,1092.0,False,"Active search warranted (max EI: 60.74 cycles, max std: 293.56)."
7,2,ATTIA_CONT_c53aa1707b02,4.912639618516407,6.998482521916502,3.6254435159948626,4.7379816194576225,994.156677800815,173.81745159455468,gp_ucb,1494.316205996244,195.18374594061862,94.37224103487416,Early exploration phase (step 2/25); prioritizing epistemic coverage (beta=2.88).,616.0,1092.0,False,"Active search warranted (max EI: 54.04 cycles, max std: 203.32)."
7,3,ATTIA_CONT_78657e9dc37e,5.271011872543029,4.895998433089278,4.326322832400675,4.802501172017058,1025.6742221514567,195.9634845012632,gp_ucb,1577.1643517842404,227.28850173937047,99.72611821509773,Stagnation detected (4 steps without improvement) with high epistemic variance (241.8); boosting exploration (beta=2.81).,1048.0,1092.0,False,"Active search warranted (max EI: 62.42 cycles, max std: 241.80)."
7,4,ATTIA_CONT_a210dbbcd1d9,3.60479726148106,6.937200436344397,4.936884370597941,4.779704560507805,973.1612286378102,191.26328353575408,gp_ucb,1499.0483133188468,213.21402172041664,115.74495483974648,Stagnation detected (5 steps without improvement) with high epistemic variance (231.8); boosting exploration (beta=2.75).,662.0,1092.0,False,"Active search warranted (max EI: 61.73 cycles, max std: 231.75)."
7,5,ATTIA_CONT_101db93227c0,6.293388572686505,3.906876299974129,4.78213762419892,4.776325724846613,893.4424447172964,209.82844363598753,gp_ucb,1456.471241016958,205.76053550903782,100.68895898627825,Stagnation detected (6 steps without improvement) with high epistemic variance (228.6); boosting exploration (beta=2.68).,1045.0,1092.0,False,"Active search warranted (max EI: 62.27 cycles, max std: 228.62)."
7,6,ATTIA_CONT_438e414aceef,5.016306534841338,4.457681371906392,4.9675475730477086,4.799730602845797,1039.1139618221785,153.65657601502147,gp_ucb,1440.978053938151,201.95553021946634,42.63191696734841,Stagnation detected (7 steps without improvement) with high epistemic variance (229.5); boosting exploration (beta=2.62).,1153.0,1153.0,False,"Active search warranted (max EI: 42.63 cycles, max std: 229.49)."
7,7,ATTIA_CONT_334af12d2d8d,4.901310402434044,4.875833401915556,4.635663443964165,4.79629494845014,1119.3314565207397,109.75347888383247,expected_improvement,28.991435947397836,201.1047407248112,28.991435947397836,Balancing predicted mean (1119.8) and posterior epistemic uncertainty (233.8).,981.0,1153.0,False,"Active search warranted (max EI: 28.99 cycles, max std: 233.84)."
7,8,ATTIA_CONT_ebae15e0300c,5.512327708798701,4.4095663732220665,4.615304689071575,4.796814597990821,1072.0059035578338,125.4633985334805,expected_improvement,19.635004288844083,186.03318437410903,19.635004288844083,Balancing predicted mean (1072.0) and posterior epistemic uncertainty (221.5).,1232.0,1232.0,False,"Active search warranted (max EI: 19.64 cycles, max std: 221.47)."
7,9,ATTIA_CONT_101b0255c0a1,5.587209651126102,4.18557665743188,4.839216482673765,4.789446648904381,1103.4118131347236,127.31740271591784,expected_improvement,10.405859783257235,184.78141408931975,10.405859783257235,Balancing predicted mean (1103.4) and posterior epistemic uncertainty (225.3).,996.0,1232.0,False,"Active search warranted (max EI: 10.41 cycles, max std: 225.34)."
7,10,ATTIA_CONT_779443ec0c84,5.405607456273847,4.4056927161859445,4.711129933995819,4.78244917415623,1087.2982306616072,122.33204677482793,expected_improvement,7.10672151163995,179.8383611967292,7.10672151163995,Balancing predicted mean (1087.3) and posterior epistemic uncertainty (224.8).,1114.0,1232.0,False,"Active search warranted (max EI: 7.11 cycles, max std: 224.80)."
7,11,ATTIA_CONT_3a0a9bb72598,5.33883561120629,4.47327666326053,4.680440317770025,4.788774699615225,1095.7769986527794,112.63598579780657,expected_improvement,6.197034024986376,173.49602900775966,6.197034024986376,Balancing predicted mean (1095.8) and posterior epistemic uncertainty (222.4).,1013.0,1232.0,False,"Active search warranted (max EI: 6.20 cycles, max std: 222.43)."
7,12,ATTIA_CONT_5dd7af698acd,7.764825158998052,3.6138746518636298,4.592773327724679,4.759575902117073,980.4551360719528,162.65235047468462,gp_ucb,1332.325969898682,163.82871305285957,4.820848445817271,Stagnation detected (3 steps without improvement) with high epistemic variance (215.6); boosting exploration (beta=2.16).,955.0,1232.0,False,"Active search warranted (max EI: 4.82 cycles, max std: 215.56)."
7,13,ATTIA_CONT_86a2f87ffce6,5.254718000048626,3.992506613509648,5.423756581951797,4.803422525321232,1012.9422344495918,141.23240499913078,gp_ucb,1306.4882758099584,154.51012314626246,3.9991275709354,Stagnation detected (4 steps without improvement) with high epistemic variance (208.8); boosting exploration (beta=2.08).,855.0,1232.0,False,"Active search warranted (max EI: 4.00 cycles, max std: 208.80)."
7,14,ATTIA_CONT_b356c73e1320,5.8521059668821875,4.557018649041838,4.264372888530386,4.795889548426973,1071.9217855280422,115.26443908183626,gp_ucb,1301.295123191179,157.02032140530832,4.331135971082185,Stagnation detected (5 steps without improvement) with high epistemic variance (218.1); boosting exploration (beta=1.99).,1121.0,1232.0,False,"Active search warranted (max EI: 4.33 cycles, max std: 218.08)."
7,15,ATTIA_CONT_8ec087c975e7,5.712203777255901,4.616712405291977,4.2922894301486165,4.791812588186963,1086.9208678714613,106.5278263660886,gp_ucb,1289.0432071737275,149.3707528534951,4.244959721417002,Stagnation detected (6 steps without improvement) with high epistemic variance (213.4); boosting exploration (beta=1.90).,941.0,1232.0,False,"Active search warranted (max EI: 4.24 cycles, max std: 213.39)."
7,16,ATTIA_CONT_be53b5b7f974,5.520058244099888,4.614110096037605,4.4076703941988775,4.794505319986398,1069.4055863074846,109.31223371323229,gp_ucb,1266.167606991302,143.0267082618329,3.295820881915814,Stagnation detected (7 steps without improvement) with high epistemic variance (210.3); boosting exploration (beta=1.80).,989.0,1232.0,False,"Active search warranted (max EI: 3.30 cycles, max std: 210.33)."
7,17,ATTIA_CONT_4cea1d3cef68,5.604048340462785,4.321177476438669,4.642444226713191,4.80610429805677,1065.8643056458277,107.1474468232714,gp_ucb,1247.6995526111723,137.45875805026685,2.795089899189545,Stagnation detected (8 steps without improvement) with high epistemic variance (208.3); boosting exploration (beta=1.70).,1067.0,1232.0,False,"Active search warranted (max EI: 2.80 cycles, max std: 208.27)."
7,18,ATTIA_CONT_ad64901dd53e,5.448274421403735,4.580706455067694,4.5137094866855625,4.763384219167093,1061.03904656158,102.53995737719119,gp_ucb,1223.816182561906,132.2385472420365,2.0296219245309697,Stagnation detected (9 steps without improvement) with high epistemic variance (206.6); boosting exploration (beta=1.59).,1079.0,1232.0,False,"Active search warranted (max EI: 2.03 cycles, max std: 206.62)."
7,19,ATTIA_CONT_7559f66fc622,5.289944559497206,4.554498798605455,4.6280207656577215,4.7925492647844665,1070.0673641803585,98.22852689997751,gp_ucb,1214.433225634477,128.81049401619126,2.0338023768106517,Stagnation detected (10 steps without improvement) with high epistemic variance (207.8); boosting exploration (beta=1.47).,1254.0,1254.0,False,"Active search warranted (max EI: 2.03 cycles, max std: 207.76)."
7,20,ATTIA_CONT_8fa080c9b3a4,4.954001308683937,4.8582516431167555,4.598332599223315,4.803747600891385,1077.9552156766665,105.96374815063268,expected_improvement,2.1273934803093884,128.94125714729606,2.1273934803093884,Balancing predicted mean (1079.5) and posterior epistemic uncertainty (214.9).,756.0,1254.0,False,"Active search warranted (max EI: 2.13 cycles, max std: 214.90)."
7,21,ATTIA_CONT_6b086abb3bc9,6.638594632343265,3.8685085699998054,4.640632900195017,4.791253704907476,1036.3612880322844,135.9485441701211,expected_improvement,3.1525377393250444,124.0203041486757,3.1525377393250444,Balancing predicted mean (1045.4) and posterior epistemic uncertainty (213.8).,671.0,1254.0,False,"Active search warranted (max EI: 3.15 cycles, max std: 213.83)."
7,22,ATTIA_CONT_344c0d24b6e9,5.4673,4.4288,4.6312,4.791425900031943,1109.2653516455555,141.90359245793067,greedy,1109.2654012802457,119.06409957490352,12.048324377417387,Late budget phase (12% remaining); switching to pure exploitation of posterior mean.,1163.0,1254.0,False,"Active search warranted (max EI: 12.05 cycles, max std: 212.61)."
7,23,ATTIA_CONT_0665ef03bee2,5.4533,4.4503,4.6158,4.793702799539925,1135.1486240979123,127.11288275762747,greedy,1135.1486608213281,115.30370634272987,12.146220066938245,Late budget phase (8% remaining); switching to pure exploitation of posterior mean.,1022.0,1254.0,False,"Active search warranted (max EI: 12.15 cycles, max std: 213.53)."
7,24,ATTIA_CONT_28f51cfed134,5.4692,4.4185,4.6435,4.788921369928736,1106.8405796717536,129.39136117679362,greedy,1106.8406033430085,113.82263809802792,11.850238123455274,Late budget phase (4% remaining); switching to pure exploitation of posterior mean.,995.0,1254.0,False,"Active search warranted (max EI: 11.85 cycles, max std: 218.89)."
7,25,ATTIA_CONT_2ffb3be9dffe,5.395320753720071,4.431260714200391,4.666343474708833,4.80728615693816,1044.7573945333213,139.17405331863986,greedy,1044.7573945333206,114.64908715740152,4.052417633093871,Late budget phase (0% remaining); switching to pure exploitation of posterior mean.,1160.0,1254.0,False,"Active search warranted (max EI: 4.05 cycles, max std: 229.30)."
8,1,ATTIA_CONT_ed383c0cf43d,4.3608,5.9885,4.7146,4.445949838272401,961.2,306.7080210965439,gp_ucb,1662.3929415916236,300.57386067461306,4.142187875801195,Early exploration phase (step 1/25); prioritizing epistemic coverage (beta=2.29).,877.0,1520.0,False,"Active search warranted (max EI: 4.14 cycles, max std: 306.71)."
8,2,ATTIA_CONT_53f1c7022e59,6.9536,5.6509,4.8017,3.286226410618714,947.1666666666666,281.73800477934213,gp_ucb,1667.7896024725326,270.46848458816845,2.187269405327772,Early exploration phase (step 2/25); prioritizing epistemic coverage (beta=2.56).,727.0,1520.0,False,"Active search warranted (max EI: 2.19 cycles, max std: 281.74)."
8,3,ATTIA_CONT_33172f4f6f1e,6.865635741687307,4.853563283849427,3.6924803443266763,4.743258473693955,1277.07696078167,218.37187387888835,gp_ucb,1891.6298880278973,259.91110712356453,22.6412140694897,Stagnation detected (3 steps without improvement) with high epistemic variance (276.5); boosting exploration (beta=2.81).,743.0,1520.0,False,"Active search warranted (max EI: 22.17 cycles, max std: 276.50)."
8,4,ATTIA_CONT_793f8ba5a36d,6.3786,4.2287,5.5845,3.831230280234512,894.125,260.7457933853039,gp_ucb,1611.0574011976826,239.88612991447957,0.7085651852861643,Stagnation detected (4 steps without improvement) with high epistemic variance (260.7); boosting exploration (beta=2.75).,997.0,1520.0,False,"Active search warranted (max EI: 0.71 cycles, max std: 260.75)."
8,5,ATTIA_CONT_35d6b134f331,7.4455,5.6931,5.3941,2.958710716163441,905.5555555555555,247.95042366806697,gp_ucb,1570.87635840156,223.1553813012603,0.5316511941355611,Stagnation detected (5 steps without improvement) with high epistemic variance (248.0); boosting exploration (beta=2.68).,553.0,1520.0,False,"Active search warranted (max EI: 0.53 cycles, max std: 247.95)."
8,6,ATTIA_CONT_9f063b1606ee,4.9205,5.5884,4.6739,4.215748969918973,870.3,257.910855663553,gp_ucb,1544.8244137677193,226.96155298392662,0.4870711435651174,Stagnation detected (6 steps without improvement) with high epistemic variance (257.9); boosting exploration (beta=2.62).,940.0,1520.0,False,"Active search warranted (max EI: 0.49 cycles, max std: 257.91)."
8,7,ATTIA_CONT_662a72e472b2,6.4478,4.7214,5.4681,3.5265754367266515,876.6363636363636,246.72334946725863,gp_ucb,1504.6914761836485,212.18208054184242,0.35244815645837946,Stagnation detected (7 steps without improvement) with high epistemic variance (246.7); boosting exploration (beta=2.55).,784.0,1520.0,False,"Active search warranted (max EI: 0.35 cycles, max std: 246.72)."
8,8,ATTIA_CONT_ebcac5f46bd0,4.3199,5.6296,5.0514,4.419907887844827,868.9166666666666,237.60311513072358,gp_ucb,1456.714311062527,199.58661670980783,0.22065829729545117,Stagnation detected (8 steps without improvement) with high epistemic variance (237.6); boosting exploration (beta=2.47).,1077.0,1520.0,False,"Active search warranted (max EI: 0.22 cycles, max std: 237.60)."
8,9,ATTIA_CONT_be66e60306c5,4.9537,6.1307,3.8936,4.727712392985407,884.9230769230769,234.91911700702906,gp_ucb,1448.7289577399467,192.63367594576385,0.24626141979967642,Stagnation detected (9 steps without improvement) with high epistemic variance (234.9); boosting exploration (beta=2.40).,1050.0,1520.0,False,"Active search warranted (max EI: 0.25 cycles, max std: 234.92)."
8,10,ATTIA_CONT_a0c64e0beeca,5.4184931881729215,5.051175970979612,4.1273238952666595,4.795732145578584,989.7077750943979,223.80996741505234,gp_ucb,1509.7951410026312,185.83558771251992,0.6673475585051616,Stagnation detected (10 steps without improvement) with high epistemic variance (232.3); boosting exploration (beta=2.32).,1170.0,1520.0,False,"Active search warranted (max EI: 0.67 cycles, max std: 232.29)."
8,11,ATTIA_CONT_a6a446aa15ab,5.654006015955499,4.760313097469373,4.213706135187489,4.7829360980061,1092.6422780236455,206.9976815520686,gp_ucb,1557.350920558272,185.07668088943385,1.4756732805718098,Stagnation detected (11 steps without improvement) with high epistemic variance (237.3); boosting exploration (beta=2.24).,1296.0,1520.0,False,"Active search warranted (max EI: 1.48 cycles, max std: 237.28)."
8,12,ATTIA_CONT_e8546b56c0d0,5.9959,4.8958,4.0585,4.631783877103978,1392.0536780592556,134.65939635347533,gp_ucb,1683.3672135798736,172.03637213084542,12.319156548597528,Stagnation detected (12 steps without improvement) with high epistemic variance (226.4); boosting exploration (beta=2.16).,916.0,1520.0,False,"Active search warranted (max EI: 12.32 cycles, max std: 226.36)."
8,13,ATTIA_CONT_51fee7de7fc7,5.170678371617321,4.460844138040987,4.833247272007825,4.787849009311283,1108.752073071455,212.3912988158218,gp_ucb,1550.1990978329113,181.73199324875387,2.135299326169129,Stagnation detected (13 steps without improvement) with high epistemic variance (245.6); boosting exploration (beta=2.08).,967.0,1520.0,False,"Active search warranted (max EI: 2.14 cycles, max std: 245.58)."
8,14,ATTIA_CONT_ce090bfc1e74,5.413819159869278,4.881345769363225,4.247093022396839,4.800672681357578,1103.8663950116002,193.37346234174888,gp_ucb,1488.6747264113005,166.88656855215459,1.082193644523029,Stagnation detected (14 steps without improvement) with high epistemic variance (231.8); boosting exploration (beta=1.99).,1002.0,1520.0,False,"Active search warranted (max EI: 1.08 cycles, max std: 231.79)."
8,15,ATTIA_CONT_6739386bbdc8,5.521682397826505,4.723955067264056,4.2990183969375835,4.809291299221005,1079.6160968094978,189.45138517261813,gp_ucb,1439.074826621093,159.63564157764458,0.6453541748267906,Stagnation detected (15 steps without improvement) with high epistemic variance (228.1); boosting exploration (beta=1.90).,1114.0,1520.0,False,"Active search warranted (max EI: 0.65 cycles, max std: 228.05)."
8,16,ATTIA_CONT_cce010271b67,5.548221045541797,5.071485584136255,4.032376203146134,4.809501305615551,1087.925593078627,181.04596650096508,gp_ucb,1413.808332780364,153.54107233646542,0.5127798376292856,Stagnation detected (16 steps without improvement) with high epistemic variance (225.8); boosting exploration (beta=1.80).,1094.0,1520.0,False,"Active search warranted (max EI: 0.51 cycles, max std: 225.80)."
8,17,ATTIA_CONT_c3c23519becc,5.506290374508761,4.9345017603979,4.155288752758858,4.798211397685498,1093.5304173907093,173.0779554518494,gp_ucb,1387.2534477280835,148.7936016866483,0.38748269807073177,Stagnation detected (17 steps without improvement) with high epistemic variance (225.4); boosting exploration (beta=1.70).,1236.0,1520.0,False,"Active search warranted (max EI: 0.39 cycles, max std: 225.44)."
8,18,ATTIA_CONT_776b397c0d43,5.606525643225302,4.664097497299858,4.303499236369216,4.803144188899518,1107.9468882991737,170.2742633410289,gp_ucb,1378.2489015842243,146.9947392252924,0.43606028314973333,Stagnation detected (18 steps without improvement) with high epistemic variance (229.7); boosting exploration (beta=1.59).,875.0,1520.0,False,"Active search warranted (max EI: 0.44 cycles, max std: 229.68)."
8,19,ATTIA_CONT_9388f1d50009,5.1242230950614625,5.402821363709402,4.082106088199686,4.804880242748846,1076.6374187030444,178.63836319596652,gp_ucb,1339.181121692702,140.56391539702574,0.3785490371105622,Stagnation detected (19 steps without improvement) with high epistemic variance (226.7); boosting exploration (beta=1.47).,764.0,1520.0,False,"Active search warranted (max EI: 0.38 cycles, max std: 226.72)."
8,20,ATTIA_CONT_73a1e99aabaf,5.886873746039312,4.560716623425364,4.248971686861341,4.78814758123588,1051.8390461938336,189.48867664489418,expected_improvement,0.4156898956294466,134.16469179262583,0.4156898956294466,Balancing predicted mean (1058.4) and posterior epistemic uncertainty (223.6).,681.0,1520.0,False,"Active search warranted (max EI: 0.42 cycles, max std: 223.61)."
8,21,ATTIA_CONT_e63fef38bb02,6.0116,4.7878,3.9965,4.809886146372935,1388.9295803999312,137.0281485708782,expected_improvement,12.395128623609565,126.59105028385159,9.460290744293669,Balancing predicted mean (1338.1) and posterior epistemic uncertainty (218.3).,686.0,1520.0,False,"Active search warranted (max EI: 9.46 cycles, max std: 218.26)."
8,22,ATTIA_CONT_d12c625ec4c8,5.348480279862785,5.032596836517817,4.200604878957398,4.7710194459097615,992.5133379847214,212.47866822960432,greedy,992.5133379847214,124.85120282581515,0.4545341096603295,Late budget phase (12% remaining); switching to pure exploitation of posterior mean.,1295.0,1520.0,False,"Active search warranted (max EI: 0.45 cycles, max std: 222.95)."
8,23,ATTIA_CONT_b11827d161e6,5.328805331485162,5.124786829272249,4.1276027678949925,4.80140045303518,1023.1205474241087,213.08735825520867,greedy,1023.1205474241086,125.61477073193532,0.7104258945681146,Late budget phase (8% remaining); switching to pure exploitation of posterior mean.,984.0,1520.0,False,"Active search warranted (max EI: 0.71 cycles, max std: 232.62)."
8,24,ATTIA_CONT_2646881bbfa2,5.154231891391835,5.137165338771594,4.238364455298862,4.791152401828423,1021.1852689848276,208.70381806503983,greedy,1021.1852689848276,119.64913127427728,0.5849207982120292,Late budget phase (4% remaining); switching to pure exploitation of posterior mean.,726.0,1520.0,False,"Active search warranted (max EI: 0.58 cycles, max std: 230.09)."
8,25,ATTIA_CONT_f68542b756b7,5.5308,4.9307,4.1488,4.79195370036558,1021.1899509072023,217.6799529405826,greedy,1021.189950036056,110.68542364656344,0.684316128215392,Late budget phase (0% remaining); switching to pure exploitation of posterior mean.,973.0,1520.0,False,"Active search warranted (max EI: 0.68 cycles, max std: 221.37)."
9,1,ATTIA_CONT_5648159d5009,5.8418,6.2196,3.8888,4.09462784991254,979.480669046181,82.54290574178809,gp_ucb,1195.147826635504,92.88346010225848,12.439109137960408,Early exploration phase (step 1/25); prioritizing epistemic coverage (beta=2.61).,787.0,1045.0,False,"Active search warranted (max EI: 12.44 cycles, max std: 94.78)."
9,2,ATTIA_CONT_b223cb709a00,4.702,5.7815,5.2866,3.867949890041065,888.8333333333334,98.54511157985193,gp_ucb,1172.3967848831473,94.60330711665786,2.373604258193776,Early exploration phase (step 2/25); prioritizing epistemic coverage (beta=2.88).,454.0,1045.0,False,"Active search warranted (max EI: 2.37 cycles, max std: 98.55)."
9,3,ATTIA_CONT_2bb5b605bde4,6.7078,5.4225,3.8727,4.138754300448818,872.9088990098182,174.07616682617783,gp_ucb,1362.802471848579,166.8911479149528,14.93647025419303,Stagnation detected (4 steps without improvement) with high epistemic variance (177.5); boosting exploration (beta=2.81).,787.0,1045.0,False,"Active search warranted (max EI: 14.94 cycles, max std: 177.54)."
9,4,ATTIA_CONT_e24000a2c56f,6.7765,5.4582,4.9841,3.3121804439830242,821.75,166.4765384640807,gp_ucb,1279.4848033675264,153.15841538695423,6.940831113777946,Stagnation detected (5 steps without improvement) with high epistemic variance (166.5); boosting exploration (beta=2.75).,624.0,1045.0,False,"Active search warranted (max EI: 6.94 cycles, max std: 166.48)."
9,5,ATTIA_CONT_1542b5e20751,6.2091,5.5594,3.9441,4.186542222219787,834.5374686023669,165.64653159358951,gp_ucb,1279.0137934375166,151.9073055171237,7.9809097901391794,Stagnation detected (6 steps without improvement) with high epistemic variance (168.8); boosting exploration (beta=2.68).,509.0,1045.0,False,"Active search warranted (max EI: 7.98 cycles, max std: 168.79)."
9,6,ATTIA_CONT_925203e032cd,7.655,5.3532,4.3189,3.5167287761703823,770.7,182.3655955092495,gp_ucb,1247.6479209620602,160.48172404813954,5.29387562912515,Stagnation detected (7 steps without improvement) with high epistemic variance (182.4); boosting exploration (beta=2.62).,647.0,1045.0,False,"Active search warranted (max EI: 5.29 cycles, max std: 182.37)."
9,7,ATTIA_CONT_4c4d6a1b722b,7.5932,3.9166,4.833,4.1770704316166425,759.4545454545455,177.47797089369905,gp_ucb,1211.2397016831333,152.63105496858117,4.038554954745845,Stagnation detected (8 steps without improvement) with high epistemic variance (177.5); boosting exploration (beta=2.55).,1088.0,1088.0,False,"Active search warranted (max EI: 4.04 cycles, max std: 177.48)."
9,8,ATTIA_CONT_686b320f6bbc,7.0969,5.4115,4.1815,3.724582582183367,786.8333333333334,192.66327973428582,expected_improvement,4.8808378324461685,161.8371549768001,4.8808378324461685,Balancing predicted mean (786.8) and posterior epistemic uncertainty (192.7).,658.0,1088.0,False,"Active search warranted (max EI: 4.88 cycles, max std: 192.66)."
9,9,ATTIA_CONT_a6c798defe8f,6.8694,6.5493,4.5675,3.1632157140447483,776.9230769230769,188.26146483928136,expected_improvement,3.862674008319715,154.37440116821074,3.862674008319715,Balancing predicted mean (776.9) and posterior epistemic uncertainty (188.3).,860.0,1088.0,False,"Active search warranted (max EI: 3.86 cycles, max std: 188.26)."
9,10,ATTIA_CONT_3efb2bbece0b,6.1998,5.7632,4.2638,3.788014854397165,782.8571428571429,182.67060912220242,expected_improvement,3.5883208340945725,146.13648729776193,3.5883208340945725,Balancing predicted mean (782.9) and posterior epistemic uncertainty (182.7).,719.0,1088.0,False,"Active search warranted (max EI: 3.59 cycles, max std: 182.67)."
9,11,ATTIA_CONT_0e093b3ee1dd,6.6348,6.8795,4.9816,2.9716377678551282,778.6,177.19398143396683,gp_ucb,1176.3995017145721,138.21130551849413,2.8932305538729945,Stagnation detected (3 steps without improvement) with high epistemic variance (177.2); boosting exploration (beta=2.24).,573.0,1088.0,False,"Active search warranted (max EI: 2.89 cycles, max std: 177.19)."
9,12,ATTIA_CONT_5b316d0fac7b,7.7756,4.2682,4.7973,3.8170196196135935,765.75,178.6398272889781,gp_ucb,1152.2070342782652,135.76626873962334,2.5248486070656355,Stagnation detected (4 steps without improvement) with high epistemic variance (178.6); boosting exploration (beta=2.16).,987.0,1088.0,False,"Active search warranted (max EI: 2.52 cycles, max std: 178.64)."
9,13,ATTIA_CONT_1457df088c22,7.3867,6.8405,4.1503,3.2172930673294062,778.7647058823529,180.95613144918366,gp_ucb,1154.874962215671,133.9075372723959,3.2377760060938527,Stagnation detected (5 steps without improvement) with high epistemic variance (181.0); boosting exploration (beta=2.08).,512.0,1088.0,False,"Active search warranted (max EI: 3.24 cycles, max std: 180.96)."
9,14,ATTIA_CONT_9a3253dbe7a3,6.7679,4.5867,4.6855,3.9349792327412096,763.9444444444445,186.17150874870862,gp_ucb,1134.421069148745,134.0434862990702,3.0812866714216103,Stagnation detected (6 steps without improvement) with high epistemic variance (186.2); boosting exploration (beta=1.99).,794.0,1088.0,False,"Active search warranted (max EI: 3.08 cycles, max std: 186.17)."
9,15,ATTIA_CONT_d9edb8eef871,5.0365,5.8049,5.2116,3.695015717762728,765.5263157894736,181.33028086615238,gp_ucb,1109.5763335665285,126.93119660630666,2.732485645875487,Stagnation detected (7 steps without improvement) with high epistemic variance (181.3); boosting exploration (beta=1.90).,846.0,1088.0,False,"Active search warranted (max EI: 2.73 cycles, max std: 181.33)."
9,16,ATTIA_CONT_d473f7ab448c,6.4079,4.6339,4.5093,4.171688139918767,769.55,177.60700403006817,gp_ucb,1089.2426072541225,120.77276274044634,2.5800707534536382,Stagnation detected (8 steps without improvement) with high epistemic variance (177.6); boosting exploration (beta=1.80).,653.0,1088.0,False,"Active search warranted (max EI: 2.58 cycles, max std: 177.61)."
9,17,ATTIA_CONT_25807da13f75,4.9533,6.2671,4.6176,3.916629516262254,764.0,175.0948045574699,gp_ucb,1061.1457367674884,115.56257100793015,2.1990699586545777,Stagnation detected (9 steps without improvement) with high epistemic variance (175.1); boosting exploration (beta=1.70).,836.0,1088.0,False,"Active search warranted (max EI: 2.20 cycles, max std: 175.09)."
9,18,ATTIA_CONT_70f1c18c9e90,7.3067,4.7647,4.5189,3.7692744342741373,767.2727272727273,171.7252516589722,gp_ucb,1039.8781131045007,109.90416106174222,2.0634074965507114,Stagnation detected (10 steps without improvement) with high epistemic variance (171.7); boosting exploration (beta=1.59).,619.0,1088.0,False,"Active search warranted (max EI: 2.06 cycles, max std: 171.73)."
9,19,ATTIA_CONT_66f403912d65,6.2245,4.3576,5.5993,3.779289686273262,760.8260869565217,170.65083923207808,gp_ucb,1011.6305751343116,105.8035203238884,1.8034493191766359,Stagnation detected (11 steps without improvement) with high epistemic variance (170.7); boosting exploration (beta=1.47).,366.0,1088.0,False,"Active search warranted (max EI: 1.80 cycles, max std: 170.65)."
9,20,ATTIA_CONT_2cdf7e0af18d,7.8284,5.464,4.9398,3.123634788373183,744.375,184.75114172205764,expected_improvement,2.2645346010176794,110.85068503323458,2.2645346010176794,Balancing predicted mean (744.4) and posterior epistemic uncertainty (184.8).,824.0,1088.0,False,"Active search warranted (max EI: 2.26 cycles, max std: 184.75)."
9,21,ATTIA_CONT_90979c28fdab,6.7531,5.925,5.0787,3.1291457332417494,747.56,181.68964413956886,expected_improvement,2.1493216233501915,105.37999360094993,2.1493216233501915,Balancing predicted mean (747.6) and posterior epistemic uncertainty (181.7).,1011.0,1088.0,False,"Active search warranted (max EI: 2.15 cycles, max std: 181.69)."
9,22,ATTIA_CONT_05e434cf8a77,6.577,6.0031,4.5537,3.388611924937036,757.6923076923077,185.22434864523382,greedy,757.6923076923077,103.72563524133095,2.757121758084228,Late budget phase (12% remaining); switching to pure exploitation of posterior mean.,682.0,1088.0,False,"Active search warranted (max EI: 2.76 cycles, max std: 185.22)."
9,23,ATTIA_CONT_1c462973d0a1,5.8173,6.1565,4.316,3.741026502585462,754.8888888888889,182.32314301487114,greedy,754.8888888888889,98.45449722803042,2.4304905275805844,Late budget phase (8% remaining); switching to pure exploitation of posterior mean.,699.0,1088.0,False,"Active search warranted (max EI: 2.43 cycles, max std: 182.32)."
9,24,ATTIA_CONT_de5e07616072,4.1587,5.065,5.4137,4.7455516905520305,752.8928571428571,179.33793718652387,greedy,752.8928571428571,93.25572733699242,2.149897788515707,Late budget phase (4% remaining); switching to pure exploitation of posterior mean.,1006.0,1088.0,False,"Active search warranted (max EI: 2.15 cycles, max std: 179.34)."
9,25,ATTIA_CONT_4ac4e22cfd95,7.449,5.8877,3.9389,3.631562984661475,761.6206896551724,182.17013905242675,greedy,761.6206896551724,91.08506952621337,2.655590372712428,Late budget phase (0% remaining); switching to pure exploitation of posterior mean.,726.0,1088.0,False,"Active search warranted (max EI: 2.66 cycles, max std: 182.17)."
10,1,ATTIA_CONT_fb3fb849bb53,5.9762,3.6209,5.5922,4.739157012451188,1142.9550946879986,117.99949753873891,gp_ucb,1374.1859882254098,156.4331701129601,17.242224878112275,Early exploration phase (step 1/25); prioritizing epistemic coverage (beta=1.96).,951.0,1232.0,False,"Active search warranted (max EI: 17.24 cycles, max std: 159.63)."
10,2,ATTIA_CONT_68863298ded2,5.5705,4.0265,5.6,4.407419081718671,1010.122721928456,138.0169769798288,gp_ucb,1319.0122127878362,136.57978277663,2.952711892557293,Early exploration phase (step 2/25); prioritizing epistemic coverage (beta=2.24).,588.0,1232.0,False,"Active search warranted (max EI: 2.95 cycles, max std: 142.27)."
10,3,ATTIA_CONT_1457df088c22,7.3867,6.8405,4.1503,3.2172930673294062,895.2857142857143,182.0499837492155,expected_improvement,2.2914430982578455,171.12698472426257,2.2914430982578455,Balancing predicted mean (895.3) and posterior epistemic uncertainty (182.0).,737.0,1232.0,False,"Active search warranted (max EI: 2.29 cycles, max std: 182.05)."
10,4,ATTIA_CONT_9a3253dbe7a3,6.7679,4.5867,4.6855,3.9349792327412096,875.5,178.15653193431191,gp_ucb,1365.349475883881,163.90400937956696,1.508199681386598,Stagnation detected (3 steps without improvement) with high epistemic variance (178.2); boosting exploration (beta=2.75).,695.0,1232.0,False,"Active search warranted (max EI: 1.51 cycles, max std: 178.16)."
10,5,ATTIA_CONT_d9edb8eef871,5.0365,5.8049,5.2116,3.695015717762728,855.4444444444445,177.28767388390827,gp_ucb,1331.157192897124,159.55890649551745,1.072839088844983,Stagnation detected (4 steps without improvement) with high epistemic variance (177.3); boosting exploration (beta=2.68).,708.0,1232.0,False,"Active search warranted (max EI: 1.07 cycles, max std: 177.29)."
10,6,ATTIA_CONT_d473f7ab448c,6.4079,4.6339,4.5093,4.171688139918767,840.7,173.90920695629865,gp_ucb,1295.531595084284,153.04010212154282,0.7362593037828669,Stagnation detected (5 steps without improvement) with high epistemic variance (173.9); boosting exploration (beta=2.62).,970.0,1232.0,False,"Active search warranted (max EI: 0.74 cycles, max std: 173.91)."
10,7,ATTIA_CONT_25807da13f75,4.9533,6.2671,4.6176,3.916629516262254,852.4545454545455,169.93118534804876,gp_ucb,1285.0287220353696,146.14081939932194,0.7544272042885369,Stagnation detected (6 steps without improvement) with high epistemic variance (169.9); boosting exploration (beta=2.55).,1011.0,1232.0,False,"Active search warranted (max EI: 0.75 cycles, max std: 169.93)."
10,8,ATTIA_CONT_70f1c18c9e90,7.3067,4.7647,4.5189,3.7692744342741373,865.6666666666666,168.4944791060451,gp_ucb,1282.4989874792577,141.5353624490779,0.8858626747507365,Stagnation detected (7 steps without improvement) with high epistemic variance (168.5); boosting exploration (beta=2.47).,538.0,1232.0,False,"Active search warranted (max EI: 0.89 cycles, max std: 168.49)."
10,9,ATTIA_CONT_66f403912d65,6.2245,4.3576,5.5993,3.779289686273262,840.4615384615385,183.92965503840213,gp_ucb,1281.8927105537036,150.82231713148977,1.0983882215223968,Stagnation detected (8 steps without improvement) with high epistemic variance (183.9); boosting exploration (beta=2.40).,932.0,1232.0,False,"Active search warranted (max EI: 1.10 cycles, max std: 183.93)."
10,10,ATTIA_CONT_2cdf7e0af18d,7.8284,5.464,4.9398,3.123634788373183,847.0,178.79997068751422,gp_ucb,1262.4935852650701,143.03997655001137,0.9970480718649783,Stagnation detected (9 steps without improvement) with high epistemic variance (178.8); boosting exploration (beta=2.32).,901.0,1232.0,False,"Active search warranted (max EI: 1.00 cycles, max std: 178.80)."
10,11,ATTIA_CONT_90979c28fdab,6.7531,5.925,5.0787,3.1291457332417494,850.6,173.26157842702222,gp_ucb,1239.5712788593482,135.14403117307734,0.8434756597162671,Stagnation detected (10 steps without improvement) with high epistemic variance (173.3); boosting exploration (beta=2.24).,194.0,1232.0,False,"Active search warranted (max EI: 0.84 cycles, max std: 173.26)."
10,12,ATTIA_CONT_05e434cf8a77,6.577,6.0031,4.5537,3.388611924937036,809.5625,231.09419114732574,gp_ucb,1309.4956733861356,175.63158527196757,3.073298175769878,Stagnation detected (11 steps without improvement) with high epistemic variance (231.1); boosting exploration (beta=2.16).,832.0,1232.0,False,"Active search warranted (max EI: 3.07 cycles, max std: 231.09)."
10,13,ATTIA_CONT_1c462973d0a1,5.8173,6.1565,4.316,3.741026502585462,810.8823529411765,224.25638800091954,gp_ucb,1276.9905024685431,165.94972712068045,2.6250775200786585,Stagnation detected (12 steps without improvement) with high epistemic variance (224.3); boosting exploration (beta=2.08).,651.0,1232.0,False,"Active search warranted (max EI: 2.63 cycles, max std: 224.26)."
10,14,ATTIA_CONT_de5e07616072,4.1587,5.065,5.4137,4.7455516905520305,802.0,220.99371557704902,gp_ucb,1241.7719413573545,159.1154752154753,2.167050417854993,Stagnation detected (13 steps without improvement) with high epistemic variance (221.0); boosting exploration (beta=1.99).,999.0,1232.0,False,"Active search warranted (max EI: 2.17 cycles, max std: 220.99)."
10,15,ATTIA_CONT_4ac4e22cfd95,7.449,5.8877,3.9389,3.631562984661475,812.3684210526316,219.55150710523506,gp_ucb,1228.938116757742,153.68605497366454,2.3563111191149293,Stagnation detected (14 steps without improvement) with high epistemic variance (219.6); boosting exploration (beta=1.90).,694.0,1232.0,False,"Active search warranted (max EI: 2.36 cycles, max std: 219.55)."
10,16,ATTIA_CONT_9273a596153e,6.5733,5.5966,4.4651,3.5898434196737004,806.45,215.54175407888417,gp_ucb,1194.4251573419915,146.56839277364122,1.9596484958787972,Stagnation detected (15 steps without improvement) with high epistemic variance (215.5); boosting exploration (beta=1.80).,822.0,1232.0,False,"Active search warranted (max EI: 1.96 cycles, max std: 215.54)."
10,17,ATTIA_CONT_42a68f6eda5b,4.222,6.94,4.7019,4.171767302529203,807.1904761904761,210.37328146327275,gp_ucb,1164.2057735580274,138.84636576576003,1.6956580292164727,Stagnation detected (16 steps without improvement) with high epistemic variance (210.4); boosting exploration (beta=1.70).,815.0,1232.0,False,"Active search warranted (max EI: 1.70 cycles, max std: 210.37)."
10,18,ATTIA_CONT_da4855c1420e,5.2495,5.4083,4.2241,4.520771230296993,807.5454545454545,205.54290863169737,gp_ucb,1133.8347065408602,131.54746152428632,1.4633486058958187,Stagnation detected (17 steps without improvement) with high epistemic variance (205.5); boosting exploration (beta=1.59).,900.0,1232.0,False,"Active search warranted (max EI: 1.46 cycles, max std: 205.54)."
10,19,ATTIA_CONT_c014fbbc1e7c,6.2796,4.2234,5.2839,4.031326390918196,811.5652173913044,201.90718032925423,gp_ucb,1108.3069577177735,125.18245180413763,1.3709992316741042,Stagnation detected (18 steps without improvement) with high epistemic variance (201.9); boosting exploration (beta=1.47).,656.0,1232.0,False,"Active search warranted (max EI: 1.37 cycles, max std: 201.91)."
10,20,ATTIA_CONT_e05b8edfaf45,5.4495,5.9624,4.8697,3.6132245063763064,805.0833333333334,200.08559624167586,expected_improvement,1.1785732988463513,120.0513577450055,1.1785732988463513,Balancing predicted mean (805.1) and posterior epistemic uncertainty (200.1).,452.0,1232.0,False,"Active search warranted (max EI: 1.18 cycles, max std: 200.09)."
10,21,ATTIA_CONT_70f545c0d4a9,6.9151,3.9428,4.5735,4.62012251168797,790.96,207.89449572464363,expected_improvement,1.2669283718977047,120.5788075202933,1.2669283718977047,Balancing predicted mean (791.0) and posterior epistemic uncertainty (207.9).,851.0,1232.0,False,"Active search warranted (max EI: 1.27 cycles, max std: 207.89)."
10,22,ATTIA_CONT_225d269abc0f,5.2323,5.2437,4.1891,4.6994027643222065,793.2692307692307,204.18404109216996,greedy,793.2692307692307,114.34306301161519,1.153214012939019,Late budget phase (12% remaining); switching to pure exploitation of posterior mean.,1120.0,1232.0,False,"Active search warranted (max EI: 1.15 cycles, max std: 204.18)."
10,23,ATTIA_CONT_dc70f13c98ac,7.7688,4.0981,4.4257,4.261759862945408,805.3703703703703,209.65300922219527,greedy,805.3703703703703,113.21262497998545,1.6200264436512768,Late budget phase (8% remaining); switching to pure exploitation of posterior mean.,794.0,1232.0,False,"Active search warranted (max EI: 1.62 cycles, max std: 209.65)."
10,24,ATTIA_CONT_41ef65db8218,7.8478,6.8873,5.202,2.713847432545269,804.9642857142857,205.88598114531902,greedy,804.9642857142857,107.06071019556589,1.4297539479632828,Late budget phase (4% remaining); switching to pure exploitation of posterior mean.,450.0,1232.0,False,"Active search warranted (max EI: 1.43 cycles, max std: 205.89)."
10,25,ATTIA_CONT_7a19fcae13fc,6.9123,5.2608,4.1116,3.9159755721944878,792.7241379310345,212.42019826534673,greedy,792.7241379310345,106.21009913267336,1.5003076637381465,Late budget phase (0% remaining); switching to pure exploitation of posterior mean.,645.0,1232.0,False,"Active search warranted (max EI: 1.50 cycles, max std: 212.42)."
11,1,ATTIA_CONT_13b2c7c1930f,3.6358207896291344,6.978499192762404,5.073821709334937,4.5891580742424125,1027.7129302066428,241.08380739459662,gp_ucb,1657.6140644617676,243.61794653810156,113.18535170471766,Early exploration phase (step 1/25); prioritizing epistemic coverage (beta=2.61).,929.0,1183.0,False,"Active search warranted (max EI: 72.00 cycles, max std: 248.59)."
11,2,ATTIA_CONT_20af9b88c1b4,5.7677436796148065,6.931061466817328,3.6577408009561716,4.127379785402767,1080.7249907441117,126.57679654606639,gp_ucb,1444.9495853414514,163.9999336268513,70.44187103329799,Early exploration phase (step 2/25); prioritizing epistemic coverage (beta=2.88).,864.0,1183.0,False,"Active search warranted (max EI: 39.50 cycles, max std: 170.83)."
11,3,ATTIA_CONT_985dbf1a4f98,5.101014517892612,5.249525959786801,4.2004026283613705,4.790921943238892,1091.2090815900071,117.07264126413297,gp_ucb,1420.6806985676737,173.82326046411043,21.667444402328677,Stagnation detected (4 steps without improvement) with high epistemic variance (184.9); boosting exploration (beta=2.81).,963.0,1183.0,False,"Active search warranted (max EI: 17.99 cycles, max std: 184.92)."
11,4,ATTIA_CONT_783435e4bfa9,4.818786817800616,6.900359921359368,3.6760359537942264,4.787894261986859,995.771245694954,136.13539858168375,gp_ucb,1370.0817069530838,163.4535481687059,10.009061918882978,Stagnation detected (5 steps without improvement) with high epistemic variance (177.7); boosting exploration (beta=2.75).,1045.0,1183.0,False,"Active search warranted (max EI: 10.01 cycles, max std: 177.67)."
11,5,ATTIA_CONT_f2d79736171b,6.358425605464083,5.1428504576015435,3.6554656357863378,4.806443566466123,1090.6434417596697,88.98212690823635,gp_ucb,1329.4075432188654,155.1257992027854,7.791350288108033,Stagnation detected (6 steps without improvement) with high epistemic variance (172.4); boosting exploration (beta=2.68).,868.0,1183.0,False,"Active search warranted (max EI: 7.79 cycles, max std: 172.36)."
11,6,ATTIA_CONT_8f81dde63443,4.664667089251195,6.910472964722602,3.7566492957461937,4.806462915702132,1013.7237277319393,125.79969479762056,gp_ucb,1342.7326217825917,153.8630907725058,5.193174231456972,Stagnation detected (7 steps without improvement) with high epistemic variance (174.8); boosting exploration (beta=2.62).,927.0,1183.0,False,"Active search warranted (max EI: 5.19 cycles, max std: 174.84)."
11,7,ATTIA_CONT_79a42ca31af5,4.850523119600088,6.867570662486416,3.6578282826019173,4.803723619029195,992.4990224420212,119.10413640112193,gp_ucb,1295.6886555017843,146.97329538883207,2.776283806767701,Stagnation detected (8 steps without improvement) with high epistemic variance (170.9); boosting exploration (beta=2.55).,962.0,1183.0,False,"Active search warranted (max EI: 2.78 cycles, max std: 170.90)."
11,8,ATTIA_CONT_442808f3b1a6,4.682159607661911,6.809041060074669,3.7779680998492577,4.803060822482129,983.911993855656,109.41377387030467,gp_ucb,1254.5867217944829,136.75421789995056,1.487993910079033,Stagnation detected (9 steps without improvement) with high epistemic variance (162.8); boosting exploration (beta=2.47).,672.0,1183.0,False,"Active search warranted (max EI: 1.49 cycles, max std: 162.80)."
11,9,ATTIA_CONT_0e6592be7fa1,5.5488006150854705,5.844596956318358,3.666490258704101,4.778387571844833,935.4420789853637,152.6325067120446,gp_ucb,1301.7600950942708,143.83994859081983,3.3676227950961284,Stagnation detected (10 steps without improvement) with high epistemic variance (175.4); boosting exploration (beta=2.40).,903.0,1183.0,False,"Active search warranted (max EI: 3.37 cycles, max std: 175.41)."
11,10,ATTIA_CONT_ed4b8e54de8c,5.785862725001332,5.634852771905898,3.6415171852856547,4.797992036464314,933.5232587113654,145.01427837677767,gp_ucb,1270.5059897806932,137.35888825347516,2.522780161904528,Stagnation detected (11 steps without improvement) with high epistemic variance (171.7); boosting exploration (beta=2.32).,869.0,1183.0,False,"Active search warranted (max EI: 2.52 cycles, max std: 171.70)."
11,11,ATTIA_CONT_351acd19f8e3,5.8314850941913186,5.6920490981338965,3.6113478404233015,4.778701941620947,923.8958756060258,139.7826787264917,gp_ucb,1237.7072110460415,130.81311301764472,1.7412151550602104,Stagnation detected (12 steps without improvement) with high epistemic variance (167.7); boosting exploration (beta=2.24).,746.0,1183.0,False,"Active search warranted (max EI: 1.74 cycles, max std: 167.71)."
11,12,ATTIA_CONT_c62fb32ce5e4,4.8525,6.8554,3.6797,4.770484838468112,940.9266905151364,139.7677475565199,gp_ucb,1243.277593750142,119.26852258175109,2.32257766641745,Stagnation detected (13 steps without improvement) with high epistemic variance (156.9); boosting exploration (beta=2.16).,629.0,1183.0,False,"Active search warranted (max EI: 2.32 cycles, max std: 156.93)."
11,13,ATTIA_CONT_1565aa6c30f7,5.55,5.8004,3.6851,4.775818467625261,843.2208528199116,161.71651180236995,gp_ucb,1179.342160631623,119.67039646640742,1.0411318299610262,Stagnation detected (14 steps without improvement) with high epistemic variance (161.7); boosting exploration (beta=2.08).,1140.0,1183.0,False,"Active search warranted (max EI: 1.04 cycles, max std: 161.72)."
11,14,ATTIA_CONT_db56c4630543,3.6256,6.9694,5.0829,4.602050148219203,873.4128271872916,167.74635111806592,gp_ucb,1207.223931329147,123.23982624978036,2.017052383683259,Stagnation detected (15 steps without improvement) with high epistemic variance (171.2); boosting exploration (beta=1.99).,870.0,1183.0,False,"Active search warranted (max EI: 2.02 cycles, max std: 171.17)."
11,15,ATTIA_CONT_bde39d1f2bc7,5.6288,5.7558,3.6675,4.778459279389247,864.7892077862339,166.90246918594443,gp_ucb,1181.457835715195,116.84774364668775,1.6914524634515526,Stagnation detected (16 steps without improvement) with high epistemic variance (166.9); boosting exploration (beta=1.90).,694.0,1183.0,False,"Active search warranted (max EI: 1.69 cycles, max std: 166.93)."
11,16,ATTIA_CONT_e5a99ad35d54,4.8263,6.8943,3.6683,4.796575424859444,968.6881693961113,140.33136769082748,gp_ucb,1221.2848586539808,113.20855946130375,1.4902427837832963,Stagnation detected (17 steps without improvement) with high epistemic variance (166.5); boosting exploration (beta=1.80).,1012.0,1183.0,False,"Active search warranted (max EI: 1.49 cycles, max std: 166.48)."
11,17,ATTIA_CONT_9f6130f5e1b0,6.9764,4.7687,4.0132,4.3268604169635525,869.1599896300067,162.23148445045584,gp_ucb,1144.4759491327763,108.94034798994826,1.624218905661177,Stagnation detected (18 steps without improvement) with high epistemic variance (165.1); boosting exploration (beta=1.70).,952.0,1183.0,False,"Active search warranted (max EI: 1.62 cycles, max std: 165.06)."
11,18,ATTIA_CONT_9cfc0fe810bb,6.9475,4.7466,4.0297,4.337225941805418,890.6500508181857,154.0485832916597,gp_ucb,1135.1941532417095,104.1418898832923,1.537731668516951,Stagnation detected (19 steps without improvement) with high epistemic variance (162.7); boosting exploration (beta=1.59).,712.0,1183.0,False,"Active search warranted (max EI: 1.54 cycles, max std: 162.72)."
11,19,ATTIA_CONT_0a85dd301461,5.4759,5.719,3.7424,4.792692141679743,857.6120680844823,161.9165514442686,gp_ucb,1095.5794179146233,100.38844249793307,1.3298924712438724,Stagnation detected (20 steps without improvement) with high epistemic variance (161.9); boosting exploration (beta=1.47).,1172.0,1183.0,False,"Active search warranted (max EI: 1.33 cycles, max std: 161.92)."
11,20,ATTIA_CONT_d1d43fdc9c8a,5.5321,5.7955,3.6947,4.77635858336889,1070.854275730712,118.81813078294168,expected_improvement,11.002492211890324,103.07630552906765,2.45885387418533,Balancing predicted mean (874.1) and posterior epistemic uncertainty (171.8).,1104.0,1183.0,False,"Active search warranted (max EI: 2.46 cycles, max std: 171.79)."
11,21,ATTIA_CONT_2559d69dd029,6.001,5.5833,3.6072,4.753629783494573,1132.0366093898988,95.80338743780756,expected_improvement,18.019324022425323,100.13499148438531,3.1867095937514485,Balancing predicted mean (890.9) and posterior epistemic uncertainty (172.6).,796.0,1183.0,False,"Active search warranted (max EI: 3.19 cycles, max std: 172.65)."
11,22,ATTIA_CONT_9aed33ace22d,5.540879681041227,5.862009218095402,3.66967808943635,4.7672819115100005,884.3474903534755,168.27806095812812,greedy,884.3474903534755,95.50431829281173,2.5588176889915477,Late budget phase (12% remaining); switching to pure exploitation of posterior mean.,672.0,1183.0,False,"Active search warranted (max EI: 2.56 cycles, max std: 170.54)."
11,23,ATTIA_CONT_8a000a40b4f0,5.6119,5.8545,3.6301,4.787958552594594,868.8134189387242,171.69868027635732,greedy,868.8129662665064,92.71795702654363,2.2717923755717795,Late budget phase (8% remaining); switching to pure exploitation of posterior mean.,860.0,1183.0,False,"Active search warranted (max EI: 2.27 cycles, max std: 171.70)."
11,24,ATTIA_CONT_cb2aee8f9905,4.8851,6.8691,3.6459,4.789981922343477,872.9151204246901,168.36768026671763,greedy,872.9510210843978,87.65824902903003,2.0485372825444355,Late budget phase (4% remaining); switching to pure exploitation of posterior mean.,865.0,1183.0,False,"Active search warranted (max EI: 2.05 cycles, max std: 168.57)."
11,25,ATTIA_CONT_67b85a16cc75,3.6466,6.8711,5.0995,4.598324323412963,868.3580708803755,165.64291944201116,greedy,868.358022047424,82.82149306172663,1.8328501035092462,Late budget phase (0% remaining); switching to pure exploitation of posterior mean.,927.0,1183.0,False,"Active search warranted (max EI: 1.83 cycles, max std: 165.64)."
12,1,ATTIA_CONT_e8e380995bdd,3.600004669038948,6.046186604099477,5.563871208183237,4.752141727765514,1049.9542624329742,164.5214027916477,gp_ucb,1533.5464487607026,161.23097473581456,128.0546067758401,Early exploration phase (step 1/25); prioritizing epistemic coverage (beta=2.94).,970.0,1072.0,False,"Active search warranted (max EI: 68.73 cycles, max std: 164.52)."
12,2,ATTIA_CONT_b7d0ec7a3719,7.695067179849449,3.7331571626255413,4.396630594932658,4.8062303695907165,949.421825055596,123.96647432229238,gp_ucb,1306.135220288868,154.16919189078513,77.91647853907371,Early exploration phase (step 2/25); prioritizing epistemic coverage (beta=2.88).,460.0,1072.0,False,"Active search warranted (max EI: 42.23 cycles, max std: 160.59)."
12,3,ATTIA_CONT_3972a5b890b3,5.1397,4.8861,5.6,3.9133457721127543,962.829970055256,202.9311899698036,gp_ucb,1533.9289368802288,226.69651240377712,73.5775749979774,Stagnation detected (6 steps without improvement) with high epistemic variance (241.2); boosting exploration (beta=2.81).,789.0,1072.0,False,"Active search warranted (max EI: 57.04 cycles, max std: 241.17)."
12,4,ATTIA_CONT_def154c8ffcd,4.7663,4.677,5.0344,4.737510876777425,917.6394783843616,200.31016339916133,gp_ucb,1468.4018181085933,208.26584054758976,31.858163280040902,Stagnation detected (7 steps without improvement) with high epistemic variance (226.4); boosting exploration (beta=2.75).,1065.0,1072.0,False,"Active search warranted (max EI: 31.86 cycles, max std: 226.38)."
12,5,ATTIA_CONT_edd64b4be3a2,5.867077810264206,3.65997453945753,5.584094992272889,4.748682165194362,981.6757194095953,162.950196015843,gp_ucb,1418.916977695604,204.15771157150155,63.43506548189597,Stagnation detected (8 steps without improvement) with high epistemic variance (226.8); boosting exploration (beta=2.68).,873.0,1072.0,False,"Active search warranted (max EI: 42.09 cycles, max std: 226.84)."
12,6,ATTIA_CONT_001f97ae6f8a,3.8947717888925983,6.194661962854027,4.826345572657605,4.808768101932934,919.0745561344994,184.9474445904325,gp_ucb,1402.7748886359695,192.9895230531551,68.8017549438152,Stagnation detected (9 steps without improvement) with high epistemic variance (219.3); boosting exploration (beta=2.62).,1072.0,1072.0,False,"Active search warranted (max EI: 41.66 cycles, max std: 219.31)."
12,7,ATTIA_CONT_98083813a94a,4.4628,6.1226,4.2012,4.809953298926344,927.9524431459988,176.11121190445502,gp_ucb,1376.265436435151,190.39164551971692,41.40363758928118,Stagnation detected (10 steps without improvement) with high epistemic variance (221.4); boosting exploration (beta=2.55).,759.0,1072.0,False,"Active search warranted (max EI: 41.40 cycles, max std: 221.39)."
12,8,ATTIA_CONT_d2b1001df41a,3.7009,7.0,5.1468,4.425245544914186,966.9880630491407,158.81776877346147,gp_ucb,1359.881565297445,180.16202065055097,39.671915527268105,Stagnation detected (11 steps without improvement) with high epistemic variance (214.5); boosting exploration (beta=2.47).,709.0,1072.0,False,"Active search warranted (max EI: 39.67 cycles, max std: 214.48)."
12,9,ATTIA_CONT_762891ebac58,4.27861726127433,5.081374567896342,5.135616967384006,4.8054455201224915,1019.299476694626,154.4680431378126,gp_ucb,1390.0227802253762,174.6458798966797,38.82202238656569,Stagnation detected (12 steps without improvement) with high epistemic variance (213.0); boosting exploration (beta=2.40).,782.0,1072.0,False,"Active search warranted (max EI: 38.82 cycles, max std: 212.98)."
12,10,ATTIA_CONT_564ca6303dba,4.6451464352587175,4.456755674972809,5.3829268325802015,4.809915513465297,915.8060647514136,177.93956095758475,gp_ucb,1329.3002384835247,165.94756471283063,18.60787033844804,Stagnation detected (13 steps without improvement) with high epistemic variance (207.4); boosting exploration (beta=2.32).,1174.0,1174.0,False,"Active search warranted (max EI: 18.61 cycles, max std: 207.43)."
12,11,ATTIA_CONT_533495374f53,4.348161057637132,4.801498565852702,5.358100879906182,4.797326177469779,972.6621622172543,174.7959248801942,expected_improvement,10.813921837482397,169.28766211045294,10.813921837482397,Balancing predicted mean (972.7) and posterior epistemic uncertainty (217.0).,1043.0,1174.0,False,"Active search warranted (max EI: 10.81 cycles, max std: 217.04)."
12,12,ATTIA_CONT_3dc69d1d6f91,4.528424160344231,4.5282761982285225,5.536043202447685,4.738506733243534,991.4340035958056,165.65843043428478,expected_improvement,11.319764737980531,162.5803348270471,11.319764737980531,Balancing predicted mean (992.1) and posterior epistemic uncertainty (213.9).,929.0,1174.0,False,"Active search warranted (max EI: 11.32 cycles, max std: 213.92)."
12,13,ATTIA_CONT_d3e4b741a271,4.224750053639483,4.820875757791013,5.518957950570156,4.807504551646286,984.7337248997025,158.7600058046286,expected_improvement,9.049957458777747,152.72494959943538,9.049957458777747,Balancing predicted mean (986.2) and posterior epistemic uncertainty (206.4).,969.0,1174.0,False,"Active search warranted (max EI: 9.05 cycles, max std: 206.39)."
12,14,ATTIA_CONT_18fdbb308acc,4.342949129267664,4.763868573906537,5.406389666634578,4.803182369439308,985.3231570794992,149.07378740679664,gp_ucb,1281.9762484228306,145.27006358261755,7.296814297211075,Stagnation detected (3 steps without improvement) with high epistemic variance (201.8); boosting exploration (beta=1.99).,889.0,1174.0,False,"Active search warranted (max EI: 7.30 cycles, max std: 201.76)."
12,15,ATTIA_CONT_ac099db5d522,4.519956977995592,4.558525618436081,5.524716072900908,4.723256412195789,971.0179397267912,147.14368665230953,gp_ucb,1250.2034556080398,138.2247339868986,5.643141608818727,Stagnation detected (4 steps without improvement) with high epistemic variance (197.5); boosting exploration (beta=1.90).,1246.0,1246.0,False,"Active search warranted (max EI: 5.64 cycles, max std: 197.46)."
12,16,ATTIA_CONT_e77b5f863900,4.285122192621409,4.802620452471512,5.595694486551338,4.693970237716769,997.4524028507791,158.15684494098326,expected_improvement,3.929297055341756,142.24305691457272,3.929297055341756,Balancing predicted mean (997.5) and posterior epistemic uncertainty (209.2).,837.0,1246.0,False,"Active search warranted (max EI: 3.93 cycles, max std: 209.18)."
12,17,ATTIA_CONT_3661d1d1ba90,4.82449783787835,4.270388102366185,5.5392509659334435,4.7313246807564715,982.5834864834552,158.86967786176402,expected_improvement,3.2152337609685464,137.02813622916665,3.2152337609685464,Balancing predicted mean (982.6) and posterior epistemic uncertainty (207.6).,1257.0,1257.0,False,"Active search warranted (max EI: 3.22 cycles, max std: 207.62)."
12,18,ATTIA_CONT_2691b436c794,5.0958509578414795,4.070159179999561,5.569968069636497,4.719867031232284,1007.780650310583,167.2373180098822,expected_improvement,5.010889570423618,137.99457704500054,5.010889570423618,Balancing predicted mean (1007.8) and posterior epistemic uncertainty (215.6).,1063.0,1257.0,False,"Active search warranted (max EI: 5.01 cycles, max std: 215.62)."
12,19,ATTIA_CONT_00ec94a0ae97,4.721549640855389,4.338808716090728,5.5502125606084975,4.741872119695035,1021.1468322186352,159.1367467440753,expected_improvement,4.856966869068955,132.4080674753514,4.856966869068955,Balancing predicted mean (1021.1) and posterior epistemic uncertainty (213.6).,1205.0,1257.0,False,"Active search warranted (max EI: 4.86 cycles, max std: 213.56)."
12,20,ATTIA_CONT_0a382b71465c,4.368408392888107,4.661977790581824,5.555367164200501,4.763954014717691,1031.258119551471,158.49011851593693,expected_improvement,5.506334852522517,130.50467137120143,5.506334852522517,Balancing predicted mean (1031.3) and posterior epistemic uncertainty (217.5).,1226.0,1257.0,False,"Active search warranted (max EI: 5.51 cycles, max std: 217.51)."
12,21,ATTIA_CONT_20717b7de78a,4.635443707713637,4.385591407583553,5.5458271942964785,4.778536686731734,1055.329696268894,159.43895028250196,expected_improvement,7.817128716806948,127.79860707453749,7.817128716806948,Balancing predicted mean (1055.3) and posterior epistemic uncertainty (220.3).,910.0,1257.0,False,"Active search warranted (max EI: 7.82 cycles, max std: 220.34)."
12,22,ATTIA_CONT_2e2783902376,4.8511345326957525,4.196843816166022,5.5413001225694964,4.797114946636682,1043.4517510550277,160.26813830515846,greedy,1043.451751055028,121.41072656343077,6.806689963058602,Late budget phase (12% remaining); switching to pure exploitation of posterior mean.,642.0,1257.0,False,"Active search warranted (max EI: 6.81 cycles, max std: 216.80)."
12,23,ATTIA_CONT_2d259e152565,4.7653,4.2537,5.5404,4.809978853837269,1008.189447867042,179.9825838204653,greedy,1008.1926378317369,123.28975317476534,6.774927004936032,Late budget phase (8% remaining); switching to pure exploitation of posterior mean.,797.0,1257.0,False,"Active search warranted (max EI: 6.77 cycles, max std: 228.31)."
12,24,ATTIA_CONT_a0fc8febb23f,4.2549875850622305,4.779603218790422,5.579822686126542,4.764730277622,996.9001268676561,182.22277658677146,greedy,996.9001268676561,118.14094928413148,6.288282030566684,Late budget phase (4% remaining); switching to pure exploitation of posterior mean.,816.0,1257.0,False,"Active search warranted (max EI: 6.29 cycles, max std: 227.19)."
12,25,ATTIA_CONT_7aeefbeaa2ac,4.2339573312128795,4.788157107844632,5.547952957886051,4.80648158038872,986.1702233643232,182.44938248540993,greedy,986.1702233643232,112.33978377589648,5.539231427295579,Late budget phase (0% remaining); switching to pure exploitation of posterior mean.,960.0,1257.0,False,"Active search warranted (max EI: 5.54 cycles, max std: 224.68)."
13,1,ATTIA_CONT_4e485815d658,7.1055,4.8678,3.628,4.7274235228614865,984.6,243.5601423508511,gp_ucb,1620.9712751351685,238.68893950383406,2.1539475950080025,Early exploration phase (step 1/25); prioritizing epistemic coverage (beta=2.61).,703.0,1468.0,False,"Active search warranted (max EI: 2.15 cycles, max std: 243.56)."
13,2,ATTIA_CONT_ab182a723080,3.6777,5.883,5.5459,4.736427899472995,1263.665234021107,194.22678289444204,gp_ucb,1822.5523731206247,235.35093846396367,22.856865908995964,Early exploration phase (step 2/25); prioritizing epistemic coverage (beta=2.88).,832.0,1468.0,False,"Active search warranted (max EI: 22.86 cycles, max std: 245.16)."
13,3,ATTIA_CONT_715dc23c5a49,5.4036,4.2519,5.0453,4.653797510500966,922.5714285714286,230.6080202251575,gp_ucb,1571.559924014884,216.77153901164803,0.6963180681593588,Stagnation detected (4 steps without improvement) with high epistemic variance (230.6); boosting exploration (beta=2.81).,1092.0,1468.0,False,"Active search warranted (max EI: 0.70 cycles, max std: 230.61)."
13,4,ATTIA_CONT_432448f7a011,5.3819,5.8682,4.3392,4.054194630099284,943.75,222.87273130869397,gp_ucb,1556.5486969381868,205.04291280399843,0.6993939436386665,Stagnation detected (5 steps without improvement) with high epistemic variance (222.9); boosting exploration (beta=2.75).,775.0,1468.0,False,"Active search warranted (max EI: 0.70 cycles, max std: 222.87)."
13,5,ATTIA_CONT_7f48ae70b32b,5.4397,4.8643,4.2929,4.739842500010758,925.0,216.71537903465543,gp_ucb,1506.5083831493466,195.04384113118988,0.42680197954610755,Stagnation detected (6 steps without improvement) with high epistemic variance (216.7); boosting exploration (beta=2.68).,875.0,1468.0,False,"Active search warranted (max EI: 0.43 cycles, max std: 216.72)."
13,6,ATTIA_CONT_2f8921279e86,7.0987,4.9705,5.3257,3.2948199379483216,920.0,206.14078096065361,gp_ucb,1459.1280994100255,181.4038872453752,0.25017095674145073,Stagnation detected (7 steps without improvement) with high epistemic variance (206.1); boosting exploration (beta=2.62).,833.0,1468.0,False,"Active search warranted (max EI: 0.25 cycles, max std: 206.14)."
13,7,ATTIA_CONT_2a5c3f3bed2f,5.7435,5.7302,4.0276,4.229712818431303,912.0909090909091,198.1324119183076,gp_ucb,1416.4536884359231,170.39387424974456,0.14788798194771413,Stagnation detected (8 steps without improvement) with high epistemic variance (198.1); boosting exploration (beta=2.55).,695.0,1468.0,False,"Active search warranted (max EI: 0.15 cycles, max std: 198.13)."
13,8,ATTIA_CONT_d0085960634c,4.0306,6.0606,5.0874,4.470930463924105,1331.5350844844177,128.85710108988584,gp_ucb,1650.3104328256645,166.95542631640808,13.039283445677668,Stagnation detected (9 steps without improvement) with high epistemic variance (198.8); boosting exploration (beta=2.47).,824.0,1468.0,False,"Active search warranted (max EI: 13.04 cycles, max std: 198.76)."
13,9,ATTIA_CONT_5746945ba7bf,4.5977,4.9694,5.2505,4.461423823679094,888.6153846153846,192.06271103880545,gp_ucb,1349.565891108518,157.49142305182048,0.06918583470297834,Stagnation detected (10 steps without improvement) with high epistemic variance (192.1); boosting exploration (beta=2.40).,756.0,1468.0,False,"Active search warranted (max EI: 0.07 cycles, max std: 192.06)."
13,10,ATTIA_CONT_4ee5416dee77,7.0463,6.435,4.3621,3.2597993933301015,879.1428571428571,188.2012109168126,gp_ucb,1316.482950512988,150.5609687334501,0.04527919365105593,Stagnation detected (11 steps without improvement) with high epistemic variance (188.2); boosting exploration (beta=2.32).,744.0,1468.0,False,"Active search warranted (max EI: 0.05 cycles, max std: 188.20)."
13,11,ATTIA_CONT_d09e5677518a,3.9623,6.0024,5.205,4.499808507814552,870.1333360813836,184.91831175906015,gp_ucb,1285.2739163129124,144.23628317206692,0.03027230100364431,Stagnation detected (12 steps without improvement) with high epistemic variance (184.9); boosting exploration (beta=2.24).,635.0,1468.0,False,"Active search warranted (max EI: 0.03 cycles, max std: 184.92)."
13,12,ATTIA_CONT_16717ad9672a,7.1044,6.372,4.9104,3.012143471684119,855.4375,187.87528069170418,gp_ucb,1261.8738747556774,142.78521332569517,0.02775918536238553,Stagnation detected (13 steps without improvement) with high epistemic variance (187.9); boosting exploration (beta=2.16).,657.0,1468.0,False,"Active search warranted (max EI: 0.03 cycles, max std: 187.88)."
13,13,ATTIA_CONT_ccb49a0722ae,7.3543,4.6176,3.9346,4.412277890287969,843.7647058823529,188.1512334930733,gp_ucb,1234.8297009824626,139.23191278487425,0.02237849176773704,Stagnation detected (14 steps without improvement) with high epistemic variance (188.2); boosting exploration (beta=2.08).,727.0,1468.0,False,"Active search warranted (max EI: 0.02 cycles, max std: 188.15)."
13,14,ATTIA_CONT_2062d75a046e,4.6522,6.7437,5.3005,3.553240148252518,837.2777777777778,184.7959266216447,gp_ucb,1205.0170286118043,133.05306716758417,0.015216272885245657,Stagnation detected (15 steps without improvement) with high epistemic variance (184.8); boosting exploration (beta=1.99).,654.0,1468.0,False,"Active search warranted (max EI: 0.02 cycles, max std: 184.80)."
13,15,ATTIA_CONT_788e08b1fd20,5.4115,5.7706,4.5933,3.882875706594516,827.6315789473684,184.46429246750427,gp_ucb,1177.6279656486213,129.12500472725299,0.012075477813469015,Stagnation detected (16 steps without improvement) with high epistemic variance (184.5); boosting exploration (beta=1.90).,551.0,1468.0,False,"Active search warranted (max EI: 0.01 cycles, max std: 184.46)."
13,16,ATTIA_CONT_aa00dd6a828d,6.1457,6.6078,3.672,4.049394766464561,813.8,189.63296238269035,gp_ucb,1155.1393322888425,128.95041442022944,0.013521694797433592,Stagnation detected (17 steps without improvement) with high epistemic variance (189.6); boosting exploration (beta=1.80).,751.0,1468.0,False,"Active search warranted (max EI: 0.01 cycles, max std: 189.63)."
13,17,ATTIA_CONT_79aacbc007eb,5.8707,5.2412,4.0563,4.431252999050539,810.8095238095239,185.54543181232293,gp_ucb,1125.690563135955,122.45998499613314,0.009174344860771538,Stagnation detected (18 steps without improvement) with high epistemic variance (185.5); boosting exploration (beta=1.70).,582.0,1468.0,False,"Active search warranted (max EI: 0.01 cycles, max std: 185.55)."
13,18,ATTIA_CONT_17a3c5a32dc2,7.9708,4.4238,5.3701,3.3828453561644105,800.4090909090909,187.44009084807067,gp_ucb,1097.9610105735003,119.96165814276523,0.008562140647468089,Stagnation detected (19 steps without improvement) with high epistemic variance (187.4); boosting exploration (beta=1.59).,625.0,1468.0,False,"Active search warranted (max EI: 0.01 cycles, max std: 187.44)."
13,19,ATTIA_CONT_b7d58ac50bd9,7.1399,5.2908,3.661,4.326782814206958,792.7826086956521,186.77746851040988,gp_ucb,1067.2883046752063,115.80203047645412,0.006867885157392367,Stagnation detected (20 steps without improvement) with high epistemic variance (186.8); boosting exploration (beta=1.47).,713.0,1468.0,False,"Active search warranted (max EI: 0.01 cycles, max std: 186.78)."
13,20,ATTIA_CONT_1331369205b5,7.6223,5.0328,5.0549,3.2720913882393674,789.4583333333334,183.53859356476812,expected_improvement,0.004816224700403354,110.12315613886086,0.004816224700403354,Balancing predicted mean (789.5) and posterior epistemic uncertainty (183.5).,608.0,1468.0,False,"Active search warranted (max EI: 0.00 cycles, max std: 183.54)."
13,21,ATTIA_CONT_9ec2a63ad876,4.9672,4.3685,5.1526,4.784131213306424,782.2,183.31219373705892,expected_improvement,0.004000152454845501,106.32107236749417,0.004000152454845501,Balancing predicted mean (782.2) and posterior epistemic uncertainty (183.3).,844.0,1468.0,False,"Active search warranted (max EI: 0.00 cycles, max std: 183.31)."
13,22,ATTIA_CONT_fa04ec1f1d1d,7.7033,6.5458,5.3339,2.752780670598802,784.5769230769231,180.14485143369293,greedy,784.5769230769231,100.88111680286805,0.0031487089620968953,Late budget phase (12% remaining); switching to pure exploitation of posterior mean.,485.0,1468.0,False,"Active search warranted (max EI: 0.00 cycles, max std: 180.14)."
13,23,ATTIA_CONT_5db08909ae7a,7.4016,4.5081,5.2576,3.494015937216538,773.4814814814815,185.60998035982962,greedy,773.4814814814815,100.229389394308,0.004039136283891243,Late budget phase (8% remaining); switching to pure exploitation of posterior mean.,639.0,1468.0,False,"Active search warranted (max EI: 0.00 cycles, max std: 185.61)."
13,24,ATTIA_CONT_2c96f62f620f,3.8932,5.8911,5.2991,4.586812040410657,776.4664188479014,183.90345677569255,greedy,776.466403562766,95.65900220609541,0.0036983154951387917,Late budget phase (4% remaining); switching to pure exploitation of posterior mean.,1032.0,1468.0,False,"Active search warranted (max EI: 0.00 cycles, max std: 183.96)."
13,25,ATTIA_CONT_364bdd03910c,3.9077,5.8495,5.2685,4.615394614430839,836.2308852342941,183.30129608657313,greedy,836.2309651578814,93.18561819324488,0.013259629051373095,Late budget phase (0% remaining); switching to pure exploitation of posterior mean.,877.0,1468.0,False,"Active search warranted (max EI: 0.01 cycles, max std: 186.37)."
14,1,ATTIA_CONT_b5e98a2140f2,5.3251,3.9256,5.5885,4.719955347310809,677.0000011283388,254.09938726101785,gp_ucb,1340.908100058763,249.01739951579748,3.464315793988108,Early exploration phase (step 1/25); prioritizing epistemic coverage (beta=2.61).,954.0,1139.0,False,"Active search warranted (max EI: 3.46 cycles, max std: 254.10)."
14,2,ATTIA_CONT_d0b31faa9554,4.9678,4.1568,5.5943,4.70114930433611,951.2467181348053,204.39091872975422,gp_ucb,1539.3813725389216,230.99757477008015,20.89760371886021,Early exploration phase (step 2/25); prioritizing epistemic coverage (beta=2.88).,936.0,1139.0,False,"Active search warranted (max EI: 20.90 cycles, max std: 240.62)."
14,3,ATTIA_CONT_27006da5b80f,7.987593145822725,4.7673579392678915,3.6008225853943503,4.531754968116364,694.4783431105826,257.2627230717043,gp_ucb,1418.47982153695,245.078698208539,7.723880910941439,Stagnation detected (4 steps without improvement) with high epistemic variance (260.7); boosting exploration (beta=2.81).,742.0,1139.0,False,"Active search warranted (max EI: 7.72 cycles, max std: 260.72)."
14,4,ATTIA_CONT_332052861821,6.13888360769545,3.6196343536477267,5.462252739863226,4.737279528911751,934.0400830937003,148.099053654965,gp_ucb,1341.2451573288222,205.6970325592181,6.071581583726154,Stagnation detected (5 steps without improvement) with high epistemic variance (223.6); boosting exploration (beta=2.75).,949.0,1139.0,False,"Active search warranted (max EI: 6.07 cycles, max std: 223.58)."
14,5,ATTIA_CONT_7aeefbeaa2ac,4.2339573312128795,4.788157107844632,5.547952957886051,4.80648158038872,905.1635563352177,144.25898974682372,gp_ucb,1292.2510452624292,197.63014108933388,4.019902837928466,Stagnation detected (6 steps without improvement) with high epistemic variance (219.6); boosting exploration (beta=2.68).,958.0,1139.0,False,"Active search warranted (max EI: 4.02 cycles, max std: 219.59)."
14,6,ATTIA_CONT_560e786a5c94,5.047507206367431,4.081217756513667,5.5152672388251744,4.787530531136645,994.0058264656935,94.97454413888912,gp_ucb,1242.3964905318498,186.38010669496683,2.617900162766226,Stagnation detected (7 steps without improvement) with high epistemic variance (211.8); boosting exploration (beta=2.62).,1062.0,1139.0,False,"Active search warranted (max EI: 2.62 cycles, max std: 211.80)."
14,7,ATTIA_CONT_046cbf4a21f8,5.298297050413584,3.9702084293004014,5.417743638690246,4.80448593353985,1000.7460383095996,88.79905979235724,gp_ucb,1226.791540741396,184.6997940648519,2.2821968167247118,Stagnation detected (8 steps without improvement) with high epistemic variance (214.8); boosting exploration (beta=2.55).,931.0,1139.0,False,"Active search warranted (max EI: 2.28 cycles, max std: 214.77)."
14,8,ATTIA_CONT_1058b50cc3cd,5.243511106804635,3.923752076812502,5.567853532550237,4.803976132412104,1010.8289058746628,83.83172151120776,gp_ucb,1218.2171314155073,175.8823281627799,2.2987715068185572,Stagnation detected (9 steps without improvement) with high epistemic variance (209.4); boosting exploration (beta=2.47).,905.0,1139.0,False,"Active search warranted (max EI: 2.30 cycles, max std: 209.38)."
14,9,ATTIA_CONT_c54b3a022ff0,4.404542468972891,4.609279281597624,5.516802912685545,4.805914755159929,955.9272637188145,96.31839032085593,gp_ucb,1187.0914004888687,169.8435884445395,1.0625053713701655,Stagnation detected (10 steps without improvement) with high epistemic variance (207.1); boosting exploration (beta=2.40).,654.0,1139.0,False,"Active search warranted (max EI: 1.06 cycles, max std: 207.13)."
14,10,ATTIA_CONT_cdf94a7e0958,5.589261184347725,3.7498875336448103,5.570901090406811,4.8021520244661495,969.4823856432804,128.88504178206767,gp_ucb,1268.9841578815974,179.49294132179114,5.679074281874371,Stagnation detected (11 steps without improvement) with high epistemic variance (224.4); boosting exploration (beta=2.32).,806.0,1139.0,False,"Active search warranted (max EI: 5.68 cycles, max std: 224.37)."
14,11,ATTIA_CONT_4ea76f1cf0ad,5.987514779348455,3.6400611678361536,5.511718403103351,4.758124242391673,923.6242228936233,136.64266017219336,gp_ucb,1230.3862341626605,167.62926882391378,3.4038124803347642,Stagnation detected (12 steps without improvement) with high epistemic variance (214.9); boosting exploration (beta=2.24).,700.0,1139.0,False,"Active search warranted (max EI: 3.40 cycles, max std: 214.91)."
14,12,ATTIA_CONT_8c40addc82bc,5.297817712799636,3.936200782019631,5.594127307949026,4.722206882544593,907.727580818765,142.89738715506147,gp_ucb,1216.861894729207,164.3959535963945,3.178876508949987,Stagnation detected (13 steps without improvement) with high epistemic variance (216.3); boosting exploration (beta=2.16).,932.0,1139.0,False,"Active search warranted (max EI: 3.18 cycles, max std: 216.31)."
14,13,ATTIA_CONT_6de6e21e7386,5.682819331488785,3.715670056486245,5.581418153265217,4.783134074636411,907.259273755645,137.7562631257049,gp_ucb,1193.5802899091027,160.12808867635275,2.6298153327673273,Stagnation detected (14 steps without improvement) with high epistemic variance (216.4); boosting exploration (beta=2.08).,1030.0,1139.0,False,"Active search warranted (max EI: 2.63 cycles, max std: 216.39)."
14,14,ATTIA_CONT_7afa9374d86f,4.778589703814193,4.262269120982552,5.534952891875211,4.789736656371597,910.0491126923182,135.64680981987547,gp_ucb,1179.9828560010524,158.98592385350818,2.5546467214574893,Stagnation detected (15 steps without improvement) with high epistemic variance (220.8); boosting exploration (beta=1.99).,817.0,1139.0,False,"Active search warranted (max EI: 2.55 cycles, max std: 220.81)."
14,15,ATTIA_CONT_20d726db0851,4.853679647718562,4.2015713389207505,5.580536252435053,4.7595558764885,905.4875560860187,132.40546579994697,gp_ucb,1156.7092640360352,151.48498298759193,2.069938632595804,Stagnation detected (16 steps without improvement) with high epistemic variance (216.4); boosting exploration (beta=1.90).,684.0,1139.0,False,"Active search warranted (max EI: 2.07 cycles, max std: 216.41)."
14,16,ATTIA_CONT_46c17ca4b65b,5.9318090638933825,3.613242911675589,5.564834351167735,4.8009723972407565,904.4185516427342,143.6706905519074,gp_ucb,1163.0257946361673,145.4319702723561,3.0890723621813567,Stagnation detected (17 steps without improvement) with high epistemic variance (213.9); boosting exploration (beta=1.80).,752.0,1139.0,False,"Active search warranted (max EI: 3.09 cycles, max std: 213.87)."
14,17,ATTIA_CONT_9c83783b35ae,5.781912638440312,3.6975286201367266,5.531092088291504,4.781642777503088,884.842517949139,142.8308162457487,gp_ucb,1127.234450900608,139.1681395360724,2.1465955496267064,Stagnation detected (18 steps without improvement) with high epistemic variance (210.9); boosting exploration (beta=1.70).,1054.0,1139.0,False,"Active search warranted (max EI: 2.15 cycles, max std: 210.86)."
14,18,ATTIA_CONT_038d0358ad4d,5.7991188379178205,3.703666324071919,5.478238434198249,4.799611716879713,896.4737555922511,143.44721928990978,gp_ucb,1124.1891566951606,135.56928961918737,2.682916353468782,Stagnation detected (19 steps without improvement) with high epistemic variance (211.8); boosting exploration (beta=1.59).,1152.0,1152.0,False,"Active search warranted (max EI: 2.68 cycles, max std: 211.83)."
14,19,ATTIA_CONT_2be8b1f9a963,5.588420560323754,3.8016450891593747,5.557849067104128,4.729873198971864,912.3233321252914,149.31019534355528,expected_improvement,3.4271832370537556,139.78329782795998,3.4271832370537556,Balancing predicted mean (912.3) and posterior epistemic uncertainty (225.5).,857.0,1152.0,False,"Active search warranted (max EI: 3.43 cycles, max std: 225.46)."
14,20,ATTIA_CONT_6f8f444dd999,5.835350136641129,3.7017937142119837,5.462208796188462,4.790451762193358,910.5027098842181,146.95178394207718,expected_improvement,3.0806168666557063,132.6990786140066,3.0806168666557063,Balancing predicted mean (910.5) and posterior epistemic uncertainty (221.2).,1048.0,1152.0,False,"Active search warranted (max EI: 3.08 cycles, max std: 221.17)."
14,21,ATTIA_CONT_3d3592b97969,6.0173261132468,3.6138741566435315,5.55253605495399,4.754267916912134,923.5356998104388,146.779531119886,expected_improvement,3.7763835126563485,128.83557515602973,3.7763835126563485,Balancing predicted mean (923.5) and posterior epistemic uncertainty (222.1).,961.0,1152.0,False,"Active search warranted (max EI: 3.78 cycles, max std: 222.13)."
14,22,ATTIA_CONT_84acfdd8cbaf,5.842962616578202,3.7154054766100324,5.461796558150901,4.763090730017668,919.6776821325985,141.85120213649117,greedy,919.6776821325986,124.35193422979125,3.0136578987228866,Late budget phase (12% remaining); switching to pure exploitation of posterior mean.,689.0,1152.0,False,"Active search warranted (max EI: 3.01 cycles, max std: 222.06)."
14,23,ATTIA_CONT_33ec6c819ed4,5.644010831547249,3.770187622409292,5.494553158285896,4.7865862809201705,909.6637957636492,146.8657307155041,greedy,909.6637957636491,119.15077532289838,3.029990486366305,Late budget phase (8% remaining); switching to pure exploitation of posterior mean.,981.0,1152.0,False,"Active search warranted (max EI: 3.03 cycles, max std: 220.65)."
14,24,ATTIA_CONT_c15965bd3190,5.982408770412686,3.6773707456536964,5.4724815956906525,4.727892976935517,904.4552608827719,145.03059346282592,greedy,904.4552608827718,114.85643375903143,2.6079267366110948,Late budget phase (4% remaining); switching to pure exploitation of posterior mean.,651.0,1152.0,False,"Active search warranted (max EI: 2.61 cycles, max std: 220.88)."
14,25,ATTIA_CONT_2fd17b7524bb,5.496067842764664,3.8401531619553095,5.569442864376303,4.729751089867735,898.4749026518489,150.20501931870484,greedy,898.4749026518487,110.50524707076407,2.828771155197723,Late budget phase (0% remaining); switching to pure exploitation of posterior mean.,982.0,1152.0,False,"Active search warranted (max EI: 2.83 cycles, max std: 221.01)."
15,1,ATTIA_CONT_9ec2a63ad876,4.9672,4.3685,5.1526,4.784131213306424,860.0,83.7496272243355,gp_ucb,1106.1726234175096,82.07463467984878,8.47840201165436,Early exploration phase (step 1/25); prioritizing epistemic coverage (beta=2.94).,1089.0,1089.0,False,"Active search warranted (max EI: 8.48 cycles, max std: 83.75)."
15,2,ATTIA_CONT_53de23ddc8f1,6.408,6.3962,5.367,2.9885382747025746,898.1666666666666,114.57954567351736,gp_ucb,1117.9683454938283,109.99636384657666,2.2775817649915044,Early exploration phase (step 2/25); prioritizing epistemic coverage (beta=1.92).,624.0,1089.0,False,"Active search warranted (max EI: 2.28 cycles, max std: 114.58)."
15,3,ATTIA_CONT_5db08909ae7a,7.4016,4.5081,5.2576,3.494015937216538,859.0,143.02847790395808,expected_improvement,3.26097655452657,134.4467692297206,3.26097655452657,Balancing predicted mean (859.0) and posterior epistemic uncertainty (143.0).,1095.0,1095.0,False,"Active search warranted (max EI: 3.26 cycles, max std: 143.03)."
15,4,ATTIA_CONT_08ebff2affb9,5.8323,6.6671,4.2192,3.6380519205180715,888.5,154.89270469504356,expected_improvement,6.567935176229344,142.50128831944008,6.567935176229344,Balancing predicted mean (888.5) and posterior epistemic uncertainty (154.9).,941.0,1095.0,False,"Active search warranted (max EI: 6.57 cycles, max std: 154.89)."
15,5,ATTIA_CONT_c84ef13ccd5d,5.4529,6.0124,3.9425,4.348287732417194,894.3333333333334,146.96333623332728,expected_improvement,5.811787517796255,132.26700260999456,5.811787517796255,Balancing predicted mean (894.3) and posterior epistemic uncertainty (147.0).,846.0,1095.0,False,"Active search warranted (max EI: 5.81 cycles, max std: 146.96)."
15,6,ATTIA_CONT_db67b8a8801a,6.8458,5.9298,4.8816,3.1870707187285787,889.5,140.17364245674278,expected_improvement,4.436008796631931,123.35280536193365,4.436008796631931,Balancing predicted mean (889.5) and posterior epistemic uncertainty (140.2).,487.0,1095.0,False,"Active search warranted (max EI: 4.44 cycles, max std: 140.17)."
15,7,ATTIA_CONT_3ad2836db3c7,5.3909,4.8192,5.5348,3.851231128977826,852.9090909090909,176.78052581043966,gp_ucb,1302.9188418053182,152.0312521969781,6.9301270719600545,Stagnation detected (3 steps without improvement) with high epistemic variance (176.8); boosting exploration (beta=2.55).,1065.0,1095.0,False,"Active search warranted (max EI: 6.93 cycles, max std: 176.78)."
15,8,ATTIA_CONT_f40963e67c5b,7.5966,5.3149,5.1294,3.1388243110234155,870.5833333333334,179.1179761381065,gp_ucb,1313.6967343718995,150.45909995600948,9.005250589393942,Stagnation detected (4 steps without improvement) with high epistemic variance (179.1); boosting exploration (beta=2.47).,290.0,1095.0,False,"Active search warranted (max EI: 9.01 cycles, max std: 179.12)."
15,9,ATTIA_CONT_f4f860f2eb5a,5.052,4.3819,5.1888,4.662925725180973,873.0000473502927,228.3766211912939,gp_ucb,1421.1039267275964,189.50317350916524,20.036319855401906,Stagnation detected (5 steps without improvement) with high epistemic variance (231.1); boosting exploration (beta=2.40).,1214.0,1214.0,False,"Active search warranted (max EI: 20.04 cycles, max std: 231.10)."
15,10,ATTIA_CONT_78c8c5d627ea,5.1519,4.4116,5.2355,4.513626642682363,1184.9750867380926,127.03948899139019,expected_improvement,37.48191439615971,191.5887693119672,36.60531936790879,Balancing predicted mean (1191.3) and posterior epistemic uncertainty (239.5).,827.0,1214.0,False,"Active search warranted (max EI: 36.61 cycles, max std: 239.49)."
15,11,ATTIA_CONT_3c971f9d2791,4.9986,4.3448,5.1491,4.786786260564885,965.0152090940029,216.9188746583027,expected_improvement,13.52930814250178,182.5345065632292,13.409572213461509,Balancing predicted mean (962.7) and posterior epistemic uncertainty (234.0).,1342.0,1342.0,False,"Active search warranted (max EI: 13.41 cycles, max std: 234.02)."
15,12,ATTIA_CONT_0636343884ae,5.1048,4.2811,5.1461,4.77252857347162,1155.536264338997,184.95490845194732,expected_improvement,15.1701428752332,189.64422198820776,13.111930592649564,Balancing predicted mean (1113.9) and posterior epistemic uncertainty (249.5).,1348.0,1348.0,False,"Active search warranted (max EI: 13.11 cycles, max std: 249.53)."
15,13,ATTIA_CONT_da4f20f97611,5.1608,4.2438,5.1402,4.775957578698866,1255.1841180952638,166.38660383603272,expected_improvement,30.035912319974525,191.5912620342658,19.537345456603717,Balancing predicted mean (1144.8) and posterior epistemic uncertainty (258.9).,1039.0,1348.0,False,"Active search warranted (max EI: 19.54 cycles, max std: 258.91)."
15,14,ATTIA_CONT_101c56e458ef,4.9855,4.3535,5.1243,4.809940039086627,1179.2080979145449,178.34485936695464,expected_improvement,16.435800651218106,184.4401678766857,15.270320421597848,Balancing predicted mean (1158.7) and posterior epistemic uncertainty (256.2).,943.0,1348.0,False,"Active search warranted (max EI: 15.27 cycles, max std: 256.17)."
15,15,ATTIA_CONT_cd47723f0bdf,5.157518045094029,4.179505736832754,5.212033309328345,4.800418294829234,1085.7861285010747,208.50048587795598,expected_improvement,10.379645668996421,177.41101728717274,10.379645668996421,Balancing predicted mean (1088.4) and posterior epistemic uncertainty (253.4).,1034.0,1348.0,False,"Active search warranted (max EI: 10.38 cycles, max std: 253.44)."
15,16,ATTIA_CONT_571186719a6d,5.09149379041071,4.351426674763797,5.081510201496255,4.7545297552140156,1082.7356137022675,200.56653250238335,gp_ucb,1443.7553722065577,169.91597451265463,8.700826496701488,Stagnation detected (3 steps without improvement) with high epistemic variance (249.9); boosting exploration (beta=1.80).,648.0,1348.0,False,"Active search warranted (max EI: 8.70 cycles, max std: 249.88)."
15,17,ATTIA_CONT_3fb2b470fd09,4.820281715890416,4.390200701249158,5.295292981198477,4.7789817404475965,1017.9063956511517,230.7170746112261,gp_ucb,1409.4462548346412,168.28762447617498,7.902740743994119,Stagnation detected (4 steps without improvement) with high epistemic variance (255.0); boosting exploration (beta=1.70).,805.0,1348.0,False,"Active search warranted (max EI: 7.90 cycles, max std: 254.98)."
15,18,ATTIA_CONT_95a70ce2c250,5.4497,4.0433,5.1384,4.809978122283703,994.7535679979138,232.38643865169192,gp_ucb,1363.6550049333134,160.5877238347386,6.411023734073389,Stagnation detected (5 steps without improvement) with high epistemic variance (250.9); boosting exploration (beta=1.59).,626.0,1348.0,False,"Active search warranted (max EI: 6.41 cycles, max std: 250.92)."
15,19,ATTIA_CONT_9528de914339,4.8889,4.3938,5.1765,4.807364205155981,959.3503327977269,242.460826748817,gp_ucb,1315.6935587832054,155.97304838505372,5.544806005935634,Stagnation detected (6 steps without improvement) with high epistemic variance (251.6); boosting exploration (beta=1.47).,1169.0,1348.0,False,"Active search warranted (max EI: 5.54 cycles, max std: 251.57)."
15,20,ATTIA_CONT_4dac3c1fcc25,4.7454189659418144,4.526033626540983,5.233850058616569,4.748431860387069,980.8330425617261,239.624043451992,expected_improvement,6.521399141144574,151.83720096468988,6.521399141144574,Balancing predicted mean (980.8) and posterior epistemic uncertainty (253.1).,1158.0,1348.0,False,"Active search warranted (max EI: 6.52 cycles, max std: 253.06)."
15,21,ATTIA_CONT_7be040ca8f6e,4.532060913334927,4.740431323689464,5.168629468533476,4.801759112884892,996.5520225686485,237.90205089999054,expected_improvement,7.340591241678723,147.45129948828884,7.340591241678723,Balancing predicted mean (1000.0) and posterior epistemic uncertainty (254.2).,1028.0,1348.0,False,"Active search warranted (max EI: 7.34 cycles, max std: 254.23)."
15,22,ATTIA_CONT_5b9773a45d95,5.0504,4.3113,5.1671,4.765343540686825,1267.5383623272696,174.63319103999933,greedy,1267.5382778191206,136.77396861496078,6.5487629489983235,Late budget phase (12% remaining); switching to pure exploitation of posterior mean.,1118.0,1348.0,False,"Active search warranted (max EI: 6.55 cycles, max std: 244.24)."
15,23,ATTIA_CONT_0e55603883d2,4.814637371426031,4.512170682516935,5.155201092028387,4.7611861597131515,1015.8518182565656,223.0633217188024,greedy,1015.8518182565655,135.88438837270024,6.957356162156785,Late budget phase (8% remaining); switching to pure exploitation of posterior mean.,1028.0,1348.0,False,"Active search warranted (max EI: 6.96 cycles, max std: 251.64)."
15,24,ATTIA_CONT_a15cc039cf99,4.644538797141619,4.629905536955249,5.253427691141059,4.723940843613138,1016.385223705917,219.47419231145471,greedy,1016.385223705917,129.7646158747015,6.4010800484979065,Late budget phase (4% remaining); switching to pure exploitation of posterior mean.,1264.0,1348.0,False,"Active search warranted (max EI: 6.40 cycles, max std: 249.55)."
15,25,ATTIA_CONT_667a52645d53,4.549906168582697,4.790062378489157,5.130826024781356,4.764567446542695,1034.2400548239689,221.1365782584298,greedy,1034.2400548239689,127.65928574782014,8.08992058383441,Late budget phase (0% remaining); switching to pure exploitation of posterior mean.,722.0,1348.0,False,"Active search warranted (max EI: 8.09 cycles, max std: 255.32)."
16,1,ATTIA_CONT_5b2933241f57,5.212,5.9894,4.397,4.047288808190549,1121.833336866665,139.6871492218973,gp_ucb,1441.190192840968,169.81791393064768,3.6026959967293397,Early exploration phase (step 1/25); prioritizing epistemic coverage (beta=2.29).,462.0,1239.0,False,"Active search warranted (max EI: 3.60 cycles, max std: 173.28)."
16,2,ATTIA_CONT_e30a4010cf27,5.8782,5.4152,5.1321,3.5249019762438216,870.3333333333334,241.5987105653651,gp_ucb,1488.2889131312447,231.9347621427505,6.67145775244397,Early exploration phase (step 2/25); prioritizing epistemic coverage (beta=2.56).,400.0,1239.0,False,"Active search warranted (max EI: 6.67 cycles, max std: 241.60)."
16,3,ATTIA_CONT_531bf3a818d8,6.1688,5.5105,4.6332,3.6506747304182814,803.1428571428571,277.70254944186325,gp_ucb,1584.6671058100135,261.04039647535143,6.932304902896437,Stagnation detected (3 steps without improvement) with high epistemic variance (277.7); boosting exploration (beta=2.81).,878.0,1239.0,False,"Active search warranted (max EI: 6.93 cycles, max std: 277.70)."
16,4,ATTIA_CONT_c60cddadcfdd,7.5921,6.5722,5.2121,2.7964192241181434,812.5,260.94396642202906,gp_ucb,1529.977286962578,240.06844910826672,5.58857691276555,Stagnation detected (4 steps without improvement) with high epistemic variance (260.9); boosting exploration (beta=2.75).,536.0,1239.0,False,"Active search warranted (max EI: 5.59 cycles, max std: 260.94)."
16,5,ATTIA_CONT_d4004f6b5e98,6.7593,4.3083,5.117,3.8781952187611624,781.7777777777778,260.91539848932877,gp_ucb,1481.88725865608,234.82385864039588,4.1948092955922505,Stagnation detected (5 steps without improvement) with high epistemic variance (260.9); boosting exploration (beta=2.68).,1050.0,1239.0,False,"Active search warranted (max EI: 4.19 cycles, max std: 260.92)."
16,6,ATTIA_CONT_c9fdb7ac045e,6.1015,5.3583,4.3582,3.946947853637608,808.6,260.2768561053813,gp_ucb,1489.3123078635008,229.04363337273554,5.324356631419612,Stagnation detected (6 steps without improvement) with high epistemic variance (260.3); boosting exploration (beta=2.62).,938.0,1239.0,False,"Active search warranted (max EI: 5.32 cycles, max std: 260.28)."
16,7,ATTIA_CONT_e9c8a1e7d56a,5.9596,6.7258,4.7636,3.258067918510505,820.3636363636364,250.93688935278618,gp_ucb,1459.144670364005,215.80572484339612,4.955261210257554,Stagnation detected (7 steps without improvement) with high epistemic variance (250.9); boosting exploration (beta=2.55).,470.0,1239.0,False,"Active search warranted (max EI: 4.96 cycles, max std: 250.94)."
16,8,ATTIA_CONT_851d086b3a4f,7.5275,6.5984,4.7468,2.956244869594284,791.1666666666666,259.03469585783677,gp_ucb,1431.9831136996306,217.5891445205829,4.413632524266145,Stagnation detected (8 steps without improvement) with high epistemic variance (259.0); boosting exploration (beta=2.47).,951.0,1239.0,False,"Active search warranted (max EI: 4.41 cycles, max std: 259.03)."
16,9,ATTIA_CONT_7c192aa78601,6.526,5.0469,4.4032,3.9238595324253134,803.4615384615385,252.49055249329487,gp_ucb,1409.4388644454461,207.04225304450182,4.343406350865717,Stagnation detected (9 steps without improvement) with high epistemic variance (252.5); boosting exploration (beta=2.40).,743.0,1239.0,False,"Active search warranted (max EI: 4.34 cycles, max std: 252.49)."
16,10,ATTIA_CONT_2cf2c0983a77,5.9573,5.1306,5.2174,3.5855565714093576,799.1428571428571,243.8037434936432,gp_ucb,1365.6915601192,195.04299479491456,3.4439454985148643,Stagnation detected (10 steps without improvement) with high epistemic variance (243.8); boosting exploration (beta=2.32).,458.0,1239.0,False,"Active search warranted (max EI: 3.44 cycles, max std: 243.80)."
16,11,ATTIA_CONT_98668e268381,6.3699,5.6841,5.5891,3.110458917182505,776.4,250.4375130843754,gp_ucb,1338.6308224544694,195.34126020581283,3.171772821849844,Stagnation detected (11 steps without improvement) with high epistemic variance (250.4); boosting exploration (beta=2.24).,742.0,1239.0,False,"Active search warranted (max EI: 3.17 cycles, max std: 250.44)."
16,12,ATTIA_CONT_0412758b2b87,6.433,4.558,4.8538,3.960925513984511,774.25,242.62802106996196,gp_ucb,1299.134662499263,184.3972960131711,2.5758267375866204,Stagnation detected (12 steps without improvement) with high epistemic variance (242.6); boosting exploration (beta=2.16).,874.0,1239.0,False,"Active search warranted (max EI: 2.58 cycles, max std: 242.63)."
16,13,ATTIA_CONT_19eb80fa1788,4.2837,6.4545,5.1595,3.981805016341523,780.1176470588235,236.55100782479727,gp_ucb,1271.7796840198298,175.04774579034998,2.355742424361539,Stagnation detected (13 steps without improvement) with high epistemic variance (236.6); boosting exploration (beta=2.08).,791.0,1239.0,False,"Active search warranted (max EI: 2.36 cycles, max std: 236.55)."
16,14,ATTIA_CONT_34daeb428311,4.4566,5.2492,5.5577,4.192674117330841,780.7222222222222,229.89969077755075,gp_ucb,1238.2168304589413,165.52777735983653,1.9866685753955498,Stagnation detected (14 steps without improvement) with high epistemic variance (229.9); boosting exploration (beta=1.99).,893.0,1239.0,False,"Active search warranted (max EI: 1.99 cycles, max std: 229.90)."
16,15,ATTIA_CONT_e98ad3878563,5.424,6.9822,4.4622,3.5506129047467048,786.6315789473684,225.16806398858193,gp_ucb,1213.8579420680426,157.61764479200735,1.8658696778225963,Stagnation detected (15 steps without improvement) with high epistemic variance (225.2); boosting exploration (beta=1.90).,661.0,1239.0,False,"Active search warranted (max EI: 1.87 cycles, max std: 225.17)."
16,16,ATTIA_CONT_78b4094c5a5b,6.6282,6.7157,5.4722,2.850495937086729,780.35,221.16809786185175,gp_ucb,1178.4525761513332,150.39430654605917,1.5374718831795722,Stagnation detected (16 steps without improvement) with high epistemic variance (221.2); boosting exploration (beta=1.80).,709.0,1239.0,False,"Active search warranted (max EI: 1.54 cycles, max std: 221.17)."
16,17,ATTIA_CONT_4b23c18456d6,7.5092,5.1499,4.5377,3.5012918676116254,776.952380952381,216.37212344231943,gp_ucb,1144.1480507422934,142.80560147193083,1.2682747354995652,Stagnation detected (17 steps without improvement) with high epistemic variance (216.4); boosting exploration (beta=1.70).,946.0,1239.0,False,"Active search warranted (max EI: 1.27 cycles, max std: 216.37)."
16,18,ATTIA_CONT_ce348879a9b4,5.7719,5.3527,5.4643,3.4452761323949606,784.6363636363636,214.3099914566626,gp_ucb,1124.8429281587873,137.15839453226405,1.3108929238791083,Stagnation detected (18 steps without improvement) with high epistemic variance (214.3); boosting exploration (beta=1.59).,1024.0,1239.0,False,"Active search warranted (max EI: 1.31 cycles, max std: 214.31)."
16,19,ATTIA_CONT_eec9bf7bca2f,7.9656,4.6706,3.6759,4.5116980817982295,795.0434782608696,215.20838963230966,gp_ucb,1111.3339240400064,133.42920157203199,1.5410979756173866,Stagnation detected (19 steps without improvement) with high epistemic variance (215.2); boosting exploration (beta=1.47).,609.0,1239.0,False,"Active search warranted (max EI: 1.54 cycles, max std: 215.21)."
16,20,ATTIA_CONT_13ef24b8039a,7.4329,5.8706,4.8136,3.1180693201460676,787.2916666666666,213.9321308601567,expected_improvement,1.3404356658481085,128.359278516094,1.3404356658481085,Balancing predicted mean (787.3) and posterior epistemic uncertainty (213.9).,747.0,1239.0,False,"Active search warranted (max EI: 1.34 cycles, max std: 213.93)."
16,21,ATTIA_CONT_00a18db54c7f,5.3568,4.5754,4.6042,4.741547814905454,785.68,209.75847479968115,expected_improvement,1.1440098021514826,121.65991538381506,1.1440098021514826,Balancing predicted mean (785.7) and posterior epistemic uncertainty (209.8).,1104.0,1239.0,False,"Active search warranted (max EI: 1.14 cycles, max std: 209.76)."
16,22,ATTIA_CONT_4cc6f9b92813,6.8171,6.496,4.6903,3.129924477754258,797.9230769230769,214.60123078168255,greedy,797.9230769230769,120.17668923774224,1.5688668848474538,Late budget phase (12% remaining); switching to pure exploitation of posterior mean.,430.0,1239.0,False,"Active search warranted (max EI: 1.57 cycles, max std: 214.60)."
16,23,ATTIA_CONT_66d27dd87b8e,4.1106,5.93,5.2902,4.302981331895328,784.2962962962963,221.75649376588404,greedy,784.2962962962963,119.74850663357739,1.6428184493722213,Late budget phase (8% remaining); switching to pure exploitation of posterior mean.,647.0,1239.0,False,"Active search warranted (max EI: 1.64 cycles, max std: 221.76)."
16,24,ATTIA_CONT_c303a5945aee,6.8431,5.7342,3.6397,4.200611620249266,779.3928571428571,219.2460649422595,greedy,779.3928571428571,114.00795376997495,1.4325006977207693,Late budget phase (4% remaining); switching to pure exploitation of posterior mean.,713.0,1239.0,False,"Active search warranted (max EI: 1.43 cycles, max std: 219.25)."
16,25,ATTIA_CONT_bffafff2a344,6.4967,4.0273,5.3604,4.089135385449087,777.1034482758621,215.77314967246153,greedy,777.1034482758621,107.88657483623076,1.2464279737048223,Late budget phase (0% remaining); switching to pure exploitation of posterior mean.,788.0,1239.0,False,"Active search warranted (max EI: 1.25 cycles, max std: 215.77)."
17,1,ATTIA_CONT_a2b5147ee75d,5.0368,6.1334,3.7905,4.809185139630126,962.2027182323146,201.59861713364307,gp_ucb,1488.9362215516956,235.0580928633078,26.787806697068145,Early exploration phase (step 1/25); prioritizing epistemic coverage (beta=2.61).,860.0,1141.0,False,"Active search warranted (max EI: 26.79 cycles, max std: 239.86)."
17,2,ATTIA_CONT_38a0bee79ec8,5.8013,6.9604,3.6,4.175182399398332,958.533632984441,188.21183475829213,gp_ucb,1500.1128611645447,211.30890461116073,23.255210192034838,Early exploration phase (step 2/25); prioritizing epistemic coverage (beta=2.88).,703.0,1141.0,False,"Active search warranted (max EI: 23.26 cycles, max std: 220.11)."
17,3,ATTIA_CONT_b4f6a6c777b3,4.9975,6.069,3.8661,4.766378445663682,758.9341478052443,207.27527735845885,gp_ucb,1342.2519350642813,194.88377676112285,2.601120756717318,Stagnation detected (4 steps without improvement) with high epistemic variance (207.3); boosting exploration (beta=2.81).,973.0,1141.0,False,"Active search warranted (max EI: 2.60 cycles, max std: 207.32)."
17,4,ATTIA_CONT_62bedae6a4e3,5.1329,6.7822,3.6528,4.601841377724191,968.7930724102723,180.86312470529515,gp_ucb,1466.0835777916636,194.48557346999053,22.369853697154355,Stagnation detected (5 steps without improvement) with high epistemic variance (211.4); boosting exploration (beta=2.75).,889.0,1141.0,False,"Active search warranted (max EI: 22.37 cycles, max std: 211.40)."
17,5,ATTIA_CONT_cb51a2cf3a7f,4.3887,6.8946,3.9599,4.809941202133629,886.5795263504092,183.35922044045137,gp_ucb,1378.5833619471464,180.22980469840098,6.935074414986641,Stagnation detected (6 steps without improvement) with high epistemic variance (200.3); boosting exploration (beta=2.68).,927.0,1141.0,False,"Active search warranted (max EI: 6.94 cycles, max std: 200.26)."
17,6,ATTIA_CONT_6ec07faf4fd7,7.759259767721176,4.448710704424301,3.687246246137006,4.79695154354833,811.9821713852548,199.56270404750543,gp_ucb,1333.9063672909297,176.52499357557613,4.763533128167229,Stagnation detected (7 steps without improvement) with high epistemic variance (200.6); boosting exploration (beta=2.62).,1186.0,1186.0,False,"Active search warranted (max EI: 4.76 cycles, max std: 200.60)."
17,7,ATTIA_CONT_643fdd1c8712,7.95273797647878,4.305216997588836,3.748344151746186,4.7954804634834804,1080.7136878920494,169.44252471784878,expected_improvement,27.597482759519604,181.23053766664597,27.597482759519604,Balancing predicted mean (1080.7) and posterior epistemic uncertainty (210.7).,1045.0,1186.0,False,"Active search warranted (max EI: 27.60 cycles, max std: 210.73)."
17,8,ATTIA_CONT_de75ff63e69b,7.788783298907266,4.489377112375259,3.6777756035407263,4.755291710517832,1061.9890186210248,144.58881086815683,expected_improvement,15.680405801308002,168.8564403880496,15.680405801308002,Balancing predicted mean (1062.0) and posterior epistemic uncertainty (201.0).,929.0,1186.0,False,"Active search warranted (max EI: 15.68 cycles, max std: 201.02)."
17,9,ATTIA_CONT_4c6a71be005f,7.989322785240013,3.9313692564305525,4.0905344006032625,4.77702881954538,1013.9721345699052,149.283528015736,expected_improvement,9.225874116509399,160.96988907144922,9.225874116509399,Balancing predicted mean (1021.2) and posterior epistemic uncertainty (196.3).,794.0,1186.0,False,"Active search warranted (max EI: 9.23 cycles, max std: 196.30)."
17,10,ATTIA_CONT_345b6f36fcdd,7.519574525464881,4.604001008486135,3.646530372036727,4.786717822355391,976.922935560253,152.4622272129679,gp_ucb,1331.2131357131623,157.433658821349,5.952069791743163,Stagnation detected (3 steps without improvement) with high epistemic variance (196.8); boosting exploration (beta=2.32).,787.0,1186.0,False,"Active search warranted (max EI: 5.95 cycles, max std: 196.79)."
17,11,ATTIA_CONT_8eb82f161182,7.081399976089572,4.839375712738988,3.608598404343306,4.799289077969554,940.5396341751436,159.06064132681934,gp_ucb,1297.62988831444,152.70599283437264,4.2208188490238605,Stagnation detected (4 steps without improvement) with high epistemic variance (195.8); boosting exploration (beta=2.24).,884.0,1186.0,False,"Active search warranted (max EI: 4.22 cycles, max std: 195.78)."
17,12,ATTIA_CONT_2aec653b0f72,7.64624950563381,4.607034888394098,3.6192973311177288,4.780247579201092,932.3943905145156,152.3429152088551,gp_ucb,1261.9625058580295,146.59696692329658,3.0342853458447685,Stagnation detected (5 steps without improvement) with high epistemic variance (192.9); boosting exploration (beta=2.16).,730.0,1186.0,False,"Active search warranted (max EI: 3.03 cycles, max std: 192.89)."
17,13,ATTIA_CONT_89264438a1e6,4.957012789198942,6.776855123277201,3.6420131250596968,4.774079976589022,909.493368335276,161.94355941989383,gp_ucb,1246.0867357838429,141.52880549863886,2.9079758472187045,Stagnation detected (6 steps without improvement) with high epistemic variance (191.3); boosting exploration (beta=2.08).,1073.0,1186.0,False,"Active search warranted (max EI: 2.91 cycles, max std: 191.26)."
17,14,ATTIA_CONT_cd4e452907d5,4.52996938849054,6.9260205473057015,3.848729317966682,4.799104197128575,931.35557502547,159.1663254612211,gp_ucb,1248.092563514147,141.15410112335667,3.6999796039237562,Stagnation detected (7 steps without improvement) with high epistemic variance (196.0); boosting exploration (beta=1.99).,550.0,1186.0,False,"Active search warranted (max EI: 3.70 cycles, max std: 196.05)."
17,15,ATTIA_CONT_bffafff2a344,6.4967,4.0273,5.3604,4.089135385449087,845.4736842105264,192.42725548910968,gp_ucb,1210.5787309549612,134.69907884237676,2.963691059146294,Stagnation detected (8 steps without improvement) with high epistemic variance (192.4); boosting exploration (beta=1.90).,1078.0,1186.0,False,"Active search warranted (max EI: 2.96 cycles, max std: 192.43)."
17,16,ATTIA_CONT_31313a05d2c5,7.676396535991804,4.465021758446688,3.7107640021517185,4.770661889545389,986.2714011452359,165.86148346716737,gp_ucb,1284.8220713861372,132.66685148712065,9.224422755242017,Stagnation detected (9 steps without improvement) with high epistemic variance (195.1); boosting exploration (beta=1.80).,727.0,1186.0,False,"Active search warranted (max EI: 9.22 cycles, max std: 195.10)."
17,17,ATTIA_CONT_a8df1c18c314,5.0877,5.1005,5.3869,3.9202444986663854,850.9047619047619,191.6124319491492,gp_ucb,1176.0818418828962,126.46420508643848,3.1077841449347954,Stagnation detected (10 steps without improvement) with high epistemic variance (191.6); boosting exploration (beta=1.70).,651.0,1186.0,False,"Active search warranted (max EI: 3.11 cycles, max std: 191.61)."
17,18,ATTIA_CONT_fac5aae8886c,4.5883,5.393,5.5587,3.998976906474095,841.8181818181819,191.7819868560285,gp_ucb,1146.2626477159276,122.74047158785825,2.774509405514129,Stagnation detected (11 steps without improvement) with high epistemic variance (191.8); boosting exploration (beta=1.59).,705.0,1186.0,False,"Active search warranted (max EI: 2.77 cycles, max std: 191.78)."
17,19,ATTIA_CONT_e84241a2bcfd,6.5428,5.7088,4.3365,3.6400076911682175,835.8695652173913,189.63037329904492,gp_ucb,1114.5681578070846,117.57083144540785,2.4063888740294495,Stagnation detected (12 steps without improvement) with high epistemic variance (189.6); boosting exploration (beta=1.47).,627.0,1186.0,False,"Active search warranted (max EI: 2.41 cycles, max std: 189.63)."
17,20,ATTIA_CONT_c07d86257b43,6.2308448752242045,5.178004046310043,3.679280913606009,4.809435560686663,860.291013348491,186.97385225966178,expected_improvement,3.0840860125344776,115.2594715084879,3.0840860125344776,Balancing predicted mean (861.5) and posterior epistemic uncertainty (192.1).,844.0,1186.0,False,"Active search warranted (max EI: 3.08 cycles, max std: 192.10)."
17,21,ATTIA_CONT_4016403532ea,7.99152765015344,3.6029144316225348,4.520869367522048,4.774378662186237,858.6568676869855,184.32217962826923,expected_improvement,2.794620532135058,109.94660574330949,2.794620532135058,Balancing predicted mean (866.1) and posterior epistemic uncertainty (189.6).,858.0,1186.0,False,"Active search warranted (max EI: 2.79 cycles, max std: 189.56)."
17,22,ATTIA_CONT_1332929d7419,7.509576033820748,4.571751697750649,3.666608821658939,4.79147709216841,869.6295705978118,175.14901127550812,greedy,869.6295705978118,104.77874108545673,2.4960178885597504,Late budget phase (12% remaining); switching to pure exploitation of posterior mean.,748.0,1186.0,False,"Active search warranted (max EI: 2.50 cycles, max std: 187.10)."
17,23,ATTIA_CONT_2b6b6cadfc52,5.1183,6.3867,3.6611,4.802183029765417,839.96243313801,179.67630835794367,greedy,839.9624836282619,97.38776646953659,1.8550542068567424,Late budget phase (8% remaining); switching to pure exploitation of posterior mean.,793.0,1186.0,False,"Active search warranted (max EI: 1.86 cycles, max std: 180.35)."
17,24,ATTIA_CONT_f51bab26483e,7.922394357336865,4.270381927524908,3.7821546635024403,4.795283993150151,830.727397016969,176.90630418717538,greedy,830.727397016969,92.06396607319036,1.4689441734053847,Late budget phase (4% remaining); switching to pure exploitation of posterior mean.,778.0,1186.0,False,"Active search warranted (max EI: 1.47 cycles, max std: 177.05)."
17,25,ATTIA_CONT_2e665291d2ce,4.7449,5.239,4.7195,4.549222915150721,823.2068965517242,174.14943326450327,greedy,823.2068965517242,87.07471663225164,1.1795335748857259,Late budget phase (0% remaining); switching to pure exploitation of posterior mean.,1164.0,1186.0,False,"Active search warranted (max EI: 1.18 cycles, max std: 174.15)."
18,1,ATTIA_CONT_97f357a5537e,5.8495021483048255,3.980058036685998,5.02175920649397,4.717145942810233,793.2113890731146,265.4846882627016,gp_ucb,1486.8668778896235,280.9087084249949,100.29034703396067,Early exploration phase (step 1/25); prioritizing epistemic coverage (beta=2.61).,1004.0,1004.0,False,"Active search warranted (max EI: 75.33 cycles, max std: 286.64)."
18,2,ATTIA_CONT_9203603087d6,3.6897023252966967,6.222604003849058,5.597054092928561,4.485533567660002,816.8861485256281,298.9038141923974,gp_ucb,1390.283082342551,293.4134471895527,64.88648091620729,Early exploration phase (step 2/25); prioritizing epistemic coverage (beta=1.92).,1018.0,1018.0,False,"Active search warranted (max EI: 54.74 cycles, max std: 305.64)."
18,3,ATTIA_CONT_1b19339403ea,4.7956,4.8482,5.6,4.167095424524564,1025.0529361654371,157.73915898823142,expected_improvement,66.51300331568257,226.94829169444347,79.71706003444092,High Expected Improvement (64.9 cycles) detected; targeting high-probability improvement zone.,1131.0,1131.0,False,"Active search warranted (max EI: 64.94 cycles, max std: 241.43)."
18,4,ATTIA_CONT_8119b92ded22,8.0,3.6,5.6,3.9685039370078754,984.0494167061688,204.35941316807603,expected_improvement,28.26453266204257,198.64593416732538,26.150702621772762,Balancing predicted mean (1118.9) and posterior epistemic uncertainty (215.9).,470.0,1131.0,False,"Active search warranted (max EI: 26.15 cycles, max std: 215.92)."
18,5,ATTIA_CONT_5ec26758dca0,4.2716,4.7111,5.5846,4.809992994131893,1085.5987350231696,177.2748495377161,expected_improvement,50.32450804370039,245.7362223153731,59.62643053319193,High Expected Improvement (48.6 cycles) detected; targeting high-probability improvement zone.,938.0,1131.0,False,"Active search warranted (max EI: 48.56 cycles, max std: 273.04)."
18,6,ATTIA_CONT_20aedae96eb4,4.6081,5.6429,5.5892,3.843288702315985,1106.4982378955015,150.2220527021446,expected_improvement,48.47007770780362,236.06887795149575,62.50718942921287,High Expected Improvement (48.3 cycles) detected; targeting high-probability improvement zone.,982.0,1131.0,False,"Active search warranted (max EI: 48.28 cycles, max std: 268.26)."
18,7,ATTIA_CONT_626ae36ad82b,3.7964141489411514,6.793892072811344,4.663131990318437,4.801051659474335,886.8513408765032,226.12113532610377,gp_ucb,1462.4617782477835,220.91497371936313,37.46177159523695,Stagnation detected (3 steps without improvement) with high epistemic variance (256.9); boosting exploration (beta=2.55).,997.0,1131.0,False,"Active search warranted (max EI: 35.24 cycles, max std: 256.88)."
18,8,ATTIA_CONT_926f8923857e,4.8992,5.1514,4.9417,4.296697670811744,1062.2780699390023,154.72994274007306,gp_ucb,1445.058432182285,212.63935300587204,36.82132613421848,Stagnation detected (4 steps without improvement) with high epistemic variance (253.1); boosting exploration (beta=2.47).,956.0,1131.0,False,"Active search warranted (max EI: 36.82 cycles, max std: 253.14)."
18,9,ATTIA_CONT_61de5b46efc6,4.1452,6.9862,5.0258,4.000354905256959,909.2102334227835,195.8818519701347,gp_ucb,1379.331531105025,204.57757995389554,16.979415472129215,Stagnation detected (5 steps without improvement) with high epistemic variance (249.5); boosting exploration (beta=2.40).,690.0,1131.0,False,"Active search warranted (max EI: 16.98 cycles, max std: 249.48)."
18,10,ATTIA_CONT_d4ee7b653a88,7.4774383907844975,3.769620285608974,4.420683781203076,4.8051594964197575,898.8322946873722,197.45316362296126,gp_ucb,1357.6719833079903,198.55271494685317,15.136538272012945,Stagnation detected (6 steps without improvement) with high epistemic variance (248.2); boosting exploration (beta=2.32).,986.0,1131.0,False,"Active search warranted (max EI: 15.14 cycles, max std: 248.19)."
18,11,ATTIA_CONT_778eecbb0fa4,7.919692207175746,4.447900162550458,3.654666795849599,4.793453583459635,912.6562313986321,186.86936878162865,gp_ucb,1332.1769238367708,194.276071365159,11.881262645978085,Stagnation detected (7 steps without improvement) with high epistemic variance (249.1); boosting exploration (beta=2.24).,1008.0,1131.0,False,"Active search warranted (max EI: 11.88 cycles, max std: 249.07)."
18,12,ATTIA_CONT_da4c76e5863e,5.025552828091733,6.6868781348641875,3.6145916193695435,4.804292193953043,873.4053980405528,194.24230249672942,gp_ucb,1293.6157469502398,192.2074944528506,11.488852654816222,Stagnation detected (8 steps without improvement) with high epistemic variance (252.9); boosting exploration (beta=2.16).,658.0,1131.0,False,"Active search warranted (max EI: 11.49 cycles, max std: 252.90)."
18,13,ATTIA_CONT_2ddf05ea1101,5.5194,4.6727,5.6,3.8524695267754523,1026.491020330373,113.82509128745467,gp_ucb,1263.0720397184639,183.0097311599083,10.421370251807259,Stagnation detected (9 steps without improvement) with high epistemic variance (247.3); boosting exploration (beta=2.08).,845.0,1131.0,False,"Active search warranted (max EI: 10.42 cycles, max std: 247.31)."
18,14,ATTIA_CONT_eef71a8543de,5.533074910710247,4.498828429888793,4.515648657977365,4.787671978051288,1006.5498644354742,134.03067578865483,gp_ucb,1273.2675416287184,178.39112732054312,12.769892445826539,Stagnation detected (10 steps without improvement) with high epistemic variance (247.8); boosting exploration (beta=1.99).,904.0,1131.0,False,"Active search warranted (max EI: 12.77 cycles, max std: 247.77)."
18,15,ATTIA_CONT_5709555d2fae,4.2118,5.2952,5.6,4.376684665224139,1047.6946235207333,108.76579232847615,gp_ucb,1254.0632046097087,169.66190410937622,13.400064644738542,Stagnation detected (11 steps without improvement) with high epistemic variance (242.4); boosting exploration (beta=1.90).,1035.0,1131.0,False,"Active search warranted (max EI: 13.40 cycles, max std: 242.37)."
18,16,ATTIA_CONT_64183d4b8159,3.683092880775291,5.896962813869791,5.599441722880822,4.680457167123209,1023.4806519117043,104.15399880617439,gp_ucb,1210.957849762818,166.04854490844184,8.155213678410334,Stagnation detected (12 steps without improvement) with high epistemic variance (244.2); boosting exploration (beta=1.80).,927.0,1131.0,False,"Active search warranted (max EI: 8.16 cycles, max std: 244.19)."
18,17,ATTIA_CONT_ce6b81f50066,4.572,4.9517,5.6,4.271890449499879,1061.2985572334042,80.88332774834461,gp_ucb,1198.5621163534422,160.12433148058406,8.365043009006275,Stagnation detected (13 steps without improvement) with high epistemic variance (242.6); boosting exploration (beta=1.70).,1147.0,1147.0,False,"Active search warranted (max EI: 8.37 cycles, max std: 242.61)."
18,18,ATTIA_CONT_4074489ef180,4.8447,4.5389,5.6,4.38532871354301,1140.5377803977008,63.10443812146977,expected_improvement,22.07121969699568,154.275544412957,15.36723581159522,Balancing predicted mean (1140.5) and posterior epistemic uncertainty (241.1).,911.0,1147.0,False,"Active search warranted (max EI: 15.37 cycles, max std: 241.06)."
18,19,ATTIA_CONT_edce8a950273,4.3829,5.2699,5.6,4.222160892334725,1053.9078164809232,93.8543014492369,expected_improvement,7.939573951310662,151.79711942590887,7.3288414673717135,Balancing predicted mean (1050.9) and posterior epistemic uncertainty (244.8).,636.0,1147.0,False,"Active search warranted (max EI: 7.33 cycles, max std: 244.83)."
18,20,ATTIA_CONT_2a033e2fa543,4.204955345701376,4.8786572185911545,5.5012956115068,4.789985845644182,984.7515905962279,165.88685051647946,expected_improvement,14.406284250930263,135.58414822155862,14.406284250930263,Balancing predicted mean (984.8) and posterior epistemic uncertainty (226.0).,741.0,1147.0,False,"Active search warranted (max EI: 14.41 cycles, max std: 225.97)."
18,21,ATTIA_CONT_31fd018b0d94,7.911376351155079,4.195276326314924,3.8402586647952357,4.8037516317595195,926.5103592748036,182.6324434603957,expected_improvement,10.092805567156276,129.7474292651388,10.092805567156276,Balancing predicted mean (943.7) and posterior epistemic uncertainty (223.7).,677.0,1147.0,False,"Active search warranted (max EI: 10.09 cycles, max std: 223.70)."
18,22,ATTIA_CONT_916ebba517d2,4.0732,5.1427,5.5324,4.7031744455003155,941.5443095678592,178.43124945455725,greedy,941.5444667432797,121.17296361224346,11.165812733826314,Late budget phase (12% remaining); switching to pure exploitation of posterior mean.,936.0,1147.0,False,"Active search warranted (max EI: 11.17 cycles, max std: 216.38)."
18,23,ATTIA_CONT_da2fb2b2f34e,4.1046,5.0972,5.5867,4.66153638957036,943.689610771234,171.67625356290003,greedy,943.6897058524348,115.57281630121331,10.147453657621721,Late budget phase (8% remaining); switching to pure exploitation of posterior mean.,994.0,1147.0,False,"Active search warranted (max EI: 10.15 cycles, max std: 214.02)."
18,24,ATTIA_CONT_7f885d67f45d,4.1577,5.0247,5.538,4.689809446002294,950.4839387517076,165.92427973452058,greedy,950.4837187910379,112.53733104171488,9.826867361471145,Late budget phase (4% remaining); switching to pure exploitation of posterior mean.,715.0,1147.0,False,"Active search warranted (max EI: 9.83 cycles, max std: 216.42)."
18,25,ATTIA_CONT_59d97cdee43b,4.2138,5.1545,5.6,4.475450776945198,928.4363117223395,170.13646429421644,greedy,928.436307084745,106.90062379705026,8.066345659666279,Late budget phase (0% remaining); switching to pure exploitation of posterior mean.,1204.0,1204.0,False,"Active search warranted (max EI: 8.07 cycles, max std: 213.80)."
19,1,ATTIA_CONT_fc3c99bfd91d,5.656559801153364,5.79834269986816,3.6347084994804284,4.785624679222409,1196.531163736002,238.45446032608868,gp_ucb,1663.804567487724,276.2445123563668,53.79526639994208,Early exploration phase (step 1/25); prioritizing epistemic coverage (beta=1.96).,648.0,1344.0,False,"Active search warranted (max EI: 45.94 cycles, max std: 281.88)."
19,2,ATTIA_CONT_a54720459c7e,7.7899,5.3799,3.7532,3.9581134285684665,849.0,247.4691897370418,gp_ucb,1402.8495858884621,237.57042214756012,2.0995584799201,Early exploration phase (step 2/25); prioritizing epistemic coverage (beta=2.24).,644.0,1344.0,False,"Active search warranted (max EI: 2.10 cycles, max std: 247.47)."
19,3,ATTIA_CONT_3f261ca7a795,4.7122,5.8215,5.1403,3.9246464112511954,819.7142857142857,240.0795783772131,expected_improvement,1.2283324816770653,225.6748036745803,1.2283324816770653,Balancing predicted mean (819.7) and posterior epistemic uncertainty (240.1).,726.0,1344.0,False,"Active search warranted (max EI: 1.23 cycles, max std: 240.08)."
19,4,ATTIA_CONT_cde2f394ec0a,7.7877,6.6149,5.5379,2.679686460039567,808.0,226.70244789810107,gp_ucb,1431.3286766348983,208.56625206625296,0.6862483751907567,Stagnation detected (3 steps without improvement) with high epistemic variance (226.7); boosting exploration (beta=2.75).,625.0,1344.0,False,"Active search warranted (max EI: 0.69 cycles, max std: 226.70)."
19,5,ATTIA_CONT_2e665291d2ce,4.7449,5.239,4.7195,4.549222915150721,787.6666666666666,221.3393569130999,gp_ucb,1381.582484451202,199.20542122178992,0.42534803938237564,Stagnation detected (4 steps without improvement) with high epistemic variance (221.3); boosting exploration (beta=2.68).,965.0,1344.0,False,"Active search warranted (max EI: 0.43 cycles, max std: 221.34)."
19,6,ATTIA_CONT_eab402b1482f,5.9221,4.3809,4.4484,4.730127610082917,1095.5266629361622,184.79400019107894,gp_ucb,1578.8255933114017,192.88845784502868,7.462707259229667,Stagnation detected (5 steps without improvement) with high epistemic variance (219.2); boosting exploration (beta=2.62).,1060.0,1344.0,False,"Active search warranted (max EI: 7.46 cycles, max std: 219.19)."
19,7,ATTIA_CONT_9695fe3c541e,6.1271,4.4396,4.3492,4.652220378268064,1078.579190983075,170.80093749887655,gp_ucb,1513.3662687134129,180.62097696290775,4.460981772696179,Stagnation detected (6 steps without improvement) with high epistemic variance (210.0); boosting exploration (beta=2.55).,1084.0,1344.0,False,"Active search warranted (max EI: 4.46 cycles, max std: 210.02)."
19,8,ATTIA_CONT_0b008b6ead88,6.110256825247904,4.083189284527446,4.623656963377711,4.796428266960655,1060.3399156152784,171.07936225605818,gp_ucb,1483.5668841822992,173.63112087657157,3.625472200652103,Stagnation detected (7 steps without improvement) with high epistemic variance (206.7); boosting exploration (beta=2.47).,1302.0,1344.0,False,"Active search warranted (max EI: 3.63 cycles, max std: 206.70)."
19,9,ATTIA_CONT_a00bcfe3d39b,6.447489402957213,3.69376888769727,5.024745292997404,4.796325384246533,1141.0562973926799,188.80294275078094,gp_ucb,1594.1833599945544,188.34414776132093,14.514610092256117,Stagnation detected (8 steps without improvement) with high epistemic variance (229.7); boosting exploration (beta=2.40).,680.0,1344.0,False,"Active search warranted (max EI: 14.51 cycles, max std: 229.69)."
19,10,ATTIA_CONT_dbebdd73cf70,6.021053792723301,4.274183214977142,4.540062959407429,4.694276845139787,1153.6970950256884,169.2617187614921,gp_ucb,1547.0257857739098,178.40697933246304,11.065884275318346,Stagnation detected (9 steps without improvement) with high epistemic variance (223.0); boosting exploration (beta=2.32).,1156.0,1344.0,False,"Active search warranted (max EI: 11.07 cycles, max std: 223.01)."
19,11,ATTIA_CONT_53b8209c3739,5.9972581000701926,4.1512400337164035,4.603292345188585,4.797019652341466,1158.394538696843,159.84080244590106,gp_ucb,1517.236250204591,173.71892031710277,9.703808228164245,Stagnation detected (10 steps without improvement) with high epistemic variance (222.7); boosting exploration (beta=2.24).,779.0,1344.0,False,"Active search warranted (max EI: 9.70 cycles, max std: 222.72)."
19,12,ATTIA_CONT_c5a852e3ed0b,6.068,4.3869,4.3857,4.704350057499825,1069.2157086292887,199.11412231487122,gp_ucb,1499.9654166067858,172.71159454608605,7.481904315506249,Stagnation detected (11 steps without improvement) with high epistemic variance (227.3); boosting exploration (beta=2.16).,1123.0,1344.0,False,"Active search warranted (max EI: 7.48 cycles, max std: 227.25)."
19,13,ATTIA_CONT_8bbd091b447c,6.0935,4.3846,4.3656,4.714991210023906,1087.5381339491241,190.32626512455656,gp_ucb,1483.124001243039,167.3552135440354,7.404540346670171,Stagnation detected (12 steps without improvement) with high epistemic variance (226.2); boosting exploration (beta=2.08).,877.0,1344.0,False,"Active search warranted (max EI: 7.40 cycles, max std: 226.16)."
19,14,ATTIA_CONT_96a9c9131946,5.98,4.4003,4.441,4.679949697655653,1048.6003574340996,195.83297575157806,gp_ucb,1438.3030784888897,160.48149298981275,5.43058713126624,Stagnation detected (13 steps without improvement) with high epistemic variance (222.9); boosting exploration (beta=1.99).,739.0,1344.0,False,"Active search warranted (max EI: 5.43 cycles, max std: 222.89)."
19,15,ATTIA_CONT_2a7ded6db141,6.0703,4.3064,4.4372,4.738955586561107,994.4181483818554,209.24783707979876,gp_ucb,1391.4380205006796,156.16284616695896,3.9460924155407753,Stagnation detected (14 steps without improvement) with high epistemic variance (223.1); boosting exploration (beta=1.90).,996.0,1344.0,False,"Active search warranted (max EI: 3.95 cycles, max std: 223.09)."
19,16,ATTIA_CONT_fe050d78678e,6.0508,4.3104,4.442,4.740570341177363,998.396679114262,203.3098737388023,gp_ucb,1364.3544261998231,148.89909508422522,3.689026368654307,Stagnation detected (15 steps without improvement) with high epistemic variance (219.0); boosting exploration (beta=1.80).,1011.0,1344.0,False,"Active search warranted (max EI: 3.69 cycles, max std: 218.97)."
19,17,ATTIA_CONT_71da71c802a5,6.0595,4.3135,4.4257,4.750143440176065,1003.3977168805918,197.54617542045023,gp_ucb,1338.6446577809247,142.44913174437704,3.333618128786396,Stagnation detected (16 steps without improvement) with high epistemic variance (215.8); boosting exploration (beta=1.70).,978.0,1344.0,False,"Active search warranted (max EI: 3.33 cycles, max std: 215.83)."
19,18,ATTIA_CONT_188ab0bd2f97,6.0259,4.2773,4.5141,4.715589313004344,1053.1465095016047,179.35382248248018,gp_ucb,1337.861418889449,140.50027344921625,2.024653617918492,Stagnation detected (17 steps without improvement) with high epistemic variance (219.5); boosting exploration (beta=1.59).,907.0,1344.0,False,"Active search warranted (max EI: 2.02 cycles, max std: 219.53)."
19,19,ATTIA_CONT_d1a3253e5359,6.0146,4.3969,4.388,4.722683626254855,1296.6270579507295,119.28509228511639,gp_ucb,1471.9387913047342,133.3503562674246,1.7019988927686924,Stagnation detected (18 steps without improvement) with high epistemic variance (215.1); boosting exploration (beta=1.47).,1526.0,1526.0,False,"Active search warranted (max EI: 1.70 cycles, max std: 215.08)."
19,20,ATTIA_CONT_89b2366be12b,6.0069,4.4,4.3816,4.731303272358231,1485.151025121339,88.88788488729554,expected_improvement,18.71300412320777,138.39929327260546,0.3906857219767441,Balancing predicted mean (949.2) and posterior epistemic uncertainty (230.7).,818.0,1526.0,False,"Active search warranted (max EI: 0.39 cycles, max std: 230.67)."
19,21,ATTIA_CONT_f0cfb65022b5,6.041,4.3972,4.3442,4.757636518782456,1009.1286519580791,222.8044203180957,expected_improvement,0.7695262513965826,136.32821552790836,0.7583353607879939,Balancing predicted mean (1006.0) and posterior epistemic uncertainty (235.0).,974.0,1526.0,False,"Active search warranted (max EI: 0.76 cycles, max std: 235.05)."
19,22,ATTIA_CONT_e4fecd6dc409,6.0326,4.3665,4.3992,4.734021446516234,1009.6056434366421,217.4134776417172,greedy,1009.6056453753554,129.6880442806881,0.6267468430407783,Late budget phase (12% remaining); switching to pure exploitation of posterior mean.,845.0,1526.0,False,"Active search warranted (max EI: 0.63 cycles, max std: 231.59)."
19,23,ATTIA_CONT_59b187b76613,6.044,4.3629,4.4024,4.727555286312746,997.3281487845452,216.37594481442426,greedy,997.3280946250317,122.97809803508925,0.5126075231733607,Late budget phase (8% remaining); switching to pure exploitation of posterior mean.,1028.0,1526.0,False,"Active search warranted (max EI: 0.51 cycles, max std: 227.74)."
19,24,ATTIA_CONT_41fe55c2e34f,5.949,4.3539,4.3936,4.808734288031752,1003.1024472515891,208.44964560829715,greedy,1003.1026910614491,120.01075164575565,0.4054056290809398,Late budget phase (4% remaining); switching to pure exploitation of posterior mean.,609.0,1526.0,False,"Active search warranted (max EI: 0.41 cycles, max std: 230.79)."
19,25,ATTIA_CONT_fb0b4321653e,6.0864,4.3542,4.4267,4.684556701196095,971.2214801367711,222.45169972715692,greedy,971.2215414589928,113.86732991224923,0.4552773451056962,Late budget phase (0% remaining); switching to pure exploitation of posterior mean.,906.0,1526.0,False,"Active search warranted (max EI: 0.46 cycles, max std: 227.73)."
20,1,ATTIA_CONT_364f8e74da57,7.4133,6.5411,3.6665,3.6654004672465876,902.1666637440991,144.91589760231105,gp_ucb,1280.8012458653643,152.47918695414705,67.47320491372108,Early exploration phase (step 1/25); prioritizing epistemic coverage (beta=2.61).,1023.0,1023.0,False,"Active search warranted (max EI: 44.78 cycles, max std: 155.59)."
20,2,ATTIA_CONT_fae9881bcc9e,8.0,4.8942,3.6,4.420239788660845,971.45300065401,148.55436849708133,gp_ucb,1256.4296932817642,171.87724201911251,53.19269807896033,Early exploration phase (step 2/25); prioritizing epistemic coverage (beta=1.92).,763.0,1023.0,False,"Active search warranted (max EI: 40.05 cycles, max std: 179.04)."
20,3,ATTIA_CONT_c63d2f2caa36,6.1706,6.3552,4.1203,3.687012407826012,1015.8748304202995,81.26582053354285,expected_improvement,28.977667883849612,138.53516671641327,34.49530277305257,High Expected Improvement (28.9 cycles) detected; targeting high-probability improvement zone.,1083.0,1083.0,False,"Active search warranted (max EI: 28.85 cycles, max std: 147.38)."
20,4,ATTIA_CONT_3f4ccf291782,6.2867,6.8094,4.4946,3.2795235402556098,1043.1482147123018,109.65687069756875,expected_improvement,26.6748538158664,156.6052906171706,30.913759425088852,High Expected Improvement (26.7 cycles) detected; targeting high-probability improvement zone.,736.0,1083.0,False,"Active search warranted (max EI: 26.67 cycles, max std: 170.22)."
20,5,ATTIA_CONT_1bca67ea6bc3,6.4289,6.3283,3.8988,3.798292000800711,1077.6300335595722,80.81414773337012,expected_improvement,29.62165542377056,130.87593448016128,38.11520398051813,High Expected Improvement (29.4 cycles) detected; targeting high-probability improvement zone.,787.0,1083.0,False,"Active search warranted (max EI: 29.44 cycles, max std: 145.42)."
20,6,ATTIA_CONT_e37f28d4b664,5.8406,4.9084,4.3401,4.3864221676902595,864.1,140.4474640230518,expected_improvement,3.596044535943099,123.59376834028558,3.596044535943099,Balancing predicted mean (864.1) and posterior epistemic uncertainty (140.4).,1096.0,1096.0,False,"Active search warranted (max EI: 3.60 cycles, max std: 140.45)."
20,7,ATTIA_CONT_9dc26846721f,7.9241,5.6063,5.0172,3.035353523681795,885.1818181818181,149.58856316160526,expected_improvement,5.372719293510663,128.64616431898054,5.372719293510663,Balancing predicted mean (885.2) and posterior epistemic uncertainty (149.6).,764.0,1096.0,False,"Active search warranted (max EI: 5.37 cycles, max std: 149.59)."
20,8,ATTIA_CONT_0949905fd6c0,5.3491,6.184,5.2926,3.3814020917136336,875.0833333333334,147.08420890030027,expected_improvement,4.29054048992667,123.55073547625224,4.29054048992667,Balancing predicted mean (875.1) and posterior epistemic uncertainty (147.1).,934.0,1096.0,False,"Active search warranted (max EI: 4.29 cycles, max std: 147.08)."
20,9,ATTIA_CONT_db862530a608,4.22,5.6938,5.5378,4.163895039897834,879.6153846153846,142.1832719478285,expected_improvement,3.9629012940153565,116.59028299721938,3.9629012940153565,Balancing predicted mean (879.6) and posterior epistemic uncertainty (142.2).,653.0,1096.0,False,"Active search warranted (max EI: 3.96 cycles, max std: 142.18)."
20,10,ATTIA_CONT_cc4607a11337,5.8762,5.0423,4.3128,4.292486513345525,868.5656889453127,148.88641588788445,gp_ucb,1214.5464733976437,119.13737328665789,4.091784873348585,Stagnation detected (3 steps without improvement) with high epistemic variance (148.9); boosting exploration (beta=2.32).,799.0,1096.0,False,"Active search warranted (max EI: 4.09 cycles, max std: 148.92)."
20,11,ATTIA_CONT_b8d122ff5f06,6.6586,5.5204,4.3764,3.656213410515892,859.1333333333333,144.76878467024923,gp_ucb,1184.1384488547678,112.91965204279441,3.0875443242748872,Stagnation detected (4 steps without improvement) with high epistemic variance (144.8); boosting exploration (beta=2.24).,893.0,1096.0,False,"Active search warranted (max EI: 3.09 cycles, max std: 144.77)."
20,12,ATTIA_CONT_b4bbd0393297,5.1991,5.8109,5.5255,3.4731523461996052,861.25,140.4112369960606,gp_ucb,1165.0059487843737,106.71254011700606,2.7486390874067723,Stagnation detected (5 steps without improvement) with high epistemic variance (140.4); boosting exploration (beta=2.16).,851.0,1096.0,False,"Active search warranted (max EI: 2.75 cycles, max std: 140.41)."
20,13,ATTIA_CONT_362f1e2f9b56,4.0377,5.6001,5.474,4.455978997246209,860.6470588235294,136.24017788704916,gp_ucb,1143.8169509826387,100.81773163641637,2.3289950520749176,Stagnation detected (6 steps without improvement) with high epistemic variance (136.2); boosting exploration (beta=2.08).,822.0,1096.0,False,"Active search warranted (max EI: 2.33 cycles, max std: 136.24)."
20,14,ATTIA_CONT_417328db15fc,5.5534,5.0655,4.7208,4.098006541184603,858.5,132.69730026235428,gp_ucb,1122.564293398015,95.54205618889507,1.9432043185133576,Stagnation detected (7 steps without improvement) with high epistemic variance (132.7); boosting exploration (beta=1.99).,850.0,1096.0,False,"Active search warranted (max EI: 1.94 cycles, max std: 132.70)."
20,15,ATTIA_CONT_48a3abcac264,5.8359,5.3751,4.118,4.2899899601192475,858.0526315789474,129.17205066128042,gp_ucb,1103.1393656535306,90.4204354628963,1.6571125484196765,Stagnation detected (8 steps without improvement) with high epistemic variance (129.2); boosting exploration (beta=1.90).,720.0,1096.0,False,"Active search warranted (max EI: 1.66 cycles, max std: 129.17)."
20,16,ATTIA_CONT_73d2ae07d4ec,7.6813,4.3599,4.3704,4.082099680204452,851.15,129.44665790575274,gp_ucb,1084.1539842303548,88.02372737591186,1.4625130716557262,Stagnation detected (9 steps without improvement) with high epistemic variance (129.4); boosting exploration (beta=1.80).,885.0,1096.0,False,"Active search warranted (max EI: 1.46 cycles, max std: 129.45)."
20,17,ATTIA_CONT_f54f8c928dce,5.7245,6.7786,5.5798,3.012913886411325,852.7619047619048,126.53247463680246,gp_ucb,1067.4946348162996,83.51143326028964,1.319339531385439,Stagnation detected (10 steps without improvement) with high epistemic variance (126.5); boosting exploration (beta=1.70).,489.0,1096.0,False,"Active search warranted (max EI: 1.32 cycles, max std: 126.53)."
20,18,ATTIA_CONT_7298861a323f,5.9848,6.5136,5.4374,3.0412976772101152,836.2272727272727,144.99653090597727,gp_ucb,1066.4021297738568,92.79777977982545,2.1138240600088576,Stagnation detected (11 steps without improvement) with high epistemic variance (145.0); boosting exploration (beta=1.59).,772.0,1096.0,False,"Active search warranted (max EI: 2.11 cycles, max std: 145.00)."
20,19,ATTIA_CONT_e92932d6604f,6.0905,6.3342,4.0351,3.7958625320179764,843.9157772321988,142.20094955289235,gp_ucb,1052.9076104701865,88.2914283270784,2.172791741694015,Stagnation detected (12 steps without improvement) with high epistemic variance (142.4); boosting exploration (beta=1.47).,922.0,1096.0,False,"Active search warranted (max EI: 2.17 cycles, max std: 142.41)."
20,20,ATTIA_CONT_b1d9051e657b,6.0895,6.3443,4.0359,3.7919259857818726,865.1267328392672,138.8597925992346,expected_improvement,2.7794905620875827,84.27322516418573,2.766898784148623,Balancing predicted mean (864.7) and posterior epistemic uncertainty (140.5).,873.0,1096.0,False,"Active search warranted (max EI: 2.77 cycles, max std: 140.46)."
20,21,ATTIA_CONT_ac800f5b2f6d,6.0788,6.3637,4.0363,3.788822530026056,869.3502621845871,135.45579693623696,expected_improvement,2.6429028063136553,79.91566493996746,2.637329347987283,Balancing predicted mean (869.1) and posterior epistemic uncertainty (137.8).,670.0,1096.0,False,"Active search warranted (max EI: 2.64 cycles, max std: 137.79)."
20,22,ATTIA_CONT_073a0471de7f,6.4038,6.1201,4.5367,3.4088334129545683,832.0769230769231,139.0276474451853,greedy,832.0769230769231,77.85548256930377,1.543173748593535,Late budget phase (12% remaining); switching to pure exploitation of posterior mean.,713.0,1096.0,False,"Active search warranted (max EI: 1.54 cycles, max std: 139.03)."
20,23,ATTIA_CONT_b44e3dd396a0,3.7145,6.4768,5.3628,4.479261085024798,827.6666666666666,138.26973234965908,greedy,827.6666666666666,74.66565546881591,1.3741155553490376,Late budget phase (8% remaining); switching to pure exploitation of posterior mean.,880.0,1096.0,False,"Active search warranted (max EI: 1.37 cycles, max std: 138.27)."
20,24,ATTIA_CONT_57d00d35d7c9,4.132,6.7537,4.9638,4.135747899875634,829.5357142857143,136.12507042725227,greedy,829.5357142857143,70.78503662217118,1.2940049438628396,Late budget phase (4% remaining); switching to pure exploitation of posterior mean.,732.0,1096.0,False,"Active search warranted (max EI: 1.29 cycles, max std: 136.13)."
20,25,ATTIA_CONT_fa10fd69bb55,5.8875,5.3165,4.943,3.6619038723177844,826.1724137931035,134.9362746604176,greedy,826.1724137931035,67.4681373302088,1.1464994404205386,Late budget phase (0% remaining); switching to pure exploitation of posterior mean.,722.0,1096.0,False,"Active search warranted (max EI: 1.15 cycles, max std: 134.94)."
21,1,ATTIA_CONT_b8d122ff5f06,6.6586,5.5204,4.3764,3.656213410515892,792.6,100.84760816766024,gp_ucb,990.2201454327206,98.83065600430703,2.6287539243141627,Early exploration phase (step 1/25); prioritizing epistemic coverage (beta=1.96).,881.0,949.0,False,"Active search warranted (max EI: 2.63 cycles, max std: 100.85)."
21,2,ATTIA_CONT_126bccc6897a,7.1242,5.4721,3.9926,3.8497349866849326,894.3841682499932,80.56333006568022,gp_ucb,1074.6894296793475,93.46286817849008,13.71796007971289,Early exploration phase (step 2/25); prioritizing epistemic coverage (beta=2.24).,702.0,949.0,False,"Active search warranted (max EI: 13.72 cycles, max std: 97.36)."
21,3,ATTIA_CONT_362f1e2f9b56,4.0377,5.6001,5.474,4.455978997246209,792.2857142857143,97.74122470829967,expected_improvement,2.2532232077854903,91.87675122580168,2.2532232077854903,Balancing predicted mean (792.3) and posterior epistemic uncertainty (97.7).,1112.0,1112.0,False,"Active search warranted (max EI: 2.25 cycles, max std: 97.74)."
21,4,ATTIA_CONT_417328db15fc,5.5534,5.0655,4.7208,4.098006541184603,832.25,139.78264427502214,expected_improvement,1.18243046740933,128.60003273302036,1.18243046740933,Balancing predicted mean (832.2) and posterior epistemic uncertainty (139.8).,1021.0,1112.0,False,"Active search warranted (max EI: 1.18 cycles, max std: 139.78)."
21,5,ATTIA_CONT_48a3abcac264,5.8359,5.3751,4.118,4.2899899601192475,853.2222222222222,144.52279978046266,expected_improvement,2.112273508751265,130.0705198024164,2.112273508751265,Balancing predicted mean (853.2) and posterior epistemic uncertainty (144.5).,720.0,1112.0,False,"Active search warranted (max EI: 2.11 cycles, max std: 144.52)."
21,6,ATTIA_CONT_73d2ae07d4ec,7.6813,4.3599,4.3704,4.082099680204452,839.9,142.81278005374423,expected_improvement,1.556848069635559,125.67524644729492,1.556848069635559,Balancing predicted mean (839.9) and posterior epistemic uncertainty (142.8).,841.0,1112.0,False,"Active search warranted (max EI: 1.56 cycles, max std: 142.81)."
21,7,ATTIA_CONT_f54f8c928dce,5.7245,6.7786,5.5798,3.012913886411325,840.0,136.16701024404477,gp_ucb,1186.6246187428637,117.1036288098785,1.1635459465242004,Stagnation detected (3 steps without improvement) with high epistemic variance (136.2); boosting exploration (beta=2.55).,800.0,1112.0,False,"Active search warranted (max EI: 1.16 cycles, max std: 136.17)."
21,8,ATTIA_CONT_0c59c1c70e54,7.9439,5.9961,5.1648,2.88136965575633,836.6666666667396,130.83789803357104,gp_ucb,1160.3417507224633,109.90383434819968,0.835929238240368,Stagnation detected (4 steps without improvement) with high epistemic variance (130.8); boosting exploration (beta=2.47).,529.0,1112.0,False,"Active search warranted (max EI: 0.84 cycles, max std: 130.84)."
21,9,ATTIA_CONT_77f115172748,6.6058,6.0322,5.3848,3.0260271693707868,813.0,150.07690390284748,gp_ucb,1173.184569366834,123.06306120033494,1.300516671627145,Stagnation detected (5 steps without improvement) with high epistemic variance (150.1); boosting exploration (beta=2.40).,888.0,1112.0,False,"Active search warranted (max EI: 1.30 cycles, max std: 150.08)."
21,10,ATTIA_CONT_8bcf407973c0,5.6012,5.3799,5.5857,3.449530657486232,818.3571428571429,145.90192802729723,gp_ucb,1157.4025853147082,116.7215424218378,1.1973721083533588,Stagnation detected (6 steps without improvement) with high epistemic variance (145.9); boosting exploration (beta=2.32).,802.0,1112.0,False,"Active search warranted (max EI: 1.20 cycles, max std: 145.90)."
21,11,ATTIA_CONT_339df4dcdd77,6.0999,6.1938,5.3842,3.103509824727921,817.2666666666667,141.0136956654949,gp_ucb,1133.8416282805215,109.99068261908603,0.9371719616146503,Stagnation detected (7 steps without improvement) with high epistemic variance (141.0); boosting exploration (beta=2.24).,717.0,1112.0,False,"Active search warranted (max EI: 0.94 cycles, max std: 141.01)."
21,12,ATTIA_CONT_073a0471de7f,6.4038,6.1201,4.5367,3.4088334129545683,811.0,138.6763322932918,gp_ucb,1111.0027760660478,105.39401254290178,0.7365831360224684,Stagnation detected (8 steps without improvement) with high epistemic variance (138.7); boosting exploration (beta=2.16).,655.0,1112.0,False,"Active search warranted (max EI: 0.74 cycles, max std: 138.68)."
21,13,ATTIA_CONT_b44e3dd396a0,3.7145,6.4768,5.3628,4.479261085024798,801.8235294117648,139.4532333512771,gp_ucb,1091.6716319447696,103.19539267994506,0.6358207389148101,Stagnation detected (9 steps without improvement) with high epistemic variance (139.5); boosting exploration (beta=2.08).,822.0,1112.0,False,"Active search warranted (max EI: 0.64 cycles, max std: 139.45)."
21,14,ATTIA_CONT_57d00d35d7c9,4.132,6.7537,4.9638,4.135747899875634,802.9444444444445,135.60296350931728,gp_ucb,1072.7909346968406,97.63413372670844,0.5276219921452374,Stagnation detected (10 steps without improvement) with high epistemic variance (135.6); boosting exploration (beta=1.99).,1043.0,1112.0,False,"Active search warranted (max EI: 0.53 cycles, max std: 135.60)."
21,15,ATTIA_CONT_fa10fd69bb55,5.8875,5.3165,4.943,3.6619038723177844,815.578947368421,142.4560198710311,gp_ucb,1085.8702408852196,99.71921390972176,0.971322203273072,Stagnation detected (11 steps without improvement) with high epistemic variance (142.5); boosting exploration (beta=1.90).,719.0,1112.0,False,"Active search warranted (max EI: 0.97 cycles, max std: 142.46)."
21,16,ATTIA_CONT_fc5e54d2e5ed,5.1843,5.5406,4.5711,4.146080175499581,810.75,140.43535039961947,gp_ucb,1063.533630719315,95.49603827174123,0.8011265171889139,Stagnation detected (12 steps without improvement) with high epistemic variance (140.4); boosting exploration (beta=1.80).,963.0,1112.0,False,"Active search warranted (max EI: 0.80 cycles, max std: 140.44)."
21,17,ATTIA_CONT_4cf32b712545,4.0408,5.6905,5.2829,4.52824453321444,853.7851181377457,140.08788568871012,gp_ucb,1091.5221039942448,93.245555356829,1.790435670913455,Stagnation detected (13 steps without improvement) with high epistemic variance (141.3); boosting exploration (beta=1.70).,899.0,1112.0,False,"Active search warranted (max EI: 1.79 cycles, max std: 141.28)."
21,18,ATTIA_CONT_7890f1aeba0f,4.0034,5.6044,5.3498,4.583129019332444,875.4366006938677,135.85433251801985,gp_ucb,1091.098738988248,89.06841535304505,2.241709392742232,Stagnation detected (14 steps without improvement) with high epistemic variance (139.2); boosting exploration (beta=1.59).,1066.0,1112.0,False,"Active search warranted (max EI: 2.24 cycles, max std: 139.17)."
21,19,ATTIA_CONT_3fe6da200a9c,3.9783,5.4648,5.3778,4.694158503565487,934.3302864675983,134.05587065320108,gp_ucb,1131.3512925134105,89.64500402234671,5.7674843112832015,Stagnation detected (15 steps without improvement) with high epistemic variance (144.6); boosting exploration (beta=1.47).,883.0,1112.0,False,"Active search warranted (max EI: 5.77 cycles, max std: 144.59)."
21,20,ATTIA_CONT_38e06da2c001,3.9639,5.5526,5.3657,4.660011372757179,922.4768333719337,130.7631814429694,expected_improvement,4.296153929295457,84.77603580397779,4.284525641682919,Balancing predicted mean (922.4) and posterior epistemic uncertainty (141.3).,1014.0,1112.0,False,"Active search warranted (max EI: 4.28 cycles, max std: 141.29)."
21,21,ATTIA_CONT_c72e7a714ac6,3.9309,5.5067,5.3838,4.725913792967128,942.5529318977862,127.24470888196161,expected_improvement,5.4130548418106965,82.09478040901297,5.325294151064689,Balancing predicted mean (940.1) and posterior epistemic uncertainty (141.5).,954.0,1112.0,False,"Active search warranted (max EI: 5.33 cycles, max std: 141.54)."
21,22,ATTIA_CONT_6418e242d152,4.0102,5.5078,5.306,4.674150296024472,946.7417268027235,123.10591186336704,greedy,946.7413312251683,78.22618158459211,5.135804032867572,Late budget phase (12% remaining); switching to pure exploitation of posterior mean.,997.0,1112.0,False,"Active search warranted (max EI: 5.14 cycles, max std: 139.69)."
21,23,ATTIA_CONT_d758093f131c,3.941,5.5367,5.3646,4.704322951767606,956.5838508229655,119.58065738395378,greedy,956.5839285296179,75.01672788638732,5.465088739350103,Late budget phase (8% remaining); switching to pure exploitation of posterior mean.,985.0,1112.0,False,"Active search warranted (max EI: 5.47 cycles, max std: 138.92)."
21,24,ATTIA_CONT_d5d3bb65f3cd,3.9419,5.5178,5.3374,4.7379943256666985,961.9999108187241,116.48695918178076,greedy,962.0001688031394,71.72372912603788,5.485181985952128,Late budget phase (4% remaining); switching to pure exploitation of posterior mean.,1105.0,1112.0,False,"Active search warranted (max EI: 5.49 cycles, max std: 137.93)."
21,25,ATTIA_CONT_1eaa1935513a,3.9759,5.4727,5.2305,4.80985491499449,978.6407355030382,117.30666928096711,greedy,978.6406403926143,70.60202534103362,7.354730351656745,Late budget phase (0% remaining); switching to pure exploitation of posterior mean.,853.0,1112.0,False,"Active search warranted (max EI: 7.35 cycles, max std: 141.20)."
22,1,ATTIA_CONT_339df4dcdd77,6.0999,6.1938,5.3842,3.103509824727921,859.4,126.95930224320264,gp_ucb,1108.1884068765073,124.42011619833859,13.630107742600316,Early exploration phase (step 1/25); prioritizing epistemic coverage (beta=1.96).,744.0,969.0,False,"Active search warranted (max EI: 13.63 cycles, max std: 126.96)."
22,2,ATTIA_CONT_073a0471de7f,6.4038,6.1201,4.5367,3.4088334129545683,840.1666666666666,123.61941446740494,gp_ucb,1116.833679571579,118.67463788870873,9.496939229101525,Early exploration phase (step 2/25); prioritizing epistemic coverage (beta=2.24).,898.0,969.0,False,"Active search warranted (max EI: 9.50 cycles, max std: 123.62)."
22,3,ATTIA_CONT_b44e3dd396a0,3.7145,6.4768,5.3628,4.479261085024798,848.4285714285714,116.22500765823432,expected_improvement,9.011681065455473,109.25150719874026,9.011681065455473,Balancing predicted mean (848.4) and posterior epistemic uncertainty (116.2).,776.0,969.0,False,"Active search warranted (max EI: 9.01 cycles, max std: 116.23)."
22,4,ATTIA_CONT_8dff4b28df4d,7.9416,3.6973,5.0444,4.189238765425257,890.7814989849967,102.19504547362133,gp_ucb,1171.7716355245193,102.41762400267213,11.80010755917845,Stagnation detected (3 steps without improvement) with high epistemic variance (111.3); boosting exploration (beta=2.75).,769.0,969.0,False,"Active search warranted (max EI: 11.80 cycles, max std: 111.32)."
22,5,ATTIA_CONT_17bf35a5b5c5,5.1349,6.02,4.4104,4.069377793364522,831.6133418971876,107.26400981400485,gp_ucb,1119.4331963376344,96.53766126518397,5.0793850858452885,Stagnation detected (4 steps without improvement) with high epistemic variance (107.3); boosting exploration (beta=2.68).,774.0,969.0,False,"Active search warranted (max EI: 5.08 cycles, max std: 107.26)."
22,6,ATTIA_CONT_fc5e54d2e5ed,5.1843,5.5406,4.5711,4.146080175499581,825.8,103.2141667561984,gp_ucb,1095.7400734592145,90.82846674545459,3.8900481898358965,Stagnation detected (5 steps without improvement) with high epistemic variance (103.2); boosting exploration (beta=2.62).,880.0,969.0,False,"Active search warranted (max EI: 3.89 cycles, max std: 103.21)."
22,7,ATTIA_CONT_cef62e351dba,5.1218,5.9746,4.858,3.7754623104435963,830.7272727272727,99.63669991916136,gp_ucb,1084.36090293167,85.68756193047876,3.7522033333019955,Stagnation detected (6 steps without improvement) with high epistemic variance (99.6); boosting exploration (beta=2.55).,757.0,969.0,False,"Active search warranted (max EI: 3.75 cycles, max std: 99.64)."
22,8,ATTIA_CONT_4279532837a7,6.134,5.9221,5.3512,3.178896365314542,824.5833333333334,97.54695259270058,gp_ucb,1065.901166731427,81.93944017786849,2.9877094514087847,Stagnation detected (7 steps without improvement) with high epistemic variance (97.5); boosting exploration (beta=2.47).,924.0,969.0,False,"Active search warranted (max EI: 2.99 cycles, max std: 97.55)."
22,9,ATTIA_CONT_b4d0ae3a14f0,7.8899,4.2706,4.526,3.9763924328340186,832.2307692307693,97.3922724902162,gp_ucb,1065.9722232072882,79.86166344197729,3.5366062722266722,Stagnation detected (8 steps without improvement) with high epistemic variance (97.4); boosting exploration (beta=2.40).,837.0,969.0,False,"Active search warranted (max EI: 3.54 cycles, max std: 97.39)."
22,10,ATTIA_CONT_0caba8923bb9,4.5765,6.1134,4.5617,4.309710952506735,832.5714285714286,93.85757751282583,gp_ucb,1050.6767293449564,75.08606201026066,3.0544763535360335,Stagnation detected (9 steps without improvement) with high epistemic variance (93.9); boosting exploration (beta=2.32).,1257.0,1257.0,False,"Active search warranted (max EI: 3.05 cycles, max std: 93.86)."
22,11,ATTIA_CONT_2038f01677cc,7.1767,5.7403,5.4914,2.961351305316229,860.8666666666667,139.3938635106142,expected_improvement,0.09209912060617065,108.72721353827909,0.09209912060617065,Balancing predicted mean (860.9) and posterior epistemic uncertainty (139.4).,1131.0,1257.0,False,"Active search warranted (max EI: 0.09 cycles, max std: 139.39)."
22,12,ATTIA_CONT_a6b837e57035,6.603,6.2917,4.4635,3.34551060358275,877.75,149.9731229633207,expected_improvement,0.27476460935879965,113.97957345212373,0.27476460935879965,Balancing predicted mean (877.8) and posterior epistemic uncertainty (150.0).,787.0,1257.0,False,"Active search warranted (max EI: 0.27 cycles, max std: 149.97)."
22,13,ATTIA_CONT_791461a2c6c9,5.9341,3.9193,5.0875,4.692456786207479,872.4117647058823,147.05384947434345,expected_improvement,0.204975634450711,108.81984861101415,0.204975634450711,Balancing predicted mean (872.4) and posterior epistemic uncertainty (147.1).,1037.0,1257.0,False,"Active search warranted (max EI: 0.20 cycles, max std: 147.05)."
22,14,ATTIA_CONT_7b9290880820,6.8476,6.7564,4.815,3.015639427565576,881.5555555555555,147.79987325268164,gp_ucb,1175.6735897402934,106.41590874193078,0.2612676637525171,Stagnation detected (3 steps without improvement) with high epistemic variance (147.8); boosting exploration (beta=1.99).,573.0,1257.0,False,"Active search warranted (max EI: 0.26 cycles, max std: 147.80)."
22,15,ATTIA_CONT_a5dcf4d5b426,6.8944,5.8696,5.3401,3.0242882925381944,865.3157894736842,159.50616359283822,gp_ucb,1167.9574561469612,111.65431451498675,0.3664332781829409,Stagnation detected (4 steps without improvement) with high epistemic variance (159.5); boosting exploration (beta=1.90).,623.0,1257.0,False,"Active search warranted (max EI: 0.37 cycles, max std: 159.51)."
22,16,ATTIA_CONT_72529dbbc83c,5.471,5.3319,4.1727,4.477317796491334,853.2,164.19244920015544,gp_ucb,1148.7464085602799,111.65086545610569,0.3729472978583539,Stagnation detected (5 steps without improvement) with high epistemic variance (164.2); boosting exploration (beta=1.80).,895.0,1257.0,False,"Active search warranted (max EI: 0.37 cycles, max std: 164.19)."
22,17,ATTIA_CONT_bbdfa7a95a59,4.0526,5.7836,5.3239,4.427849941430237,855.1904761904761,160.48249355713173,gp_ucb,1127.5382988848144,105.91844574770695,0.3178410821556592,Stagnation detected (6 steps without improvement) with high epistemic variance (160.5); boosting exploration (beta=1.70).,932.0,1257.0,False,"Active search warranted (max EI: 0.32 cycles, max std: 160.48)."
22,18,ATTIA_CONT_1b2647ad15aa,7.1024,6.9381,3.6304,3.6636419570989056,858.6818181818181,157.60693050574255,gp_ucb,1108.8750639928787,100.86843552367523,0.29010710334964074,Stagnation detected (7 steps without improvement) with high epistemic variance (157.6); boosting exploration (beta=1.59).,588.0,1257.0,False,"Active search warranted (max EI: 0.29 cycles, max std: 157.61)."
22,19,ATTIA_CONT_59a4f17f8c96,5.7175,6.6963,4.8107,3.319771421383603,846.9130434782609,163.72854465070984,gp_ucb,1087.5438779118997,101.5116976834401,0.3233503520545109,Stagnation detected (8 steps without improvement) with high epistemic variance (163.7); boosting exploration (beta=1.47).,891.0,1257.0,False,"Active search warranted (max EI: 0.32 cycles, max std: 163.73)."
22,20,ATTIA_CONT_d47c030e30e7,6.9705,5.0844,4.8605,3.4788488173952468,848.75,160.52316935326124,expected_improvement,0.28108605200331516,96.31390161195674,0.28108605200331516,Balancing predicted mean (848.8) and posterior epistemic uncertainty (160.5).,437.0,1257.0,False,"Active search warranted (max EI: 0.28 cycles, max std: 160.52)."
22,21,ATTIA_CONT_3f5b5d0d9680,5.2925,6.6789,4.8698,3.4564495976893843,832.28,176.7689160579169,expected_improvement,0.4769322556462168,102.5259713135918,0.4769322556462168,Balancing predicted mean (832.3) and posterior epistemic uncertainty (176.8).,539.0,1257.0,False,"Active search warranted (max EI: 0.48 cycles, max std: 176.77)."
22,22,ATTIA_CONT_5fa4d3dfa9e7,6.4811,4.8863,5.3461,3.4802889282816434,821.0,182.2810829782471,greedy,821.0,102.07740646781839,0.5080242141972966,Late budget phase (12% remaining); switching to pure exploitation of posterior mean.,825.0,1257.0,False,"Active search warranted (max EI: 0.51 cycles, max std: 182.28)."
22,23,ATTIA_CONT_65cc661cfb04,4.7151,5.5885,4.4056,4.644120513654678,821.1481481481482,178.87525457872073,greedy,821.1481481481482,96.5926374725092,0.43545130803640353,Late budget phase (8% remaining); switching to pure exploitation of posterior mean.,871.0,1257.0,False,"Active search warranted (max EI: 0.44 cycles, max std: 178.88)."
22,24,ATTIA_CONT_3e2f63d6d8d9,5.2847,6.1141,5.0378,3.545444029232813,822.9285714285714,175.8954723359256,greedy,822.9285714285714,91.46564561468132,0.38928642120429613,Late budget phase (4% remaining); switching to pure exploitation of posterior mean.,723.0,1257.0,False,"Active search warranted (max EI: 0.39 cycles, max std: 175.90)."
22,25,ATTIA_CONT_92e28f855865,5.7549,5.1701,4.9168,3.8056935226442747,819.4827586206897,173.79530845645428,greedy,819.4827586206897,86.89765422822714,0.3298976465570962,Late budget phase (0% remaining); switching to pure exploitation of posterior mean.,791.0,1257.0,False,"Active search warranted (max EI: 0.33 cycles, max std: 173.80)."
23,1,ATTIA_CONT_2038f01677cc,7.1767,5.7403,5.4914,2.961351305316229,744.4,260.7524481913581,gp_ucb,1510.8525367004004,255.53739922753093,4.048394044037156,Early exploration phase (step 1/25); prioritizing epistemic coverage (beta=2.94).,622.0,1205.0,False,"Active search warranted (max EI: 4.05 cycles, max std: 260.75)."
23,2,ATTIA_CONT_05ac88047928,5.0908,5.5545,4.9597,3.9178620558583575,1000.2469391762479,197.83091694802516,gp_ucb,1569.5053110920426,231.59704116829116,22.86453411199775,Early exploration phase (step 2/25); prioritizing epistemic coverage (beta=2.88).,461.0,1205.0,False,"Active search warranted (max EI: 22.86 cycles, max std: 241.25)."
23,3,ATTIA_CONT_791461a2c6c9,5.9341,3.9193,5.0875,4.692456786207479,686.4285714285714,242.52585449608688,gp_ucb,1368.9568254844253,227.97430322632167,1.4106009515290818,Stagnation detected (5 steps without improvement) with high epistemic variance (242.5); boosting exploration (beta=2.81).,975.0,1205.0,False,"Active search warranted (max EI: 1.41 cycles, max std: 242.53)."
23,4,ATTIA_CONT_7b9290880820,6.8476,6.7564,4.815,3.015639427565576,722.5,246.11902764412108,gp_ucb,1399.2154444888683,226.42950543259138,2.321695622547974,Stagnation detected (6 steps without improvement) with high epistemic variance (246.1); boosting exploration (beta=2.75).,502.0,1205.0,False,"Active search warranted (max EI: 2.32 cycles, max std: 246.12)."
23,5,ATTIA_CONT_a5dcf4d5b426,6.8944,5.8696,5.3401,3.0242882925381944,698.0,242.16937117322468,gp_ucb,1347.80861121405,217.95243405590222,1.5942578431858223,Stagnation detected (7 steps without improvement) with high epistemic variance (242.2); boosting exploration (beta=2.68).,659.0,1205.0,False,"Active search warranted (max EI: 1.59 cycles, max std: 242.17)."
23,6,ATTIA_CONT_72529dbbc83c,5.471,5.3319,4.1727,4.477317796491334,694.1,230.03977286603507,gp_ucb,1295.732073750858,202.43500012211086,1.0589227959142562,Stagnation detected (8 steps without improvement) with high epistemic variance (230.0); boosting exploration (beta=2.62).,1066.0,1205.0,False,"Active search warranted (max EI: 1.06 cycles, max std: 230.04)."
23,7,ATTIA_CONT_bbdfa7a95a59,4.0526,5.7836,5.3239,4.427849941430237,727.9090909090909,244.00429334711205,gp_ucb,1349.042616580839,209.84369227851636,2.333480997714764,Stagnation detected (9 steps without improvement) with high epistemic variance (244.0); boosting exploration (beta=2.55).,681.0,1205.0,False,"Active search warranted (max EI: 2.33 cycles, max std: 244.00)."
23,8,ATTIA_CONT_1b2647ad15aa,7.1024,6.9381,3.6304,3.6636419570989056,724.0,233.9758174861649,gp_ucb,1302.8242056014187,196.53968668837854,1.7084969699315131,Stagnation detected (10 steps without improvement) with high epistemic variance (234.0); boosting exploration (beta=2.47).,533.0,1205.0,False,"Active search warranted (max EI: 1.71 cycles, max std: 233.98)."
23,9,ATTIA_CONT_59a4f17f8c96,5.7175,6.6963,4.8107,3.319771421383603,709.3076923076923,230.4862835318717,gp_ucb,1262.4747727841846,188.9987524961348,1.2947478141833324,Stagnation detected (11 steps without improvement) with high epistemic variance (230.5); boosting exploration (beta=2.40).,848.0,1205.0,False,"Active search warranted (max EI: 1.29 cycles, max std: 230.49)."
23,10,ATTIA_CONT_d47c030e30e7,6.9705,5.0844,4.8605,3.4788488173952468,719.2142857142857,224.95598422020217,gp_ucb,1241.9647540230105,179.96478737616175,1.2327244506031638,Stagnation detected (12 steps without improvement) with high epistemic variance (225.0); boosting exploration (beta=2.32).,746.0,1205.0,False,"Active search warranted (max EI: 1.23 cycles, max std: 224.96)."
23,11,ATTIA_CONT_69a18bb1be22,5.166233309023969,5.191596510658598,5.20580539239539,3.9206999184896207,724.9603525455921,217.42346624949292,gp_ucb,1213.0748236758382,169.5959820622862,1.0389032626018437,Stagnation detected (13 steps without improvement) with high epistemic variance (217.4); boosting exploration (beta=2.24).,1356.0,1356.0,False,"Active search warranted (max EI: 1.04 cycles, max std: 217.43)."
23,12,ATTIA_CONT_2da1ee5ac9d3,5.1533,5.1835,5.1959,3.938502053981569,1321.139422715388,90.8144391000294,expected_improvement,21.432895691257865,180.5727923316054,5.3309328512742695,Balancing predicted mean (1041.3) and posterior epistemic uncertainty (237.6).,998.0,1356.0,False,"Active search warranted (max EI: 5.33 cycles, max std: 237.60)."
23,13,ATTIA_CONT_e9cf5711c4f0,5.1807,5.2016,5.2219,3.897731204265489,1137.6516344720983,171.70961055921487,expected_improvement,8.30039196517669,175.88713867078312,2.9349136157967806,Balancing predicted mean (941.0) and posterior epistemic uncertainty (237.7).,1183.0,1356.0,False,"Active search warranted (max EI: 2.93 cycles, max std: 237.69)."
23,14,ATTIA_CONT_4144ecb9e11e,5.1742,5.2194,5.2217,3.891575636796373,1159.0484903146635,153.33905405720606,expected_improvement,7.214706400969661,171.6618520149159,4.75907794997477,Balancing predicted mean (1073.2) and posterior epistemic uncertainty (238.4).,1246.0,1356.0,False,"Active search warranted (max EI: 4.76 cycles, max std: 238.42)."
23,15,ATTIA_CONT_eb2a9e4d8e65,5.2203,5.1613,5.2512,3.8821207758930707,1139.8118386782685,172.76682468722558,gp_ucb,1467.6138766701522,171.0868627377924,5.7794206164346065,Stagnation detected (3 steps without improvement) with high epistemic variance (244.4); boosting exploration (beta=1.90).,977.0,1356.0,False,"Active search warranted (max EI: 5.78 cycles, max std: 244.41)."
23,16,ATTIA_CONT_e5301cd529ea,5.1515,5.2434,5.2023,3.9020355435718934,1178.3038292776498,158.8954372754782,gp_ucb,1464.3157332137732,163.38796656773647,2.2522509696775455,Stagnation detected (4 steps without improvement) with high epistemic variance (240.3); boosting exploration (beta=1.80).,740.0,1356.0,False,"Active search warranted (max EI: 2.25 cycles, max std: 240.28)."
23,17,ATTIA_CONT_aa95793b8458,5.1809,5.1828,5.2131,3.913184656101261,1244.16382343408,161.95063315498854,gp_ucb,1519.0043428088952,161.84747211173408,1.5452713227097625,Stagnation detected (5 steps without improvement) with high epistemic variance (245.2); boosting exploration (beta=1.70).,1157.0,1356.0,False,"Active search warranted (max EI: 1.55 cycles, max std: 245.22)."
23,18,ATTIA_CONT_9b749cd4fdf0,5.4604,5.3201,4.1664,4.50015001737404,954.4051515869826,211.3019133993665,gp_ucb,1289.8383478813544,156.89405656980952,2.5709631614449346,Stagnation detected (6 steps without improvement) with high epistemic variance (245.1); boosting exploration (beta=1.59).,1090.0,1356.0,False,"Active search warranted (max EI: 2.57 cycles, max std: 245.15)."
23,19,ATTIA_CONT_6565c88fe755,5.4767,5.3435,4.1479,4.494129183509321,1001.8594833889546,200.8839596465783,gp_ucb,1297.0976915903123,153.19642522509886,2.692880185191356,Stagnation detected (7 steps without improvement) with high epistemic variance (247.1); boosting exploration (beta=1.47).,956.0,1356.0,False,"Active search warranted (max EI: 2.69 cycles, max std: 247.09)."
23,20,ATTIA_CONT_15afd7ef7307,5.4396,5.2966,4.2005,4.491777252008162,970.017769708342,219.26002393529254,expected_improvement,3.45567065313176,146.52321479008933,2.113582435718051,Balancing predicted mean (1013.5) and posterior epistemic uncertainty (244.2).,1072.0,1356.0,False,"Active search warranted (max EI: 2.11 cycles, max std: 244.21)."
23,21,ATTIA_CONT_3e5661ca0127,5.182,5.1884,5.2157,3.907911106556609,1209.5771126457996,139.2313930591636,expected_improvement,10.501867686421832,142.43371120726542,3.609100384417271,Balancing predicted mean (929.7) and posterior epistemic uncertainty (245.6).,895.0,1356.0,False,"Active search warranted (max EI: 3.61 cycles, max std: 245.58)."
23,22,ATTIA_CONT_8a8cd7738adc,5.2002,5.1651,5.2155,3.910989440916176,1080.485868087781,180.05878216131242,greedy,1080.484829416181,142.43000549840337,5.868077183370062,Late budget phase (12% remaining); switching to pure exploitation of posterior mean.,1037.0,1356.0,False,"Active search warranted (max EI: 5.87 cycles, max std: 254.34)."
23,23,ATTIA_CONT_84004c98db3a,5.198,5.1578,5.2214,3.9131129255325354,1076.9564018945607,173.58911796744792,greedy,1076.9565221899375,138.33560487449157,5.837672989774283,Late budget phase (8% remaining); switching to pure exploitation of posterior mean.,977.0,1356.0,False,"Active search warranted (max EI: 5.84 cycles, max std: 256.18)."
23,24,ATTIA_CONT_10c3315611ef,5.1965,5.16,5.226,3.910118439884131,1066.153110864981,168.87732309348752,greedy,1066.153063119698,133.57333939874113,4.99984559760296,Late budget phase (4% remaining); switching to pure exploitation of posterior mean.,1206.0,1356.0,False,"Active search warranted (max EI: 5.00 cycles, max std: 256.87)."
23,25,ATTIA_CONT_052a370e4100,5.2146,5.1086,5.2547,3.913742635092699,1091.4167418418967,172.7552994005789,greedy,1091.4168763630587,133.88720384870075,8.231128479245939,Late budget phase (0% remaining); switching to pure exploitation of posterior mean.,953.0,1356.0,False,"Active search warranted (max EI: 8.23 cycles, max std: 267.77)."
24,1,ATTIA_CONT_eed4581d4285,4.819,5.6845,4.8196,4.125100507788335,837.1534656486592,118.62577904146148,gp_ucb,1185.8406269508957,132.32627646726448,16.545619908461425,Early exploration phase (step 1/25); prioritizing epistemic coverage (beta=2.94).,963.0,963.0,False,"Active search warranted (max EI: 16.55 cycles, max std: 135.03)."
24,2,ATTIA_CONT_4c10b73c4cff,4.7275,5.1996,5.2703,4.171184830151029,879.0965714061299,115.75482486505898,gp_ucb,1101.1527372468213,140.13491499629808,27.24942019820137,Early exploration phase (step 2/25); prioritizing epistemic coverage (beta=1.92).,983.0,983.0,False,"Active search warranted (max EI: 19.26 cycles, max std: 145.97)."
24,3,ATTIA_CONT_acd2431588de,4.158,6.1055,5.2761,4.175149053792824,946.8837287819044,92.31058573513074,expected_improvement,21.54817650712249,146.34240606981263,28.95462896170521,High Expected Improvement (21.4 cycles) detected; targeting high-probability improvement zone.,819.0,983.0,False,"Active search warranted (max EI: 21.42 cycles, max std: 155.68)."
24,4,ATTIA_CONT_793d5da793da,5.1276,4.9789,5.0056,4.2072226585094965,998.7641229738892,69.25510073740651,expected_improvement,36.217636936117245,140.88441672752265,55.993806603526394,High Expected Improvement (35.7 cycles) detected; targeting high-probability improvement zone.,923.0,983.0,False,"Active search warranted (max EI: 35.70 cycles, max std: 153.14)."
24,5,ATTIA_CONT_e981d23ef60c,4.5969,4.6221,5.4982,4.5963096355258095,906.4733237203517,116.89271660813301,expected_improvement,18.018859442335586,135.30686960652235,17.949287547845895,Balancing predicted mean (958.3) and posterior epistemic uncertainty (150.3).,911.0,983.0,False,"Active search warranted (max EI: 17.95 cycles, max std: 150.34)."
24,6,ATTIA_CONT_ea38b72e7acf,4.531577096855372,6.949787099882935,3.8551908333901133,4.776010450217712,831.071946748323,146.9224775633422,gp_ucb,1215.3240860882613,130.7222589318156,14.200764850108147,Stagnation detected (3 steps without improvement) with high epistemic variance (148.5); boosting exploration (beta=2.62).,625.0,983.0,False,"Active search warranted (max EI: 14.20 cycles, max std: 148.55)."
24,7,ATTIA_CONT_4a3bcb40df93,7.958780545470942,4.574590107826352,3.6061084028152424,4.721883987956837,790.12057725181,146.55294017316552,gp_ucb,1163.1834573291883,126.03552854892234,14.621399220598327,Stagnation detected (4 steps without improvement) with high epistemic variance (146.6); boosting exploration (beta=2.55).,758.0,983.0,False,"Active search warranted (max EI: 14.62 cycles, max std: 146.55)."
24,8,ATTIA_CONT_aafe5fad3eab,5.2422,5.1458,5.5877,3.7136621693250293,906.4976738301089,99.33499226679155,gp_ucb,1152.2386978247232,110.78014509644643,19.922053908676535,Stagnation detected (5 steps without improvement) with high epistemic variance (131.9); boosting exploration (beta=2.47).,1171.0,1171.0,False,"Active search warranted (max EI: 18.16 cycles, max std: 131.88)."
24,9,ATTIA_CONT_893ba9b4712d,5.2411,5.4105,5.6,3.5824771640770727,1142.7079197708495,55.626296429029445,expected_improvement,10.852591603433224,135.9846936997679,8.036117749523571,Balancing predicted mean (1155.7) and posterior epistemic uncertainty (165.8).,796.0,1171.0,False,"Active search warranted (max EI: 8.04 cycles, max std: 165.83)."
24,10,ATTIA_CONT_c636c703ccce,5.0388,4.8809,5.6,3.97738132471517,947.4888895634497,136.51984435492142,expected_improvement,2.9044116242975377,127.49119767026228,2.8906611304194207,Balancing predicted mean (951.3) and posterior epistemic uncertainty (159.4).,804.0,1171.0,False,"Active search warranted (max EI: 2.89 cycles, max std: 159.36)."
24,11,ATTIA_CONT_8ad0f9eaf20c,4.9843,5.1824,5.2611,4.005315120841539,912.2796931907843,138.46350962907212,expected_improvement,1.6601259166619817,120.88499571946623,1.6356485791484703,Balancing predicted mean (910.9) and posterior epistemic uncertainty (155.0).,641.0,1171.0,False,"Active search warranted (max EI: 1.64 cycles, max std: 154.98)."
24,12,ATTIA_CONT_735fec2c5f62,4.935,5.2349,5.2438,4.016514754122671,838.1262158376453,156.73408891181566,gp_ucb,1177.1938784237514,119.94242364053254,0.9474248869096389,Stagnation detected (3 steps without improvement) with high epistemic variance (157.8); boosting exploration (beta=2.16).,802.0,1171.0,False,"Active search warranted (max EI: 0.95 cycles, max std: 157.82)."
24,13,ATTIA_CONT_76ef790eea46,4.9049,5.2304,5.2278,4.04890167732027,832.8271842861753,152.41861164636867,gp_ucb,1149.6233121315868,113.3710556081148,0.7052647336458682,Stagnation detected (4 steps without improvement) with high epistemic variance (153.2); boosting exploration (beta=2.08).,835.0,1171.0,False,"Active search warranted (max EI: 0.71 cycles, max std: 153.20)."
24,14,ATTIA_CONT_869d637f69a9,5.197,5.1975,5.5815,3.712625962311398,1085.139862881163,99.86576981628826,gp_ucb,1283.869620578086,110.42629468880541,7.949599373934468,Stagnation detected (5 steps without improvement) with high epistemic variance (153.4); boosting exploration (beta=1.99).,1020.0,1171.0,False,"Active search warranted (max EI: 7.95 cycles, max std: 153.37)."
24,15,ATTIA_CONT_25fb15519d41,5.3021,5.1302,5.5833,3.694138665475815,1099.6111863088825,93.56198794987228,gp_ucb,1277.1328257190762,104.18249340711701,1.7297125926236419,Stagnation detected (6 steps without improvement) with high epistemic variance (148.8); boosting exploration (beta=1.90).,641.0,1171.0,False,"Active search warranted (max EI: 1.73 cycles, max std: 148.83)."
24,16,ATTIA_CONT_54fd77f873a8,4.9247,5.2267,5.2744,4.010347601807755,822.9622900804932,153.56414440181393,gp_ucb,1099.3777486583645,104.46747740364408,0.619752491738903,Stagnation detected (7 steps without improvement) with high epistemic variance (153.6); boosting exploration (beta=1.80).,933.0,1171.0,False,"Active search warranted (max EI: 0.62 cycles, max std: 153.63)."
24,17,ATTIA_CONT_dd1151fdc1b2,4.8653,5.2573,5.2895,4.023648260257789,833.6997117971173,151.58552507300752,gp_ucb,1090.948879931655,100.23817723169009,0.6890996140846033,Stagnation detected (8 steps without improvement) with high epistemic variance (151.9); boosting exploration (beta=1.70).,788.0,1171.0,False,"Active search warranted (max EI: 0.69 cycles, max std: 151.88)."
24,18,ATTIA_CONT_4bdb0a1b1b32,4.9048,5.2507,5.2587,4.018653653484238,828.7151916164,148.44284702029512,gp_ucb,1064.3608948746191,95.09212147363131,0.5335789275849074,Stagnation detected (9 steps without improvement) with high epistemic variance (148.6); boosting exploration (beta=1.59).,895.0,1171.0,False,"Active search warranted (max EI: 0.53 cycles, max std: 148.58)."
24,19,ATTIA_CONT_e336a9694fbd,4.9474,5.2073,5.2489,4.021672706848356,835.2918909757091,145.73897126202775,gp_ucb,1049.4835703072927,90.56710843384406,0.5278337492296021,Stagnation detected (10 steps without improvement) with high epistemic variance (146.1); boosting exploration (beta=1.47).,1017.0,1171.0,False,"Active search warranted (max EI: 0.53 cycles, max std: 146.08)."
24,20,ATTIA_CONT_865dbe40a17b,4.8814,5.2265,5.2334,4.064031722104947,848.9785829397001,147.23909944300001,expected_improvement,0.7463367190587729,88.83404820270181,0.7458425555039723,Balancing predicted mean (848.9) and posterior epistemic uncertainty (148.1).,921.0,1171.0,False,"Active search warranted (max EI: 0.75 cycles, max std: 148.06)."
24,21,ATTIA_CONT_a66a43c8025d,4.8616,5.2172,5.209,4.0985183366451485,855.72352152543,144.86784074590366,expected_improvement,0.7570182450485543,84.75997653268703,0.7559346687838042,Balancing predicted mean (855.7) and posterior epistemic uncertainty (146.1).,977.0,1171.0,False,"Active search warranted (max EI: 0.76 cycles, max std: 146.14)."
24,22,ATTIA_CONT_56583f6b6955,4.8313,5.2034,5.2327,4.114181015514607,865.94014305524,143.82039368815597,greedy,865.9401468767747,81.75349695755541,0.8760017557894448,Late budget phase (12% remaining); switching to pure exploitation of posterior mean.,1011.0,1171.0,False,"Active search warranted (max EI: 0.88 cycles, max std: 145.99)."
24,23,ATTIA_CONT_83602e6121fc,4.6063,5.0582,5.3469,4.319350110794658,890.287485975573,139.87279478674074,greedy,890.2874738703875,82.3402318189259,1.3197675186413562,Late budget phase (8% remaining); switching to pure exploitation of posterior mean.,1029.0,1171.0,False,"Active search warranted (max EI: 1.32 cycles, max std: 152.48)."
24,24,ATTIA_CONT_7565e3a739ac,4.4477,4.9185,5.4712,4.496226037850639,910.3546010004818,139.8367379939416,greedy,910.3544985999329,81.63093132671291,1.9838258397983761,Late budget phase (4% remaining); switching to pure exploitation of posterior mean.,1188.0,1188.0,False,"Active search warranted (max EI: 1.98 cycles, max std: 156.98)."
24,25,ATTIA_CONT_6ee73c76276a,4.475902779315564,4.618385315170901,5.47238062917316,4.747143422783873,956.6262329752062,149.70757066026343,greedy,956.6262329752063,83.65348422605517,3.979590938177509,Late budget phase (0% remaining); switching to pure exploitation of posterior mean.,1023.0,1188.0,False,"Active search warranted (max EI: 3.98 cycles, max std: 167.31)."
25,1,ATTIA_CONT_4ed95e942335,5.2761,5.5265,4.3995,4.245302200856096,905.7963791246127,123.68268361795687,gp_ucb,1228.9532410511592,148.90196375217073,5.8550612189765125,Early exploration phase (step 1/25); prioritizing epistemic coverage (beta=2.61).,569.0,1024.0,False,"Active search warranted (max EI: 5.86 cycles, max std: 151.94)."
25,2,ATTIA_CONT_9e60ef0462e7,7.142,5.6247,3.673,4.110620734810696,713.1666666666666,152.9547771128713,gp_ucb,1153.2938716981741,146.83658602835646,1.1906543552403734,Early exploration phase (step 2/25); prioritizing epistemic coverage (beta=2.88).,653.0,1024.0,False,"Active search warranted (max EI: 1.19 cycles, max std: 152.95)."
25,3,ATTIA_CONT_a38f595dd8d9,7.8844,4.4389,5.5548,3.3201073656189415,704.5714285714286,143.16509722162473,gp_ucb,1107.4737255304058,134.57519138832726,0.6398514591508038,Stagnation detected (4 steps without improvement) with high epistemic variance (143.2); boosting exploration (beta=2.81).,682.0,1024.0,False,"Active search warranted (max EI: 0.64 cycles, max std: 143.17)."
25,4,ATTIA_CONT_618290b581ad,7.5575,5.1277,4.5665,3.4842095843614778,701.75,134.12657395084514,gp_ucb,1070.5371067009041,123.39644803477752,0.36197426765669993,Stagnation detected (5 steps without improvement) with high epistemic variance (134.1); boosting exploration (beta=2.75).,774.0,1024.0,False,"Active search warranted (max EI: 0.36 cycles, max std: 134.13)."
25,5,ATTIA_CONT_a64d9255c194,5.735,4.688,4.6163,4.366218614684587,709.7777777777778,128.47808106132047,gp_ucb,1054.5206452239868,115.63027295518842,0.3041864473360838,Stagnation detected (6 steps without improvement) with high epistemic variance (128.5); boosting exploration (beta=2.68).,1268.0,1268.0,False,"Active search warranted (max EI: 0.30 cycles, max std: 128.48)."
25,6,ATTIA_CONT_f1d101430c61,7.182,4.8943,3.8653,4.327788224985962,765.6,207.1256623838415,expected_improvement,0.5214504329729155,182.2705828977805,0.5214504329729155,Balancing predicted mean (765.6) and posterior epistemic uncertainty (207.1).,681.0,1268.0,False,"Active search warranted (max EI: 0.52 cycles, max std: 207.13)."
25,7,ATTIA_CONT_c963ee477ffa,6.3905,6.0455,3.7618,4.071519047241886,757.9090909090909,198.97850808469147,expected_improvement,0.3268910438694288,171.12151695283467,0.3268910438694288,Balancing predicted mean (757.9) and posterior epistemic uncertainty (199.0).,781.0,1268.0,False,"Active search warranted (max EI: 0.33 cycles, max std: 198.98)."
25,8,ATTIA_CONT_e2741eb2d62f,6.4735,6.0339,3.7501,4.057329305326622,759.8333333465993,190.61428484414998,expected_improvement,0.2257281879364379,160.115999269086,0.2257281879364379,Balancing predicted mean (759.8) and posterior epistemic uncertainty (190.6).,1002.0,1268.0,False,"Active search warranted (max EI: 0.23 cycles, max std: 190.61)."
25,9,ATTIA_CONT_c62e98ad39f3,5.161,5.6067,4.3816,4.292080052604743,778.4615384615387,194.17265060543394,gp_ucb,1244.4758999145802,159.22157349645585,0.36433607170512694,Stagnation detected (3 steps without improvement) with high epistemic variance (194.2); boosting exploration (beta=2.40).,1203.0,1268.0,False,"Active search warranted (max EI: 0.36 cycles, max std: 194.17)."
25,10,ATTIA_CONT_921613a01883,5.7642,4.6716,4.5997,4.3785939803310505,1118.151615817814,160.0178570254381,gp_ucb,1489.9996263893345,173.22206138643276,1.4687783278595958,Stagnation detected (4 steps without improvement) with high epistemic variance (216.5); boosting exploration (beta=2.32).,941.0,1268.0,False,"Active search warranted (max EI: 1.47 cycles, max std: 216.53)."
25,11,ATTIA_CONT_0bf4ba658165,5.1668,5.6091,4.3864,4.282089763085511,1058.4197697034679,169.97247690104288,gp_ucb,1440.005581450332,163.27943648864414,1.4355431221758845,Stagnation detected (5 steps without improvement) with high epistemic variance (209.3); boosting exploration (beta=2.24).,891.0,1268.0,False,"Active search warranted (max EI: 1.44 cycles, max std: 209.33)."
25,12,ATTIA_CONT_7bd7b296ed5b,5.7321,4.6895,4.618,4.365079691228881,977.833534099048,188.7975421496794,gp_ucb,1386.2651023883645,154.74511702779537,1.1894493101939823,Stagnation detected (6 steps without improvement) with high epistemic variance (203.6); boosting exploration (beta=2.16).,891.0,1268.0,False,"Active search warranted (max EI: 1.19 cycles, max std: 203.61)."
25,13,ATTIA_CONT_b0a94ffacac0,5.687789719626266,4.693662654869184,4.6330290076054075,4.374006107484542,903.8239912254376,191.9222966574591,gp_ucb,1302.7269939246685,146.57269163754597,2.135005798753376,Stagnation detected (7 steps without improvement) with high epistemic variance (198.1); boosting exploration (beta=2.08).,894.0,1268.0,False,"Active search warranted (max EI: 2.14 cycles, max std: 198.07)."
25,14,ATTIA_CONT_0d81500eacc5,6.4984,6.0305,3.7467,4.053111471054384,867.5455013286577,186.94385562107593,gp_ucb,1239.5590743189646,138.91057240767944,0.9179083970151636,Stagnation detected (8 steps without improvement) with high epistemic variance (192.9); boosting exploration (beta=1.99).,926.0,1268.0,False,"Active search warranted (max EI: 0.92 cycles, max std: 192.93)."
25,15,ATTIA_CONT_5c560c07e1e6,5.113771646093759,5.5888429218503335,4.41020659200387,4.308333824599202,885.985558930159,186.52242629380063,gp_ucb,1239.8869800037323,132.3903492546314,1.390721855595193,Stagnation detected (9 steps without improvement) with high epistemic variance (189.1); boosting exploration (beta=1.90).,716.0,1268.0,False,"Active search warranted (max EI: 1.39 cycles, max std: 189.13)."
25,16,ATTIA_CONT_adda889d3035,5.1648,5.6073,4.3795,4.291118495350803,922.6945723186365,176.11766542583806,gp_ucb,1239.7136110396737,126.65030356218097,0.788231050543323,Stagnation detected (10 steps without improvement) with high epistemic variance (186.3); boosting exploration (beta=1.80).,824.0,1268.0,False,"Active search warranted (max EI: 0.79 cycles, max std: 186.25)."
25,17,ATTIA_CONT_4649dcf7f3d4,5.1693,5.6092,4.3802,4.286236167854939,891.6567182663649,174.07189748577036,gp_ucb,1187.0691325118473,120.38093235507013,0.6204151636757613,Stagnation detected (11 steps without improvement) with high epistemic variance (182.4); boosting exploration (beta=1.70).,808.0,1268.0,False,"Active search warranted (max EI: 0.62 cycles, max std: 182.40)."
25,18,ATTIA_CONT_e8f7f4eede80,5.7374,4.6867,4.615,4.367119558812409,913.261348945958,172.44134606784746,gp_ucb,1187.0036953093934,114.40427543008289,0.4890193986326863,Stagnation detected (12 steps without improvement) with high epistemic variance (178.8); boosting exploration (beta=1.59).,851.0,1268.0,False,"Active search warranted (max EI: 0.49 cycles, max std: 178.76)."
25,19,ATTIA_CONT_8c57370ad256,5.688679296970035,4.668158702854358,4.662512934049415,4.369640743979251,850.8258712553958,174.04209983218635,gp_ucb,1106.6144742662277,108.47250111343898,0.4777264261374805,Stagnation detected (13 steps without improvement) with high epistemic variance (175.0); boosting exploration (beta=1.47).,964.0,1268.0,False,"Active search warranted (max EI: 0.48 cycles, max std: 174.96)."
25,20,ATTIA_CONT_983a1da385aa,5.7346,4.6845,4.6192,4.366896191406064,901.188809625187,168.0748035028191,expected_improvement,0.8632316035833103,104.0305262865738,0.4825927360528892,Balancing predicted mean (854.6) and posterior epistemic uncertainty (173.4).,1031.0,1268.0,False,"Active search warranted (max EI: 0.48 cycles, max std: 173.38)."
25,21,ATTIA_CONT_a3e88879380d,5.805398729537645,4.6482567542584405,4.5924341865985685,4.38219747420203,876.9809191637307,171.1215416246146,expected_improvement,0.6544720786595937,100.55009580950338,0.6544720786595937,Balancing predicted mean (877.0) and posterior epistemic uncertainty (173.4).,833.0,1268.0,False,"Active search warranted (max EI: 0.65 cycles, max std: 173.36)."
25,22,ATTIA_CONT_8901d5c822ac,5.598183393041127,4.695658886909053,4.634790053407136,4.425135188058736,846.847699956677,169.92637860657297,greedy,846.847699956677,95.19392399585149,0.36394466843484885,Late budget phase (12% remaining); switching to pure exploitation of posterior mean.,891.0,1268.0,False,"Active search warranted (max EI: 0.36 cycles, max std: 169.99)."
25,23,ATTIA_CONT_c06afc7d0a3d,5.659134933286111,4.7500375428266945,4.62008363954844,4.3543210134307655,864.6916467082219,166.4983669173067,greedy,864.691646708222,90.2577822789966,0.42335134101569993,Late budget phase (8% remaining); switching to pure exploitation of posterior mean.,802.0,1268.0,False,"Active search warranted (max EI: 0.42 cycles, max std: 167.14)."
25,24,ATTIA_CONT_ddb5577a102e,5.638997654551931,4.713691392533484,4.5902035444637574,4.4249034365637385,848.4794529487921,163.90692387198732,greedy,848.4794529487921,85.38596379453887,0.27559056318272823,Late budget phase (4% remaining); switching to pure exploitation of posterior mean.,1060.0,1268.0,False,"Active search warranted (max EI: 0.28 cycles, max std: 164.20)."
25,25,ATTIA_CONT_8f14de2f621d,5.711,4.6811,4.6174,4.385281136947912,903.4726403591053,162.5639911504821,greedy,903.4726416065985,83.53877046202044,0.6840210006369887,Late budget phase (0% remaining); switching to pure exploitation of posterior mean.,823.0,1268.0,False,"Active search warranted (max EI: 0.68 cycles, max std: 167.08)."
26,1,ATTIA_CONT_21cc4b98da6d,5.927242773008149,3.6803976740987236,5.41694852834001,4.80064649769685,995.1450284006781,179.39406489928467,gp_ucb,1463.8638784134541,186.70940615777585,33.87353402756609,Early exploration phase (step 1/25); prioritizing epistemic coverage (beta=2.61).,880.0,1147.0,False,"Active search warranted (max EI: 29.88 cycles, max std: 190.52)."
26,2,ATTIA_CONT_da50ea2152a3,3.631460753065831,6.909616701567048,4.957349006287991,4.727785769963161,1148.0566419708027,78.52468363421968,gp_ucb,1374.011333849492,123.67422149938584,44.06951396117589,Early exploration phase (step 2/25); prioritizing epistemic coverage (beta=2.88).,669.0,1147.0,False,"Active search warranted (max EI: 31.85 cycles, max std: 128.83)."
26,3,ATTIA_CONT_e5f75b0a5939,4.2915,5.2025,5.1321,4.689391488551713,1019.6758563154895,130.68665266858866,gp_ucb,1387.460872892081,148.14814884824534,14.735325104289245,Stagnation detected (4 steps without improvement) with high epistemic variance (157.6); boosting exploration (beta=2.81).,787.0,1147.0,False,"Active search warranted (max EI: 14.74 cycles, max std: 157.60)."
26,4,ATTIA_CONT_d2745e4b3469,6.4966,5.168,5.3904,3.3289699151448806,843.875,151.08226233972385,gp_ucb,1259.2825420021763,138.99568135254594,1.260883685159853,Stagnation detected (5 steps without improvement) with high epistemic variance (151.1); boosting exploration (beta=2.75).,711.0,1147.0,False,"Active search warranted (max EI: 1.26 cycles, max std: 151.08)."
26,5,ATTIA_CONT_e8525a70b8a7,5.609,6.0277,5.124,3.401503492144732,829.1111111111111,148.43662765446598,gp_ucb,1227.4083788545645,133.59296488901938,0.8551969644766082,Stagnation detected (6 steps without improvement) with high epistemic variance (148.4); boosting exploration (beta=2.68).,433.0,1147.0,False,"Active search warranted (max EI: 0.86 cycles, max std: 148.44)."
26,6,ATTIA_CONT_3423aa68e579,7.1145,5.6444,5.2837,3.064220651232659,789.5,184.25900747388374,gp_ucb,1271.399835809459,162.1479265770177,1.8333986282616586,Stagnation detected (7 steps without improvement) with high epistemic variance (184.3); boosting exploration (beta=2.62).,845.0,1147.0,False,"Active search warranted (max EI: 1.83 cycles, max std: 184.26)."
26,7,ATTIA_CONT_0dfdbe8f5f0a,7.9144,5.674,3.9422,3.6091520522897573,794.5454545454545,176.40725676968884,gp_ucb,1243.605017589963,151.71024082193242,1.505802144270362,Stagnation detected (8 steps without improvement) with high epistemic variance (176.4); boosting exploration (beta=2.55).,617.0,1147.0,False,"Active search warranted (max EI: 1.51 cycles, max std: 176.41)."
26,8,ATTIA_CONT_c629d855df09,6.8063,5.9459,4.4534,3.4050670306109505,779.75,175.88117226786414,gp_ucb,1214.8559904907156,147.7401847050059,1.17555031291848,Stagnation detected (9 steps without improvement) with high epistemic variance (175.9); boosting exploration (beta=2.47).,616.0,1147.0,False,"Active search warranted (max EI: 1.18 cycles, max std: 175.88)."
26,9,ATTIA_CONT_0f1cdda9b692,7.5821,6.1324,4.576,3.126524280646913,767.1538461538462,174.52390008495223,gp_ucb,1186.0112063577317,143.10959806966085,0.9115893227779521,Stagnation detected (10 steps without improvement) with high epistemic variance (174.5); boosting exploration (beta=2.40).,470.0,1147.0,False,"Active search warranted (max EI: 0.91 cycles, max std: 174.52)."
26,10,ATTIA_CONT_ed9227a59a83,5.6138,4.3352,5.4879,4.126911696589894,745.9285714285714,184.7691120947489,gp_ucb,1175.2931878504678,147.8152896757991,0.9810658506318317,Stagnation detected (11 steps without improvement) with high epistemic variance (184.8); boosting exploration (beta=2.32).,747.0,1147.0,False,"Active search warranted (max EI: 0.98 cycles, max std: 184.77)."
26,11,ATTIA_CONT_19fabcdf50c1,4.8806,6.2344,3.8655,4.776886267336439,746.0,178.50415497148254,gp_ucb,1146.740834011333,139.23324087775637,0.7635586976546751,Stagnation detected (12 steps without improvement) with high epistemic variance (178.5); boosting exploration (beta=2.24).,894.0,1147.0,False,"Active search warranted (max EI: 0.76 cycles, max std: 178.50)."
26,12,ATTIA_CONT_0767088ef9c4,4.0658,5.4546,5.1632,4.753542182954355,766.5927300514884,176.33697839296755,gp_ucb,1148.0678882813095,134.13705967852903,0.9688032292124422,Stagnation detected (13 steps without improvement) with high epistemic variance (176.5); boosting exploration (beta=2.16).,1062.0,1147.0,False,"Active search warranted (max EI: 0.97 cycles, max std: 176.50)."
26,13,ATTIA_CONT_420513f26854,3.9502,5.5693,5.2107,4.791267925273473,881.6095257355586,173.544963226905,gp_ucb,1242.3159590484865,135.87945243871573,4.672430853812845,Stagnation detected (14 steps without improvement) with high epistemic variance (183.6); boosting exploration (beta=2.08).,1099.0,1147.0,False,"Active search warranted (max EI: 4.67 cycles, max std: 183.62)."
26,14,ATTIA_CONT_0fb9d8b1d6d7,3.8828,5.6464,5.2422,4.8094581102017875,969.0402051592101,163.91012363962508,gp_ucb,1295.2174062989202,134.87295291585747,11.13036225352355,Stagnation detected (15 steps without improvement) with high epistemic variance (187.3); boosting exploration (beta=1.99).,1289.0,1289.0,False,"Active search warranted (max EI: 11.13 cycles, max std: 187.32)."
26,15,ATTIA_CONT_b315272fe63b,3.9105129424784963,5.805144690442553,5.20334218805133,4.691152355473298,1056.3120450048002,168.75050413916392,expected_improvement,6.480330651631377,142.69603689431165,6.480330651631377,Balancing predicted mean (1067.0) and posterior epistemic uncertainty (203.9).,790.0,1289.0,False,"Active search warranted (max EI: 6.48 cycles, max std: 203.85)."
26,16,ATTIA_CONT_86e0643adc18,3.8889032246794923,5.647316374367994,5.354540686389485,4.709011687593422,981.3677599169041,179.59259750449317,expected_improvement,3.181716224131957,138.9506798535831,3.181716224131957,Balancing predicted mean (983.6) and posterior epistemic uncertainty (204.3).,793.0,1289.0,False,"Active search warranted (max EI: 3.18 cycles, max std: 204.34)."
26,17,ATTIA_CONT_78e5241358c5,3.9855307311525037,5.653563003758178,5.123795215972114,4.753342338397713,948.8179930323785,180.74925580294914,expected_improvement,2.0927827020056817,133.575408260671,2.0927827020056817,Balancing predicted mean (948.8) and posterior epistemic uncertainty (202.4).,697.0,1289.0,False,"Active search warranted (max EI: 2.09 cycles, max std: 202.39)."
26,18,ATTIA_CONT_cad1ee8322a3,3.8637901779805612,5.49634866116389,5.425205139469816,4.8017752087329555,906.1885377630548,190.18521559462926,gp_ucb,1208.09820786581,129.790473821919,1.5598902677539872,Stagnation detected (3 steps without improvement) with high epistemic variance (202.8); boosting exploration (beta=1.59).,959.0,1289.0,False,"Active search warranted (max EI: 1.56 cycles, max std: 202.80)."
26,19,ATTIA_CONT_e8b602bbe038,3.925878214688441,5.481513790064737,5.317677532253411,4.804692152217957,921.7930783708639,182.6863824739139,gp_ucb,1190.2861303804739,124.1959676394828,1.509680120113579,Stagnation detected (4 steps without improvement) with high epistemic variance (200.3); boosting exploration (beta=1.47).,1178.0,1289.0,False,"Active search warranted (max EI: 1.51 cycles, max std: 200.32)."
26,20,ATTIA_CONT_f9647eae840b,3.9895849967305117,5.3419004738506475,5.343170891652584,4.800154755761509,951.7931840533668,184.74745288472823,expected_improvement,2.4741253749305905,124.53142500820827,2.4741253749305905,Balancing predicted mean (951.8) and posterior epistemic uncertainty (207.6).,927.0,1289.0,False,"Active search warranted (max EI: 2.47 cycles, max std: 207.55)."
26,21,ATTIA_CONT_ccede5970793,3.8627191676056585,5.508436626793187,5.455821491586446,4.770578578824044,949.0056512537031,180.63996326799787,expected_improvement,2.090977653786478,118.73470705142088,2.090977653786478,Balancing predicted mean (953.5) and posterior epistemic uncertainty (204.7).,823.0,1289.0,False,"Active search warranted (max EI: 2.09 cycles, max std: 204.72)."
26,22,ATTIA_CONT_e3d6071f0fd2,3.867655997719567,5.620121168432382,5.297294431934369,4.806049962485943,938.4454891218535,177.1695406890946,greedy,938.4454891218535,113.06004088629217,1.5923678268760746,Late budget phase (12% remaining); switching to pure exploitation of posterior mean.,1047.0,1289.0,False,"Active search warranted (max EI: 1.59 cycles, max std: 201.89)."
26,23,ATTIA_CONT_72ea17c03a6c,4.008944698852444,5.401213290494533,5.307569777652811,4.754266318292187,947.7924913300377,173.71930712137183,greedy,947.7924913300376,109.14031412884846,1.6226896736910614,Late budget phase (8% remaining); switching to pure exploitation of posterior mean.,1051.0,1289.0,False,"Active search warranted (max EI: 1.62 cycles, max std: 202.11)."
26,24,ATTIA_CONT_39f45a8c2299,3.9693688207472992,5.478510350048297,5.316808491782223,4.744058429242297,957.4415263290331,169.6944035928827,greedy,957.4415263290332,105.39887423205244,1.6870516435292515,Late budget phase (4% remaining); switching to pure exploitation of posterior mean.,833.0,1289.0,False,"Active search warranted (max EI: 1.69 cycles, max std: 202.69)."
26,25,ATTIA_CONT_1d95021d34df,4.048397145364069,5.327659366499941,5.289469600068955,4.77173375920555,947.8460791207101,169.50703701991188,greedy,947.8460791207101,100.11081106151661,1.4503324508890687,Late budget phase (0% remaining); switching to pure exploitation of posterior mean.,774.0,1289.0,False,"Active search warranted (max EI: 1.45 cycles, max std: 200.22)."
27,1,ATTIA_CONT_f6885b446581,7.9796,4.1827,4.8551,3.802790808481851,1040.0492147100558,189.52170940142125,gp_ucb,1535.2294841597,213.95428949625025,45.51362032657326,Early exploration phase (step 1/25); prioritizing epistemic coverage (beta=2.61).,807.0,1150.0,False,"Active search warranted (max EI: 42.53 cycles, max std: 218.32)."
27,2,ATTIA_CONT_e50bb0598aa2,6.6016,3.6546,5.232,4.606264595765977,1013.0151742787625,137.31594771258634,gp_ucb,1408.1416645301506,155.55258003250498,13.86746276896799,Early exploration phase (step 2/25); prioritizing epistemic coverage (beta=2.88).,913.0,1150.0,False,"Active search warranted (max EI: 13.87 cycles, max std: 162.03)."
27,3,ATTIA_CONT_01a7508dbf19,7.0712,3.6,5.1916,4.514305892178655,973.7314558936098,137.77747244224435,gp_ucb,1361.4716102073312,141.3231597427694,4.9978402483417135,Stagnation detected (4 steps without improvement) with high epistemic variance (150.3); boosting exploration (beta=2.81).,833.0,1150.0,False,"Active search warranted (max EI: 5.00 cycles, max std: 150.34)."
27,4,ATTIA_CONT_efc549689c48,6.8748,3.6327,5.205,4.535676950877834,866.5251285309835,141.86460908086076,gp_ucb,1256.5882466457333,130.559394230413,1.199273148352911,Stagnation detected (5 steps without improvement) with high epistemic variance (141.9); boosting exploration (beta=2.75).,520.0,1150.0,False,"Active search warranted (max EI: 1.20 cycles, max std: 141.91)."
27,5,ATTIA_CONT_ca1873b2d130,6.4594,3.676,5.2502,4.629277336905741,823.7777777783523,171.57561909427713,gp_ucb,1284.1634748700499,154.41805718484943,1.8898177903841251,Stagnation detected (6 steps without improvement) with high epistemic variance (171.6); boosting exploration (beta=2.68).,985.0,1150.0,False,"Active search warranted (max EI: 1.89 cycles, max std: 171.58)."
27,6,ATTIA_CONT_dcd3bfd93a41,5.6116,5.5698,5.1981,3.530906457476362,840.1052370548252,169.80469607646472,gp_ucb,1284.2011008435816,149.4282884043364,2.273311867348081,Stagnation detected (7 steps without improvement) with high epistemic variance (169.8); boosting exploration (beta=2.62).,705.0,1150.0,False,"Active search warranted (max EI: 2.27 cycles, max std: 169.80)."
27,7,ATTIA_CONT_cfc01afa3ad2,5.9089,5.0802,5.0355,3.7221151939683064,827.6363636363636,166.48418754500454,gp_ucb,1251.435916340624,143.17640128870391,1.6735913426370512,Stagnation detected (8 steps without improvement) with high epistemic variance (166.5); boosting exploration (beta=2.55).,655.0,1150.0,False,"Active search warranted (max EI: 1.67 cycles, max std: 166.48)."
27,8,ATTIA_CONT_d3b0d562d736,4.3109,6.999,4.9195,3.9182962072907306,813.25,166.3831951479614,gp_ucb,1224.8592927536804,139.7618839242876,1.3244017406331565,Stagnation detected (9 steps without improvement) with high epistemic variance (166.4); boosting exploration (beta=2.47).,999.0,1150.0,False,"Active search warranted (max EI: 1.32 cycles, max std: 166.38)."
27,9,ATTIA_CONT_7d2bb203cbe0,5.5467,5.6282,5.2039,3.5310025501730697,827.5384615384663,167.3423288491372,gp_ucb,1229.1600507763958,137.2207096562925,1.7239695030577558,Stagnation detected (10 steps without improvement) with high epistemic variance (167.3); boosting exploration (beta=2.40).,548.0,1150.0,False,"Active search warranted (max EI: 1.72 cycles, max std: 167.34)."
27,10,ATTIA_CONT_0ce03d0a25b6,6.5191,3.6876,5.209,4.612899068035878,810.4951119128455,177.35219459402367,gp_ucb,1222.6244743586235,141.90906399180582,1.88629936632376,Stagnation detected (11 steps without improvement) with high epistemic variance (177.4); boosting exploration (beta=2.32).,1090.0,1150.0,False,"Active search warranted (max EI: 1.89 cycles, max std: 177.39)."
27,11,ATTIA_CONT_bfb4f19d5104,6.6783,3.6462,5.1922,4.613824962966804,830.8539058220836,184.87541334816552,gp_ucb,1245.8980105933297,144.23829521568715,3.1664248713428726,Stagnation detected (12 steps without improvement) with high epistemic variance (184.9); boosting exploration (beta=2.24).,850.0,1150.0,False,"Active search warranted (max EI: 3.17 cycles, max std: 184.92)."
27,12,ATTIA_CONT_d50ed78a7b47,6.6917,3.6413,5.2003,4.608917572619962,832.4444689545307,179.04479797813752,gp_ucb,1219.7773376300286,136.1141990729957,2.7276223718119468,Stagnation detected (13 steps without improvement) with high epistemic variance (179.1); boosting exploration (beta=2.16).,1157.0,1157.0,False,"Active search warranted (max EI: 2.73 cycles, max std: 179.10)."
27,13,ATTIA_CONT_2a1a516cd48f,6.5857,3.6359,5.217,4.6560770862378416,865.7569790064991,189.27098869680938,expected_improvement,5.074235142209002,140.5134362009515,5.028818505461917,Balancing predicted mean (864.9) and posterior epistemic uncertainty (189.9).,927.0,1157.0,False,"Active search warranted (max EI: 5.03 cycles, max std: 189.88)."
27,14,ATTIA_CONT_af7aeef411e5,6.5609,3.6324,5.2185,4.673133108083561,877.7940330010625,184.01764050509476,expected_improvement,5.1834341919194955,133.45321821183174,4.953638804029687,Balancing predicted mean (873.2) and posterior epistemic uncertainty (185.4).,739.0,1157.0,False,"Active search warranted (max EI: 4.95 cycles, max std: 185.35)."
27,15,ATTIA_CONT_1a6a47c26211,6.6168,3.638,5.2156,4.638346348553894,854.0911661383087,182.1516730918588,expected_improvement,3.6434515515882495,127.61219723443327,3.6252002769586618,Balancing predicted mean (853.7) and posterior epistemic uncertainty (182.3).,1359.0,1359.0,False,"Active search warranted (max EI: 3.63 cycles, max std: 182.30)."
27,16,ATTIA_CONT_24d076f1a10b,6.445595896266832,3.652840868727701,5.270829486684047,4.657539265038263,897.9878790021576,208.50761672564394,expected_improvement,0.987374409209159,142.6532279760103,0.987374409209159,Balancing predicted mean (898.0) and posterior epistemic uncertainty (209.8).,1072.0,1359.0,False,"Active search warranted (max EI: 0.99 cycles, max std: 209.78)."
27,17,ATTIA_CONT_ab9c3fbbf6f4,6.4249,3.638,5.2396,4.717908731712818,920.7659237502787,206.08592428453056,expected_improvement,1.2385512073388698,138.01588909203096,1.2347719220126638,Balancing predicted mean (920.9) and posterior epistemic uncertainty (209.1).,867.0,1359.0,False,"Active search warranted (max EI: 1.23 cycles, max std: 209.11)."
27,18,ATTIA_CONT_fce612ccba3f,6.5221,3.6149,5.2373,4.707265071786143,915.9727912068273,201.65599161922526,expected_improvement,0.9939520306114691,130.80786738415526,0.9804075766211255,Balancing predicted mean (915.2) and posterior epistemic uncertainty (204.4).,819.0,1359.0,False,"Active search warranted (max EI: 0.98 cycles, max std: 204.39)."
27,19,ATTIA_CONT_06700291b467,6.5601,3.6278,5.2291,4.67267926015141,906.1456670647921,198.4530134479381,gp_ucb,1197.810835959951,124.21120282786364,0.7250350301644293,Stagnation detected (3 steps without improvement) with high epistemic variance (200.3); boosting exploration (beta=1.47).,944.0,1359.0,False,"Active search warranted (max EI: 0.73 cycles, max std: 200.34)."
27,20,ATTIA_CONT_8d79307cca87,6.5115,3.624,5.2341,4.700001608092816,911.1789261406518,194.24312621120498,expected_improvement,0.6998259340259789,117.97985812171567,0.6970081665991525,Balancing predicted mean (910.8) and posterior epistemic uncertainty (196.6).,950.0,1359.0,False,"Active search warranted (max EI: 0.70 cycles, max std: 196.63)."
27,21,ATTIA_CONT_35f0a16777fb,6.4891,3.619,5.2373,4.717620816271318,916.09941517298,190.25154198990867,expected_improvement,0.6415121957978451,112.09411076628487,0.6281723531881065,Balancing predicted mean (914.1) and posterior epistemic uncertainty (193.3).,455.0,1359.0,False,"Active search warranted (max EI: 0.63 cycles, max std: 193.27)."
27,22,ATTIA_CONT_f8ef2e934552,6.673,3.654,5.2127,4.587916787761539,873.9942811828727,206.6776536198949,greedy,873.9941082617046,115.81469025594365,0.6565901317959968,Late budget phase (12% remaining); switching to pure exploitation of posterior mean.,844.0,1359.0,False,"Active search warranted (max EI: 0.66 cycles, max std: 206.81)."
27,23,ATTIA_CONT_e0df44076d73,6.5045,3.741,5.2357,4.518977855262653,872.6629763363223,202.89995201417238,greedy,872.6637829659791,109.63502110042397,0.5566151718413295,Late budget phase (8% remaining); switching to pure exploitation of posterior mean.,1050.0,1359.0,False,"Active search warranted (max EI: 0.56 cycles, max std: 203.03)."
27,24,ATTIA_CONT_f6dae1280c41,6.5658,3.7009,5.2228,4.558794293267278,880.0379694268815,201.99914699231124,greedy,880.0378823671192,105.11440473170786,0.5991586878158195,Late budget phase (4% remaining); switching to pure exploitation of posterior mean.,808.0,1359.0,False,"Active search warranted (max EI: 0.60 cycles, max std: 202.14)."
27,25,ATTIA_CONT_8f7ceb27bbcb,6.6446,3.652,5.2227,4.596839323082446,877.5738196302269,198.9089013080452,greedy,877.5737991770724,99.53065638350354,0.5086481557570042,Late budget phase (0% remaining); switching to pure exploitation of posterior mean.,680.0,1359.0,False,"Active search warranted (max EI: 0.51 cycles, max std: 199.06)."
28,1,ATTIA_CONT_579ce68b7c98,6.0587,5.3003,4.2968,4.050525876919376,984.745228673423,222.77785279738205,gp_ucb,1639.575773289168,249.3031880707958,28.221111892362018,Early exploration phase (step 1/25); prioritizing epistemic coverage (beta=2.94).,1080.0,1199.0,False,"Active search warranted (max EI: 28.22 cycles, max std: 254.39)."
28,2,ATTIA_CONT_a4d5b067eb03,5.9179,4.6281,4.2643,4.677749693423263,1008.2527808873817,215.27312469470448,gp_ucb,1627.7009405619524,233.86400232742724,30.870263246954224,Early exploration phase (step 2/25); prioritizing epistemic coverage (beta=2.88).,794.0,1199.0,False,"Active search warranted (max EI: 30.87 cycles, max std: 243.61)."
28,3,ATTIA_CONT_406d50041fc9,5.5862,5.2819,4.6647,3.990122095531585,1031.0307658630215,190.13353115158012,gp_ucb,1566.113003991028,212.30263123095062,28.330312923744827,Stagnation detected (5 steps without improvement) with high epistemic variance (225.9); boosting exploration (beta=2.81).,1004.0,1199.0,False,"Active search warranted (max EI: 28.33 cycles, max std: 225.85)."
28,4,ATTIA_CONT_315c8da8b7db,5.2987,5.7312,4.2498,4.258597774616384,1039.3231929108797,183.6208825671301,gp_ucb,1544.1971703196273,199.28921290816237,26.514106139039686,Stagnation detected (6 steps without improvement) with high epistemic variance (216.6); boosting exploration (beta=2.75).,895.0,1199.0,False,"Active search warranted (max EI: 26.51 cycles, max std: 216.62)."
28,5,ATTIA_CONT_2259330da5e1,5.9579,4.8647,4.5295,4.181449539881211,1046.0508963193688,158.96634229268312,gp_ucb,1472.6027942197288,185.35602618407967,20.34056681844116,Stagnation detected (7 steps without improvement) with high epistemic variance (206.0); boosting exploration (beta=2.68).,1005.0,1199.0,False,"Active search warranted (max EI: 20.34 cycles, max std: 205.95)."
28,6,ATTIA_CONT_2e1017e8a630,5.1482,5.1037,4.5741,4.453704958553476,1003.8061543509684,172.23197381715642,gp_ucb,1454.2516741684224,177.67688400181052,13.954660396259666,Stagnation detected (8 steps without improvement) with high epistemic variance (201.9); boosting exploration (beta=2.62).,757.0,1199.0,False,"Active search warranted (max EI: 13.95 cycles, max std: 201.91)."
28,7,ATTIA_CONT_1f03cf7185aa,5.6851,5.4373,4.4219,4.042478521696534,1121.1254991858584,127.66630980249965,gp_ucb,1446.1111232459532,169.74325334051804,33.13436848806943,Stagnation detected (9 steps without improvement) with high epistemic variance (197.4); boosting exploration (beta=2.55).,898.0,1199.0,False,"Active search warranted (max EI: 29.87 cycles, max std: 197.38)."
28,8,ATTIA_CONT_ece44dfe2453,6.3023,5.0853,4.3476,4.0321944988860166,982.7721103654258,168.413427638524,gp_ucb,1399.4035378537792,165.53468680161748,8.304359430525444,Stagnation detected (10 steps without improvement) with high epistemic variance (197.1); boosting exploration (beta=2.47).,684.0,1199.0,False,"Active search warranted (max EI: 8.30 cycles, max std: 197.07)."
28,9,ATTIA_CONT_a7f398f3a7b3,5.6777,5.2,4.415,4.194676312788933,931.3009689520268,184.2611741829258,gp_ucb,1373.5280761263639,158.66110636994858,5.90594182587375,Stagnation detected (11 steps without improvement) with high epistemic variance (193.5); boosting exploration (beta=2.40).,1076.0,1199.0,False,"Active search warranted (max EI: 5.91 cycles, max std: 193.49)."
28,10,ATTIA_CONT_506444bb48c2,5.6487,5.193,4.3355,4.290360824875993,1069.9343466320322,152.19600680609196,gp_ucb,1423.6061784069348,152.185879967054,15.235079641732273,Stagnation detected (12 steps without improvement) with high epistemic variance (190.2); boosting exploration (beta=2.32).,1008.0,1199.0,False,"Active search warranted (max EI: 15.24 cycles, max std: 190.23)."
28,11,ATTIA_CONT_58b99a800773,5.5014,5.2886,4.4149,4.237831051414777,1081.7429369355054,143.7422261230956,gp_ucb,1404.4427361427033,144.2482934015811,11.430286538919436,Stagnation detected (13 steps without improvement) with high epistemic variance (184.9); boosting exploration (beta=2.24).,986.0,1199.0,False,"Active search warranted (max EI: 11.43 cycles, max std: 184.93)."
28,12,ATTIA_CONT_df15782dce8c,5.613,5.1058,4.4265,4.284349320728109,1090.7232521487535,138.8724736892953,gp_ucb,1391.1496510949996,136.9250926856124,16.816063678773496,Stagnation detected (14 steps without improvement) with high epistemic variance (180.2); boosting exploration (beta=2.16).,1106.0,1199.0,False,"Active search warranted (max EI: 16.82 cycles, max std: 180.16)."
28,13,ATTIA_CONT_3f6924bf57ac,5.9095,5.33,4.2932,4.105586992290192,985.793838416486,159.1726642547355,gp_ucb,1316.628136408344,132.17059723629933,6.062004926384155,Stagnation detected (15 steps without improvement) with high epistemic variance (178.6); boosting exploration (beta=2.08).,741.0,1199.0,False,"Active search warranted (max EI: 6.06 cycles, max std: 178.61)."
28,14,ATTIA_CONT_8ef86502f517,5.6707,5.1438,4.3914,4.257825896308067,1122.9586425176963,102.2388563268873,gp_ucb,1326.4117686202565,128.44239726438988,6.037919647462768,Stagnation detected (16 steps without improvement) with high epistemic variance (178.4); boosting exploration (beta=1.99).,978.0,1199.0,False,"Active search warranted (max EI: 6.04 cycles, max std: 178.39)."
28,15,ATTIA_CONT_3c3d74692e3d,5.5807,5.1818,4.4352,4.242821170603854,1109.0681277469637,123.93368031242332,gp_ucb,1344.215873107867,124.86505117702461,11.449091934867404,Stagnation detected (17 steps without improvement) with high epistemic variance (178.4); boosting exploration (beta=1.90).,1009.0,1199.0,False,"Active search warranted (max EI: 11.45 cycles, max std: 178.38)."
28,16,ATTIA_CONT_71f8461d49ef,5.5688,5.1888,4.3918,4.285562943147575,1068.8306079953682,129.06204607953023,gp_ucb,1301.1422525121127,119.80166226177802,6.74845327612076,Stagnation detected (18 steps without improvement) with high epistemic variance (176.2); boosting exploration (beta=1.80).,905.0,1199.0,False,"Active search warranted (max EI: 6.75 cycles, max std: 176.18)."
28,17,ATTIA_CONT_ef9e406c6742,5.6813,5.0184,4.5764,4.174699234687469,998.8788927818757,147.9029846312001,gp_ucb,1249.8787104576058,129.27347104024207,5.909075178329996,Stagnation detected (19 steps without improvement) with high epistemic variance (195.9); boosting exploration (beta=1.70).,553.0,1199.0,False,"Active search warranted (max EI: 5.91 cycles, max std: 195.87)."
28,18,ATTIA_CONT_c7b0fa2fb549,5.6256,5.2151,4.4035,4.224193968480708,1053.1524269161996,141.55533523917575,gp_ucb,1277.8649090914153,116.58131899691557,8.624557318478622,Stagnation detected (20 steps without improvement) with high epistemic variance (182.2); boosting exploration (beta=1.59).,1016.0,1199.0,False,"Active search warranted (max EI: 8.62 cycles, max std: 182.16)."
28,19,ATTIA_CONT_18c2db2600d6,5.6282,5.1758,4.4151,4.2381079133802375,1050.2240932701575,129.68148293173346,gp_ucb,1240.8162692684111,112.09812833992255,6.109838347081283,Stagnation detected (21 steps without improvement) with high epistemic variance (180.8); boosting exploration (beta=1.47).,794.0,1199.0,False,"Active search warranted (max EI: 6.11 cycles, max std: 180.80)."
28,20,ATTIA_CONT_a2162f4a7e3f,5.6095,5.2191,4.3901,4.243128461311664,988.188797611624,159.63888294215627,expected_improvement,6.9552541362004305,108.0531794074876,6.358154262439161,Balancing predicted mean (975.0) and posterior epistemic uncertainty (180.1).,1076.0,1199.0,False,"Active search warranted (max EI: 6.36 cycles, max std: 180.09)."
28,21,ATTIA_CONT_cce88419e2a9,5.6112,5.2409,4.3823,4.235121473379797,1004.0889453722668,155.38417403005127,expected_improvement,7.7876929908694414,104.71914766965402,6.16172089515819,Balancing predicted mean (978.3) and posterior epistemic uncertainty (180.6).,836.0,1199.0,False,"Active search warranted (max EI: 6.16 cycles, max std: 180.55)."
28,22,ATTIA_CONT_866da87f57ee,5.607,5.1823,4.4048,4.255404927303121,986.1036626596061,156.67461736318373,greedy,986.1035492641199,99.70302014672855,5.166935893305702,Late budget phase (12% remaining); switching to pure exploitation of posterior mean.,977.0,1199.0,False,"Active search warranted (max EI: 5.17 cycles, max std: 178.04)."
28,23,ATTIA_CONT_be689bc03ff3,5.6081,5.1774,4.4054,4.25751966198418,989.0995163580933,150.44943655286616,greedy,989.0995214622305,95.38331337956231,5.284993571023673,Late budget phase (8% remaining); switching to pure exploitation of posterior mean.,889.0,1199.0,False,"Active search warranted (max EI: 5.28 cycles, max std: 176.64)."
28,24,ATTIA_CONT_d381c8e7335d,5.6098,5.1866,4.404,4.251646075560422,979.2502906953507,148.37404211400593,greedy,979.2503098803985,90.82065710186603,3.8367452536753355,Late budget phase (4% remaining); switching to pure exploitation of posterior mean.,867.0,1199.0,False,"Active search warranted (max EI: 3.84 cycles, max std: 174.66)."
28,25,ATTIA_CONT_efb6e2cb9489,5.5537,5.3108,4.3106,4.292004313558279,941.837177687808,158.25023670323995,greedy,941.8374002577043,96.07219341646055,4.578773687378369,Late budget phase (0% remaining); switching to pure exploitation of posterior mean.,1029.0,1199.0,False,"Active search warranted (max EI: 4.58 cycles, max std: 192.14)."
29,1,ATTIA_CONT_e688cf46d3ad,6.393,5.5059,3.6817,4.470767498099484,860.6830620367352,185.9846682316264,gp_ucb,1346.6221361403043,195.01374242957863,31.1813188161592,Early exploration phase (step 1/25); prioritizing epistemic coverage (beta=2.61).,824.0,987.0,False,"Active search warranted (max EI: 31.18 cycles, max std: 198.99)."
29,2,ATTIA_CONT_4c2cdf5000ce,4.138079959056359,6.558910548143768,4.3363726335783515,4.79378270757604,851.2145302242666,166.64584834414248,gp_ucb,1330.7377778550842,172.9343277145195,25.020780903540143,Early exploration phase (step 2/25); prioritizing epistemic coverage (beta=2.88).,888.0,987.0,False,"Active search warranted (max EI: 25.02 cycles, max std: 180.14)."
29,3,ATTIA_CONT_9afcad3e92fc,6.493,3.6936,4.9831,4.809901788453674,850.7587486053742,155.93718880734974,gp_ucb,1289.6062786245895,156.53633271272068,21.452970040419192,Stagnation detected (4 steps without improvement) with high epistemic variance (166.5); boosting exploration (beta=2.81).,876.0,987.0,False,"Active search warranted (max EI: 21.45 cycles, max std: 166.53)."
29,4,ATTIA_CONT_75409dc8bf2b,5.2028,7.0,4.1684,3.8703915596853546,874.6668464200902,136.2098685780069,gp_ucb,1249.1820727851236,144.40766338306878,19.10308049258873,Stagnation detected (5 steps without improvement) with high epistemic variance (157.0); boosting exploration (beta=2.75).,855.0,987.0,False,"Active search warranted (max EI: 19.10 cycles, max std: 156.96)."
29,5,ATTIA_CONT_2c9edfa01adf,7.975473459768567,4.173748978736948,3.872034961255572,4.759773161418081,898.4320446330788,116.1580905010204,gp_ucb,1210.1169084293037,132.49095827881627,18.03096946533791,Stagnation detected (6 steps without improvement) with high epistemic variance (147.2); boosting exploration (beta=2.68).,833.0,987.0,False,"Active search warranted (max EI: 18.03 cycles, max std: 147.21)."
29,6,ATTIA_CONT_0d5cb087268a,4.10769004359483,5.061297632924833,5.588757167944204,4.686495523376378,814.7511910034154,138.96044831863472,gp_ucb,1178.1799218254366,124.48762266349742,16.38569409602777,Stagnation detected (7 steps without improvement) with high epistemic variance (141.5); boosting exploration (beta=2.62).,944.0,987.0,False,"Active search warranted (max EI: 16.39 cycles, max std: 141.46)."
29,7,ATTIA_CONT_37548c823e8c,3.6,6.7417,5.6,4.373427997369111,859.1986628994406,128.87757073404106,gp_ucb,1187.2674151021108,120.1327132721424,15.22785476070691,Stagnation detected (8 steps without improvement) with high epistemic variance (139.7); boosting exploration (beta=2.55).,696.0,987.0,False,"Active search warranted (max EI: 15.23 cycles, max std: 139.69)."
29,8,ATTIA_CONT_da89d923797d,4.854565430879721,4.793264629076202,4.823590493486687,4.730343329805771,895.7515000892105,111.99734904590102,gp_ucb,1172.817640032462,117.32629260463415,13.989091985625123,Stagnation detected (9 steps without improvement) with high epistemic variance (139.7); boosting exploration (beta=2.47).,932.0,987.0,False,"Active search warranted (max EI: 13.99 cycles, max std: 139.67)."
29,9,ATTIA_CONT_1b4c963303b1,5.294,4.21,5.6,4.379450920104042,896.402349647675,106.89416175840287,gp_ucb,1152.948286042929,112.74011244794683,13.834230798364475,Stagnation detected (10 steps without improvement) with high epistemic variance (137.5); boosting exploration (beta=2.40).,723.0,987.0,False,"Active search warranted (max EI: 13.83 cycles, max std: 137.49)."
29,10,ATTIA_CONT_f1b1ff7821fa,5.169603521896211,6.5165226827885245,3.614532461881414,4.7669470345192035,906.3366808812585,109.90071716619805,gp_ucb,1161.7228692738206,107.88941184974061,14.837159268896116,Stagnation detected (11 steps without improvement) with high epistemic variance (134.9); boosting exploration (beta=2.32).,977.0,987.0,False,"Active search warranted (max EI: 14.84 cycles, max std: 134.86)."
29,11,ATTIA_CONT_fe7a8f3e720f,8.0,7.0,3.6,3.475862068965518,816.0730355852423,138.72144811897994,gp_ucb,1127.501914220258,108.3465229099633,16.339392329433075,Stagnation detected (12 steps without improvement) with high epistemic variance (138.9); boosting exploration (beta=2.24).,679.0,987.0,False,"Active search warranted (max EI: 13.92 cycles, max std: 138.91)."
29,12,ATTIA_CONT_38387b0aa07b,8.0,3.6,4.9609,4.36720835233574,927.8020329648704,87.5036221128173,gp_ucb,1117.1013630944549,101.52381674935799,16.536225254953308,Stagnation detected (13 steps without improvement) with high epistemic variance (133.6); boosting exploration (beta=2.16).,924.0,987.0,False,"Active search warranted (max EI: 16.25 cycles, max std: 133.58)."
29,13,ATTIA_CONT_5aa2b700ee9d,4.118213701155829,5.574561842390299,4.9239883716595445,4.806862441348703,928.9023982244846,70.6767793274294,gp_ucb,1075.8013254770144,96.91203252286506,10.289191613001776,Stagnation detected (14 steps without improvement) with high epistemic variance (131.0); boosting exploration (beta=2.08).,1114.0,1114.0,False,"Active search warranted (max EI: 10.29 cycles, max std: 130.96)."
29,14,ATTIA_CONT_3ba73d442482,4.132237900573371,5.367838192135986,5.0817972756490715,4.801731609485844,1098.2385774961647,33.43139893569374,expected_improvement,6.908677394979669,104.91582708356188,6.908677394979669,Balancing predicted mean (1104.8) and posterior epistemic uncertainty (145.7).,891.0,1114.0,False,"Active search warranted (max EI: 6.91 cycles, max std: 145.72)."
29,15,ATTIA_CONT_6ad4a50686d5,4.555775639200201,5.685223326026559,4.355425766305281,4.799881453888934,955.7005123351651,105.1789711583794,expected_improvement,3.0464934154075785,97.9778605824909,3.0464934154075785,Balancing predicted mean (955.7) and posterior epistemic uncertainty (140.0).,965.0,1114.0,False,"Active search warranted (max EI: 3.05 cycles, max std: 139.97)."
29,16,ATTIA_CONT_45e1c5e6316e,4.629087907768214,5.555883127233693,4.368446789170175,4.798364230086631,959.5858722090749,97.4931261085271,expected_improvement,2.353091124925836,93.46531034273873,2.353091124925836,Balancing predicted mean (960.9) and posterior epistemic uncertainty (137.4).,936.0,1114.0,False,"Active search warranted (max EI: 2.35 cycles, max std: 137.45)."
29,17,ATTIA_CONT_7649a53bb9d2,4.916452698083692,6.771448864919595,3.684771262488732,4.742291941744508,949.4320035875105,94.946860975274,gp_ucb,1110.5621697826928,90.68616258343069,1.6000486717397493,Stagnation detected (3 steps without improvement) with high epistemic variance (137.4); boosting exploration (beta=1.70).,834.0,1114.0,False,"Active search warranted (max EI: 1.60 cycles, max std: 137.40)."
29,18,ATTIA_CONT_3a6e2ab86159,4.8785427793812985,5.144583723852945,4.445825499460028,4.783663619075995,940.9409444758526,98.6530341966255,gp_ucb,1097.5477812155857,84.09432009526368,1.5785980878470935,Stagnation detected (4 steps without improvement) with high epistemic variance (131.4); boosting exploration (beta=1.59).,1208.0,1208.0,False,"Active search warranted (max EI: 1.58 cycles, max std: 131.40)."
29,19,ATTIA_CONT_ea31a0637f19,5.229707289378072,5.150413437680118,4.171585802006763,4.802108003438103,975.254521261282,114.42523851374843,expected_improvement,0.8862281509020784,92.19116877028064,0.8862281509020784,Balancing predicted mean (978.8) and posterior epistemic uncertainty (148.7).,1189.0,1208.0,False,"Active search warranted (max EI: 0.89 cycles, max std: 148.70)."
29,20,ATTIA_CONT_acd6a0b7ab7d,5.221120599088283,4.877166557330293,4.3710648617260945,4.8079400574540525,1014.8773968843759,118.02438141577278,expected_improvement,2.516329162079833,94.71446377822714,2.516329162079833,Balancing predicted mean (1015.9) and posterior epistemic uncertainty (157.9).,772.0,1208.0,False,"Active search warranted (max EI: 2.52 cycles, max std: 157.86)."
29,21,ATTIA_CONT_e664109382c2,5.435272137775789,5.1524356409459084,4.049764342872128,4.79986968724521,965.8684651244831,129.01039539103783,expected_improvement,1.5139392001888474,91.96160453905951,1.5139392001888474,Balancing predicted mean (965.9) and posterior epistemic uncertainty (158.6).,1127.0,1208.0,False,"Active search warranted (max EI: 1.51 cycles, max std: 158.55)."
29,22,ATTIA_CONT_575933005500,5.323104073704277,5.001057697124155,4.240506101249458,4.768844325328179,979.8919636580027,128.12864801599963,greedy,979.8919636580025,90.32981905805143,1.9504637916855394,Late budget phase (12% remaining); switching to pure exploitation of posterior mean.,934.0,1208.0,False,"Active search warranted (max EI: 1.95 cycles, max std: 161.30)."
29,23,ATTIA_CONT_3e902fefcd5e,4.773515064702594,5.583282452852229,4.227600089238194,4.80313924106377,977.8052627940096,124.99636538017972,greedy,977.8052627940095,86.03884692752997,1.6693974974495926,Late budget phase (8% remaining); switching to pure exploitation of posterior mean.,1133.0,1208.0,False,"Active search warranted (max EI: 1.67 cycles, max std: 159.33)."
29,24,ATTIA_CONT_d5a7b7b45139,5.5144580795777545,5.055955591538054,4.066890110017188,4.800372314819696,991.8800740376793,126.29202879492584,greedy,991.880074037679,83.49805933106943,2.2599356339306507,Late budget phase (4% remaining); switching to pure exploitation of posterior mean.,1194.0,1208.0,False,"Active search warranted (max EI: 2.26 cycles, max std: 160.57)."
29,25,ATTIA_CONT_9d8f441b1a4f,5.39026451218119,5.28518251089916,3.9989108381828324,4.7953037132385194,1012.233891166432,128.44114866356261,greedy,1012.2338911664319,83.79133264287792,3.5609662085125873,Late budget phase (0% remaining); switching to pure exploitation of posterior mean.,962.0,1208.0,False,"Active search warranted (max EI: 3.56 cycles, max std: 167.58)."
