benchmark_seed,strategy,step,policy_id,C1,C2,C3,C4,simulator_seed,simulated_lifetime,best_observed_lifetime,reference_true_lifetime,best_reference_true,simple_regret,improvement_over_grid,is_novel,min_dist_to_discrete,budget
0,random,0,,,,,,,,1078.0,,961.0,118.0,0.0,False,0.0,30
0,random,1,ATTIA_CONT_S00_ST01,5.509697204438522,5.192694258806005,4.507640728187264,4.2120983775943825,1786020128.0,1287.0,1287.0,998.0,998.0,81.0,0.0,True,0.06039015877843481,30
0,random,2,ATTIA_CONT_S00_ST02,7.89904834061219,6.400311685454989,3.6774662528398707,3.5897999244643533,1838840074.0,860.0,1287.0,662.0,998.0,81.0,0.0,True,0.1548447347003194,30
0,random,3,ATTIA_CONT_S00_ST03,5.908827467445349,4.1246432578003445,4.8030857887877385,4.684930864368196,511530913.0,1029.0,1287.0,944.0,998.0,81.0,0.0,True,0.06689154163725244,30
0,random,4,ATTIA_CONT_S00_ST04,6.528963339686844,4.94568803518988,4.639627764221489,3.810412282447076,837164409.0,976.0,1287.0,815.0,998.0,81.0,0.0,True,0.15761097150236067,30
0,random,5,ATTIA_CONT_S00_ST05,7.620849506174832,6.519220311478906,4.817928051244651,2.9311442993759895,646553806.0,471.0,1287.0,616.0,998.0,81.0,0.0,True,0.1760875614744265,30
0,random,6,ATTIA_CONT_S00_ST06,6.268297515342024,3.9889385720710093,5.127307155471593,4.384561570811974,1236723386.0,1035.0,1287.0,854.0,998.0,81.0,0.0,True,0.0782261453886638,30
0,random,7,ATTIA_CONT_S00_ST07,5.677886791190438,6.804722189575907,4.983556807004012,3.230028396203272,756894016.0,880.0,1287.0,645.0,998.0,81.0,0.0,True,0.11344371339702582,30
0,random,8,ATTIA_CONT_S00_ST08,6.819606149806182,4.0932052000794625,5.481545356309098,3.846750524144825,820001885.0,966.0,1287.0,772.0,998.0,81.0,0.0,True,0.0781583525897493,30
0,random,9,ATTIA_CONT_S00_ST09,6.8193682784886125,6.581880636395484,3.8760972877804436,3.613128410226219,1951669858.0,534.0,1287.0,681.0,998.0,81.0,0.0,True,0.1835924610227901,30
0,random,10,ATTIA_CONT_S00_ST10,4.777636049598913,5.489452509385389,5.473137903081369,3.8588177984364322,634587000.0,831.0,1287.0,830.0,998.0,81.0,0.0,True,0.09128541725770203,30
0,random,11,ATTIA_CONT_S00_ST11,7.971796773418928,4.43560560773744,5.111143607921107,3.4868499070160492,159199440.0,425.0,1287.0,669.0,998.0,81.0,0.0,True,0.047334514260828714,30
0,random,12,ATTIA_CONT_S00_ST12,5.942807944194232,5.760322558166355,4.170395471688451,3.973364043017004,536290492.0,826.0,1287.0,765.0,998.0,81.0,0.0,True,0.1119889670502633,30
0,random,13,ATTIA_CONT_S00_ST13,7.454787819622009,4.42728371863803,4.534750675172811,3.9556972384598623,1003262576.0,682.0,1287.0,826.0,998.0,81.0,0.0,True,0.1414503521363794,30
0,random,14,ATTIA_CONT_S00_ST14,6.231378938132396,6.957065793878723,5.170831732943935,2.9786375171084396,639426144.0,889.0,1287.0,629.0,998.0,81.0,0.0,True,0.05862949780830821,30
0,random,15,ATTIA_CONT_S00_ST15,7.9284597034996445,5.559143334794056,4.800970871433581,3.1344975710356877,349874064.0,525.0,1287.0,643.0,998.0,81.0,0.0,True,0.022837118019023217,30
0,random,16,ATTIA_CONT_S00_ST16,6.5580915949549405,5.111767078614441,5.587750785757402,3.265199529715414,222626517.0,644.0,1287.0,676.0,998.0,81.0,0.0,True,0.12074297606146643,30
0,random,17,ATTIA_CONT_S00_ST17,7.70349849791851,5.695524761245259,5.111084409553152,3.009396475731438,1897508840.0,751.0,1287.0,626.0,998.0,81.0,0.0,True,0.08800896063669698,30
0,random,18,ATTIA_CONT_S00_ST18,5.162300160872651,5.467415572342908,4.498362169796077,4.265914419177308,1480741343.0,1393.0,1393.0,934.0,998.0,81.0,0.0,True,0.06365765724689774,30
0,random,19,ATTIA_CONT_S00_ST19,4.112885478166637,6.163749146126573,4.7540867994773635,4.595360771263302,13666121.0,974.0,1393.0,970.0,998.0,81.0,0.0,True,0.10972822362154956,30
0,random,20,ATTIA_CONT_S00_ST20,4.454311205317347,6.485065384678739,4.1956911833490915,4.623389577446727,568125385.0,732.0,1393.0,879.0,998.0,81.0,0.0,True,0.18059620494461945,30
0,random,21,ATTIA_CONT_S00_ST21,5.526944946454128,5.789952259872351,4.149463820103455,4.189471999998283,711108778.0,844.0,1393.0,859.0,998.0,81.0,0.0,True,0.09848724298080544,30
0,random,22,ATTIA_CONT_S00_ST22,7.876732991242598,5.962263091061999,3.8584064485951974,3.5780576706587737,534419357.0,433.0,1393.0,651.0,998.0,81.0,0.0,True,0.10221935984745004,30
0,random,23,ATTIA_CONT_S00_ST23,6.801230059434342,6.281536547209541,5.425128471319432,2.9173489638955017,542897082.0,688.0,1393.0,625.0,998.0,81.0,0.0,True,0.12894509385569605,30
0,random,24,ATTIA_CONT_S00_ST24,7.898230471423428,4.9804379024591645,4.748253631948562,3.3860038389454807,908683906.0,822.0,1393.0,685.0,998.0,81.0,0.0,True,0.06631451799394716,30
0,random,25,ATTIA_CONT_S00_ST25,7.8404167407312695,5.108251332648777,5.381994338186949,3.084300185217079,2130486967.0,811.0,1393.0,641.0,998.0,81.0,0.0,True,0.10162975233628721,30
0,greedy,0,,,,,,,,1078.0,,961.0,118.0,0.0,False,0.0,30
0,greedy,1,ATTIA_CONT_S00_ST01,7.085,3.898,5.219,4.097677671155629,1786020128.0,607.0,1078.0,786.0,961.0,118.0,0.0,True,0.047927075292916996,30
0,greedy,2,ATTIA_CONT_S00_ST02,6.953,4.038,5.201,4.006531356188271,1838840074.0,837.0,1078.0,829.0,961.0,118.0,0.0,True,0.018749016938563744,30
0,greedy,3,ATTIA_CONT_S00_ST03,7.0,4.0,5.2,4.029520295202953,511530913.0,1053.0,1078.0,824.0,961.0,118.0,0.0,False,0.00021657101446814764,30
0,greedy,4,ATTIA_CONT_S00_ST04,6.965,4.073,5.202,3.9681707331028724,837164409.0,792.0,1078.0,789.0,961.0,118.0,0.0,True,0.036117118119807466,30
0,greedy,5,ATTIA_CONT_S00_ST05,7.0,3.999,5.2,4.030535619351411,646553806.0,555.0,1078.0,793.0,961.0,118.0,0.0,False,0.00038076172837390304,30
0,greedy,6,ATTIA_CONT_S00_ST06,6.087,5.453,4.181,4.057021112342379,1236723386.0,931.0,1078.0,934.0,961.0,118.0,0.0,True,0.12090178272809454,30
0,greedy,7,ATTIA_CONT_S00_ST07,6.791,5.604,4.779,3.3513541256661465,756894016.0,823.0,1078.0,697.0,961.0,118.0,0.0,True,0.055121302297049514,30
0,greedy,8,ATTIA_CONT_S00_ST08,6.644,4.536,5.321,3.6439371839302894,820001885.0,707.0,1078.0,812.0,961.0,118.0,0.0,True,0.11071576058747074,30
0,greedy,9,ATTIA_CONT_S00_ST09,6.094,5.461,4.193,4.038313416275676,1951669858.0,967.0,1078.0,929.0,961.0,118.0,0.0,True,0.12949311565819,30
0,greedy,10,ATTIA_CONT_S00_ST10,4.682,6.433,5.498,3.5408682927045656,634587000.0,678.0,1078.0,740.0,961.0,118.0,0.0,True,0.14057995845152294,30
0,greedy,11,ATTIA_CONT_S00_ST11,7.59,6.748,4.699,2.93618724656304,159199440.0,888.0,1078.0,608.0,961.0,118.0,0.0,True,0.14320202323449083,30
0,greedy,12,ATTIA_CONT_S00_ST12,6.992,4.004,5.201,4.027519696563556,536290492.0,900.0,1078.0,825.0,961.0,118.0,0.0,True,0.0024887277977104407,30
0,greedy,13,ATTIA_CONT_S00_ST13,6.088,5.463,4.187,4.045443545990436,1003262576.0,925.0,1078.0,930.0,961.0,118.0,0.0,True,0.12503887709513106,30
0,greedy,14,ATTIA_CONT_S00_ST14,6.407,6.618,4.07,3.5656884869689955,639426144.0,725.0,1078.0,714.0,961.0,118.0,0.0,True,0.1546701221592033,30
0,greedy,15,ATTIA_CONT_S00_ST15,5.24,4.81,5.258,4.091535034220154,349874064.0,981.0,1078.0,979.0,979.0,100.0,0.0,True,0.0434477174411041,30
0,greedy,16,ATTIA_CONT_S00_ST16,7.632,5.1,5.143,3.207301306658495,222626517.0,649.0,1078.0,684.0,979.0,100.0,0.0,True,0.10735400518669268,30
0,greedy,17,ATTIA_CONT_S00_ST17,6.092,5.457,4.188,4.0460390864968225,1897508840.0,960.0,1078.0,931.0,979.0,100.0,0.0,True,0.12599023894133338,30
0,greedy,18,ATTIA_CONT_S00_ST18,6.091,5.459,4.188,4.045381304938644,1480741343.0,1390.0,1390.0,931.0,979.0,100.0,0.0,True,0.12592189801232678,30
0,greedy,19,ATTIA_CONT_S00_ST19,6.091,5.459,4.188,4.045381304938644,13666121.0,661.0,1390.0,931.0,979.0,100.0,0.0,True,0.12592189801232678,30
0,greedy,20,ATTIA_CONT_S00_ST20,6.091,5.459,4.188,4.045381304938644,568125385.0,887.0,1390.0,931.0,979.0,100.0,0.0,True,0.12592189801232678,30
0,greedy,21,ATTIA_CONT_S00_ST21,6.091,5.45,4.191,4.047535832846679,711108778.0,917.0,1390.0,932.0,979.0,100.0,0.0,True,0.12740595985763872,30
0,greedy,22,ATTIA_CONT_S00_ST22,6.058,5.482,4.189,4.046507030936366,534419357.0,1149.0,1390.0,932.0,979.0,100.0,0.0,True,0.12292513960339269,30
0,greedy,23,ATTIA_CONT_S00_ST23,6.078,5.456,4.184,4.0565427783748005,542897082.0,969.0,1390.0,935.0,979.0,100.0,0.0,True,0.12151828533128646,30
0,greedy,24,ATTIA_CONT_S00_ST24,6.07,5.443,4.188,4.063570230817257,908683906.0,739.0,1390.0,939.0,979.0,100.0,0.0,True,0.1225362563563916,30
0,greedy,25,ATTIA_CONT_S00_ST25,6.08,5.461,4.184,4.052894033375166,2130486967.0,788.0,1390.0,933.0,979.0,100.0,0.0,True,0.12197008699689918,30
0,gp_ucb,0,,,,,,,,1078.0,,961.0,118.0,0.0,False,0.0,30
0,gp_ucb,1,ATTIA_CONT_S00_ST01,7.346,3.612,5.293,4.321126669019211,1786020128.0,785.0,1078.0,885.0,961.0,118.0,0.0,True,0.13362928556170117,30
0,gp_ucb,2,ATTIA_CONT_S00_ST02,6.989,4.017,5.197,4.0178287495725025,1838840074.0,833.0,1078.0,825.0,961.0,118.0,0.0,True,0.007980862036326183,30
0,gp_ucb,3,ATTIA_CONT_S00_ST03,6.975,4.022,5.205,4.012701357400083,511530913.0,1055.0,1078.0,826.0,961.0,118.0,0.0,True,0.011890924769348157,30
0,gp_ucb,4,ATTIA_CONT_S00_ST04,6.955,4.042,5.201,4.001938733297262,837164409.0,778.0,1078.0,829.0,961.0,118.0,0.0,True,0.020443564349276737,30
0,gp_ucb,5,ATTIA_CONT_S00_ST05,6.998,3.998,5.204,4.029813804748667,646553806.0,578.0,1078.0,793.0,961.0,118.0,0.0,True,0.0021353450759916065,30
0,gp_ucb,6,ATTIA_CONT_S00_ST06,6.943,4.046,5.184,4.012125382258582,1236723386.0,867.0,1078.0,833.0,961.0,118.0,0.0,True,0.021908605180162244,30
0,gp_ucb,7,ATTIA_CONT_S00_ST07,6.954,4.036,5.195,4.011740693469524,756894016.0,982.0,1078.0,830.0,961.0,118.0,0.0,True,0.01719340563670708,30
0,gp_ucb,8,ATTIA_CONT_S00_ST08,7.018,4.033,5.199,3.991322271998542,820001885.0,787.0,1078.0,784.0,961.0,118.0,0.0,True,0.020398569601230723,30
0,gp_ucb,9,ATTIA_CONT_S00_ST09,6.967,4.019,5.188,4.028539602554768,1951669858.0,531.0,1078.0,831.0,961.0,118.0,0.0,True,0.011131625161445138,30
0,gp_ucb,10,ATTIA_CONT_S00_ST10,4.682,6.433,5.498,3.5408682927045656,634587000.0,678.0,1078.0,740.0,961.0,118.0,0.0,True,0.14057995845152294,30
0,gp_ucb,11,ATTIA_CONT_S00_ST11,7.59,6.748,4.699,2.93618724656304,159199440.0,888.0,1078.0,608.0,961.0,118.0,0.0,True,0.14320202323449083,30
0,gp_ucb,12,ATTIA_CONT_S00_ST12,5.762,6.92,4.067,3.7120582091574414,536290492.0,673.0,1078.0,701.0,961.0,118.0,0.0,True,0.07293215324068644,30
0,gp_ucb,13,ATTIA_CONT_S00_ST13,5.33,5.416,5.286,3.6778362561817843,1003262576.0,849.0,1078.0,869.0,961.0,118.0,0.0,True,0.07595829731105476,30
0,gp_ucb,14,ATTIA_CONT_S00_ST14,6.407,6.618,4.07,3.5656884869689955,639426144.0,725.0,1078.0,714.0,961.0,118.0,0.0,True,0.1546701221592033,30
0,gp_ucb,15,ATTIA_CONT_S00_ST15,5.24,4.81,5.258,4.091535034220154,349874064.0,981.0,1078.0,979.0,979.0,100.0,0.0,True,0.0434477174411041,30
0,gp_ucb,16,ATTIA_CONT_S00_ST16,7.632,5.1,5.143,3.207301306658495,222626517.0,649.0,1078.0,684.0,979.0,100.0,0.0,True,0.10735400518669268,30
0,gp_ucb,17,ATTIA_CONT_S00_ST17,6.123,5.72,5.563,3.170271465867967,1897508840.0,816.0,1078.0,695.0,979.0,100.0,0.0,True,0.05586653961791204,30
0,gp_ucb,18,ATTIA_CONT_S00_ST18,5.984,6.201,4.445,3.571621909123865,1480741343.0,781.0,1078.0,719.0,979.0,100.0,0.0,True,0.07660639892076879,30
0,gp_ucb,19,ATTIA_CONT_S00_ST19,4.811,5.827,5.531,3.6621677952267926,13666121.0,698.0,1078.0,760.0,979.0,100.0,0.0,True,0.07327988680689279,30
0,gp_ucb,20,ATTIA_CONT_S00_ST20,5.643,6.404,4.751,3.4543719796578953,568125385.0,772.0,1078.0,733.0,979.0,100.0,0.0,True,0.13316030208220284,30
0,gp_ucb,21,ATTIA_CONT_S00_ST21,5.252,4.806,5.257,4.087741316850957,711108778.0,1002.0,1078.0,977.0,979.0,100.0,0.0,True,0.04493613877531819,30
0,gp_ucb,22,ATTIA_CONT_S00_ST22,7.547,6.735,4.7,2.944759592661322,534419357.0,576.0,1078.0,612.0,979.0,100.0,0.0,True,0.15311968918936847,30
0,gp_ucb,23,ATTIA_CONT_S00_ST23,6.433,4.147,5.244,4.064172211030732,542897082.0,827.0,1078.0,914.0,979.0,100.0,0.0,True,0.12556099761151548,30
0,gp_ucb,24,ATTIA_CONT_S00_ST24,6.537,4.1,5.253,4.063585123042771,908683906.0,963.0,1078.0,897.0,979.0,100.0,0.0,True,0.11344595530564226,30
0,gp_ucb,25,ATTIA_CONT_S00_ST25,5.851,4.331,5.27,4.136068391369061,2130486967.0,773.0,1078.0,878.0,979.0,100.0,0.0,True,0.06633670827951803,30
1,random,0,,,,,,,,886.0,,930.0,149.0,0.0,False,0.0,30
1,random,1,ATTIA_CONT_S01_ST01,7.623139833990216,4.1037676387556505,4.619808499465542,4.131956723148841,269084619.0,604.0,886.0,863.0,930.0,149.0,0.0,True,0.14118681034230243,30
1,random,2,ATTIA_CONT_S01_ST02,6.784879539091964,6.11304155556318,5.051991357843692,3.0824207420867737,705099649.0,600.0,886.0,652.0,930.0,149.0,0.0,True,0.0992204790566242,30
1,random,3,ATTIA_CONT_S01_ST03,6.0898379393037185,6.289237477856685,4.521125041208441,3.4609299882672895,2069699063.0,844.0,886.0,792.0,930.0,149.0,0.0,True,0.14133959387750294,30
1,random,4,ATTIA_CONT_S01_ST04,5.083532973708641,6.882870018993495,5.1408050497760245,3.3691649010297677,119824748.0,513.0,886.0,647.0,930.0,149.0,0.0,True,0.06934274609442076,30
1,random,5,ATTIA_CONT_S01_ST05,4.596779907126291,5.953019450707752,4.729465315551023,4.230702380787673,1290533336.0,942.0,942.0,854.0,930.0,149.0,0.0,True,0.07324200869579874,30
1,random,6,ATTIA_CONT_S01_ST06,6.022885352547156,5.6082075949108185,3.799458239562246,4.428806869635351,249017691.0,726.0,942.0,909.0,930.0,149.0,0.0,True,0.13895931210930082,30
1,random,7,ATTIA_CONT_S01_ST07,7.88539436382899,6.272443141153935,5.2747838069564965,2.797141351932419,1016720131.0,412.0,942.0,606.0,930.0,149.0,0.0,True,0.0967205620667019,30
1,random,8,ATTIA_CONT_S01_ST08,7.936663905335605,5.637787940287134,5.400770375675759,2.900210931857057,658429803.0,614.0,942.0,610.0,930.0,149.0,0.0,True,0.1040718109044224,30
1,random,9,ATTIA_CONT_S01_ST09,4.531789869473035,4.675551272674581,5.512823915950592,4.599896219514028,203725838.0,890.0,942.0,1024.0,1024.0,55.0,0.0,True,0.06643999043062673,30
1,random,10,ATTIA_CONT_S01_ST10,6.2385494906727335,5.239574544238278,5.009682598652136,3.538933243170452,1625178500.0,853.0,942.0,792.0,1024.0,55.0,0.0,True,0.11017037713187969,30
1,random,11,ATTIA_CONT_S01_ST11,5.578279033413338,4.996072165195967,4.469800961837567,4.344317963642292,785912687.0,704.0,942.0,875.0,1024.0,55.0,0.0,True,0.08109850473847902,30
1,random,12,ATTIA_CONT_S01_ST12,5.5840700200280295,6.99783428559633,5.45801803053614,3.0475313799488672,39960198.0,559.0,942.0,623.0,1024.0,55.0,0.0,True,0.07425440107238657,30
1,random,13,ATTIA_CONT_S01_ST13,4.460553321450835,6.353402964367849,4.342336280859123,4.515505339032627,1448492904.0,929.0,942.0,890.0,1024.0,55.0,0.0,True,0.14090870164721492,30
1,random,14,ATTIA_CONT_S01_ST14,6.275353902823374,5.87751470405968,4.869583816158662,3.3502692546894073,1309398717.0,679.0,942.0,713.0,1024.0,55.0,0.0,True,0.08768121481140627,30
1,random,15,ATTIA_CONT_S01_ST15,6.66016379595723,5.037468595726561,5.052789682224551,3.487188091841635,340211692.0,555.0,942.0,707.0,1024.0,55.0,0.0,True,0.12861983726994924,30
1,random,16,ATTIA_CONT_S01_ST16,6.628077633361016,6.273273863034502,4.720724589539578,3.213143163818915,1157967265.0,731.0,942.0,683.0,1024.0,55.0,0.0,True,0.1247219593083352,30
1,random,17,ATTIA_CONT_S01_ST17,5.981237375324817,6.864487288275589,5.130556797736251,3.071668867267593,1257222752.0,814.0,942.0,606.0,1024.0,55.0,0.0,True,0.05849350426633958,30
1,random,18,ATTIA_CONT_S01_ST18,7.46715464059214,4.9606764595332695,4.371667219742502,3.7163334348552017,1427603340.0,1029.0,1029.0,772.0,1024.0,55.0,0.0,True,0.1286799757783668,30
1,random,19,ATTIA_CONT_S01_ST19,7.589703826300367,6.590399207965946,5.026902363308214,2.8497307444986046,691782478.0,710.0,1029.0,600.0,1024.0,55.0,0.0,True,0.19123584484680045,30
1,random,20,ATTIA_CONT_S01_ST20,5.055334678497309,6.243960508035462,4.874302839397419,3.700822702538295,553470807.0,948.0,1029.0,784.0,1024.0,55.0,0.0,True,0.0911020661544071,30
1,random,21,ATTIA_CONT_S01_ST21,4.126805795864975,6.072464601948861,5.239693743795279,4.246527221435163,1136284885.0,803.0,1029.0,926.0,1024.0,55.0,0.0,True,0.10347854710426735,30
1,random,22,ATTIA_CONT_S01_ST22,5.814539445692006,4.6816254929096885,5.123809232371633,3.9591049003037724,2042677378.0,759.0,1029.0,801.0,1024.0,55.0,0.0,True,0.07182813783052619,30
1,random,23,ATTIA_CONT_S01_ST23,6.43900559057135,5.223047863805936,5.525941457768785,3.2721857894823314,1169370510.0,833.0,1029.0,724.0,1024.0,55.0,0.0,True,0.11741098200332223,30
1,random,24,ATTIA_CONT_S01_ST24,5.450533558506853,6.643595297115377,4.327719364146963,3.727510615866802,1482256124.0,661.0,1029.0,756.0,1024.0,55.0,0.0,True,0.12573060906633243,30
1,random,25,ATTIA_CONT_S01_ST25,7.392190693984187,4.329943325436696,5.012324379476553,3.7369585402581813,1001733091.0,882.0,1029.0,783.0,1024.0,55.0,0.0,True,0.1326858045407878,30
1,greedy,0,,,,,,,,886.0,,930.0,149.0,0.0,False,0.0,30
1,greedy,1,ATTIA_CONT_S01_ST01,7.59,6.748,4.699,2.93618724656304,269084619.0,779.0,886.0,608.0,930.0,149.0,0.0,True,0.14320202323449083,30
1,greedy,2,ATTIA_CONT_S01_ST02,5.762,6.92,4.067,3.7120582091574414,705099649.0,677.0,886.0,701.0,930.0,149.0,0.0,True,0.07293215324068644,30
1,greedy,3,ATTIA_CONT_S01_ST03,5.33,5.416,5.286,3.6778362561817843,2069699063.0,789.0,886.0,869.0,930.0,149.0,0.0,True,0.07595829731105476,30
1,greedy,4,ATTIA_CONT_S01_ST04,6.407,6.618,4.07,3.5656884869689955,119824748.0,739.0,886.0,714.0,930.0,149.0,0.0,True,0.1546701221592033,30
1,greedy,5,ATTIA_CONT_S01_ST05,8.0,5.24,4.293,3.514243065932324,1290533336.0,751.0,886.0,698.0,930.0,149.0,0.0,True,0.05946315241682485,30
1,greedy,6,ATTIA_CONT_S01_ST06,8.0,4.799,4.801,3.428571641156486,249017691.0,844.0,886.0,688.0,930.0,149.0,0.0,False,0.000611477621241306,30
1,greedy,7,ATTIA_CONT_S01_ST07,8.0,6.005,3.997,3.4291459671176283,1016720131.0,823.0,886.0,669.0,930.0,149.0,0.0,True,0.00210165945993404,30
1,greedy,8,ATTIA_CONT_S01_ST08,7.94,5.958,4.051,3.4165308429349386,658429803.0,267.0,886.0,648.0,930.0,149.0,0.0,True,0.03194504494613715,30
1,greedy,9,ATTIA_CONT_S01_ST09,7.59,6.748,4.699,2.93618724656304,203725838.0,817.0,886.0,608.0,930.0,149.0,0.0,True,0.14320202323449083,30
1,greedy,10,ATTIA_CONT_S01_ST10,7.999,4.802,4.797,3.4292668523339547,1625178500.0,812.0,886.0,688.0,930.0,149.0,0.0,True,0.001631621249605174,30
1,greedy,11,ATTIA_CONT_S01_ST11,7.59,6.748,4.699,2.93618724656304,785912687.0,421.0,886.0,608.0,930.0,149.0,0.0,True,0.14320202323449083,30
1,greedy,12,ATTIA_CONT_S01_ST12,5.353,5.401,5.282,3.6758073890859033,39960198.0,621.0,886.0,869.0,930.0,149.0,0.0,True,0.08034717012701496,30
1,greedy,13,ATTIA_CONT_S01_ST13,7.928,4.801,4.826,3.428212120043146,1448492904.0,611.0,886.0,693.0,930.0,149.0,0.0,True,0.020904105437761736,30
1,greedy,14,ATTIA_CONT_S01_ST14,8.0,5.241,4.293,3.5137934283787873,1309398717.0,659.0,886.0,698.0,930.0,149.0,0.0,True,0.059443436515220355,30
1,greedy,15,ATTIA_CONT_S01_ST15,8.0,6.002,3.999,3.428653464521267,340211692.0,453.0,886.0,670.0,930.0,149.0,0.0,False,0.0007877164363917112,30
1,greedy,16,ATTIA_CONT_S01_ST16,6.384,4.833,3.974,4.58410109558223,1157967265.0,729.0,886.0,942.0,942.0,137.0,0.0,True,0.13183468888751154,30
1,greedy,17,ATTIA_CONT_S01_ST17,5.354,4.12,5.288,4.656984418498569,1257222752.0,902.0,902.0,1061.0,1061.0,18.0,0.0,True,0.08256740009958999,30
1,greedy,18,ATTIA_CONT_S01_ST18,6.654,6.102,4.65,3.288247811283571,1427603340.0,641.0,902.0,722.0,1061.0,18.0,0.0,True,0.12473426818614629,30
1,greedy,19,ATTIA_CONT_S01_ST19,4.195,5.654,5.53,4.2148467792627144,691782478.0,724.0,902.0,838.0,1061.0,18.0,0.0,True,0.10782515766067169,30
1,greedy,20,ATTIA_CONT_S01_ST20,6.341,5.548,4.889,3.438274492347568,553470807.0,914.0,914.0,750.0,1061.0,18.0,0.0,True,0.10943085560497415,30
1,greedy,21,ATTIA_CONT_S01_ST21,7.744,4.655,5.067,3.424389053087391,1136284885.0,829.0,914.0,704.0,1061.0,18.0,0.0,True,0.11720168046733037,30
1,greedy,22,ATTIA_CONT_S01_ST22,3.696,6.723,5.16,4.5407282144070145,2042677378.0,742.0,914.0,833.0,1061.0,18.0,0.0,True,0.08669672920963736,30
1,greedy,23,ATTIA_CONT_S01_ST23,6.505,6.227,4.291,3.496888069976169,1169370510.0,1035.0,1035.0,734.0,1061.0,18.0,0.0,True,0.15252230866029354,30
1,greedy,24,ATTIA_CONT_S01_ST24,6.019,5.686,4.894,3.4844373012487213,1482256124.0,778.0,1035.0,771.0,1061.0,18.0,0.0,True,0.06709991162755669,30
1,greedy,25,ATTIA_CONT_S01_ST25,4.983,6.987,4.419,3.7989225888230505,1001733091.0,713.0,1035.0,698.0,1061.0,18.0,0.0,True,0.07007947977307756,30
1,gp_ucb,0,,,,,,,,886.0,,930.0,149.0,0.0,False,0.0,30
1,gp_ucb,1,ATTIA_CONT_S01_ST01,7.59,6.748,4.699,2.93618724656304,269084619.0,779.0,886.0,608.0,930.0,149.0,0.0,True,0.14320202323449083,30
1,gp_ucb,2,ATTIA_CONT_S01_ST02,5.762,6.92,4.067,3.7120582091574414,705099649.0,677.0,886.0,701.0,930.0,149.0,0.0,True,0.07293215324068644,30
1,gp_ucb,3,ATTIA_CONT_S01_ST03,5.33,5.416,5.286,3.6778362561817843,2069699063.0,789.0,886.0,869.0,930.0,149.0,0.0,True,0.07595829731105476,30
1,gp_ucb,4,ATTIA_CONT_S01_ST04,6.407,6.618,4.07,3.5656884869689955,119824748.0,739.0,886.0,714.0,930.0,149.0,0.0,True,0.1546701221592033,30
1,gp_ucb,5,ATTIA_CONT_S01_ST05,7.919,5.044,4.241,3.6629236291958454,1290533336.0,662.0,886.0,711.0,930.0,149.0,0.0,True,0.10868626647012307,30
1,gp_ucb,6,ATTIA_CONT_S01_ST06,7.917,5.994,4.052,3.40834354189035,249017691.0,802.0,886.0,646.0,930.0,149.0,0.0,True,0.03349507305247105,30
1,gp_ucb,7,ATTIA_CONT_S01_ST07,7.991,4.804,4.801,3.4276773699126455,1016720131.0,842.0,886.0,688.0,930.0,149.0,0.0,True,0.0024848590793632662,30
1,gp_ucb,8,ATTIA_CONT_S01_ST08,8.0,4.776,4.796,3.442980681414393,658429803.0,932.0,932.0,690.0,930.0,149.0,0.0,True,0.009678122854341203,30
1,gp_ucb,9,ATTIA_CONT_S01_ST09,7.997,4.773,4.788,3.4492377079750116,203725838.0,747.0,932.0,692.0,930.0,149.0,0.0,True,0.013527962368492788,30
1,gp_ucb,10,ATTIA_CONT_S01_ST10,7.996,4.798,4.809,3.425746409968945,1625178500.0,532.0,932.0,687.0,930.0,149.0,0.0,True,0.004855934835333692,30
1,gp_ucb,11,ATTIA_CONT_S01_ST11,7.74,6.68,3.647,3.5684234849210594,785912687.0,738.0,932.0,651.0,930.0,149.0,0.0,True,0.12100905329807524,30
1,gp_ucb,12,ATTIA_CONT_S01_ST12,6.6,6.469,4.381,3.3447456547943015,39960198.0,912.0,932.0,683.0,930.0,149.0,0.0,True,0.16593336113497925,30
1,gp_ucb,13,ATTIA_CONT_S01_ST13,7.649,6.713,4.698,2.9344784429027615,1448492904.0,798.0,932.0,607.0,930.0,149.0,0.0,True,0.14062736467196896,30
1,gp_ucb,14,ATTIA_CONT_S01_ST14,6.477,5.988,4.25,3.61472677523818,1309398717.0,697.0,932.0,726.0,930.0,149.0,0.0,True,0.13396615699315542,30
1,gp_ucb,15,ATTIA_CONT_S01_ST15,7.995,6.001,4.0,3.429163996454549,340211692.0,528.0,932.0,687.0,930.0,149.0,0.0,True,0.0011761416932206078,30
1,gp_ucb,16,ATTIA_CONT_S01_ST16,6.384,4.833,3.974,4.58410109558223,1157967265.0,729.0,932.0,942.0,942.0,137.0,0.0,True,0.13183468888751154,30
1,gp_ucb,17,ATTIA_CONT_S01_ST17,5.354,4.12,5.288,4.656984418498569,1257222752.0,902.0,932.0,1061.0,1061.0,18.0,0.0,True,0.08256740009958999,30
1,gp_ucb,18,ATTIA_CONT_S01_ST18,6.654,6.102,4.65,3.288247811283571,1427603340.0,641.0,932.0,722.0,1061.0,18.0,0.0,True,0.12473426818614629,30
1,gp_ucb,19,ATTIA_CONT_S01_ST19,4.195,5.654,5.53,4.2148467792627144,691782478.0,724.0,932.0,838.0,1061.0,18.0,0.0,True,0.10782515766067169,30
1,gp_ucb,20,ATTIA_CONT_S01_ST20,6.341,5.548,4.889,3.438274492347568,553470807.0,914.0,932.0,750.0,1061.0,18.0,0.0,True,0.10943085560497415,30
1,gp_ucb,21,ATTIA_CONT_S01_ST21,7.744,4.655,5.067,3.424389053087391,1136284885.0,829.0,932.0,704.0,1061.0,18.0,0.0,True,0.11720168046733037,30
1,gp_ucb,22,ATTIA_CONT_S01_ST22,3.696,6.723,5.16,4.5407282144070145,2042677378.0,742.0,932.0,833.0,1061.0,18.0,0.0,True,0.08669672920963736,30
1,gp_ucb,23,ATTIA_CONT_S01_ST23,6.505,6.227,4.291,3.496888069976169,1169370510.0,1035.0,1035.0,734.0,1061.0,18.0,0.0,True,0.15252230866029354,30
1,gp_ucb,24,ATTIA_CONT_S01_ST24,6.019,5.686,4.894,3.4844373012487213,1482256124.0,778.0,1035.0,771.0,1061.0,18.0,0.0,True,0.06709991162755669,30
1,gp_ucb,25,ATTIA_CONT_S01_ST25,4.983,6.987,4.419,3.7989225888230505,1001733091.0,713.0,1035.0,698.0,1061.0,18.0,0.0,True,0.07007947977307756,30
2,random,0,,,,,,,,937.0,,868.0,211.0,0.0,False,0.0,30
2,random,1,ATTIA_CONT_S02_ST01,5.514930184290831,4.7535728436959825,5.596975290378676,3.80269544873977,1941161668.0,1005.0,1005.0,826.0,868.0,211.0,0.0,True,0.039403205880315956,30
2,random,2,ATTIA_CONT_S02_ST02,5.143338696850536,4.940132671351453,4.596998863637503,4.567249603620102,927065865.0,851.0,1005.0,1078.0,1078.0,1.0,0.0,True,0.12101393988017434,30
2,random,3,ATTIA_CONT_S02_ST03,4.78006638270177,5.921585469277788,4.193616489242623,4.612549106743708,108303682.0,875.0,1005.0,904.0,1078.0,1.0,0.0,True,0.13071402224615727,30
2,random,4,ATTIA_CONT_S02_ST04,7.719396470889048,4.390289774396475,5.102919760529515,3.5708178461678357,1225432312.0,700.0,1005.0,701.0,1078.0,1.0,0.0,True,0.0938122483186419,30
2,random,5,ATTIA_CONT_S02_ST05,6.910658762610042,6.517466736069506,4.48113293393484,3.2047417004568217,621413672.0,1071.0,1071.0,630.0,1078.0,1.0,0.0,True,0.15360683176623982,30
2,random,6,ATTIA_CONT_S02_ST06,6.94053013383569,6.877311019307734,3.8771983835295356,3.4973807756642397,1086525667.0,530.0,1071.0,629.0,1078.0,1.0,0.0,True,0.09540287254151045,30
2,random,7,ATTIA_CONT_S02_ST07,5.551505042169396,5.4737081449324165,5.422952696034249,3.4951701395384975,927387561.0,954.0,1071.0,771.0,1078.0,1.0,0.0,True,0.11428768907604338,30
2,random,8,ATTIA_CONT_S02_ST08,4.753856618236188,6.637538521174423,4.108778199721329,4.367991082225348,1439052620.0,1200.0,1200.0,835.0,1078.0,1.0,0.0,True,0.1231527694125226,30
2,random,9,ATTIA_CONT_S02_ST09,6.754685026978554,6.1093214144403145,4.440606353660921,3.373714800895615,242793598.0,706.0,1200.0,701.0,1078.0,1.0,0.0,True,0.06749147100679782,30
2,random,10,ATTIA_CONT_S02_ST10,5.9225501236194145,4.285899172798001,4.873764306627027,4.42509857620062,104744310.0,1062.0,1200.0,859.0,1078.0,1.0,0.0,True,0.06868777759284807,30
2,random,11,ATTIA_CONT_S02_ST11,7.396410950446177,3.885988912233153,4.437254356195545,4.641808292364268,596209205.0,1007.0,1200.0,907.0,1078.0,1.0,0.0,True,0.10030751898390151,30
2,random,12,ATTIA_CONT_S02_ST12,7.747619047079651,6.55090047429002,4.484500562444143,3.0430249019747886,1345443876.0,349.0,1200.0,616.0,1078.0,1.0,0.0,True,0.1550186674128009,30
2,random,13,ATTIA_CONT_S02_ST13,5.872405415195184,5.682858372863391,5.221283857498548,3.3834787221840754,497325323.0,595.0,1200.0,724.0,1078.0,1.0,0.0,True,0.0393615778600374,30
2,random,14,ATTIA_CONT_S02_ST14,4.228044142636097,5.030570694300823,5.420086150998728,4.68309850541518,1020449235.0,1042.0,1200.0,933.0,1078.0,1.0,0.0,True,0.11566371612217878,30
2,random,15,ATTIA_CONT_S02_ST15,6.485623908761905,6.374458742466048,5.192932320690992,3.033054179070382,1745963941.0,407.0,1200.0,673.0,1078.0,1.0,0.0,True,0.16081413864534522,30
2,random,16,ATTIA_CONT_S02_ST16,5.820792823412331,6.810202579775775,5.279121073706241,3.0743552936651017,1226576539.0,603.0,1200.0,635.0,1078.0,1.0,0.0,True,0.08372910243193303,30
2,random,17,ATTIA_CONT_S02_ST17,6.936261214472296,6.810121023929618,5.064519107079393,2.8996343983437973,1973593324.0,520.0,1200.0,583.0,1078.0,1.0,0.0,True,0.0970162768573217,30
2,random,18,ATTIA_CONT_S02_ST18,4.3987062345637185,6.670133777759999,4.28897255296798,4.486001655606677,1514112357.0,868.0,1200.0,794.0,1078.0,1.0,0.0,True,0.1578918122554699,30
2,random,19,ATTIA_CONT_S02_ST19,5.134380374604945,6.6755058240924345,4.872539718909272,3.5269051440168675,1131374181.0,554.0,1200.0,692.0,1078.0,1.0,0.0,True,0.10886733712891447,30
2,random,20,ATTIA_CONT_S02_ST20,6.350181003582142,4.695550202057125,5.239442308208791,3.676066335937322,428789225.0,987.0,1200.0,856.0,1078.0,1.0,0.0,True,0.09522915196529431,30
2,random,21,ATTIA_CONT_S02_ST21,5.322892963578173,6.752802827198316,4.64019424819003,3.5477260590760453,85090628.0,690.0,1200.0,732.0,1078.0,1.0,0.0,True,0.11998823211994863,30
2,random,22,ATTIA_CONT_S02_ST22,6.340186951037106,5.665870007093232,4.708363587774395,3.4876519258145566,1016746650.0,889.0,1200.0,756.0,1078.0,1.0,0.0,True,0.09985982343962874,30
2,random,23,ATTIA_CONT_S02_ST23,6.807102875382017,6.579837290713426,4.775723753082804,3.0763913770353724,2038582307.0,1038.0,1200.0,631.0,1078.0,1.0,0.0,True,0.14405925452348595,30
2,random,24,ATTIA_CONT_S02_ST24,7.428309148220571,5.033264239327146,4.676459454731565,3.494084702837063,844802895.0,766.0,1200.0,745.0,1078.0,1.0,0.0,True,0.1268552722524147,30
2,random,25,ATTIA_CONT_S02_ST25,7.7149230791895,6.4191964979962135,5.59692801344233,2.7081025503307066,654337903.0,417.0,1200.0,585.0,1078.0,1.0,0.0,True,0.14082146117730013,30
2,greedy,0,,,,,,,,937.0,,868.0,211.0,0.0,False,0.0,30
2,greedy,1,ATTIA_CONT_S02_ST01,7.74,6.68,3.647,3.5684234849210594,1941161668.0,937.0,937.0,651.0,868.0,211.0,0.0,True,0.12100905329807524,30
2,greedy,2,ATTIA_CONT_S02_ST02,6.6,6.469,4.381,3.3447456547943015,927065865.0,762.0,937.0,683.0,868.0,211.0,0.0,True,0.16593336113497925,30
2,greedy,3,ATTIA_CONT_S02_ST03,5.225,5.016,5.397,3.88658012387048,108303682.0,625.0,937.0,862.0,868.0,211.0,0.0,True,0.11269409850091697,30
2,greedy,4,ATTIA_CONT_S02_ST04,6.477,5.988,4.25,3.61472677523818,1225432312.0,610.0,937.0,726.0,868.0,211.0,0.0,True,0.13396615699315542,30
2,greedy,5,ATTIA_CONT_S02_ST05,6.677,5.31,3.952,4.128731892972987,621413672.0,914.0,937.0,832.0,868.0,211.0,0.0,True,0.09486025693262612,30
2,greedy,6,ATTIA_CONT_S02_ST06,6.384,4.833,3.974,4.58410109558223,1086525667.0,930.0,937.0,942.0,942.0,137.0,0.0,True,0.13183468888751154,30
2,greedy,7,ATTIA_CONT_S02_ST07,5.354,4.12,5.288,4.656984418498569,927387561.0,745.0,937.0,1061.0,1061.0,18.0,0.0,True,0.08256740009958999,30
2,greedy,8,ATTIA_CONT_S02_ST08,6.654,6.102,4.65,3.288247811283571,1439052620.0,445.0,937.0,722.0,1061.0,18.0,0.0,True,0.12473426818614629,30
2,greedy,9,ATTIA_CONT_S02_ST09,4.195,5.654,5.53,4.2148467792627144,242793598.0,793.0,937.0,838.0,1061.0,18.0,0.0,True,0.10782515766067169,30
2,greedy,10,ATTIA_CONT_S02_ST10,6.341,5.548,4.889,3.438274492347568,104744310.0,482.0,937.0,750.0,1061.0,18.0,0.0,True,0.10943085560497415,30
2,greedy,11,ATTIA_CONT_S02_ST11,7.752,6.676,3.646,3.5679766094552923,596209205.0,635.0,937.0,650.0,1061.0,18.0,0.0,True,0.12046205434411929,30
2,greedy,12,ATTIA_CONT_S02_ST12,3.696,6.723,5.16,4.5407282144070145,1345443876.0,987.0,987.0,833.0,1061.0,18.0,0.0,True,0.08669672920963736,30
2,greedy,13,ATTIA_CONT_S02_ST13,6.505,6.227,4.291,3.496888069976169,497325323.0,732.0,987.0,734.0,1061.0,18.0,0.0,True,0.15252230866029354,30
2,greedy,14,ATTIA_CONT_S02_ST14,6.019,5.686,4.894,3.4844373012487213,1020449235.0,1093.0,1093.0,771.0,1061.0,18.0,0.0,True,0.06709991162755669,30
2,greedy,15,ATTIA_CONT_S02_ST15,4.983,6.987,4.419,3.7989225888230505,1745963941.0,692.0,1093.0,698.0,1061.0,18.0,0.0,True,0.07007947977307756,30
2,greedy,16,ATTIA_CONT_S02_ST16,4.031,5.531,5.213,4.703034438346199,1226576539.0,1212.0,1212.0,988.0,1061.0,18.0,0.0,True,0.022515436729950777,30
2,greedy,17,ATTIA_CONT_S02_ST17,7.96,4.137,4.073,4.535870139215049,1973593324.0,893.0,1212.0,850.0,1061.0,18.0,0.0,True,0.12730102005697672,30
2,greedy,18,ATTIA_CONT_S02_ST18,6.793,4.888,5.227,3.445590809517181,1514112357.0,572.0,1212.0,731.0,1061.0,18.0,0.0,True,0.055402017076629055,30
2,greedy,19,ATTIA_CONT_S02_ST19,7.333,4.522,3.944,4.498977761895596,1131374181.0,883.0,1212.0,902.0,1061.0,18.0,0.0,True,0.12343689944495252,30
2,greedy,20,ATTIA_CONT_S02_ST20,7.308,4.881,3.893,4.259857580615184,428789225.0,758.0,1212.0,863.0,1061.0,18.0,0.0,True,0.09382008789880288,30
2,greedy,21,ATTIA_CONT_S02_ST21,4.356,6.606,5.514,3.689617027374433,85090628.0,766.0,1212.0,727.0,1061.0,18.0,0.0,True,0.14743024826791226,30
2,greedy,22,ATTIA_CONT_S02_ST22,7.469,4.131,5.112,3.820347244079065,1016746650.0,535.0,1212.0,779.0,1061.0,18.0,0.0,True,0.13693684797486377,30
2,greedy,23,ATTIA_CONT_S02_ST23,7.497,4.166,5.042,3.82300635530884,2038582307.0,853.0,1212.0,782.0,1061.0,18.0,0.0,True,0.1500946610959095,30
2,greedy,24,ATTIA_CONT_S02_ST24,7.069,5.551,4.427,3.498506174704043,844802895.0,668.0,1212.0,677.0,1061.0,18.0,0.0,True,0.026051595247592502,30
2,greedy,25,ATTIA_CONT_S02_ST25,3.964,5.721,5.169,4.699087682286566,654337903.0,985.0,1212.0,903.0,1061.0,18.0,0.0,True,0.039830577617631716,30
2,gp_ucb,0,,,,,,,,937.0,,868.0,211.0,0.0,False,0.0,30
2,gp_ucb,1,ATTIA_CONT_S02_ST01,7.74,6.68,3.647,3.5684234849210594,1941161668.0,937.0,937.0,651.0,868.0,211.0,0.0,True,0.12100905329807524,30
2,gp_ucb,2,ATTIA_CONT_S02_ST02,6.6,6.469,4.381,3.3447456547943015,927065865.0,762.0,937.0,683.0,868.0,211.0,0.0,True,0.16593336113497925,30
2,gp_ucb,3,ATTIA_CONT_S02_ST03,5.225,5.016,5.397,3.88658012387048,108303682.0,625.0,937.0,862.0,868.0,211.0,0.0,True,0.11269409850091697,30
2,gp_ucb,4,ATTIA_CONT_S02_ST04,6.477,5.988,4.25,3.61472677523818,1225432312.0,610.0,937.0,726.0,868.0,211.0,0.0,True,0.13396615699315542,30
2,gp_ucb,5,ATTIA_CONT_S02_ST05,6.677,5.31,3.952,4.128731892972987,621413672.0,914.0,937.0,832.0,868.0,211.0,0.0,True,0.09486025693262612,30
2,gp_ucb,6,ATTIA_CONT_S02_ST06,6.384,4.833,3.974,4.58410109558223,1086525667.0,930.0,937.0,942.0,942.0,137.0,0.0,True,0.13183468888751154,30
2,gp_ucb,7,ATTIA_CONT_S02_ST07,5.354,4.12,5.288,4.656984418498569,927387561.0,745.0,937.0,1061.0,1061.0,18.0,0.0,True,0.08256740009958999,30
2,gp_ucb,8,ATTIA_CONT_S02_ST08,6.654,6.102,4.65,3.288247811283571,1439052620.0,445.0,937.0,722.0,1061.0,18.0,0.0,True,0.12473426818614629,30
2,gp_ucb,9,ATTIA_CONT_S02_ST09,4.195,5.654,5.53,4.2148467792627144,242793598.0,793.0,937.0,838.0,1061.0,18.0,0.0,True,0.10782515766067169,30
2,gp_ucb,10,ATTIA_CONT_S02_ST10,6.341,5.548,4.889,3.438274492347568,104744310.0,482.0,937.0,750.0,1061.0,18.0,0.0,True,0.10943085560497415,30
2,gp_ucb,11,ATTIA_CONT_S02_ST11,7.752,6.679,3.646,3.5671202950750067,596209205.0,635.0,937.0,650.0,1061.0,18.0,0.0,True,0.11963177644957271,30
2,gp_ucb,12,ATTIA_CONT_S02_ST12,3.696,6.723,5.16,4.5407282144070145,1345443876.0,987.0,987.0,833.0,1061.0,18.0,0.0,True,0.08669672920963736,30
2,gp_ucb,13,ATTIA_CONT_S02_ST13,6.505,6.227,4.291,3.496888069976169,497325323.0,732.0,987.0,734.0,1061.0,18.0,0.0,True,0.15252230866029354,30
2,gp_ucb,14,ATTIA_CONT_S02_ST14,6.019,5.686,4.894,3.4844373012487213,1020449235.0,1093.0,1093.0,771.0,1061.0,18.0,0.0,True,0.06709991162755669,30
2,gp_ucb,15,ATTIA_CONT_S02_ST15,4.983,6.987,4.419,3.7989225888230505,1745963941.0,692.0,1093.0,698.0,1061.0,18.0,0.0,True,0.07007947977307756,30
2,gp_ucb,16,ATTIA_CONT_S02_ST16,4.031,5.531,5.213,4.703034438346199,1226576539.0,1212.0,1212.0,988.0,1061.0,18.0,0.0,True,0.022515436729950777,30
2,gp_ucb,17,ATTIA_CONT_S02_ST17,7.96,4.137,4.073,4.535870139215049,1973593324.0,893.0,1212.0,850.0,1061.0,18.0,0.0,True,0.12730102005697672,30
2,gp_ucb,18,ATTIA_CONT_S02_ST18,6.793,4.888,5.227,3.445590809517181,1514112357.0,572.0,1212.0,731.0,1061.0,18.0,0.0,True,0.055402017076629055,30
2,gp_ucb,19,ATTIA_CONT_S02_ST19,7.333,4.522,3.944,4.498977761895596,1131374181.0,883.0,1212.0,902.0,1061.0,18.0,0.0,True,0.12343689944495252,30
2,gp_ucb,20,ATTIA_CONT_S02_ST20,7.308,4.881,3.893,4.259857580615184,428789225.0,758.0,1212.0,863.0,1061.0,18.0,0.0,True,0.09382008789880288,30
2,gp_ucb,21,ATTIA_CONT_S02_ST21,4.356,6.606,5.514,3.689617027374433,85090628.0,766.0,1212.0,727.0,1061.0,18.0,0.0,True,0.14743024826791226,30
2,gp_ucb,22,ATTIA_CONT_S02_ST22,7.469,4.131,5.112,3.820347244079065,1016746650.0,535.0,1212.0,779.0,1061.0,18.0,0.0,True,0.13693684797486377,30
2,gp_ucb,23,ATTIA_CONT_S02_ST23,7.497,4.166,5.042,3.82300635530884,2038582307.0,853.0,1212.0,782.0,1061.0,18.0,0.0,True,0.1500946610959095,30
2,gp_ucb,24,ATTIA_CONT_S02_ST24,7.069,5.551,4.427,3.498506174704043,844802895.0,668.0,1212.0,677.0,1061.0,18.0,0.0,True,0.026051595247592502,30
2,gp_ucb,25,ATTIA_CONT_S02_ST25,3.963,5.719,5.163,4.706820230140301,654337903.0,893.0,1212.0,904.0,1061.0,18.0,0.0,True,0.04047183461243945,30
3,random,0,,,,,,,,906.0,,928.0,151.0,0.0,False,0.0,30
3,random,1,ATTIA_CONT_S03_ST01,5.352015935266265,6.682919881534165,5.085134952900009,3.3311010079522045,760084622.0,726.0,906.0,688.0,928.0,151.0,0.0,True,0.11821758535178609,30
3,random,2,ATTIA_CONT_S03_ST02,6.901268349943181,6.341003901111222,5.578788895867692,2.8451256744374356,847778129.0,548.0,906.0,603.0,928.0,151.0,0.0,True,0.10594150720184276,30
3,random,3,ATTIA_CONT_S03_ST03,4.566146544034726,6.642233637552804,5.5421718212044375,3.529280863628944,2081184555.0,1101.0,1101.0,715.0,928.0,151.0,0.0,True,0.11570781028101088,30
3,random,4,ATTIA_CONT_S03_ST04,6.377820666676738,4.939695270393278,5.519041938384385,3.4140475993946726,1500782712.0,803.0,1101.0,742.0,928.0,151.0,0.0,True,0.12286575096654494,30
3,random,5,ATTIA_CONT_S03_ST05,5.806070225407392,6.363735629875082,3.9576845570105763,3.979522968007126,1809521456.0,800.0,1101.0,762.0,928.0,151.0,0.0,True,0.11798586259616271,30
3,random,6,ATTIA_CONT_S03_ST06,5.356441263152508,5.900742270951179,4.118164926871074,4.267205419647587,1354231313.0,761.0,1101.0,865.0,928.0,151.0,0.0,True,0.091256057663499,30
3,random,7,ATTIA_CONT_S03_ST07,6.632506619789013,4.9714164523172695,3.664391351234291,4.7958354832329,1345301495.0,969.0,1101.0,885.0,928.0,151.0,0.0,True,0.16182569721320295,30
3,random,8,ATTIA_CONT_S03_ST08,6.487379352413219,5.769145482880856,3.902076697605368,4.006760286044334,59123934.0,754.0,1101.0,792.0,928.0,151.0,0.0,True,0.13887514821579552,30
3,random,9,ATTIA_CONT_S03_ST09,7.772343712150938,4.1000542963488025,4.066278072546862,4.654460627331963,1859248314.0,1020.0,1101.0,892.0,928.0,151.0,0.0,True,0.09464953587252424,30
3,random,10,ATTIA_CONT_S03_ST10,5.271167386408104,6.9199335352188704,4.024869209168251,3.9895203327186612,1375965547.0,883.0,1101.0,759.0,928.0,151.0,0.0,True,0.03612158498587973,30
3,random,11,ATTIA_CONT_S03_ST11,5.630820230442849,5.7606929753721685,4.239748253395987,4.060319688967247,1485743892.0,1030.0,1101.0,837.0,928.0,151.0,0.0,True,0.09531773091755581,30
3,random,12,ATTIA_CONT_S03_ST12,6.028802995128942,6.7366293756870945,3.6168871947803027,4.123032905619068,350920038.0,962.0,1101.0,801.0,928.0,151.0,0.0,True,0.08246779631827549,30
3,random,13,ATTIA_CONT_S03_ST13,5.558255961967075,5.44572880555454,4.157948343535729,4.361338553798222,366174410.0,889.0,1101.0,921.0,928.0,151.0,0.0,True,0.0954527204151433,30
3,random,14,ATTIA_CONT_S03_ST14,7.838063196506713,4.266447918105206,4.058406356578662,4.445202287965796,1441801654.0,686.0,1101.0,818.0,928.0,151.0,0.0,True,0.0809323930115567,30
3,random,15,ATTIA_CONT_S03_ST15,6.964357006737865,4.39207897742608,3.966948617387051,4.762369014057987,1969433814.0,922.0,1101.0,831.0,928.0,151.0,0.0,True,0.03757156363303215,30
3,random,16,ATTIA_CONT_S03_ST16,5.641001994805163,5.428567392862291,5.382670704243144,3.4956745801071474,1287081117.0,797.0,1101.0,772.0,928.0,151.0,0.0,True,0.10546794106080015,30
3,random,17,ATTIA_CONT_S03_ST17,3.698845822150121,6.56058127726055,5.228364574808641,4.560196143274145,1171307385.0,613.0,1101.0,855.0,928.0,151.0,0.0,True,0.1323580950812347,30
3,random,18,ATTIA_CONT_S03_ST18,3.6436008463095617,6.807949580354981,5.537242146406021,4.321574605703698,1012515879.0,745.0,1101.0,732.0,928.0,151.0,0.0,True,0.06924427151643725,30
3,random,19,ATTIA_CONT_S03_ST19,6.037557513073944,5.341543037150088,4.378289446811904,3.966807042880794,456413769.0,635.0,1101.0,891.0,928.0,151.0,0.0,True,0.056873057449622635,30
3,random,20,ATTIA_CONT_S03_ST20,4.818932402414862,4.98172730092386,5.26386889979829,4.253317999991897,272151058.0,813.0,1101.0,919.0,928.0,151.0,0.0,True,0.08327440440184769,30
3,random,21,ATTIA_CONT_S03_ST21,4.409666754308438,6.71019237501416,4.869237642878743,3.9657227481519834,1762578196.0,806.0,1101.0,738.0,928.0,151.0,0.0,True,0.09393369617317839,30
3,random,22,ATTIA_CONT_S03_ST22,4.646253554994131,6.2605945421098586,4.0525459895330105,4.725485506262319,1893023263.0,1000.0,1101.0,991.0,991.0,88.0,0.0,True,0.09443236955345923,30
3,random,23,ATTIA_CONT_S03_ST23,5.064468047482104,5.7539084427448035,4.380929139659139,4.2767531634867675,961652362.0,693.0,1101.0,831.0,991.0,88.0,0.0,True,0.05668982477950591,30
3,random,24,ATTIA_CONT_S03_ST24,6.852927302542378,6.903996638032506,4.111379517386306,3.3406907789769678,626989246.0,658.0,1101.0,632.0,991.0,88.0,0.0,True,0.07135757132363162,30
3,random,25,ATTIA_CONT_S03_ST25,5.9542126104994075,6.290888218379706,4.161935685064152,3.757249591553211,1583990402.0,980.0,1101.0,760.0,991.0,88.0,0.0,True,0.15250179320178012,30
3,greedy,0,,,,,,,,906.0,,928.0,151.0,0.0,False,0.0,30
3,greedy,1,ATTIA_CONT_S03_ST01,7.744,4.655,5.067,3.424389053087391,760084622.0,650.0,906.0,704.0,928.0,151.0,0.0,True,0.11720168046733037,30
3,greedy,2,ATTIA_CONT_S03_ST02,5.6,5.2,4.4,4.252035398230091,847778129.0,810.0,906.0,928.0,928.0,151.0,0.0,False,1.598114225331848e-05,30
3,greedy,3,ATTIA_CONT_S03_ST03,5.6,5.2,5.599,3.522976441879696,2081184555.0,518.0,906.0,776.0,928.0,151.0,0.0,False,0.0005001131057515724,30
3,greedy,4,ATTIA_CONT_S03_ST04,6.019,5.686,4.894,3.4844373012487213,1500782712.0,844.0,906.0,771.0,928.0,151.0,0.0,True,0.06709991162755669,30
3,greedy,5,ATTIA_CONT_S03_ST05,4.983,6.987,4.419,3.7989225888230505,1809521456.0,632.0,906.0,698.0,928.0,151.0,0.0,True,0.07007947977307756,30
3,greedy,6,ATTIA_CONT_S03_ST06,5.569,5.217,4.398,4.260563105394158,1354231313.0,966.0,966.0,931.0,931.0,148.0,0.0,True,0.009517567463176085,30
3,greedy,7,ATTIA_CONT_S03_ST07,5.581,5.212,4.399,4.2559592488862075,1345301495.0,912.0,966.0,930.0,931.0,148.0,0.0,True,0.005877796797965154,30
3,greedy,8,ATTIA_CONT_S03_ST08,5.575,5.216,4.4,4.2558512690648,59123934.0,939.0,966.0,930.0,931.0,148.0,0.0,True,0.0075796794460509,30
3,greedy,9,ATTIA_CONT_S03_ST09,5.557,5.226,4.402,4.257860908439822,1859248314.0,1107.0,1107.0,931.0,931.0,148.0,0.0,True,0.01272733542629658,30
3,greedy,10,ATTIA_CONT_S03_ST10,5.525,5.246,4.403,4.262600792148668,1375965547.0,662.0,1107.0,933.0,933.0,146.0,0.0,True,0.022332654216740706,30
3,greedy,11,ATTIA_CONT_S03_ST11,8.0,6.0,4.4,3.180722891566266,1485743892.0,572.0,1107.0,646.0,933.0,146.0,0.0,False,0.000125105387690283,30
3,greedy,12,ATTIA_CONT_S03_ST12,5.567,5.219,4.401,4.257589308629731,350920038.0,1218.0,1218.0,931.0,933.0,146.0,0.0,True,0.009700302587684945,30
3,greedy,13,ATTIA_CONT_S03_ST13,5.532,5.247,4.42,4.242007486664266,366174410.0,920.0,1218.0,929.0,933.0,146.0,0.0,True,0.023458147890464763,30
3,greedy,14,ATTIA_CONT_S03_ST14,5.37,5.129,4.316,4.536221282951574,1441801654.0,831.0,1218.0,963.0,963.0,116.0,0.0,True,0.06145066653150828,30
3,greedy,15,ATTIA_CONT_S03_ST15,5.384,5.184,4.345,4.453410864742238,1969433814.0,1178.0,1218.0,977.0,977.0,102.0,0.0,True,0.057668107764788284,30
3,greedy,16,ATTIA_CONT_S03_ST16,5.15892202425721,5.003564876617672,4.341152630565578,4.778211803136897,1287081117.0,812.0,1218.0,1017.0,1017.0,62.0,0.0,True,0.1352948726315311,30
3,greedy,17,ATTIA_CONT_S03_ST17,5.285,5.2,4.273,4.591720997220533,1171307385.0,1344.0,1344.0,1081.0,1081.0,0.0,2.0,True,0.07465985601461209,30
3,greedy,18,ATTIA_CONT_S03_ST18,5.291447428972073,5.269844286699534,4.098224586947052,4.748741773170947,1012515879.0,1351.0,1351.0,1084.0,1084.0,0.0,5.0,True,0.09003744982680474,30
3,greedy,19,ATTIA_CONT_S03_ST19,5.12845991277551,5.546146739039293,4.012052885752952,4.789531222177929,456413769.0,868.0,1351.0,947.0,1084.0,0.0,5.0,True,0.044044014507952776,30
3,greedy,20,ATTIA_CONT_S03_ST20,5.842835365203047,5.101820862251483,3.8963746575472373,4.772671219525872,272151058.0,552.0,1351.0,879.0,1084.0,0.0,5.0,True,0.08627477595971275,30
3,greedy,21,ATTIA_CONT_S03_ST21,5.27,5.266,4.189,4.651982860999195,1762578196.0,988.0,1351.0,1080.0,1084.0,0.0,5.0,True,0.12461589072077622,30
3,greedy,22,ATTIA_CONT_S03_ST22,5.27,5.262,4.21,4.629447189957248,1893023263.0,1030.0,1351.0,1078.0,1084.0,0.0,5.0,True,0.11060685873673116,30
3,greedy,23,ATTIA_CONT_S03_ST23,5.267,5.264,4.209,4.631426401737016,961652362.0,969.0,1351.0,1079.0,1084.0,0.0,5.0,True,0.111454146043457,30
3,greedy,24,ATTIA_CONT_S03_ST24,4.676705954571504,5.396758180925768,4.425117217738312,4.802417097130546,626989246.0,914.0,1351.0,998.0,1084.0,0.0,5.0,True,0.12727699980806528,30
3,greedy,25,ATTIA_CONT_S03_ST25,4.8856456591616455,5.243924569352632,4.375275554127048,4.775590400734888,1583990402.0,958.0,1351.0,1009.0,1084.0,0.0,5.0,True,0.13841614756282866,30
3,gp_ucb,0,,,,,,,,906.0,,928.0,151.0,0.0,False,0.0,30
3,gp_ucb,1,ATTIA_CONT_S03_ST01,7.744,4.655,5.067,3.424389053087391,760084622.0,650.0,906.0,704.0,928.0,151.0,0.0,True,0.11720168046733037,30
3,gp_ucb,2,ATTIA_CONT_S03_ST02,5.613,5.206,5.42,3.589535394178568,847778129.0,981.0,981.0,803.0,928.0,151.0,0.0,True,0.09494292060283538,30
3,gp_ucb,3,ATTIA_CONT_S03_ST03,5.419,5.188,5.172,3.8066795443847705,2081184555.0,947.0,981.0,922.0,928.0,151.0,0.0,True,0.0642970210294319,30
3,gp_ucb,4,ATTIA_CONT_S03_ST04,5.698,5.561,5.207,3.4969898893513407,1500782712.0,702.0,981.0,768.0,928.0,151.0,0.0,True,0.02788888842499915,30
3,gp_ucb,5,ATTIA_CONT_S03_ST05,5.571,4.911,5.419,3.76404075484653,1809521456.0,1164.0,1164.0,825.0,928.0,151.0,0.0,True,0.09744695736575433,30
3,gp_ucb,6,ATTIA_CONT_S03_ST06,5.786,4.548,5.468,3.8798297352956195,1354231313.0,665.0,1164.0,835.0,928.0,151.0,0.0,True,0.09510209007398207,30
3,gp_ucb,7,ATTIA_CONT_S03_ST07,5.404,5.04,5.428,3.7644564046871594,1345301495.0,589.0,1164.0,826.0,928.0,151.0,0.0,True,0.11204995190926954,30
3,gp_ucb,8,ATTIA_CONT_S03_ST08,5.556,5.103,5.411,3.6687035882292287,59123934.0,644.0,1164.0,796.0,928.0,151.0,0.0,True,0.11077068916177955,30
3,gp_ucb,9,ATTIA_CONT_S03_ST09,7.333,4.522,3.944,4.498977761895596,1859248314.0,1009.0,1164.0,902.0,928.0,151.0,0.0,True,0.12343689944495252,30
3,gp_ucb,10,ATTIA_CONT_S03_ST10,7.308,4.881,3.893,4.259857580615184,1375965547.0,775.0,1164.0,863.0,928.0,151.0,0.0,True,0.09382008789880288,30
3,gp_ucb,11,ATTIA_CONT_S03_ST11,4.356,6.606,5.514,3.689617027374433,1485743892.0,492.0,1164.0,727.0,928.0,151.0,0.0,True,0.14743024826791226,30
3,gp_ucb,12,ATTIA_CONT_S03_ST12,7.469,4.131,5.112,3.820347244079065,350920038.0,843.0,1164.0,779.0,928.0,151.0,0.0,True,0.13693684797486377,30
3,gp_ucb,13,ATTIA_CONT_S03_ST13,7.497,4.166,5.042,3.82300635530884,366174410.0,786.0,1164.0,782.0,928.0,151.0,0.0,True,0.1500946610959095,30
3,gp_ucb,14,ATTIA_CONT_S03_ST14,7.069,5.551,4.427,3.498506174704043,1441801654.0,896.0,1164.0,677.0,928.0,151.0,0.0,True,0.026051595247592502,30
3,gp_ucb,15,ATTIA_CONT_S03_ST15,3.888,6.747,5.035,4.360948097881687,1969433814.0,776.0,1164.0,741.0,928.0,151.0,0.0,True,0.1433970423450357,30
3,gp_ucb,16,ATTIA_CONT_S03_ST16,5.214,6.706,5.537,3.2069928176631213,1287081117.0,1099.0,1164.0,674.0,928.0,151.0,0.0,True,0.09858684247587766,30
3,gp_ucb,17,ATTIA_CONT_S03_ST17,7.183,6.378,3.605,3.847126521518256,1171307385.0,813.0,1164.0,678.0,928.0,151.0,0.0,True,0.15418005962190237,30
3,gp_ucb,18,ATTIA_CONT_S03_ST18,5.357,6.421,5.391,3.2740901469220187,1012515879.0,658.0,1164.0,729.0,928.0,151.0,0.0,True,0.17228179843105554,30
3,gp_ucb,19,ATTIA_CONT_S03_ST19,7.109,5.526,4.424,3.500615272596968,456413769.0,807.0,1164.0,676.0,928.0,151.0,0.0,True,0.03553382984956086,30
3,gp_ucb,20,ATTIA_CONT_S03_ST20,5.23,6.683,5.53,3.208588546038416,272151058.0,541.0,1164.0,676.0,928.0,151.0,0.0,True,0.10609141925433364,30
3,gp_ucb,21,ATTIA_CONT_S03_ST21,7.291,4.646,4.579,3.8087877821763514,1762578196.0,857.0,1164.0,867.0,928.0,151.0,0.0,True,0.13092493502189778,30
3,gp_ucb,22,ATTIA_CONT_S03_ST22,6.873,5.318,5.457,3.159108756054406,1893023263.0,486.0,1164.0,672.0,928.0,151.0,0.0,True,0.08564245808661035,30
3,gp_ucb,23,ATTIA_CONT_S03_ST23,6.838,5.498,4.918,3.3126542903856047,961652362.0,626.0,1164.0,689.0,928.0,151.0,0.0,True,0.07620698953102645,30
3,gp_ucb,24,ATTIA_CONT_S03_ST24,6.266,5.097,4.197,4.179158515641883,626989246.0,773.0,1164.0,883.0,928.0,151.0,0.0,True,0.13577436054538378,30
3,gp_ucb,25,ATTIA_CONT_S03_ST25,5.616,6.587,3.645,4.3647527246056015,1583990402.0,542.0,1164.0,802.0,928.0,151.0,0.0,True,0.1306372514863736,30
4,random,0,,,,,,,,862.0,,854.0,225.0,0.0,False,0.0,30
4,random,1,ATTIA_CONT_S04_ST01,6.598493772958367,4.337460073984167,4.886441633246055,4.055379830046899,2029183676.0,881.0,881.0,844.0,854.0,225.0,0.0,True,0.11853825001174374,30
4,random,2,ATTIA_CONT_S04_ST02,7.37495705535812,4.912853680715359,4.922457425833435,3.4359411465012073,101172496.0,484.0,881.0,738.0,854.0,225.0,0.0,True,0.13484761316626792,30
4,random,3,ATTIA_CONT_S04_ST03,6.359126012946898,6.595424789798673,4.95900190250073,3.097842755919289,273037083.0,494.0,881.0,653.0,854.0,225.0,0.0,True,0.1679364575472687,30
4,random,4,ATTIA_CONT_S04_ST04,7.5484257392002085,4.143311451161482,4.232402678857468,4.479682199539983,790129428.0,885.0,885.0,867.0,867.0,212.0,0.0,True,0.15498820890430975,30
4,random,5,ATTIA_CONT_S04_ST05,5.5448806452877095,5.603008393998863,5.414053300119685,3.450575222228807,1014913267.0,617.0,885.0,754.0,867.0,212.0,0.0,True,0.10234202785677787,30
4,random,6,ATTIA_CONT_S04_ST06,6.315272940173886,6.451192855879331,5.310738096808392,3.014961318063541,924755915.0,564.0,885.0,670.0,867.0,212.0,0.0,True,0.18508149208145575,30
4,random,7,ATTIA_CONT_S04_ST07,6.641285689139725,6.533463307561446,3.645673053856784,3.915363524621725,2128149545.0,906.0,906.0,724.0,867.0,212.0,0.0,True,0.18689725951782432,30
4,random,8,ATTIA_CONT_S04_ST08,7.7045784146254,5.863007647250413,3.9277322910278643,3.592217015683369,1697857910.0,668.0,906.0,674.0,867.0,212.0,0.0,True,0.10892690899942506,30
4,random,9,ATTIA_CONT_S04_ST09,7.260661499273612,5.033317091888634,3.677206077595309,4.444778266942818,905910633.0,562.0,906.0,859.0,867.0,212.0,0.0,True,0.09558551999158323,30
4,random,10,ATTIA_CONT_S04_ST10,7.2089744855889535,4.885871241529367,4.212162018626777,3.9598034256263968,1124809757.0,983.0,983.0,845.0,867.0,212.0,0.0,True,0.10943322766616058,30
4,random,11,ATTIA_CONT_S04_ST11,5.026529828923327,4.193191608306091,5.407368708999748,4.739914555804425,1551819200.0,1151.0,1151.0,970.0,970.0,109.0,0.0,True,0.11950098428077219,30
4,random,12,ATTIA_CONT_S04_ST12,5.974527495840137,4.613796020130849,5.1630340119582945,3.9134310440990876,750244038.0,872.0,1151.0,844.0,970.0,109.0,0.0,True,0.08924971530154562,30
4,random,13,ATTIA_CONT_S04_ST13,7.268825112727388,4.473004255759455,5.407118831172269,3.481230500972242,904459827.0,1074.0,1151.0,755.0,970.0,109.0,0.0,True,0.11704845683219617,30
4,random,14,ATTIA_CONT_S04_ST14,7.181778694410845,5.602005323617689,5.370917722264446,3.0358537201199316,2128301589.0,458.0,1151.0,624.0,970.0,109.0,0.0,True,0.10382085200161417,30
4,random,15,ATTIA_CONT_S04_ST15,5.974326408630499,4.760061210670956,4.825331642722671,4.022049307929577,635238700.0,986.0,1151.0,849.0,970.0,109.0,0.0,True,0.02077371128072218,30
4,random,16,ATTIA_CONT_S04_ST16,4.762345871826913,6.763549552144422,3.978478925724411,4.4613165224152365,1989792512.0,654.0,1151.0,787.0,970.0,109.0,0.0,True,0.09907812208413741,30
4,random,17,ATTIA_CONT_S04_ST17,5.563461735686304,5.670392936346896,3.7475392420333167,4.753015734151762,264733481.0,839.0,1151.0,919.0,970.0,109.0,0.0,True,0.12210533534990184,30
4,random,18,ATTIA_CONT_S04_ST18,5.7182556625894465,6.026701035394481,4.046042487877621,4.075453265734885,1121513136.0,853.0,1151.0,895.0,970.0,109.0,0.0,True,0.06690038085917731,30
4,random,19,ATTIA_CONT_S04_ST19,6.20943100737228,4.235059844365751,5.1802224901477825,4.113162851038805,922853348.0,908.0,1151.0,960.0,970.0,109.0,0.0,True,0.07489317172603674,30
4,random,20,ATTIA_CONT_S04_ST20,6.3598975927678705,5.645393286532655,5.491872620311498,3.155815885961746,559061571.0,789.0,1151.0,687.0,970.0,109.0,0.0,True,0.10461202757420333,30
4,random,21,ATTIA_CONT_S04_ST21,4.178261095013514,6.259313299836216,4.500653997447903,4.715925517206063,1723380921.0,1258.0,1258.0,979.0,979.0,100.0,0.0,True,0.10435583971583469,30
4,random,22,ATTIA_CONT_S04_ST22,4.440773409568002,5.311688229095646,5.451147405599671,4.229480528458411,1988114185.0,739.0,1258.0,890.0,979.0,100.0,0.0,True,0.0825081652754959,30
4,random,23,ATTIA_CONT_S04_ST23,5.564898996140532,6.825266493287842,3.6677174504439884,4.264901761471966,755281650.0,657.0,1258.0,767.0,979.0,100.0,0.0,True,0.06211918129877179,30
4,random,24,ATTIA_CONT_S04_ST24,7.845958148545359,5.147314395639997,4.214831969586547,3.6450358528595483,1948180268.0,691.0,1258.0,755.0,979.0,100.0,0.0,True,0.12510472542803738,30
4,random,25,ATTIA_CONT_S04_ST25,6.525504000917212,5.1636122064262615,5.057861558886707,3.4636404223156894,1353605430.0,894.0,1258.0,753.0,979.0,100.0,0.0,True,0.14414829035074428,30
4,greedy,0,,,,,,,,862.0,,854.0,225.0,0.0,False,0.0,30
4,greedy,1,ATTIA_CONT_S04_ST01,4.797,5.6,5.201,3.936580669859557,2029183676.0,902.0,902.0,854.0,854.0,225.0,0.0,True,0.0011064043304153193,30
4,greedy,2,ATTIA_CONT_S04_ST02,4.792,5.6,5.202,3.939380601897361,101172496.0,1086.0,1086.0,855.0,855.0,224.0,0.0,True,0.0028665442575715404,30
4,greedy,3,ATTIA_CONT_S04_ST03,4.789,5.6,5.203,3.9408364631177646,273037083.0,595.0,1086.0,855.0,855.0,224.0,0.0,True,0.003929768157099723,30
4,greedy,4,ATTIA_CONT_S04_ST04,7.069,5.551,4.427,3.498506174704043,790129428.0,430.0,1086.0,677.0,855.0,224.0,0.0,True,0.026051595247592502,30
4,greedy,5,ATTIA_CONT_S04_ST05,4.798,5.597,5.201,3.9373907933586483,1014913267.0,923.0,1086.0,855.0,855.0,224.0,0.0,True,0.0015492536825449875,30
4,greedy,6,ATTIA_CONT_S04_ST06,6.001,6.0,5.6,3.1108423176850315,924755915.0,603.0,1086.0,725.0,855.0,224.0,0.0,False,0.00023816104096400852,30
4,greedy,7,ATTIA_CONT_S04_ST07,4.797,5.599,5.201,3.937074974111555,2128149545.0,741.0,1086.0,854.0,855.0,224.0,0.0,True,0.0012957404890631171,30
4,greedy,8,ATTIA_CONT_S04_ST08,4.827,5.583,5.197,3.9272447139450963,1697857910.0,1094.0,1094.0,854.0,855.0,224.0,0.0,True,0.008784290805065658,30
4,greedy,9,ATTIA_CONT_S04_ST09,4.822,5.586,5.197,3.929075078823348,905910633.0,926.0,1094.0,854.0,855.0,224.0,0.0,True,0.00716659961242471,30
4,greedy,10,ATTIA_CONT_S04_ST10,4.833,5.578,5.197,3.9257548255847223,1124809757.0,961.0,1094.0,854.0,855.0,224.0,0.0,True,0.010853105557344006,30
4,greedy,11,ATTIA_CONT_S04_ST11,4.892,5.575,5.24,3.8653905669248694,1551819200.0,770.0,1094.0,840.0,855.0,224.0,0.0,True,0.043345971272014776,30
4,greedy,12,ATTIA_CONT_S04_ST12,4.831,5.581,5.196,3.926160563925645,750244038.0,952.0,1094.0,854.0,855.0,224.0,0.0,True,0.010039552685815866,30
4,greedy,13,ATTIA_CONT_S04_ST13,4.832,5.58,5.196,3.92599520653362,904459827.0,1072.0,1094.0,854.0,855.0,224.0,0.0,True,0.010393356886359064,30
4,greedy,14,ATTIA_CONT_S04_ST14,4.834,5.579,5.196,3.9251707349851634,2128301589.0,565.0,1094.0,854.0,855.0,224.0,0.0,True,0.011025051039252588,30
4,greedy,15,ATTIA_CONT_S04_ST15,4.827,5.583,5.196,3.927815952134837,635238700.0,789.0,1094.0,854.0,855.0,224.0,0.0,True,0.008784893782639027,30
4,greedy,16,ATTIA_CONT_S04_ST16,4.825,5.584,5.196,3.9286460820399207,1989792512.0,1287.0,1287.0,854.0,855.0,224.0,0.0,True,0.008164384369495351,30
4,greedy,17,ATTIA_CONT_S04_ST17,4.854,5.592,5.166,3.9228390692936936,264733481.0,870.0,1287.0,854.0,855.0,224.0,0.0,True,0.02180135650790555,30
4,greedy,18,ATTIA_CONT_S04_ST18,4.826,5.583,5.196,3.9284783377248433,1121513136.0,858.0,1287.0,855.0,855.0,224.0,0.0,True,0.00851976280701695,30
4,greedy,19,ATTIA_CONT_S04_ST19,4.826,5.583,5.196,3.9284783377248433,922853348.0,864.0,1287.0,855.0,855.0,224.0,0.0,True,0.00851976280701695,30
4,greedy,20,ATTIA_CONT_S04_ST20,4.827,5.583,5.196,3.927815952134837,559061571.0,1046.0,1287.0,854.0,855.0,224.0,0.0,True,0.008784893782639027,30
4,greedy,21,ATTIA_CONT_S04_ST21,4.593,5.388,5.306,4.139977612231132,1723380921.0,953.0,1287.0,954.0,954.0,125.0,0.0,True,0.09034061071956458,30
4,greedy,22,ATTIA_CONT_S04_ST22,4.527,5.278,5.379,4.218294654710138,1988114185.0,879.0,1287.0,969.0,969.0,110.0,0.0,True,0.11436271200576237,30
4,greedy,23,ATTIA_CONT_S04_ST23,4.541,5.311,5.36,4.197062144997662,755281650.0,1086.0,1287.0,965.0,969.0,110.0,0.0,True,0.10588073251260294,30
4,greedy,24,ATTIA_CONT_S04_ST24,4.438,5.123,5.497,4.331046595781773,1948180268.0,1154.0,1287.0,833.0,969.0,110.0,0.0,True,0.06718098317140561,30
4,greedy,25,ATTIA_CONT_S04_ST25,4.377,4.835,5.6,4.556437930980791,1353605430.0,1047.0,1287.0,920.0,969.0,110.0,0.0,True,0.011919311907856311,30
4,gp_ucb,0,,,,,,,,862.0,,854.0,225.0,0.0,False,0.0,30
4,gp_ucb,1,ATTIA_CONT_S04_ST01,4.666,5.48,5.282,4.045094320326946,2029183676.0,991.0,991.0,929.0,929.0,150.0,0.0,True,0.07952760473459838,30
4,gp_ucb,2,ATTIA_CONT_S04_ST02,4.563,5.497,5.315,4.096428215071617,101172496.0,1163.0,1163.0,932.0,932.0,147.0,0.0,True,0.10261278864478862,30
4,gp_ucb,3,ATTIA_CONT_S04_ST03,4.503,5.503,5.336,4.129947963924165,273037083.0,674.0,1163.0,934.0,934.0,145.0,0.0,True,0.09498525310921896,30
4,gp_ucb,4,ATTIA_CONT_S04_ST04,4.655,5.491,5.284,4.046227268698412,790129428.0,681.0,1163.0,928.0,934.0,145.0,0.0,True,0.0799960235237286,30
4,gp_ucb,5,ATTIA_CONT_S04_ST05,3.888,6.747,5.035,4.360948097881687,1014913267.0,686.0,1163.0,741.0,934.0,145.0,0.0,True,0.1433970423450357,30
4,gp_ucb,6,ATTIA_CONT_S04_ST06,5.214,6.706,5.537,3.2069928176631213,924755915.0,745.0,1163.0,674.0,934.0,145.0,0.0,True,0.09858684247587766,30
4,gp_ucb,7,ATTIA_CONT_S04_ST07,7.183,6.378,3.605,3.847126521518256,2128149545.0,723.0,1163.0,678.0,934.0,145.0,0.0,True,0.15418005962190237,30
4,gp_ucb,8,ATTIA_CONT_S04_ST08,5.357,6.421,5.391,3.2740901469220187,1697857910.0,825.0,1163.0,729.0,934.0,145.0,0.0,True,0.17228179843105554,30
4,gp_ucb,9,ATTIA_CONT_S04_ST09,7.205,5.228,5.474,3.119333297307698,905910633.0,493.0,1163.0,720.0,934.0,145.0,0.0,True,0.07890867581925932,30
4,gp_ucb,10,ATTIA_CONT_S04_ST10,4.636,5.52,5.27,4.053220405978746,1124809757.0,971.0,1163.0,927.0,934.0,145.0,0.0,True,0.07756628469056841,30
4,gp_ucb,11,ATTIA_CONT_S04_ST11,4.62,5.502,5.297,4.0593489581668125,1551819200.0,1030.0,1163.0,927.0,934.0,145.0,0.0,True,0.08948877743410044,30
4,gp_ucb,12,ATTIA_CONT_S04_ST12,4.635,5.492,5.289,4.0579653568584915,750244038.0,1112.0,1163.0,929.0,934.0,145.0,0.0,True,0.08647192209733451,30
4,gp_ucb,13,ATTIA_CONT_S04_ST13,4.641,5.468,5.292,4.064779065339698,904459827.0,923.0,1163.0,933.0,934.0,145.0,0.0,True,0.0914440184583822,30
4,gp_ucb,14,ATTIA_CONT_S04_ST14,4.647,5.438,5.298,4.0733342298699595,2128301589.0,877.0,1163.0,937.0,937.0,142.0,0.0,True,0.09889797300645631,30
4,gp_ucb,15,ATTIA_CONT_S04_ST15,4.67,5.403,5.28,4.086231415048386,635238700.0,978.0,1163.0,946.0,946.0,133.0,0.0,True,0.08453927757229611,30
4,gp_ucb,16,ATTIA_CONT_S04_ST16,4.667,5.255,5.323,4.151031453523342,1989792512.0,1250.0,1250.0,968.0,968.0,111.0,0.0,True,0.07052666630558588,30
4,gp_ucb,17,ATTIA_CONT_S04_ST17,4.726,4.852,5.402,4.338005159380319,264733481.0,924.0,1250.0,926.0,968.0,111.0,0.0,True,0.11663551850937473,30
4,gp_ucb,18,ATTIA_CONT_S04_ST18,4.66,4.969,5.421,4.291375609571087,1121513136.0,1031.0,1250.0,910.0,968.0,111.0,0.0,True,0.11487009809439194,30
4,gp_ucb,19,ATTIA_CONT_S04_ST19,4.617,4.819,5.528,4.379562852517282,922853348.0,967.0,1250.0,917.0,968.0,111.0,0.0,True,0.0981267045255042,30
4,gp_ucb,20,ATTIA_CONT_S04_ST20,4.638,4.804,5.524,4.3756964318824565,559061571.0,851.0,1250.0,918.0,968.0,111.0,0.0,True,0.09535624517720367,30
4,gp_ucb,21,ATTIA_CONT_S04_ST21,4.746,4.991,5.342,4.25399539926184,1723380921.0,1009.0,1250.0,912.0,968.0,111.0,0.0,True,0.103783688952972,30
4,gp_ucb,22,ATTIA_CONT_S04_ST22,4.765,4.928,5.312,4.304877360652099,1988114185.0,932.0,1250.0,926.0,968.0,111.0,0.0,True,0.0966089924664324,30
4,gp_ucb,23,ATTIA_CONT_S04_ST23,4.737,4.957,5.393,4.25407393499065,755281650.0,906.0,1250.0,909.0,968.0,111.0,0.0,True,0.11681396482542729,30
4,gp_ucb,24,ATTIA_CONT_S04_ST24,4.662,5.024,5.443,4.23609770543396,1948180268.0,1129.0,1250.0,896.0,968.0,111.0,0.0,True,0.10840665165541219,30
4,gp_ucb,25,ATTIA_CONT_S04_ST25,4.664,4.993,5.571,4.18158586370365,1353605430.0,854.0,1250.0,877.0,968.0,111.0,0.0,True,0.06676051242112303,30
5,random,0,,,,,,,,1075.0,,986.0,93.0,0.0,False,0.0,30
5,random,1,ATTIA_CONT_S05_ST01,4.04154525212592,5.943014865532847,4.801868978013042,4.775863728462668,1532158637.0,936.0,1075.0,879.0,986.0,93.0,0.0,True,0.02212858393564985,30
5,random,2,ATTIA_CONT_S05_ST02,3.9663340704768335,5.993013131947842,4.928052032645142,4.729687814261869,530150755.0,708.0,1075.0,814.0,986.0,93.0,0.0,True,0.07190101595713377,30
5,random,3,ATTIA_CONT_S05_ST03,5.376480616512877,4.2733841076103385,5.303285813551566,4.449009456979805,376899786.0,1014.0,1075.0,958.0,986.0,93.0,0.0,True,0.08110029148880536,30
5,random,4,ATTIA_CONT_S05_ST04,5.388141964665982,5.268994758604862,4.319418991319839,4.416210957100659,1774201456.0,1231.0,1231.0,965.0,986.0,93.0,0.0,True,0.07676671070196524,30
5,random,5,ATTIA_CONT_S05_ST05,4.154414587969764,6.734704104066771,4.929987457129221,4.144207880748058,1121728428.0,734.0,1231.0,775.0,986.0,93.0,0.0,True,0.130431270986843,30
5,random,6,ATTIA_CONT_S05_ST06,6.113068405652183,6.354003918780725,4.706516353273939,3.3344791916458068,381491225.0,579.0,1231.0,753.0,986.0,93.0,0.0,True,0.12452656885415936,30
5,random,7,ATTIA_CONT_S05_ST07,6.426339521886329,6.4150496315302785,4.794225223930971,3.1922768708802542,1989972909.0,545.0,1231.0,682.0,986.0,93.0,0.0,True,0.17891245779264833,30
5,random,8,ATTIA_CONT_S05_ST08,6.331785073942828,4.2870614976100985,4.3528862481921955,4.707934991303841,1566179438.0,872.0,1231.0,974.0,986.0,93.0,0.0,True,0.0857427902620293,30
5,random,9,ATTIA_CONT_S05_ST09,6.842101725816372,6.0412029264065294,4.620687621157733,3.2762022743942274,64717437.0,837.0,1231.0,708.0,986.0,93.0,0.0,True,0.10849789846730137,30
5,random,10,ATTIA_CONT_S05_ST10,6.215136482776565,6.022858725820725,4.675544152998391,3.418536243932337,627003822.0,718.0,1231.0,797.0,986.0,93.0,0.0,True,0.07956455971294728,30
5,random,11,ATTIA_CONT_S05_ST11,6.005555144978267,5.445508255011104,5.5397612463883075,3.3039278124796825,692974284.0,670.0,1231.0,767.0,986.0,93.0,0.0,True,0.06369831044604075,30
5,random,12,ATTIA_CONT_S05_ST12,7.812322684786135,6.0671146570980845,4.94120017732215,2.957464679651113,1666472959.0,834.0,1231.0,628.0,986.0,93.0,0.0,True,0.08696062119814815,30
5,random,13,ATTIA_CONT_S05_ST13,6.36172024065754,6.126722228233065,5.257926693771018,3.0985202481111735,1458885161.0,638.0,1231.0,710.0,986.0,93.0,0.0,True,0.11689013526045003,30
5,random,14,ATTIA_CONT_S05_ST14,6.308213964439469,5.583131678546534,5.091650039453981,3.3411413041410842,1791432569.0,638.0,1231.0,721.0,986.0,93.0,0.0,True,0.09049955427335481,30
5,random,15,ATTIA_CONT_S05_ST15,5.650442326784796,6.408366048833809,4.812772579741998,3.418457698184118,1559630514.0,747.0,1231.0,724.0,986.0,93.0,0.0,True,0.13974701304247827,30
5,random,16,ATTIA_CONT_S05_ST16,4.905077070170441,5.222752179730142,4.605260272107255,4.527959867264657,817489693.0,1114.0,1231.0,1058.0,1058.0,21.0,0.0,True,0.10546226453253625,30
5,random,17,ATTIA_CONT_S05_ST17,6.4269606798347,6.902454801235853,4.059176546797732,3.4903110847031393,1223381498.0,724.0,1231.0,675.0,1058.0,21.0,0.0,True,0.12823124928575363,30
5,random,18,ATTIA_CONT_S05_ST18,5.271577328325332,6.856517925484589,4.690142106046027,3.5139873236232857,1049486910.0,548.0,1231.0,716.0,1058.0,21.0,0.0,True,0.07679350082719767,30
5,random,19,ATTIA_CONT_S05_ST19,6.8205658951857,6.496352291094738,5.030609035153716,2.9939913052811247,1776082911.0,542.0,1231.0,612.0,1058.0,21.0,0.0,True,0.17394303304179262,30
5,random,20,ATTIA_CONT_S05_ST20,4.980064912868087,5.853685204931004,4.539657191329281,4.1421720608656765,1610959105.0,938.0,1231.0,853.0,1058.0,21.0,0.0,True,0.10522657275449131,30
5,random,21,ATTIA_CONT_S05_ST21,6.3068127252195065,4.474471288120159,5.188192961058328,3.8678852815814726,2025177921.0,1122.0,1231.0,854.0,1058.0,21.0,0.0,True,0.10916024611515318,30
5,random,22,ATTIA_CONT_S05_ST22,5.027033250946269,6.5222689090658434,3.9463246913319203,4.391982034135658,1658871414.0,769.0,1231.0,804.0,1058.0,21.0,0.0,True,0.15672599931922032,30
5,random,23,ATTIA_CONT_S05_ST23,7.233819119563304,4.2592391770507865,5.000756564222735,3.8411262286537364,1933378489.0,1047.0,1231.0,818.0,1058.0,21.0,0.0,True,0.1265447802644644,30
5,random,24,ATTIA_CONT_S05_ST24,7.997947715529204,5.251409943734934,5.470815663468883,2.9842897277024645,187589075.0,518.0,1231.0,628.0,1058.0,21.0,0.0,True,0.06703268301195146,30
5,random,25,ATTIA_CONT_S05_ST25,6.435468100807567,5.542839331638354,4.9944431151512605,3.3635038755591777,2022997534.0,456.0,1231.0,724.0,1058.0,21.0,0.0,True,0.1438871389672258,30
5,greedy,0,,,,,,,,1075.0,,986.0,93.0,0.0,False,0.0,30
5,greedy,1,ATTIA_CONT_S05_ST01,4.8,5.2,5.2,4.160000000000002,1532158637.0,1262.0,1262.0,986.0,986.0,93.0,0.0,False,6.661338147750939e-16,30
5,greedy,2,ATTIA_CONT_S05_ST02,4.917,5.192,5.156,4.10838769196846,530150755.0,870.0,1262.0,976.0,986.0,93.0,0.0,True,0.04170805505520313,30
5,greedy,3,ATTIA_CONT_S05_ST03,4.797,5.2,5.201,4.16161549271694,376899786.0,899.0,1262.0,986.0,986.0,93.0,0.0,True,0.001116609112057813,30
5,greedy,4,ATTIA_CONT_S05_ST04,6.266,5.097,4.197,4.179158515641883,1774201456.0,645.0,1262.0,883.0,986.0,93.0,0.0,True,0.13577436054538378,30
5,greedy,5,ATTIA_CONT_S05_ST05,4.797,5.2,5.201,4.16161549271694,1121728428.0,934.0,1262.0,986.0,986.0,93.0,0.0,True,0.001116609112057813,30
5,greedy,6,ATTIA_CONT_S05_ST06,5.89,5.366,4.745,3.753086868042884,381491225.0,672.0,1262.0,808.0,986.0,93.0,0.0,True,0.06141753586023376,30
5,greedy,7,ATTIA_CONT_S05_ST07,4.798,5.2,5.201,4.160863150518634,1989972909.0,942.0,1262.0,986.0,986.0,93.0,0.0,False,0.000780041890848293,30
5,greedy,8,ATTIA_CONT_S05_ST08,6.02,6.144,5.269,3.1779261148679816,1566179438.0,1150.0,1262.0,750.0,986.0,93.0,0.0,True,0.06374534734552127,30
5,greedy,9,ATTIA_CONT_S05_ST09,6.02,6.143,5.269,3.178193718768026,64717437.0,586.0,1262.0,750.0,986.0,93.0,0.0,True,0.06348853876917503,30
5,greedy,10,ATTIA_CONT_S05_ST10,4.798,5.2,5.201,4.160863150518634,627003822.0,836.0,1262.0,986.0,986.0,93.0,0.0,False,0.000780041890848293,30
5,greedy,11,ATTIA_CONT_S05_ST11,7.152,4.045,4.507,4.456001618868111,692974284.0,1001.0,1262.0,818.0,986.0,93.0,0.0,True,0.12406116429413848,30
5,greedy,12,ATTIA_CONT_S05_ST12,7.152,4.045,4.507,4.456001618868111,1666472959.0,815.0,1262.0,818.0,986.0,93.0,0.0,True,0.12406116429413848,30
5,greedy,13,ATTIA_CONT_S05_ST13,4.799,5.2,5.2,4.160751403323516,1458885161.0,1143.0,1262.0,986.0,986.0,93.0,0.0,False,0.0004083290382252367,30
5,greedy,14,ATTIA_CONT_S05_ST14,6.808,5.031,4.711,3.6309433777872,1791432569.0,706.0,1262.0,748.0,986.0,93.0,0.0,True,0.09268633594485362,30
5,greedy,15,ATTIA_CONT_S05_ST15,4.799,5.2,5.2,4.160751403323516,1559630514.0,1260.0,1262.0,986.0,986.0,93.0,0.0,False,0.0004083290382252367,30
5,greedy,16,ATTIA_CONT_S05_ST16,5.516,6.749,3.799,4.155493953038231,817489693.0,802.0,1262.0,778.0,986.0,93.0,0.0,True,0.13577170811211528,30
5,greedy,17,ATTIA_CONT_S05_ST17,5.698,5.459,5.1,3.5897492003690346,1223381498.0,778.0,1262.0,746.0,986.0,93.0,0.0,True,0.07499338014473317,30
5,greedy,18,ATTIA_CONT_S05_ST18,7.15,4.046,4.508,4.454588129825102,1049486910.0,578.0,1262.0,818.0,986.0,93.0,0.0,True,0.12472703693417923,30
5,greedy,19,ATTIA_CONT_S05_ST19,7.433,5.64,4.059,3.6346839125295847,1776082911.0,354.0,1262.0,763.0,986.0,93.0,0.0,True,0.13244782333340094,30
5,greedy,20,ATTIA_CONT_S05_ST20,4.799,5.2,5.2,4.160751403323516,1610959105.0,1213.0,1262.0,986.0,986.0,93.0,0.0,False,0.0004083290382252367,30
5,greedy,21,ATTIA_CONT_S05_ST21,4.283,6.112,5.119,4.151291171495589,2025177921.0,613.0,1262.0,844.0,986.0,93.0,0.0,True,0.07516219361918458,30
5,greedy,22,ATTIA_CONT_S05_ST22,7.905,4.849,4.494,3.59603421501453,1658871414.0,584.0,1262.0,695.0,986.0,93.0,0.0,True,0.06252476693671748,30
5,greedy,23,ATTIA_CONT_S05_ST23,4.8,5.2,5.199,4.160640221615176,1933378489.0,1215.0,1262.0,986.0,986.0,93.0,0.0,False,0.0005775323398677927,30
5,greedy,24,ATTIA_CONT_S05_ST24,6.627,4.253,4.497,4.445691665817165,187589075.0,1061.0,1262.0,847.0,986.0,93.0,0.0,True,0.1418293197050593,30
5,greedy,25,ATTIA_CONT_S05_ST25,7.463,5.721,4.195,3.494483512445615,2022997534.0,644.0,1262.0,716.0,986.0,93.0,0.0,True,0.15137844671390122,30
5,gp_ucb,0,,,,,,,,1075.0,,986.0,93.0,0.0,False,0.0,30
5,gp_ucb,1,ATTIA_CONT_S05_ST01,4.8,5.2,5.2,4.160000000000002,1532158637.0,1262.0,1262.0,986.0,986.0,93.0,0.0,False,6.661338147750939e-16,30
5,gp_ucb,2,ATTIA_CONT_S05_ST02,4.917,5.192,5.156,4.10838769196846,530150755.0,870.0,1262.0,976.0,986.0,93.0,0.0,True,0.04170805505520313,30
5,gp_ucb,3,ATTIA_CONT_S05_ST03,4.784,5.201,5.206,4.1675963657865704,376899786.0,900.0,1262.0,987.0,987.0,92.0,0.0,True,0.005837053027496732,30
5,gp_ucb,4,ATTIA_CONT_S05_ST04,5.032,5.175,5.105,4.073616896389448,1774201456.0,1119.0,1262.0,880.0,987.0,92.0,0.0,True,0.08131060357436917,30
5,gp_ucb,5,ATTIA_CONT_S05_ST05,5.616,6.587,3.645,4.3647527246056015,1121728428.0,1132.0,1262.0,802.0,987.0,92.0,0.0,True,0.1306372514863736,30
5,gp_ucb,6,ATTIA_CONT_S05_ST06,4.862,5.189,5.121,4.172457042992576,381491225.0,1152.0,1262.0,900.0,987.0,92.0,0.0,True,0.04243700777461673,30
5,gp_ucb,7,ATTIA_CONT_S05_ST07,4.922,5.181,5.004,4.213882691033607,1989972909.0,908.0,1262.0,916.0,987.0,92.0,0.0,True,0.10486084829068924,30
5,gp_ucb,8,ATTIA_CONT_S05_ST08,5.616,6.587,3.645,4.3647527246056015,1566179438.0,733.0,1262.0,802.0,987.0,92.0,0.0,True,0.1306372514863736,30
5,gp_ucb,9,ATTIA_CONT_S05_ST09,4.849,5.192,5.161,4.153853070936284,64717437.0,996.0,1262.0,988.0,988.0,91.0,0.0,True,0.022748765111876672,30
5,gp_ucb,10,ATTIA_CONT_S05_ST10,4.848,5.194,5.16,4.153955311878306,627003822.0,976.0,1262.0,988.0,988.0,91.0,0.0,True,0.02301238311868735,30
5,gp_ucb,11,ATTIA_CONT_S05_ST11,4.858,5.196,5.154,4.149248260820358,692974284.0,1180.0,1262.0,987.0,988.0,91.0,0.0,True,0.02697603187648536,30
5,gp_ucb,12,ATTIA_CONT_S05_ST12,4.887,5.25,5.143,4.101830645089562,1666472959.0,686.0,1262.0,972.0,988.0,91.0,0.0,True,0.04592540954205089,30
5,gp_ucb,13,ATTIA_CONT_S05_ST13,4.834,5.188,5.157,4.170113601412479,1458885161.0,850.0,1262.0,992.0,992.0,87.0,0.0,True,0.023564071846341506,30
5,gp_ucb,14,ATTIA_CONT_S05_ST14,4.818,5.197,5.186,4.157437386691709,1791432569.0,1036.0,1262.0,987.0,992.0,87.0,0.0,True,0.008237268047254614,30
5,gp_ucb,15,ATTIA_CONT_S05_ST15,4.816,5.197,5.192,4.155076978683747,1559630514.0,1260.0,1262.0,986.0,992.0,87.0,0.0,True,0.0059111388363724164,30
5,gp_ucb,16,ATTIA_CONT_S05_ST16,4.814,5.2,5.199,4.150178392054345,817489693.0,794.0,1262.0,984.0,992.0,87.0,0.0,True,0.005480466751925955,30
5,gp_ucb,17,ATTIA_CONT_S05_ST17,5.045,5.168,5.1,4.072649643853877,1223381498.0,956.0,1262.0,880.0,992.0,87.0,0.0,True,0.08511304611294701,30
5,gp_ucb,18,ATTIA_CONT_S05_ST18,5.041,5.168,5.104,4.072709632055581,1049486910.0,763.0,1262.0,880.0,992.0,87.0,0.0,True,0.08334075876109236,30
5,gp_ucb,19,ATTIA_CONT_S05_ST19,4.821,5.195,5.18,4.160347904230663,1776082911.0,1204.0,1262.0,988.0,992.0,87.0,0.0,True,0.011178829345562495,30
5,gp_ucb,20,ATTIA_CONT_S05_ST20,4.819,5.195,5.182,4.160548323566571,1610959105.0,1215.0,1262.0,988.0,992.0,87.0,0.0,True,0.010093096900650494,30
5,gp_ucb,21,ATTIA_CONT_S05_ST21,4.818,5.195,5.182,4.1612940082965135,2025177921.0,956.0,1262.0,988.0,992.0,87.0,0.0,True,0.010011965810057057,30
5,gp_ucb,22,ATTIA_CONT_S05_ST22,4.818,5.194,5.182,4.161935862348402,1658871414.0,688.0,1262.0,988.0,992.0,87.0,0.0,True,0.010080355273341848,30
5,gp_ucb,23,ATTIA_CONT_S05_ST23,4.822,5.196,5.18,4.158962597411849,1933378489.0,1217.0,1262.0,988.0,992.0,87.0,0.0,True,0.011251819313814389,30
5,gp_ucb,24,ATTIA_CONT_S05_ST24,4.822,5.197,5.18,4.1583221532259635,187589075.0,1077.0,1262.0,987.0,992.0,87.0,0.0,True,0.01124065577298434,30
5,gp_ucb,25,ATTIA_CONT_S05_ST25,4.821,5.197,5.182,4.157777685990566,2022997534.0,907.0,1262.0,987.0,992.0,87.0,0.0,True,0.010274438539784029,30
6,random,0,,,,,,,,1060.0,,1000.0,79.0,0.0,False,0.0,30
6,random,1,ATTIA_CONT_S06_ST01,7.515453386644772,5.309874806984206,4.70198416396195,3.3414683483254812,990480646.0,724.0,1060.0,740.0,1000.0,79.0,0.0,True,0.1314485750706252,30
6,random,2,ATTIA_CONT_S06_ST02,5.779558407879355,6.415194524019757,4.180699455216678,3.7702359305174635,1179053213.0,640.0,1060.0,764.0,1000.0,79.0,0.0,True,0.1715505022070811,30
6,random,3,ATTIA_CONT_S06_ST03,7.483292754118087,4.2762535733020055,3.8919047384554277,4.786769367914666,967688142.0,928.0,1060.0,904.0,1000.0,79.0,0.0,True,0.1349782883848738,30
6,random,4,ATTIA_CONT_S06_ST04,6.962134309352887,4.582433586132669,4.415188133013547,4.081905127089864,1628003977.0,713.0,1060.0,809.0,1000.0,79.0,0.0,True,0.08967104626298207,30
6,random,5,ATTIA_CONT_S06_ST05,7.676758182219277,5.791803153948119,5.315383337432032,2.921592971905434,1928155308.0,1138.0,1138.0,622.0,1000.0,79.0,0.0,True,0.11071201212994393,30
6,random,6,ATTIA_CONT_S06_ST06,4.907991740258742,6.3496195181323785,4.208959865672654,4.264285630949723,1893522685.0,658.0,1138.0,864.0,1000.0,79.0,0.0,True,0.14535388425873344,30
6,random,7,ATTIA_CONT_S06_ST07,5.992166702226417,5.084492665137239,4.418001955047831,4.108030165265653,205169420.0,736.0,1138.0,803.0,1000.0,79.0,0.0,True,0.04469350086292324,30
6,random,8,ATTIA_CONT_S06_ST08,4.19509350539925,6.29539211826499,5.207894416920148,4.096730326755558,1986369761.0,886.0,1138.0,879.0,1000.0,79.0,0.0,True,0.1011757329541464,30
6,random,9,ATTIA_CONT_S06_ST09,7.181045654620274,6.426311955214048,5.3394291992647736,2.8475290915697777,1852679292.0,476.0,1138.0,593.0,1000.0,79.0,0.0,True,0.1677160183644237,30
6,random,10,ATTIA_CONT_S06_ST10,6.8736463489960276,5.888384642835083,4.89925781650076,3.1856088782347065,68050863.0,847.0,1138.0,637.0,1000.0,79.0,0.0,True,0.06644560941247685,30
6,random,11,ATTIA_CONT_S06_ST11,5.17879238172638,6.865442584236641,3.887445823639902,4.213315462963966,1991446268.0,713.0,1138.0,792.0,1000.0,79.0,0.0,True,0.10773091868378006,30
6,random,12,ATTIA_CONT_S06_ST12,7.468757246950589,6.254719633928071,3.6041471363018727,3.8152673431977626,637593608.0,735.0,1138.0,751.0,1000.0,79.0,0.0,True,0.14260080717369705,30
6,random,13,ATTIA_CONT_S06_ST13,4.93109029225676,5.664792980393249,5.059157345913533,3.900945740573871,444220678.0,783.0,1138.0,784.0,1000.0,79.0,0.0,True,0.08028905698870817,30
6,random,14,ATTIA_CONT_S06_ST14,6.865293928624652,4.931828019421291,4.154502693350337,4.094905542587734,1927533382.0,607.0,1138.0,807.0,1000.0,79.0,0.0,True,0.11825745297838831,30
6,random,15,ATTIA_CONT_S06_ST15,6.443474267197845,5.107868490532319,4.441074496159833,3.8881693586216346,1162513327.0,990.0,1138.0,786.0,1000.0,79.0,0.0,True,0.12828276671385633,30
6,random,16,ATTIA_CONT_S06_ST16,6.244728379389874,5.7461953808137025,3.868028960287494,4.155577033101726,1015150928.0,1228.0,1228.0,839.0,1000.0,79.0,0.0,True,0.09848243340382654,30
6,random,17,ATTIA_CONT_S06_ST17,4.5003255110926785,5.877854442808477,4.478804574514334,4.592987472171411,1402162596.0,538.0,1228.0,908.0,1000.0,79.0,0.0,True,0.07967333806175447,30
6,random,18,ATTIA_CONT_S06_ST18,4.599120288508936,4.739007911003156,5.272436649980278,4.646404212917582,182314936.0,1080.0,1228.0,1063.0,1063.0,16.0,0.0,True,0.10502298453325469,30
6,random,19,ATTIA_CONT_S06_ST19,7.2742702351462984,6.703947256520016,3.78931798415465,3.5361064602640218,705552602.0,699.0,1228.0,685.0,1063.0,16.0,0.0,True,0.1622063836515589,30
6,random,20,ATTIA_CONT_S06_ST20,7.657285636743566,5.534276624287627,5.374822811533358,2.9762434424425797,151797346.0,788.0,1228.0,641.0,1063.0,16.0,0.0,True,0.118814817106933,30
6,random,21,ATTIA_CONT_S06_ST21,7.215667018311967,4.237998933691815,4.143325039908324,4.5991065294372415,885742990.0,1220.0,1228.0,994.0,1063.0,16.0,0.0,True,0.10720162330690843,30
6,random,22,ATTIA_CONT_S06_ST22,7.3523694476991786,6.622679874146002,4.966584126630774,2.898711594456058,426781607.0,528.0,1228.0,617.0,1063.0,16.0,0.0,True,0.16168507114266034,30
6,random,23,ATTIA_CONT_S06_ST23,7.632864928364311,5.585468804686819,5.048581076589851,3.0749412091190282,1410626128.0,637.0,1228.0,646.0,1063.0,16.0,0.0,True,0.1235574985699527,30
6,random,24,ATTIA_CONT_S06_ST24,5.242756661827453,6.308208987926916,4.137160037944263,4.126115899910968,181689346.0,787.0,1228.0,911.0,1063.0,16.0,0.0,True,0.14361515955736026,30
6,random,25,ATTIA_CONT_S06_ST25,7.450032836945977,6.235005990806774,4.642308521613639,3.0929981199707566,1623252433.0,478.0,1228.0,679.0,1063.0,16.0,0.0,True,0.15054535654461101,30
6,greedy,0,,,,,,,,1060.0,,1000.0,79.0,0.0,False,0.0,30
6,greedy,1,ATTIA_CONT_S06_ST01,8.0,4.4,5.2,3.46316851664985,990480646.0,561.0,1060.0,696.0,1000.0,79.0,0.0,False,7.60797516252687e-05,30
6,greedy,2,ATTIA_CONT_S06_ST02,5.072,5.48,5.502,3.6773005755420938,1179053213.0,742.0,1060.0,788.0,1000.0,79.0,0.0,True,0.09000281744241975,30
6,greedy,3,ATTIA_CONT_S06_ST03,4.246,6.649,4.605,4.342846322813077,967688142.0,754.0,1060.0,823.0,1000.0,79.0,0.0,True,0.15341804786106636,30
6,greedy,4,ATTIA_CONT_S06_ST04,6.808,5.031,4.711,3.6309433777872,1628003977.0,736.0,1060.0,748.0,1000.0,79.0,0.0,True,0.09268633594485362,30
6,greedy,5,ATTIA_CONT_S06_ST05,5.619,6.66,4.109,3.8190188771820948,1928155308.0,676.0,1060.0,754.0,1000.0,79.0,0.0,True,0.11396976917032685,30
6,greedy,6,ATTIA_CONT_S06_ST06,5.516,6.749,3.799,4.155493953038231,1893522685.0,727.0,1060.0,778.0,1000.0,79.0,0.0,True,0.13577170811211528,30
6,greedy,7,ATTIA_CONT_S06_ST07,5.698,5.459,5.1,3.5897492003690346,205169420.0,743.0,1060.0,746.0,1000.0,79.0,0.0,True,0.07499338014473317,30
6,greedy,8,ATTIA_CONT_S06_ST08,3.9100365365560776,5.871496757892144,5.0342029083164785,4.793272280726424,1986369761.0,841.0,1060.0,821.0,1000.0,79.0,0.0,True,0.12322171428337941,30
6,greedy,9,ATTIA_CONT_S06_ST09,4.044520977218444,5.792242375324637,4.876141453247854,4.799377182585169,1852679292.0,675.0,1060.0,898.0,1000.0,79.0,0.0,True,0.07270271566454832,30
6,greedy,10,ATTIA_CONT_S06_ST10,7.188,6.5,4.097,3.375124259545,68050863.0,717.0,1060.0,640.0,1000.0,79.0,0.0,True,0.16078181014477,30
6,greedy,11,ATTIA_CONT_S06_ST11,3.956,5.981,4.878,4.799510623193032,1991446268.0,742.0,1060.0,821.0,1000.0,79.0,0.0,True,0.04064821259453003,30
6,greedy,12,ATTIA_CONT_S06_ST12,3.905,6.054,4.915,4.793575659096603,637593608.0,900.0,1060.0,916.0,1000.0,79.0,0.0,True,0.06350652480161575,30
6,greedy,13,ATTIA_CONT_S06_ST13,3.8485917267438627,6.118391997330651,5.00986003580898,4.751722081725359,444220678.0,965.0,1060.0,891.0,1000.0,79.0,0.0,True,0.11782189577699458,30
6,greedy,14,ATTIA_CONT_S06_ST14,3.8557580704730343,6.291454954267749,4.868429073492341,4.770306204960969,1927533382.0,820.0,1060.0,881.0,1000.0,79.0,0.0,True,0.09885997565943179,30
6,greedy,15,ATTIA_CONT_S06_ST15,3.7630818170341334,6.259472060142354,5.037074954839644,4.777650628823446,1162513327.0,908.0,1060.0,862.0,1000.0,79.0,0.0,True,0.15124899062543293,30
6,greedy,16,ATTIA_CONT_S06_ST16,3.6646094053898506,6.3677570859521415,5.1991207799142005,4.737729357474735,1015150928.0,1172.0,1172.0,896.0,1000.0,79.0,0.0,True,0.18322920001479068,30
6,greedy,17,ATTIA_CONT_S06_ST17,3.6,6.359,5.311,4.761685560557044,1402162596.0,917.0,1172.0,878.0,1000.0,79.0,0.0,True,0.17899227815308136,30
6,greedy,18,ATTIA_CONT_S06_ST18,3.6,6.369,5.349,4.72602737445629,182314936.0,1093.0,1172.0,871.0,1000.0,79.0,0.0,True,0.1664330935957884,30
6,greedy,19,ATTIA_CONT_S06_ST19,3.6,6.465,5.481,4.578166455101313,705552602.0,810.0,1172.0,835.0,1000.0,79.0,0.0,True,0.1691697116771081,30
6,greedy,20,ATTIA_CONT_S06_ST20,3.6,6.322,5.37,4.735789713520479,151797346.0,943.0,1172.0,876.0,1000.0,79.0,0.0,True,0.1492294269978192,30
6,greedy,21,ATTIA_CONT_S06_ST21,3.6,6.315,5.41,4.708994842696501,885742990.0,952.0,1172.0,872.0,1000.0,79.0,0.0,True,0.13431255728364067,30
6,greedy,22,ATTIA_CONT_S06_ST22,3.6,6.308,5.458,4.677062675883291,426781607.0,867.0,1172.0,866.0,1000.0,79.0,0.0,True,0.12035486523124736,30
6,greedy,23,ATTIA_CONT_S06_ST23,3.6,6.287,5.414,4.721638980463808,1410626128.0,958.0,1172.0,876.0,1000.0,79.0,0.0,True,0.12649581828188428,30
6,greedy,24,ATTIA_CONT_S06_ST24,3.6,6.28,5.463,4.688885851738466,181689346.0,1087.0,1172.0,870.0,1000.0,79.0,0.0,True,0.11119884148163492,30
6,greedy,25,ATTIA_CONT_S06_ST25,3.6,6.271,5.6,4.597279960435791,1623252433.0,792.0,1172.0,849.0,1000.0,79.0,0.0,True,0.10687956643818747,30
6,gp_ucb,0,,,,,,,,1060.0,,1000.0,79.0,0.0,False,0.0,30
6,gp_ucb,1,ATTIA_CONT_S06_ST01,7.963,4.426,5.199,3.454587044750029,990480646.0,563.0,1060.0,698.0,1000.0,79.0,0.0,True,0.011994433865478266,30
6,gp_ucb,2,ATTIA_CONT_S06_ST02,5.072,5.48,5.502,3.6773005755420938,1179053213.0,742.0,1060.0,788.0,1000.0,79.0,0.0,True,0.09000281744241975,30
6,gp_ucb,3,ATTIA_CONT_S06_ST03,4.246,6.649,4.605,4.342846322813077,967688142.0,754.0,1060.0,823.0,1000.0,79.0,0.0,True,0.15341804786106636,30
6,gp_ucb,4,ATTIA_CONT_S06_ST04,6.808,5.031,4.711,3.6309433777872,1628003977.0,736.0,1060.0,748.0,1000.0,79.0,0.0,True,0.09268633594485362,30
6,gp_ucb,5,ATTIA_CONT_S06_ST05,5.619,6.66,4.109,3.8190188771820948,1928155308.0,676.0,1060.0,754.0,1000.0,79.0,0.0,True,0.11396976917032685,30
6,gp_ucb,6,ATTIA_CONT_S06_ST06,5.516,6.749,3.799,4.155493953038231,1893522685.0,727.0,1060.0,778.0,1000.0,79.0,0.0,True,0.13577170811211528,30
6,gp_ucb,7,ATTIA_CONT_S06_ST07,5.698,5.459,5.1,3.5897492003690346,205169420.0,743.0,1060.0,746.0,1000.0,79.0,0.0,True,0.07499338014473317,30
6,gp_ucb,8,ATTIA_CONT_S06_ST08,3.8666509067888253,5.821902317763361,5.146402865529683,4.793037851823414,1986369761.0,1021.0,1060.0,887.0,1000.0,79.0,0.0,True,0.0860524531322516,30
6,gp_ucb,9,ATTIA_CONT_S06_ST09,3.743194661877884,5.6045134935787555,5.566098571971301,4.8054933534031035,1852679292.0,837.0,1060.0,860.0,1000.0,79.0,0.0,True,0.12408205576365958,30
6,gp_ucb,10,ATTIA_CONT_S06_ST10,4.106461991423265,5.740195388567577,4.8155764149598275,4.8089605625447565,68050863.0,622.0,1060.0,915.0,1000.0,79.0,0.0,True,0.08063143572688108,30
6,gp_ucb,11,ATTIA_CONT_S06_ST11,3.859,5.907,5.076,4.809943400650271,1991446268.0,990.0,1060.0,810.0,1000.0,79.0,0.0,True,0.12322304165721472,30
6,gp_ucb,12,ATTIA_CONT_S06_ST12,3.689,5.925,5.389,4.80959752438837,637593608.0,989.0,1060.0,833.0,1000.0,79.0,0.0,True,0.11239909796038455,30
6,gp_ucb,13,ATTIA_CONT_S06_ST13,3.673781563297824,5.872540046739383,5.529695896101507,4.761714175957803,444220678.0,570.0,1060.0,822.0,1000.0,79.0,0.0,True,0.05414245752985412,30
6,gp_ucb,14,ATTIA_CONT_S06_ST14,3.990452671609112,5.90839664236589,4.89421678603385,4.780988674875706,1927533382.0,617.0,1060.0,831.0,1000.0,79.0,0.0,True,0.05498596972609132,30
6,gp_ucb,15,ATTIA_CONT_S06_ST15,7.463,5.721,4.195,3.494483512445615,1162513327.0,921.0,1060.0,716.0,1000.0,79.0,0.0,True,0.15137844671390122,30
6,gp_ucb,16,ATTIA_CONT_S06_ST16,6.663,5.453,3.615,4.479477491379207,1015150928.0,741.0,1060.0,833.0,1000.0,79.0,0.0,True,0.11015418540716876,30
6,gp_ucb,17,ATTIA_CONT_S06_ST17,6.315,5.854,5.376,3.1432215256947,1402162596.0,620.0,1060.0,680.0,1000.0,79.0,0.0,True,0.13052630544863186,30
6,gp_ucb,18,ATTIA_CONT_S06_ST18,5.287,5.739,4.173,4.342011305003676,182314936.0,1024.0,1060.0,904.0,1000.0,79.0,0.0,True,0.12444152205160099,30
6,gp_ucb,19,ATTIA_CONT_S06_ST19,4.694,6.434,4.658,3.9970151839839185,705552602.0,947.0,1060.0,828.0,1000.0,79.0,0.0,True,0.14804377531434648,30
6,gp_ucb,20,ATTIA_CONT_S06_ST20,6.102,5.542,4.273,3.9218031827884694,151797346.0,734.0,1060.0,857.0,1000.0,79.0,0.0,True,0.08019975445003615,30
6,gp_ucb,21,ATTIA_CONT_S06_ST21,5.556,4.437,4.975,4.405961800245495,885742990.0,776.0,1060.0,883.0,1000.0,79.0,0.0,True,0.11358321310754964,30
6,gp_ucb,22,ATTIA_CONT_S06_ST22,5.881,6.3,4.82,3.365924617175613,426781607.0,959.0,1060.0,709.0,1000.0,79.0,0.0,True,0.0970970294544719,30
6,gp_ucb,23,ATTIA_CONT_S06_ST23,6.66,4.808,5.116,3.5748593238558026,1410626128.0,756.0,1060.0,726.0,1000.0,79.0,0.0,True,0.10449007657176532,30
6,gp_ucb,24,ATTIA_CONT_S06_ST24,7.424,6.922,4.236,3.143701343107654,181689346.0,838.0,1060.0,625.0,1000.0,79.0,0.0,True,0.12896603405984955,30
6,gp_ucb,25,ATTIA_CONT_S06_ST25,6.669,4.748,4.18,4.281988293726631,1623252433.0,858.0,1060.0,869.0,1000.0,79.0,0.0,True,0.1188737180301411,30
7,random,0,,,,,,,,1092.0,,1036.0,43.0,0.0,False,0.0,30
7,random,1,ATTIA_CONT_S07_ST01,5.129478891940545,6.631456963486042,4.771824565988559,3.5968391414090295,37575573.0,763.0,1092.0,708.0,1036.0,43.0,0.0,True,0.12883941275831393,30
7,random,2,ATTIA_CONT_S07_ST02,4.015159353932173,6.035358777476306,5.575874008990452,4.179852322197784,226129192.0,624.0,1092.0,876.0,1036.0,43.0,0.0,True,0.018662155647507013,30
7,random,3,ATTIA_CONT_S07_ST03,6.0703194237866605,6.967667731104853,4.258757946115221,3.4451032337024086,2071142147.0,880.0,1092.0,687.0,1036.0,43.0,0.0,True,0.0801399996338608,30
7,random,4,ATTIA_CONT_S07_ST04,5.287282452872087,5.326391787062262,4.852564806016739,3.993940217130859,1238095556.0,1229.0,1229.0,898.0,1036.0,43.0,0.0,True,0.08849857671614222,30
7,random,5,ATTIA_CONT_S07_ST05,6.1900974958834665,5.753055504478797,4.0719939817535895,3.962210308330184,2105728910.0,938.0,1229.0,826.0,1036.0,43.0,0.0,True,0.09342730672125134,30
7,random,6,ATTIA_CONT_S07_ST06,5.9565452444177,4.753624870933646,4.521362428417988,4.275098608938366,1318018101.0,1004.0,1229.0,897.0,1036.0,43.0,0.0,True,0.0673513088736389,30
7,random,7,ATTIA_CONT_S07_ST07,6.987375291044565,3.6081499412888425,5.16879446988467,4.553754325544724,581713038.0,1013.0,1229.0,871.0,1036.0,43.0,0.0,True,0.01773807307922542,30
7,random,8,ATTIA_CONT_S07_ST08,5.067297572325604,4.498799093257176,5.452689396260362,4.341932293958959,1409569897.0,776.0,1229.0,861.0,1036.0,43.0,0.0,True,0.09395524477149889,30
7,random,9,ATTIA_CONT_S07_ST09,6.058915385737744,6.067493661074226,4.92984152013503,3.326366628360029,736475986.0,1020.0,1229.0,774.0,1036.0,43.0,0.0,True,0.0832769311640762,30
7,random,10,ATTIA_CONT_S07_ST10,6.831735371819754,4.722053618135655,4.582139578343178,3.8918575232372237,474242277.0,874.0,1229.0,804.0,1036.0,43.0,0.0,True,0.10243195533505782,30
7,random,11,ATTIA_CONT_S07_ST11,7.692486610764117,4.210421397441986,5.235776273865765,3.638523029360672,760855731.0,686.0,1229.0,774.0,1036.0,43.0,0.0,True,0.10951321611652007,30
7,random,12,ATTIA_CONT_S07_ST12,5.878652553484972,5.261495709597353,4.513196413036081,3.9746599845727175,292013530.0,608.0,1229.0,859.0,1036.0,43.0,0.0,True,0.07319641336929186,30
7,random,13,ATTIA_CONT_S07_ST13,4.959101665716867,5.251321182279245,5.30957376864495,3.953872467901523,328760289.0,857.0,1229.0,876.0,1036.0,43.0,0.0,True,0.0825742670134462,30
7,random,14,ATTIA_CONT_S07_ST14,7.909125125379825,4.49533646584065,5.318246365126614,3.373677640621235,731607482.0,577.0,1229.0,685.0,1036.0,43.0,0.0,True,0.07958993789826416,30
7,random,15,ATTIA_CONT_S07_ST15,7.627175452335534,6.537151673429529,5.275398732275841,2.78015445483325,1324557144.0,434.0,1229.0,605.0,1036.0,43.0,0.0,True,0.17081367033499675,30
7,random,16,ATTIA_CONT_S07_ST16,4.6454929722633365,6.389199866273906,4.5187240232329415,4.162237443369034,813475106.0,1054.0,1229.0,905.0,1036.0,43.0,0.0,True,0.15316956844041107,30
7,random,17,ATTIA_CONT_S07_ST17,4.4893820635322506,6.06066518144047,4.4519071147619425,4.52561789060197,419868712.0,1052.0,1229.0,933.0,1036.0,43.0,0.0,True,0.09293995319252628,30
7,random,18,ATTIA_CONT_S07_ST18,5.0886625335900355,6.7492680551060875,5.5709081016646405,3.2346769876272385,721326181.0,677.0,1229.0,643.0,1036.0,43.0,0.0,True,0.09255468836101703,30
7,random,19,ATTIA_CONT_S07_ST19,4.4281485586588305,6.26447762787868,5.084436431520976,3.980947864615759,281474516.0,446.0,1229.0,775.0,1036.0,43.0,0.0,True,0.10158650113912825,30
7,random,20,ATTIA_CONT_S07_ST20,7.090123655568348,4.294815510606056,4.553045552315324,4.169794193154396,1586977912.0,705.0,1229.0,804.0,1036.0,43.0,0.0,True,0.09060102438744626,30
7,random,21,ATTIA_CONT_S07_ST21,4.9032102544943506,6.6043194108807395,4.263245767543933,4.1083588638295465,302724796.0,959.0,1229.0,809.0,1036.0,43.0,0.0,True,0.1603020364838872,30
7,random,22,ATTIA_CONT_S07_ST22,7.518978607831988,4.981849485033325,4.562541296062488,3.5659296311641397,631081839.0,521.0,1229.0,753.0,1036.0,43.0,0.0,True,0.15329448832451764,30
7,random,23,ATTIA_CONT_S07_ST23,6.896528021869381,5.738038346491277,3.7587868884661426,4.032030999136187,582840115.0,654.0,1229.0,746.0,1036.0,43.0,0.0,True,0.11407983356577076,30
7,random,24,ATTIA_CONT_S07_ST24,7.4174170308292995,6.819291935828091,4.125651217011045,3.231156150804788,1102033101.0,842.0,1229.0,642.0,1036.0,43.0,0.0,True,0.13840292624145192,30
7,random,25,ATTIA_CONT_S07_ST25,5.368442568616672,4.379798778766864,5.37621460235362,4.296748972854323,445077733.0,765.0,1229.0,934.0,1036.0,43.0,0.0,True,0.10476600452609432,30
7,greedy,0,,,,,,,,1092.0,,1036.0,43.0,0.0,False,0.0,30
7,greedy,1,ATTIA_CONT_S07_ST01,4.428,5.409,4.658,4.809165785794528,37575573.0,926.0,1092.0,984.0,1036.0,43.0,0.0,True,0.14348678208360818,30
7,greedy,2,ATTIA_CONT_S07_ST02,4.193265604954554,6.232028161646541,4.416905267096407,4.807890068647608,226129192.0,772.0,1092.0,926.0,1036.0,43.0,0.0,True,0.09345051546981666,30
7,greedy,3,ATTIA_CONT_S07_ST03,4.383,5.673,4.553,4.778513069921949,2071142147.0,976.0,1092.0,948.0,1036.0,43.0,0.0,True,0.12635421730227567,30
7,greedy,4,ATTIA_CONT_S07_ST04,4.515136207365196,5.2383267960692645,4.708941680316371,4.794013729645105,1238095556.0,1102.0,1102.0,1087.0,1087.0,0.0,8.0,True,0.15795770629235678,30
7,greedy,5,ATTIA_CONT_S07_ST05,4.547605021906247,5.256676732585042,4.654651451945572,4.799287756910428,2105728910.0,1282.0,1282.0,1089.0,1089.0,0.0,10.0,True,0.16728172352512466,30
7,greedy,6,ATTIA_CONT_S07_ST06,5.21374718248487,4.838945463327308,4.422710259933909,4.78995093790512,1318018101.0,1036.0,1282.0,1028.0,1089.0,0.0,10.0,True,0.13588430676689134,30
7,greedy,7,ATTIA_CONT_S07_ST07,4.901310402434044,4.875833401915556,4.635663443964165,4.79629494845014,581713038.0,783.0,1282.0,1010.0,1089.0,0.0,10.0,True,0.18794045382994098,30
7,greedy,8,ATTIA_CONT_S07_ST08,4.7879953796843,5.061839916287671,4.578424041501636,4.7960418574606924,1409569897.0,784.0,1282.0,997.0,1089.0,0.0,10.0,True,0.1853711311892004,30
7,greedy,9,ATTIA_CONT_S07_ST09,4.360961335194354,5.536892411234875,4.663263003235398,4.78520982878113,736475986.0,1064.0,1282.0,964.0,1089.0,0.0,10.0,True,0.1231327732455505,30
7,greedy,10,ATTIA_CONT_S07_ST10,4.42804950586321,5.6213089639202245,4.519839988516812,4.799409016949305,474242277.0,943.0,1282.0,958.0,1089.0,0.0,10.0,True,0.1323756457882643,30
7,greedy,11,ATTIA_CONT_S07_ST11,4.477038616415828,5.45398923790736,4.624402121632281,4.753412008133885,760855731.0,960.0,1282.0,976.0,1089.0,0.0,10.0,True,0.13133686631465893,30
7,greedy,12,ATTIA_CONT_S07_ST12,4.43689417936379,5.309947649197765,4.730477027696975,4.802393376086094,292013530.0,1046.0,1282.0,991.0,1089.0,0.0,10.0,True,0.14225785179775172,30
7,greedy,13,ATTIA_CONT_S07_ST13,4.156826623094358,5.721217020789761,4.80721824233243,4.7628866597292205,328760289.0,770.0,1282.0,919.0,1089.0,0.0,10.0,True,0.0910347838066078,30
7,greedy,14,ATTIA_CONT_S07_ST14,4.354,5.562,4.66,4.778384417369926,731607482.0,1030.0,1282.0,960.0,1089.0,0.0,10.0,True,0.12078756963597355,30
7,greedy,15,ATTIA_CONT_S07_ST15,4.555,5.252,4.651,4.798851711883876,1324557144.0,1264.0,1282.0,1090.0,1090.0,0.0,11.0,True,0.16913066734803517,30
7,greedy,16,ATTIA_CONT_S07_ST16,4.405,5.994,4.4,4.712261092759286,813475106.0,837.0,1282.0,842.0,1090.0,0.0,11.0,True,0.002240943529301984,30
7,greedy,17,ATTIA_CONT_S07_ST17,4.554,5.25,4.653,4.799504117935364,419868712.0,1000.0,1282.0,1090.0,1090.0,0.0,11.0,True,0.16918863653104604,30
7,greedy,18,ATTIA_CONT_S07_ST18,4.546,5.252,4.661,4.798237940349423,721326181.0,1039.0,1282.0,1089.0,1090.0,0.0,11.0,True,0.16639207123101502,30
7,greedy,19,ATTIA_CONT_S07_ST19,4.544,5.252,4.662,4.799407778857508,281474516.0,1309.0,1309.0,1089.0,1090.0,0.0,11.0,True,0.16643188313825508,30
7,greedy,20,ATTIA_CONT_S07_ST20,4.546,5.25,4.662,4.798848463961968,1586977912.0,1066.0,1309.0,1089.0,1090.0,0.0,11.0,True,0.16672268571405482,30
7,greedy,21,ATTIA_CONT_S07_ST21,4.545,5.25,4.662,4.7999633016300205,302724796.0,1001.0,1309.0,1089.0,1090.0,0.0,11.0,True,0.16699957960286324,30
7,greedy,22,ATTIA_CONT_S07_ST22,4.544,5.251,4.663,4.7991834346865225,631081839.0,996.0,1309.0,1089.0,1090.0,0.0,11.0,True,0.1663415339953148,30
7,greedy,23,ATTIA_CONT_S07_ST23,4.539,5.253,4.666,4.799921302244327,582840115.0,1125.0,1309.0,1089.0,1090.0,0.0,11.0,True,0.1653599227462656,30
7,greedy,24,ATTIA_CONT_S07_ST24,4.537,5.251,4.668,4.80171446606455,1102033101.0,1342.0,1342.0,1089.0,1090.0,0.0,11.0,True,0.16576080899315998,30
7,greedy,25,ATTIA_CONT_S07_ST25,4.535,5.246,4.67,4.806029174606734,445077733.0,959.0,1342.0,1090.0,1090.0,0.0,11.0,True,0.1674672351189652,30
7,gp_ucb,0,,,,,,,,1092.0,,1036.0,43.0,0.0,False,0.0,30
7,gp_ucb,1,ATTIA_CONT_S07_ST01,4.9502450284072115,4.97096774661817,4.502891470193507,4.805947074081283,37575573.0,768.0,1092.0,1002.0,1036.0,43.0,0.0,True,0.165956540711724,30
7,gp_ucb,2,ATTIA_CONT_S07_ST02,4.4,6.0,4.4,4.714285714285716,226129192.0,888.0,1092.0,961.0,1036.0,43.0,0.0,False,0.0001289906481787284,30
7,gp_ucb,3,ATTIA_CONT_S07_ST03,4.4,5.2,5.2,4.515789473684213,2071142147.0,1024.0,1092.0,1036.0,1036.0,43.0,0.0,False,9.504574076180106e-05,30
7,gp_ucb,4,ATTIA_CONT_S07_ST04,6.627,4.253,4.497,4.445691665817165,1238095556.0,915.0,1092.0,847.0,1036.0,43.0,0.0,True,0.1418293197050593,30
7,gp_ucb,5,ATTIA_CONT_S07_ST05,7.463,5.721,4.195,3.494483512445615,2105728910.0,798.0,1092.0,716.0,1036.0,43.0,0.0,True,0.15137844671390122,30
7,gp_ucb,6,ATTIA_CONT_S07_ST06,6.663,5.453,3.615,4.479477491379207,1318018101.0,494.0,1092.0,833.0,1036.0,43.0,0.0,True,0.11015418540716876,30
7,gp_ucb,7,ATTIA_CONT_S07_ST07,6.315,5.854,5.376,3.1432215256947,581713038.0,718.0,1092.0,680.0,1036.0,43.0,0.0,True,0.13052630544863186,30
7,gp_ucb,8,ATTIA_CONT_S07_ST08,5.287,5.739,4.173,4.342011305003676,1409569897.0,923.0,1092.0,904.0,1036.0,43.0,0.0,True,0.12444152205160099,30
7,gp_ucb,9,ATTIA_CONT_S07_ST09,4.319,5.237,5.186,4.58668472015724,736475986.0,667.0,1092.0,1040.0,1040.0,39.0,0.0,True,0.0390472228076695,30
7,gp_ucb,10,ATTIA_CONT_S07_ST10,6.102,5.542,4.273,3.9218031827884694,474242277.0,927.0,1092.0,857.0,1040.0,39.0,0.0,True,0.08019975445003615,30
7,gp_ucb,11,ATTIA_CONT_S07_ST11,5.556,4.437,4.975,4.405961800245495,760855731.0,863.0,1092.0,883.0,1040.0,39.0,0.0,True,0.11358321310754964,30
7,gp_ucb,12,ATTIA_CONT_S07_ST12,4.446,5.967,4.402,4.68046063529963,292013530.0,1030.0,1092.0,844.0,1040.0,39.0,0.0,True,0.020827375660426247,30
7,gp_ucb,13,ATTIA_CONT_S07_ST13,4.43,5.979,4.401,4.692047677752696,328760289.0,948.0,1092.0,843.0,1040.0,39.0,0.0,True,0.013531794271561185,30
7,gp_ucb,14,ATTIA_CONT_S07_ST14,6.164,5.52,4.281,3.9008967244279815,731607482.0,978.0,1092.0,849.0,1040.0,39.0,0.0,True,0.07997050068112693,30
7,gp_ucb,15,ATTIA_CONT_S07_ST15,6.217,5.534,4.268,3.883779482448606,1324557144.0,819.0,1092.0,840.0,1040.0,39.0,0.0,True,0.08757951625110004,30
7,gp_ucb,16,ATTIA_CONT_S07_ST16,4.429,5.187,5.205,4.491634420541563,813475106.0,903.0,1092.0,955.0,1040.0,39.0,0.0,True,0.013613053118940292,30
7,gp_ucb,17,ATTIA_CONT_S07_ST17,4.417,5.985,4.422,4.67926162971902,419868712.0,937.0,1092.0,841.0,1040.0,39.0,0.0,True,0.020033853378339808,30
7,gp_ucb,18,ATTIA_CONT_S07_ST18,5.267,5.711,4.219,4.32248770101271,721326181.0,919.0,1092.0,908.0,1040.0,39.0,0.0,True,0.10247266270961332,30
7,gp_ucb,19,ATTIA_CONT_S07_ST19,4.455,5.955,4.375,4.708787372992348,281474516.0,755.0,1092.0,848.0,1040.0,39.0,0.0,True,0.022208358217503017,30
7,gp_ucb,20,ATTIA_CONT_S07_ST20,4.411,6.011,4.403,4.691579624962654,1586977912.0,911.0,1092.0,958.0,1040.0,39.0,0.0,True,0.01101922581678429,30
7,gp_ucb,21,ATTIA_CONT_S07_ST21,4.584,6.214,4.419,4.386719795071924,302724796.0,686.0,1092.0,904.0,1040.0,39.0,0.0,True,0.08464362128025235,30
7,gp_ucb,22,ATTIA_CONT_S07_ST22,6.128,5.506,4.293,3.912507505037365,631081839.0,985.0,1092.0,857.0,1040.0,39.0,0.0,True,0.07569106570302543,30
7,gp_ucb,23,ATTIA_CONT_S07_ST23,6.119,5.51,4.307,3.902597992297038,582840115.0,900.0,1092.0,855.0,1040.0,39.0,0.0,True,0.06747980407215148,30
7,gp_ucb,24,ATTIA_CONT_S07_ST24,6.135,5.494,4.274,3.9316746712447923,1102033101.0,1036.0,1092.0,860.0,1040.0,39.0,0.0,True,0.088469680556456,30
7,gp_ucb,25,ATTIA_CONT_S07_ST25,6.143,5.482,4.27,3.937950393177416,445077733.0,1063.0,1092.0,862.0,1040.0,39.0,0.0,True,0.0932104712436011,30
8,random,0,,,,,,,,1520.0,,1079.0,0.0,0.0,False,0.0,30
8,random,1,ATTIA_CONT_S08_ST01,7.20662765876834,6.7165765482372635,5.055129726462747,2.874654076532454,1118066773.0,559.0,1520.0,613.0,1079.0,0.0,0.0,True,0.12308890376794833,30
8,random,2,ATTIA_CONT_S08_ST02,5.796032657401092,4.413395011366154,4.53468194588522,4.679545745023774,1543105355.0,833.0,1520.0,973.0,1079.0,0.0,0.0,True,0.08331376587699142,30
8,random,3,ATTIA_CONT_S08_ST03,6.729031827740945,5.489519155992642,3.878374365660587,4.086332121517318,265493171.0,832.0,1520.0,801.0,1079.0,0.0,0.0,True,0.12405047805914508,30
8,random,4,ATTIA_CONT_S08_ST04,6.149853766357902,4.968637000562615,5.3083748810840525,3.557657500851198,54868350.0,953.0,1520.0,801.0,1079.0,0.0,0.0,True,0.0935915651472972,30
8,random,5,ATTIA_CONT_S08_ST05,7.255086935494864,5.220784045514843,5.046293968053546,3.2702002726603716,55509843.0,654.0,1520.0,725.0,1079.0,0.0,0.0,True,0.09646277927033098,30
8,random,6,ATTIA_CONT_S08_ST06,5.629668522881427,4.983510075570082,5.1107087933586826,3.855442105886766,2129154773.0,926.0,1520.0,789.0,1079.0,0.0,0.0,True,0.0790058696315936,30
8,random,7,ATTIA_CONT_S08_ST07,7.212105753040286,5.03004816317185,4.6420220569070425,3.565711233055372,1117576935.0,748.0,1520.0,780.0,1079.0,0.0,0.0,True,0.11743358043686619,30
8,random,8,ATTIA_CONT_S08_ST08,7.1121247286072435,6.614134861261622,4.420823265467254,3.171232503909913,129629936.0,605.0,1520.0,611.0,1079.0,0.0,0.0,True,0.11887697848825964,30
8,random,9,ATTIA_CONT_S08_ST09,5.100620259994793,5.8658715277097055,4.941963033935628,3.781399510450145,37302350.0,523.0,1520.0,749.0,1079.0,0.0,0.0,True,0.08489434349578728,30
8,random,10,ATTIA_CONT_S08_ST10,7.891891861577502,6.426019114769295,4.699335663376216,2.956763584522413,1491388497.0,609.0,1520.0,612.0,1079.0,0.0,0.0,True,0.13862922487331794,30
8,random,11,ATTIA_CONT_S08_ST11,7.4367292055967384,4.20471239205008,4.341824215813519,4.334271441975766,46822071.0,665.0,1520.0,871.0,1079.0,0.0,0.0,True,0.12588519538945286,30
8,random,12,ATTIA_CONT_S08_ST12,4.959655149939959,5.529349143057016,5.271057456438494,3.8293922058753025,1990293914.0,771.0,1520.0,834.0,1079.0,0.0,0.0,True,0.07269072100986348,30
8,random,13,ATTIA_CONT_S08_ST13,5.836118766567753,4.539607113021832,5.313454790614806,3.9447462449499326,1575314475.0,711.0,1520.0,854.0,1079.0,0.0,0.0,True,0.09177350633580815,30
8,random,14,ATTIA_CONT_S08_ST14,4.437825764258912,6.7397722721635684,4.038288720509618,4.717088984261729,1250551568.0,821.0,1520.0,839.0,1079.0,0.0,0.0,True,0.0802993014421381,30
8,random,15,ATTIA_CONT_S08_ST15,5.2744528665493515,5.01411258461162,4.858546390309891,4.193219435747007,1264700344.0,997.0,1520.0,921.0,1079.0,0.0,0.0,True,0.0660096971924657,30
8,random,16,ATTIA_CONT_S08_ST16,6.088268020322957,4.831688830958758,4.156469257940181,4.514117823489664,769771269.0,1085.0,1520.0,1041.0,1079.0,0.0,0.0,True,0.13756001104296461,30
8,random,17,ATTIA_CONT_S08_ST17,6.561617716253439,6.913378925376562,5.438223104493324,2.8376745440606785,2114484154.0,577.0,1520.0,594.0,1079.0,0.0,0.0,True,0.1429723086363158,30
8,random,18,ATTIA_CONT_S08_ST18,5.806309453059039,6.640630834540748,4.624765506738061,3.397990150743545,1788142870.0,446.0,1520.0,694.0,1079.0,0.0,0.0,True,0.15248363699590792,30
8,random,19,ATTIA_CONT_S08_ST19,5.81872327362167,6.440521950513136,4.5579663191831905,3.486612786382425,1961748910.0,863.0,1520.0,727.0,1079.0,0.0,0.0,True,0.1770739336557823,30
8,random,20,ATTIA_CONT_S08_ST20,6.6097002716490465,4.762311001197544,5.016413552219777,3.6668605807426715,458419715.0,827.0,1520.0,775.0,1079.0,0.0,0.0,True,0.14051718972607508,30
8,random,21,ATTIA_CONT_S08_ST21,6.883272568852739,3.991953125862995,5.280982801534979,4.029155545732831,206833333.0,691.0,1520.0,802.0,1079.0,0.0,0.0,True,0.04846737136986217,30
8,random,22,ATTIA_CONT_S08_ST22,5.541009605202559,4.838147292590216,5.12814913459029,3.9813990846995,371205801.0,1142.0,1520.0,819.0,1079.0,0.0,0.0,True,0.04511175480935046,30
8,random,23,ATTIA_CONT_S08_ST23,5.256603006680108,6.431829759273407,5.237993535497531,3.3703299257927974,1100089188.0,821.0,1520.0,761.0,1079.0,0.0,0.0,True,0.15035388947318565,30
8,random,24,ATTIA_CONT_S08_ST24,4.189141267999622,6.749091872014655,4.718804772201495,4.263760070823933,734786661.0,772.0,1520.0,796.0,1079.0,0.0,0.0,True,0.09664811974886747,30
8,random,25,ATTIA_CONT_S08_ST25,7.967504852061255,4.704692598613228,3.660947745814297,4.50214238184056,2069734063.0,826.0,1520.0,821.0,1079.0,0.0,0.0,True,0.042070232655695865,30
8,greedy,0,,,,,,,,1520.0,,1079.0,0.0,0.0,False,0.0,30
8,greedy,1,ATTIA_CONT_S08_ST01,5.556,4.437,4.975,4.405961800245495,1118066773.0,770.0,1520.0,883.0,1079.0,0.0,0.0,True,0.11358321310754964,30
8,greedy,2,ATTIA_CONT_S08_ST02,5.881,6.3,4.82,3.365924617175613,1543105355.0,857.0,1520.0,709.0,1079.0,0.0,0.0,True,0.0970970294544719,30
8,greedy,3,ATTIA_CONT_S08_ST03,6.0,4.802,3.998,4.800882435904535,265493171.0,1249.0,1520.0,1019.0,1079.0,0.0,0.0,True,0.001226676849216512,30
8,greedy,4,ATTIA_CONT_S08_ST04,6.001,4.799,4.0,4.800360342074943,54868350.0,1169.0,1520.0,1079.0,1079.0,0.0,0.0,False,0.0004057384973689331,30
8,greedy,5,ATTIA_CONT_S08_ST05,6.001,4.805,3.995,4.80157483734728,55509843.0,1176.0,1520.0,1019.0,1079.0,0.0,0.0,True,0.0029949600828442493,30
8,greedy,6,ATTIA_CONT_S08_ST06,6.007,4.809,3.985,4.808237481356252,2129154773.0,1126.0,1520.0,1018.0,1079.0,0.0,0.0,True,0.008922921333052393,30
8,greedy,7,ATTIA_CONT_S08_ST07,5.951438133126151,4.920470364835854,3.9371413280224226,4.805780954784635,1117576935.0,831.0,1520.0,886.0,1079.0,0.0,0.0,True,0.04870199921401151,30
8,greedy,8,ATTIA_CONT_S08_ST08,5.999,4.798,4.003,4.798324762811855,129629936.0,1021.0,1520.0,933.0,1079.0,0.0,0.0,True,0.0017943482567254888,30
8,greedy,9,ATTIA_CONT_S08_ST09,6.0,4.801,3.999,4.8004406088212805,37302350.0,1199.0,1520.0,1019.0,1079.0,0.0,0.0,False,0.0006132491664449891,30
8,greedy,10,ATTIA_CONT_S08_ST10,6.0,4.8,3.999,4.8014407924358435,1491388497.0,1364.0,1520.0,1019.0,1079.0,0.0,0.0,False,0.0008204340527126786,30
8,greedy,11,ATTIA_CONT_S08_ST11,5.999,4.799,4.0,4.801640875801464,46822071.0,1257.0,1520.0,933.0,1079.0,0.0,0.0,False,0.0008288216126841076,30
8,greedy,12,ATTIA_CONT_S08_ST12,6.084538747893579,4.779831863478275,4.038081625969873,4.714143446541345,1990293914.0,1077.0,1520.0,1063.0,1079.0,0.0,0.0,True,0.04763758727242303,30
8,greedy,13,ATTIA_CONT_S08_ST13,5.998,4.799,4.001,4.800841142470016,1575314475.0,814.0,1520.0,933.0,1079.0,0.0,0.0,False,0.0008290509797027803,30
8,greedy,14,ATTIA_CONT_S08_ST14,4.9,5.814,5.313,3.716981627343963,1250551568.0,580.0,1520.0,784.0,1079.0,0.0,0.0,True,0.08403196030067464,30
8,greedy,15,ATTIA_CONT_S08_ST15,6.315809316877843,4.800974639630754,3.883725167399749,4.779550210805887,1264700344.0,1073.0,1520.0,967.0,1079.0,0.0,0.0,True,0.09282729710892573,30
8,greedy,16,ATTIA_CONT_S08_ST16,6.183670537461727,4.7380010282883624,3.982637994225529,4.774004449354697,769771269.0,1004.0,1520.0,996.0,1079.0,0.0,0.0,True,0.04783424658949814,30
8,greedy,17,ATTIA_CONT_S08_ST17,6.084750245624193,4.939541658521408,3.8909438315210774,4.772516425064618,2114484154.0,1040.0,1520.0,987.0,1079.0,0.0,0.0,True,0.0719908973088393,30
8,greedy,18,ATTIA_CONT_S08_ST18,6.2030316133437555,4.761597941891471,3.9388162982119277,4.802499018852708,1788142870.0,1231.0,1520.0,991.0,1079.0,0.0,0.0,True,0.05651488359088589,30
8,greedy,19,ATTIA_CONT_S08_ST19,6.10354388304057,4.775827430624041,3.9726220775655827,4.7988472236786395,1961748910.0,816.0,1520.0,1006.0,1079.0,0.0,0.0,True,0.028142363732017003,30
8,greedy,20,ATTIA_CONT_S08_ST20,6.653,6.532,5.353,2.914418679503344,458419715.0,513.0,1520.0,622.0,1079.0,0.0,0.0,True,0.1818619418546685,30
8,greedy,21,ATTIA_CONT_S08_ST21,6.046235835338569,4.759785632225049,4.003532268897573,4.806115280157999,206833333.0,1374.0,1520.0,1076.0,1079.0,0.0,0.0,True,0.016157302049315526,30
8,greedy,22,ATTIA_CONT_S08_ST22,6.093317904337217,5.097434066687158,3.7936096451690307,4.774618574560632,371205801.0,916.0,1520.0,961.0,1079.0,0.0,0.0,True,0.13741620254202885,30
8,greedy,23,ATTIA_CONT_S08_ST23,6.054593468672429,4.642268770858033,4.120990316015378,4.759696141788506,1100089188.0,976.0,1520.0,1087.0,1087.0,0.0,8.0,True,0.07935286651755347,30
8,greedy,24,ATTIA_CONT_S08_ST24,6.096739777472608,5.246717907993016,3.696563608452877,4.803203576799289,734786661.0,1020.0,1520.0,1037.0,1087.0,0.0,8.0,True,0.11867893727865277,30
8,greedy,25,ATTIA_CONT_S08_ST25,5.953297059060208,4.8007762332847355,4.01761572504535,4.804096329071273,2069734063.0,923.0,1520.0,941.0,1087.0,0.0,8.0,True,0.013918123338345516,30
8,gp_ucb,0,,,,,,,,1520.0,,1079.0,0.0,0.0,False,0.0,30
8,gp_ucb,1,ATTIA_CONT_S08_ST01,5.556,4.437,4.975,4.405961800245495,1118066773.0,770.0,1520.0,883.0,1079.0,0.0,0.0,True,0.11358321310754964,30
8,gp_ucb,2,ATTIA_CONT_S08_ST02,5.881,6.3,4.82,3.365924617175613,1543105355.0,857.0,1520.0,709.0,1079.0,0.0,0.0,True,0.0970970294544719,30
8,gp_ucb,3,ATTIA_CONT_S08_ST03,5.941,4.861,3.99,4.792348780235581,265493171.0,993.0,1520.0,893.0,1079.0,0.0,0.0,True,0.02320822160198864,30
8,gp_ucb,4,ATTIA_CONT_S08_ST04,6.004,4.796,4.001,4.800005401559179,54868350.0,1169.0,1520.0,1079.0,1079.0,0.0,0.0,True,0.001568609343615189,30
8,gp_ucb,5,ATTIA_CONT_S08_ST05,5.999,4.801,4.0,4.799640341925144,55509843.0,776.0,1520.0,933.0,1079.0,0.0,0.0,False,0.00040561477982547334,30
8,gp_ucb,6,ATTIA_CONT_S08_ST06,6.002,4.812,3.989,4.802635478067924,2129154773.0,1126.0,1520.0,1018.0,1079.0,0.0,0.0,True,0.006658007161697277,30
8,gp_ucb,7,ATTIA_CONT_S08_ST07,6.006,4.797,3.998,4.802048026520089,1117576935.0,1076.0,1520.0,1019.0,1079.0,0.0,0.0,True,0.002119662078985835,30
8,gp_ucb,8,ATTIA_CONT_S08_ST08,6.008,4.8,3.993,4.804989669949119,129629936.0,1055.0,1520.0,1018.0,1079.0,0.0,0.0,True,0.004542061123736937,30
8,gp_ucb,9,ATTIA_CONT_S08_ST09,6.009,4.794,3.999,4.801697096352436,37302350.0,1199.0,1520.0,1019.0,1079.0,0.0,0.0,True,0.0028522111133608774,30
8,gp_ucb,10,ATTIA_CONT_S08_ST10,6.007,4.795,4.0,4.800530492963605,1491388497.0,1423.0,1520.0,1078.0,1079.0,0.0,0.0,True,0.002179674710496552,30
8,gp_ucb,11,ATTIA_CONT_S08_ST11,6.006,4.793,4.002,4.800295516879104,46822071.0,1403.0,1520.0,1079.0,1079.0,0.0,0.0,True,0.0026675941107004407,30
8,gp_ucb,12,ATTIA_CONT_S08_ST12,6.051,4.746,4.009,4.809336734428886,1990293914.0,993.0,1520.0,1077.0,1079.0,0.0,0.0,True,0.020606224117347548,30
8,gp_ucb,13,ATTIA_CONT_S08_ST13,6.069821904712068,4.837984839071442,3.9785083811985635,4.749787339652309,1575314475.0,783.0,1520.0,1002.0,1079.0,0.0,0.0,True,0.031717497505997706,30
8,gp_ucb,14,ATTIA_CONT_S08_ST14,6.007,4.651,4.216,4.658492692637486,1250551568.0,1274.0,1520.0,1087.0,1087.0,0.0,8.0,True,0.12060030960444794,30
8,gp_ucb,15,ATTIA_CONT_S08_ST15,6.007,4.651,4.216,4.658492692637486,1264700344.0,1114.0,1520.0,1087.0,1087.0,0.0,8.0,True,0.12060030960444794,30
8,gp_ucb,16,ATTIA_CONT_S08_ST16,7.143,6.881,4.904,2.906188964274005,769771269.0,681.0,1520.0,576.0,1087.0,0.0,8.0,True,0.07297071317088887,30
8,gp_ucb,17,ATTIA_CONT_S08_ST17,6.084750245624193,4.939541658521408,3.8909438315210774,4.772516425064618,2114484154.0,1040.0,1520.0,987.0,1087.0,0.0,8.0,True,0.0719908973088393,30
8,gp_ucb,18,ATTIA_CONT_S08_ST18,6.024,4.627,4.221,4.666415786938716,1788142870.0,1020.0,1520.0,1086.0,1087.0,0.0,8.0,True,0.1138377575700155,30
8,gp_ucb,19,ATTIA_CONT_S08_ST19,6.071605408974525,5.089066752430809,3.7888352739472655,4.803092140894097,1961748910.0,1139.0,1520.0,966.0,1087.0,0.0,8.0,True,0.136538506910288,30
8,gp_ucb,20,ATTIA_CONT_S08_ST20,6.1747552315529655,4.9768178676782036,3.8295219456876572,4.77731067977759,458419715.0,898.0,1520.0,967.0,1087.0,0.0,8.0,True,0.10794727969020097,30
8,gp_ucb,21,ATTIA_CONT_S08_ST21,5.643548491141967,5.26155654775067,3.875614133684305,4.806342752291212,206833333.0,1264.0,1520.0,977.0,1087.0,0.0,8.0,True,0.079405465511548,30
8,gp_ucb,22,ATTIA_CONT_S08_ST22,5.515,5.411,3.857,4.809262582470719,371205801.0,958.0,1520.0,973.0,1087.0,0.0,8.0,True,0.10708988388044993,30
8,gp_ucb,23,ATTIA_CONT_S08_ST23,5.6757548138304035,5.014425372105341,4.019306541065088,4.786486070332268,1100089188.0,848.0,1520.0,959.0,1087.0,0.0,8.0,True,0.06823804361215835,30
8,gp_ucb,24,ATTIA_CONT_S08_ST24,6.096739777472608,5.246717907993016,3.696563608452877,4.803203576799289,734786661.0,1020.0,1520.0,1037.0,1087.0,0.0,8.0,True,0.11867893727865277,30
8,gp_ucb,25,ATTIA_CONT_S08_ST25,5.953297059060208,4.8007762332847355,4.01761572504535,4.804096329071273,2069734063.0,923.0,1520.0,941.0,1087.0,0.0,8.0,True,0.013918123338345516,30
9,random,0,,,,,,,,1045.0,,958.0,121.0,0.0,False,0.0,30
9,random,1,ATTIA_CONT_S09_ST01,4.729609990191642,4.564249725746264,5.521444648999041,4.510735644025916,831507520.0,1105.0,1105.0,1017.0,1017.0,62.0,0.0,True,0.06847738525405252,30
9,random,2,ATTIA_CONT_S09_ST02,5.678001891917766,6.099136257727192,5.55426061805265,3.1926907042494372,847924534.0,642.0,1105.0,698.0,1017.0,62.0,0.0,True,0.04457126466689145,30
9,random,3,ATTIA_CONT_S09_ST03,6.407004200882243,4.986273875342278,4.5064092679365455,3.9246864339641725,493332130.0,635.0,1105.0,847.0,1017.0,62.0,0.0,True,0.1356020995127925,30
9,random,4,ATTIA_CONT_S09_ST04,7.05645642385804,6.330280516355028,5.188360385394139,2.93333287172474,607637103.0,590.0,1105.0,618.0,1017.0,62.0,0.0,True,0.10517480583316763,30
9,random,5,ATTIA_CONT_S09_ST05,7.670220205742835,6.4402781861507545,5.21525482290583,2.809454382058099,1001070998.0,866.0,1105.0,613.0,1017.0,62.0,0.0,True,0.15168066537499442,30
9,random,6,ATTIA_CONT_S09_ST06,7.6163793388443874,4.573465878534194,3.8902966882849714,4.418229749103569,1765445993.0,735.0,1105.0,848.0,1017.0,62.0,0.0,True,0.12195315792366476,30
9,random,7,ATTIA_CONT_S09_ST07,6.2140823416969955,6.548071011553734,4.300383764136122,3.482446960969554,789892937.0,446.0,1105.0,725.0,1017.0,62.0,0.0,True,0.15812117624171762,30
9,random,8,ATTIA_CONT_S09_ST08,7.701518703814642,6.906585850483549,3.667790235809833,3.49582209003816,619316536.0,676.0,1105.0,631.0,1017.0,62.0,0.0,True,0.08115194478419434,30
9,random,9,ATTIA_CONT_S09_ST09,6.083816440050757,4.594620190333077,5.337772492537658,3.788267470047241,1489893830.0,745.0,1105.0,904.0,1017.0,62.0,0.0,True,0.09450736416928757,30
9,random,10,ATTIA_CONT_S09_ST10,6.1287731366964255,6.852306400606976,4.04018931742841,3.613772669500493,689652332.0,850.0,1105.0,732.0,1017.0,62.0,0.0,True,0.058695440213561705,30
9,random,11,ATTIA_CONT_S09_ST11,5.8030923404226105,4.824397512525324,4.941138771634854,3.978529456943066,830456599.0,1038.0,1105.0,813.0,1017.0,62.0,0.0,True,0.0844287083642897,30
9,random,12,ATTIA_CONT_S09_ST12,5.162982853256125,4.552141215215003,4.851848361863782,4.67589087065199,532461898.0,1083.0,1105.0,1099.0,1099.0,0.0,20.0,True,0.12303193587037885,30
9,random,13,ATTIA_CONT_S09_ST13,5.838058977757747,6.44531663450398,5.084385612293415,3.2236069900245536,1507591974.0,263.0,1105.0,657.0,1099.0,0.0,20.0,True,0.14829976713618556,30
9,random,14,ATTIA_CONT_S09_ST14,6.694855403449532,4.358173621312164,4.316961968429952,4.486988888722689,616088607.0,941.0,1105.0,845.0,1099.0,0.0,20.0,True,0.13863448327784045,30
9,random,15,ATTIA_CONT_S09_ST15,4.016674652952831,6.549304848175495,5.253636306603942,4.143551520354654,1037713615.0,1123.0,1123.0,834.0,1099.0,0.0,20.0,True,0.1446828184799236,30
9,random,16,ATTIA_CONT_S09_ST16,6.815735222540354,4.118084911385266,4.515359350933509,4.4980940773646925,1325270238.0,1056.0,1123.0,874.0,1099.0,0.0,20.0,True,0.1174450196146213,30
9,random,17,ATTIA_CONT_S09_ST17,7.9096011533508115,4.847452177358287,4.541668170363428,3.5659859021910134,618919819.0,838.0,1123.0,718.0,1099.0,0.0,20.0,True,0.08783013644846803,30
9,random,18,ATTIA_CONT_S09_ST18,7.294322172963518,4.4710096949510145,4.912783100834472,3.717103619265446,1997124065.0,842.0,1123.0,794.0,1099.0,0.0,20.0,True,0.12967465318134494,30
9,random,19,ATTIA_CONT_S09_ST19,7.352866483066248,5.273395687925336,4.615336962233857,3.436049274674348,1090950579.0,846.0,1123.0,781.0,1099.0,0.0,20.0,True,0.12434758667373896,30
9,random,20,ATTIA_CONT_S09_ST20,6.604740826392975,5.916249498842086,5.00311895004432,3.19462672719163,1459000330.0,788.0,1123.0,649.0,1099.0,0.0,20.0,True,0.1382549180452223,30
9,random,21,ATTIA_CONT_S09_ST21,5.430165308651432,5.869439636647485,5.161727128368526,3.5079194754865455,495076554.0,662.0,1123.0,761.0,1099.0,0.0,20.0,True,0.0696949620244903,30
9,random,22,ATTIA_CONT_S09_ST22,7.671418044113349,5.270023635277839,4.973812440144315,3.203343268448118,303407571.0,647.0,1123.0,680.0,1099.0,0.0,20.0,True,0.11831021011147318,30
9,random,23,ATTIA_CONT_S09_ST23,5.0104764203338235,6.544449023026909,4.314840200825673,4.012970410047706,1434151765.0,939.0,1123.0,800.0,1099.0,0.0,20.0,True,0.15384027413526544,30
9,random,24,ATTIA_CONT_S09_ST24,6.914196535097322,4.932591965334975,4.846528823436212,3.576065210734043,658836625.0,809.0,1123.0,712.0,1099.0,0.0,20.0,True,0.060146402217845306,30
9,random,25,ATTIA_CONT_S09_ST25,6.417993259861213,6.791046590242232,5.3652824234665735,2.9079471520073814,449502119.0,676.0,1123.0,617.0,1099.0,0.0,20.0,True,0.148509911407997,30
9,greedy,0,,,,,,,,1045.0,,958.0,121.0,0.0,False,0.0,30
9,greedy,1,ATTIA_CONT_S09_ST01,6.015,5.633,3.988,4.187521568530362,831507520.0,1232.0,1232.0,888.0,958.0,121.0,0.0,True,0.013174351598160008,30
9,greedy,2,ATTIA_CONT_S09_ST02,6.017,5.637,3.987,4.185447474233822,847924534.0,734.0,1232.0,887.0,958.0,121.0,0.0,True,0.014790809569629861,30
9,greedy,3,ATTIA_CONT_S09_ST03,5.911,6.63,4.576,3.392174099757474,493332130.0,800.0,1232.0,688.0,958.0,121.0,0.0,True,0.14169918062837833,30
9,greedy,4,ATTIA_CONT_S09_ST04,4.9,5.814,5.313,3.716981627343963,607637103.0,676.0,1232.0,784.0,958.0,121.0,0.0,True,0.08403196030067464,30
9,greedy,5,ATTIA_CONT_S09_ST05,5.074,5.509,5.212,3.8042472833109615,1001070998.0,718.0,1232.0,830.0,958.0,121.0,0.0,True,0.0608543883365544,30
9,greedy,6,ATTIA_CONT_S09_ST06,6.036,5.628,3.984,4.184561370014566,1765445993.0,756.0,1232.0,886.0,958.0,121.0,0.0,True,0.01572716189750754,30
9,greedy,7,ATTIA_CONT_S09_ST07,6.963,6.246,5.022,3.0258032449930203,789892937.0,688.0,1232.0,627.0,958.0,121.0,0.0,True,0.11507587314080608,30
9,greedy,8,ATTIA_CONT_S09_ST08,4.332,6.319,5.172,3.985788504646482,619316536.0,773.0,1232.0,824.0,958.0,121.0,0.0,True,0.10000695041711065,30
9,greedy,9,ATTIA_CONT_S09_ST09,6.195,5.642,3.925,4.1685138369272146,1489893830.0,843.0,1232.0,863.0,958.0,121.0,0.0,True,0.061032874957112175,30
9,greedy,10,ATTIA_CONT_S09_ST10,6.262,5.605,3.912,4.17355144872408,689652332.0,798.0,1232.0,860.0,958.0,121.0,0.0,True,0.07500935297330086,30
9,greedy,11,ATTIA_CONT_S09_ST11,3.942,6.888,5.046,4.231940817419464,830456599.0,566.0,1232.0,719.0,958.0,121.0,0.0,True,0.12449815272335465,30
9,greedy,12,ATTIA_CONT_S09_ST12,6.329,5.627,3.887,4.160632308887323,532461898.0,1120.0,1232.0,846.0,958.0,121.0,0.0,True,0.0957191752896639,30
9,greedy,13,ATTIA_CONT_S09_ST13,6.492,5.612,3.831,4.165286026841479,1507591974.0,902.0,1232.0,826.0,958.0,121.0,0.0,True,0.14107314094171536,30
9,greedy,14,ATTIA_CONT_S09_ST14,6.689,5.56,3.802,4.15009090908184,616088607.0,846.0,1232.0,803.0,958.0,121.0,0.0,True,0.13533297227146807,30
9,greedy,15,ATTIA_CONT_S09_ST15,6.547,5.567,3.831,4.167826621573501,1037713615.0,873.0,1232.0,824.0,958.0,121.0,0.0,True,0.15132893546965936,30
9,greedy,16,ATTIA_CONT_S09_ST16,6.586,5.609,3.794,4.172975871245057,1325270238.0,899.0,1232.0,813.0,958.0,121.0,0.0,True,0.14222370863381154,30
9,greedy,17,ATTIA_CONT_S09_ST17,6.681,5.613,3.756,4.179612808070834,618919819.0,775.0,1232.0,799.0,958.0,121.0,0.0,True,0.11426775063635951,30
9,greedy,18,ATTIA_CONT_S09_ST18,6.477,5.598,3.856,4.149902078410475,1997124065.0,889.0,1232.0,829.0,958.0,121.0,0.0,True,0.1320925113990101,30
9,greedy,19,ATTIA_CONT_S09_ST19,6.554,5.555,3.836,4.165824186475366,1090950579.0,839.0,1232.0,825.0,958.0,121.0,0.0,True,0.1516256386124964,30
9,greedy,20,ATTIA_CONT_S09_ST20,6.434,5.621,3.828,4.188100709535326,1459000330.0,819.0,1232.0,834.0,958.0,121.0,0.0,True,0.13111880456395578,30
9,greedy,21,ATTIA_CONT_S09_ST21,6.447,5.617,3.812,4.204118958590987,495076554.0,738.0,1232.0,834.0,958.0,121.0,0.0,True,0.13851054410780747,30
9,greedy,22,ATTIA_CONT_S09_ST22,6.328,5.596,3.91,4.151927773380483,303407571.0,1042.0,1232.0,850.0,958.0,121.0,0.0,True,0.08974648006959679,30
9,greedy,23,ATTIA_CONT_S09_ST23,6.343,5.558,3.932,4.141903397723095,1434151765.0,889.0,1232.0,852.0,958.0,121.0,0.0,True,0.08985238877731856,30
9,greedy,24,ATTIA_CONT_S09_ST24,6.409,5.579,3.892,4.147280686933633,658836625.0,962.0,1232.0,841.0,958.0,121.0,0.0,True,0.11027776756041861,30
9,greedy,25,ATTIA_CONT_S09_ST25,6.458,5.604,3.88,4.1269328288850335,449502119.0,774.0,1232.0,829.0,958.0,121.0,0.0,True,0.12459724067345769,30
9,gp_ucb,0,,,,,,,,1045.0,,958.0,121.0,0.0,False,0.0,30
9,gp_ucb,1,ATTIA_CONT_S09_ST01,5.882,5.851,4.025,4.098949084067364,831507520.0,796.0,1045.0,801.0,958.0,121.0,0.0,True,0.06922122908333075,30
9,gp_ucb,2,ATTIA_CONT_S09_ST02,7.897,5.487,3.705,3.9285247006840844,847924534.0,749.0,1045.0,724.0,958.0,121.0,0.0,True,0.06886750185794725,30
9,gp_ucb,3,ATTIA_CONT_S09_ST03,5.911,6.63,4.576,3.392174099757474,493332130.0,800.0,1045.0,688.0,958.0,121.0,0.0,True,0.14169918062837833,30
9,gp_ucb,4,ATTIA_CONT_S09_ST04,4.9,5.814,5.313,3.716981627343963,607637103.0,676.0,1045.0,784.0,958.0,121.0,0.0,True,0.08403196030067464,30
9,gp_ucb,5,ATTIA_CONT_S09_ST05,5.074,5.509,5.212,3.8042472833109615,1001070998.0,718.0,1045.0,830.0,958.0,121.0,0.0,True,0.0608543883365544,30
9,gp_ucb,6,ATTIA_CONT_S09_ST06,5.999,5.591,4.0,4.20556810301485,1765445993.0,676.0,1045.0,830.0,958.0,121.0,0.0,True,0.0036575737168843218,30
9,gp_ucb,7,ATTIA_CONT_S09_ST07,6.963,6.246,5.022,3.0258032449930203,789892937.0,688.0,1045.0,627.0,958.0,121.0,0.0,True,0.11507587314080608,30
9,gp_ucb,8,ATTIA_CONT_S09_ST08,4.332,6.319,5.172,3.985788504646482,619316536.0,773.0,1045.0,824.0,958.0,121.0,0.0,True,0.10000695041711065,30
9,gp_ucb,9,ATTIA_CONT_S09_ST09,6.786,5.357,4.957,3.360615345129829,1489893830.0,604.0,1045.0,707.0,958.0,121.0,0.0,True,0.11085340533001584,30
9,gp_ucb,10,ATTIA_CONT_S09_ST10,6.653,6.532,5.353,2.914418679503344,689652332.0,456.0,1045.0,622.0,958.0,121.0,0.0,True,0.1818619418546685,30
9,gp_ucb,11,ATTIA_CONT_S09_ST11,7.179,5.356,3.637,4.303300286637869,830456599.0,827.0,1045.0,760.0,958.0,121.0,0.0,True,0.08579092780830655,30
9,gp_ucb,12,ATTIA_CONT_S09_ST12,7.125,5.417,3.6,4.3365011446254105,532461898.0,749.0,1045.0,762.0,958.0,121.0,0.0,True,0.06766483313317764,30
9,gp_ucb,13,ATTIA_CONT_S09_ST13,7.014,5.441,3.678,4.25378606832714,1507591974.0,828.0,1045.0,774.0,958.0,121.0,0.0,True,0.06146916552777491,30
9,gp_ucb,14,ATTIA_CONT_S09_ST14,6.957,5.454,3.654,4.29980179697279,616088607.0,583.0,1045.0,783.0,958.0,121.0,0.0,True,0.053268476872545704,30
9,gp_ucb,15,ATTIA_CONT_S09_ST15,7.072,3.775,4.696,4.671090596259975,1037713615.0,725.0,1045.0,843.0,958.0,121.0,0.0,True,0.1631685442370171,30
9,gp_ucb,16,ATTIA_CONT_S09_ST16,6.175,5.43,4.046,4.1654471577947225,1325270238.0,1025.0,1045.0,939.0,958.0,121.0,0.0,True,0.06967218617600315,30
9,gp_ucb,17,ATTIA_CONT_S09_ST17,6.194,5.493,4.042,4.124823522299161,618919819.0,969.0,1045.0,922.0,958.0,121.0,0.0,True,0.06728529347254937,30
9,gp_ucb,18,ATTIA_CONT_S09_ST18,6.205,5.451,4.079,4.105726155482875,1997124065.0,924.0,1045.0,924.0,958.0,121.0,0.0,True,0.08638837023247166,30
9,gp_ucb,19,ATTIA_CONT_S09_ST19,6.239,5.435,4.076,4.103068601969275,1090950579.0,709.0,1045.0,921.0,958.0,121.0,0.0,True,0.09308396609260187,30
9,gp_ucb,20,ATTIA_CONT_S09_ST20,6.163,5.487,4.061,4.122334842564448,1459000330.0,935.0,1045.0,927.0,958.0,121.0,0.0,True,0.06809283248700274,30
9,gp_ucb,21,ATTIA_CONT_S09_ST21,6.149,5.474,4.069,4.127747746055734,495076554.0,1146.0,1146.0,932.0,958.0,121.0,0.0,True,0.0690969308952156,30
9,gp_ucb,22,ATTIA_CONT_S09_ST22,6.141,5.463,4.069,4.13764848629825,303407571.0,1128.0,1146.0,936.0,958.0,121.0,0.0,True,0.06806747284239786,30
9,gp_ucb,23,ATTIA_CONT_S09_ST23,6.137,5.466,4.065,4.141890081818263,1434151765.0,974.0,1146.0,937.0,958.0,121.0,0.0,True,0.06532435371433735,30
9,gp_ucb,24,ATTIA_CONT_S09_ST24,6.137,5.467,4.065,4.141316073420668,658836625.0,1057.0,1146.0,936.0,958.0,121.0,0.0,True,0.06525211650087052,30
9,gp_ucb,25,ATTIA_CONT_S09_ST25,6.136,5.466,4.066,4.14130780151506,449502119.0,971.0,1146.0,937.0,958.0,121.0,0.0,True,0.06557272489670668,30
10,random,0,,,,,,,,1232.0,,890.0,189.0,0.0,False,0.0,30
10,random,1,ATTIA_CONT_S10_ST01,4.59479389268479,5.912283687618787,5.396581515458166,3.827694890342385,1489629449.0,750.0,1232.0,789.0,890.0,189.0,0.0,True,0.11392281741892292,30
10,random,2,ATTIA_CONT_S10_ST02,5.112345410036679,5.501845729179969,4.274466384653092,4.504020023113242,1857223810.0,864.0,1232.0,937.0,937.0,142.0,0.0,True,0.10257362920212174,30
10,random,3,ATTIA_CONT_S10_ST03,7.992843247704554,5.653867579579878,4.584655484572391,3.1925174200262587,406102328.0,584.0,1232.0,645.0,937.0,142.0,0.0,True,0.1067846435633487,30
10,random,4,ATTIA_CONT_S10_ST04,4.602004483405771,6.192514395517358,5.059526704444548,3.89249733432128,872829345.0,1249.0,1249.0,821.0,937.0,142.0,0.0,True,0.11745878575447607,30
10,random,5,ATTIA_CONT_S10_ST05,6.1876386572216155,6.108160496362465,4.765571281361289,3.353825740313892,379542469.0,595.0,1249.0,773.0,937.0,142.0,0.0,True,0.06541236237917405,30
10,random,6,ATTIA_CONT_S10_ST06,4.064616976014405,6.304597844652362,5.594022214402623,4.001103634898895,294181120.0,529.0,1249.0,820.0,937.0,142.0,0.0,True,0.127725168222432,30
10,random,7,ATTIA_CONT_S10_ST07,6.849600049723204,6.403201761787036,3.8233147139945087,3.7090008648342345,165719033.0,433.0,1249.0,703.0,937.0,142.0,0.0,True,0.15394268730052002,30
10,random,8,ATTIA_CONT_S10_ST08,7.434600635189203,4.720089603843588,4.287501609710309,3.9411869550594463,1166583979.0,918.0,1249.0,822.0,937.0,142.0,0.0,True,0.11632993304490344,30
10,random,9,ATTIA_CONT_S10_ST09,5.4206985696531875,6.001735460442996,4.656277229412227,3.738695860167556,1114731556.0,699.0,1249.0,878.0,937.0,142.0,0.0,True,0.08811497364218746,30
10,random,10,ATTIA_CONT_S10_ST10,5.0179131357945055,6.482436290334899,4.981460151282702,3.5837161407550906,62124292.0,781.0,1249.0,717.0,937.0,142.0,0.0,True,0.18463924082133415,30
10,random,11,ATTIA_CONT_S10_ST11,6.620236817367171,4.626953788900601,5.086554365958158,3.7097536235410984,384520408.0,660.0,1249.0,780.0,937.0,142.0,0.0,True,0.123264988500747,30
10,random,12,ATTIA_CONT_S10_ST12,5.946492574707573,6.973091530476106,4.027470812686122,3.656791462074927,443023149.0,730.0,1249.0,677.0,937.0,142.0,0.0,True,0.020096286923157552,30
10,random,13,ATTIA_CONT_S10_ST13,7.958282530293385,4.478570341494801,5.0706188208248655,3.482161464262676,1354412613.0,363.0,1249.0,671.0,937.0,142.0,0.0,True,0.06988293503317908,30
10,random,14,ATTIA_CONT_S10_ST14,7.677185753984622,6.078236664011075,4.7654690447154255,3.0421680628141856,211179445.0,596.0,1249.0,661.0,937.0,142.0,0.0,True,0.08107229800023293,30
10,random,15,ATTIA_CONT_S10_ST15,4.992675548674674,4.904657211290605,4.70618671107212,4.6154026282487655,2069235456.0,946.0,1249.0,983.0,983.0,96.0,0.0,True,0.10238237009384521,30
10,random,16,ATTIA_CONT_S10_ST16,7.470028987382168,5.90400976068049,4.141200127389776,3.4648505455526153,613695715.0,822.0,1249.0,696.0,983.0,96.0,0.0,True,0.14335659960998343,30
10,random,17,ATTIA_CONT_S10_ST17,4.170316031809227,6.917564128763871,5.428387235511465,3.7769054492266116,320156241.0,982.0,1249.0,708.0,983.0,96.0,0.0,True,0.09896023519721313,30
10,random,18,ATTIA_CONT_S10_ST18,6.105548792037219,4.741657660435364,5.065766345395815,3.8277851294941976,640273382.0,846.0,1249.0,850.0,983.0,96.0,0.0,True,0.07961736200330254,30
10,random,19,ATTIA_CONT_S10_ST19,7.646609591444591,6.852396369282374,5.075326822729157,2.7809416780545946,1263890532.0,496.0,1249.0,578.0,983.0,96.0,0.0,True,0.11957415791748315,30
10,random,20,ATTIA_CONT_S10_ST20,7.0560625713243565,6.433749327444772,4.82063924995566,3.041922231147077,1744175771.0,557.0,1249.0,620.0,983.0,96.0,0.0,True,0.141022286834518,30
10,random,21,ATTIA_CONT_S10_ST21,5.259005362137703,6.902552170658516,4.431435749675274,3.6677211876472473,24722957.0,931.0,1249.0,725.0,983.0,96.0,0.0,True,0.03686190856181659,30
10,random,22,ATTIA_CONT_S10_ST22,7.888423200444219,4.500225827251184,4.945625654342226,3.5441471259036836,1928397047.0,499.0,1249.0,715.0,983.0,96.0,0.0,True,0.0994483723969433,30
10,random,23,ATTIA_CONT_S10_ST23,5.963002022430953,5.99845334659428,5.35815973174468,3.202134546188574,1152402941.0,686.0,1249.0,650.0,983.0,96.0,0.0,True,0.08241065291679983,30
10,random,24,ATTIA_CONT_S10_ST24,6.712220824682491,6.4789498670974925,5.326276443737754,2.9217816614337258,1459807253.0,675.0,1249.0,623.0,983.0,96.0,0.0,True,0.17307747706712023,30
10,random,25,ATTIA_CONT_S10_ST25,6.222534296473938,3.9197937541664056,5.002486459634169,4.59535480641192,918470399.0,1000.0,1249.0,948.0,983.0,96.0,0.0,True,0.1294948079153871,30
10,greedy,0,,,,,,,,1232.0,,890.0,189.0,0.0,False,0.0,30
10,greedy,1,ATTIA_CONT_S10_ST01,5.601,3.983,5.6,4.441378445348135,1489629449.0,954.0,1232.0,851.0,890.0,189.0,0.0,True,0.010473554909338876,30
10,greedy,2,ATTIA_CONT_S10_ST02,5.602,4.069,5.446,4.435690911773208,1857223810.0,852.0,1232.0,915.0,915.0,164.0,0.0,True,0.07990649175998173,30
10,greedy,3,ATTIA_CONT_S10_ST03,7.992,5.883,4.056,3.4284313603408507,406102328.0,653.0,1232.0,650.0,915.0,164.0,0.0,True,0.04440204096189433,30
10,greedy,4,ATTIA_CONT_S10_ST04,4.744,6.46,4.061,4.514729261524541,872829345.0,1110.0,1232.0,931.0,931.0,148.0,0.0,True,0.17508431521870077,30
10,greedy,5,ATTIA_CONT_S10_ST05,5.6,4.0,5.6,4.42105263157895,379542469.0,1230.0,1232.0,890.0,931.0,148.0,0.0,False,2.376143519167151e-05,30
10,greedy,6,ATTIA_CONT_S10_ST06,8.0,6.001,4.0,3.4282449834567146,294181120.0,689.0,1232.0,686.0,931.0,148.0,0.0,False,0.0004502158520562398,30
10,greedy,7,ATTIA_CONT_S10_ST07,5.672,4.727,4.556,4.425028772863981,165719033.0,1157.0,1232.0,951.0,951.0,128.0,0.0,True,0.10340568504845009,30
10,greedy,8,ATTIA_CONT_S10_ST08,7.251,5.904,5.41,2.930817376913269,1166583979.0,566.0,1232.0,638.0,951.0,128.0,0.0,True,0.11536685141462075,30
10,greedy,9,ATTIA_CONT_S10_ST09,7.048,4.242,5.422,3.686262723834537,1114731556.0,646.0,1232.0,732.0,951.0,128.0,0.0,True,0.12084741611049685,30
10,greedy,10,ATTIA_CONT_S10_ST10,6.752,4.863,4.982,3.585873436576035,62124292.0,850.0,1232.0,725.0,951.0,128.0,0.0,True,0.11266081246363109,30
10,greedy,11,ATTIA_CONT_S10_ST11,7.313,5.778,3.781,3.860407900932386,384520408.0,549.0,1232.0,759.0,951.0,128.0,0.0,True,0.14197895457596132,30
10,greedy,12,ATTIA_CONT_S10_ST12,4.878,4.424,5.23,4.737385152700564,443023149.0,1124.0,1232.0,999.0,999.0,80.0,0.0,True,0.12498015134852594,30
10,greedy,13,ATTIA_CONT_S10_ST13,4.632193553896249,4.594219033537296,5.256947350195546,4.77182166738675,1354412613.0,960.0,1232.0,1083.0,1083.0,0.0,4.0,True,0.16164711608727134,30
10,greedy,14,ATTIA_CONT_S10_ST14,4.956,4.301,5.241,4.801912532047518,211179445.0,999.0,1232.0,1000.0,1083.0,0.0,4.0,True,0.14493094590954506,30
10,greedy,15,ATTIA_CONT_S10_ST15,5.016,4.254,5.276,4.776441273078284,2069235456.0,999.0,1232.0,991.0,1083.0,0.0,4.0,True,0.13733873589352266,30
10,greedy,16,ATTIA_CONT_S10_ST16,4.981,4.373,5.123,4.791650826814812,613695715.0,849.0,1232.0,913.0,1083.0,0.0,4.0,True,0.1396773910893613,30
10,greedy,17,ATTIA_CONT_S10_ST17,5.201,4.06,5.6,4.625651379429321,320156241.0,1248.0,1248.0,1015.0,1083.0,0.0,4.0,True,0.04074661959497414,30
10,greedy,18,ATTIA_CONT_S10_ST18,5.198,4.032,5.6,4.664954860307343,640273382.0,1260.0,1260.0,1017.0,1083.0,0.0,4.0,True,0.021192083818644798,30
10,greedy,19,ATTIA_CONT_S10_ST19,5.272,3.96,5.6,4.704657661253979,1263890532.0,1133.0,1260.0,956.0,1083.0,0.0,4.0,True,0.02018155551755484,30
10,greedy,20,ATTIA_CONT_S10_ST20,5.307,3.938,5.592,4.713866985540177,1744175771.0,873.0,1260.0,954.0,1083.0,0.0,4.0,True,0.03081414087105765,30
10,greedy,21,ATTIA_CONT_S10_ST21,5.131,4.029,5.6,4.72438915628681,24722957.0,761.0,1260.0,927.0,1083.0,0.0,4.0,True,0.019501352639093958,30
10,greedy,22,ATTIA_CONT_S10_ST22,5.105,4.071,5.6,4.689647852547892,1928397047.0,1109.0,1260.0,929.0,1083.0,0.0,4.0,True,0.031042075090755954,30
10,greedy,23,ATTIA_CONT_S10_ST23,5.08,4.07,5.6,4.712285176281619,1152402941.0,923.0,1260.0,933.0,1083.0,0.0,4.0,True,0.034254495803486024,30
10,greedy,24,ATTIA_CONT_S10_ST24,5.112,4.07,5.6,4.685080470049317,1459807253.0,716.0,1260.0,929.0,1083.0,0.0,4.0,True,0.030361246107321296,30
10,greedy,25,ATTIA_CONT_S10_ST25,5.087,4.175,5.415,4.704539577670581,918470399.0,1027.0,1260.0,962.0,1083.0,0.0,4.0,True,0.1089323694563812,30
10,gp_ucb,0,,,,,,,,1232.0,,890.0,189.0,0.0,False,0.0,30
10,gp_ucb,1,ATTIA_CONT_S10_ST01,5.871,3.773,5.555,4.588302708368676,1489629449.0,1093.0,1232.0,887.0,890.0,189.0,0.0,True,0.0980746757447829,30
10,gp_ucb,2,ATTIA_CONT_S10_ST02,5.432,4.121,5.6,4.385809103537277,1857223810.0,1113.0,1232.0,907.0,907.0,172.0,0.0,True,0.054559944939001355,30
10,gp_ucb,3,ATTIA_CONT_S10_ST03,5.54,3.999,5.6,4.460423187517933,406102328.0,497.0,1232.0,857.0,907.0,172.0,0.0,True,0.02242355115206347,30
10,gp_ucb,4,ATTIA_CONT_S10_ST04,4.744,6.46,4.061,4.514729261524541,872829345.0,1110.0,1232.0,931.0,931.0,148.0,0.0,True,0.17508431521870077,30
10,gp_ucb,5,ATTIA_CONT_S10_ST05,7.072,3.775,4.696,4.671090596259975,379542469.0,902.0,1232.0,843.0,931.0,148.0,0.0,True,0.1631685442370171,30
10,gp_ucb,6,ATTIA_CONT_S10_ST06,6.175,5.43,4.046,4.1654471577947225,294181120.0,777.0,1232.0,939.0,939.0,140.0,0.0,True,0.06967218617600315,30
10,gp_ucb,7,ATTIA_CONT_S10_ST07,5.672,4.727,4.556,4.425028772863981,165719033.0,1157.0,1232.0,951.0,951.0,128.0,0.0,True,0.10340568504845009,30
10,gp_ucb,8,ATTIA_CONT_S10_ST08,7.251,5.904,5.41,2.930817376913269,1166583979.0,566.0,1232.0,638.0,951.0,128.0,0.0,True,0.11536685141462075,30
10,gp_ucb,9,ATTIA_CONT_S10_ST09,7.048,4.242,5.422,3.686262723834537,1114731556.0,646.0,1232.0,732.0,951.0,128.0,0.0,True,0.12084741611049685,30
10,gp_ucb,10,ATTIA_CONT_S10_ST10,6.752,4.863,4.982,3.585873436576035,62124292.0,850.0,1232.0,725.0,951.0,128.0,0.0,True,0.11266081246363109,30
10,gp_ucb,11,ATTIA_CONT_S10_ST11,7.313,5.778,3.781,3.860407900932386,384520408.0,549.0,1232.0,759.0,951.0,128.0,0.0,True,0.14197895457596132,30
10,gp_ucb,12,ATTIA_CONT_S10_ST12,6.11,3.852,5.551,4.349450676815002,443023149.0,736.0,1232.0,897.0,951.0,128.0,0.0,True,0.08759305031285325,30
10,gp_ucb,13,ATTIA_CONT_S10_ST13,6.997,5.224,4.245,3.7962264106258705,1354412613.0,768.0,1232.0,761.0,951.0,128.0,0.0,True,0.09117778525144496,30
10,gp_ucb,14,ATTIA_CONT_S10_ST14,5.363,6.386,3.762,4.455098442546597,211179445.0,1164.0,1232.0,869.0,951.0,128.0,0.0,True,0.16859131070381445,30
10,gp_ucb,15,ATTIA_CONT_S10_ST15,4.565,5.005,5.396,4.363903807766346,2069235456.0,1130.0,1232.0,917.0,951.0,128.0,0.0,True,0.13286072350092998,30
10,gp_ucb,16,ATTIA_CONT_S10_ST16,4.732,5.148,4.806,4.552018496164042,613695715.0,1196.0,1232.0,1064.0,1064.0,15.0,0.0,True,0.04818681548789652,30
10,gp_ucb,17,ATTIA_CONT_S10_ST17,4.354,5.559,4.688,4.751487219733412,320156241.0,894.0,1232.0,957.0,1064.0,15.0,0.0,True,0.10311163692793247,30
10,gp_ucb,18,ATTIA_CONT_S10_ST18,4.589,5.181,4.866,4.610411078327799,640273382.0,769.0,1232.0,1063.0,1064.0,15.0,0.0,True,0.09064670736210129,30
10,gp_ucb,19,ATTIA_CONT_S10_ST19,5.777,5.556,4.031,4.307186712844784,1263890532.0,1007.0,1232.0,873.0,1064.0,15.0,0.0,True,0.06830935166418396,30
10,gp_ucb,20,ATTIA_CONT_S10_ST20,4.745,5.145,4.796,4.551358309493358,1744175771.0,1313.0,1313.0,1065.0,1065.0,14.0,0.0,True,0.0472933572549405,30
10,gp_ucb,21,ATTIA_CONT_S10_ST21,4.753,5.136,4.798,4.549266154484617,24722957.0,1103.0,1313.0,956.0,1065.0,14.0,0.0,True,0.04695293299354418,30
10,gp_ucb,22,ATTIA_CONT_S10_ST22,4.57,5.278,4.8,4.614335829050919,1928397047.0,1120.0,1313.0,1059.0,1065.0,14.0,0.0,True,0.0911278077792414,30
10,gp_ucb,23,ATTIA_CONT_S10_ST23,5.753,5.564,4.043,4.302128481978323,1152402941.0,1200.0,1313.0,875.0,1065.0,14.0,0.0,True,0.0682906084083316,30
10,gp_ucb,24,ATTIA_CONT_S10_ST24,4.74,5.153,4.793,4.552416409382436,1459807253.0,1159.0,1313.0,1064.0,1065.0,14.0,0.0,True,0.04738091957299101,30
10,gp_ucb,25,ATTIA_CONT_S10_ST25,4.612,5.374,4.577,4.718254018241592,918470399.0,1123.0,1313.0,1071.0,1071.0,8.0,0.0,True,0.13780098866488,30
11,random,0,,,,,,,,1183.0,,981.0,98.0,0.0,False,0.0,30
11,random,1,ATTIA_CONT_S11_ST01,6.503465993999207,5.384544322576133,4.446114766572269,3.71834347258351,455117823.0,874.0,1183.0,793.0,981.0,98.0,0.0,True,0.1279254565200859,30
11,random,2,ATTIA_CONT_S11_ST02,4.5966625240480825,5.952360922552163,4.496332153878418,4.4369484614602275,1032607946.0,639.0,1183.0,830.0,981.0,98.0,0.0,True,0.08409083199885718,30
11,random,3,ATTIA_CONT_S11_ST03,3.928055119802126,6.451345834186549,5.343699730325119,4.226332960392935,1574287311.0,809.0,1183.0,804.0,981.0,98.0,0.0,True,0.18411097447623306,30
11,random,4,ATTIA_CONT_S11_ST04,4.0019402879037385,6.950390116658773,5.418782864166255,3.9210390601817253,852524178.0,762.0,1183.0,714.0,981.0,98.0,0.0,True,0.10289316685173762,30
11,random,5,ATTIA_CONT_S11_ST05,7.535444047297108,6.56302526720796,3.976750551462306,3.3693084495752768,849914435.0,653.0,1183.0,662.0,981.0,98.0,0.0,True,0.17742490106676456,30
11,random,6,ATTIA_CONT_S11_ST06,6.894871551698153,5.694625192535224,3.7687867788982987,4.0427490071833665,336739680.0,1034.0,1183.0,752.0,981.0,98.0,0.0,True,0.12594030661174113,30
11,random,7,ATTIA_CONT_S11_ST07,7.156680632465483,4.146904637576842,4.6677466406562,4.197731667145594,701864804.0,846.0,1183.0,795.0,981.0,98.0,0.0,True,0.09992959064339943,30
11,random,8,ATTIA_CONT_S11_ST08,7.749904820676546,6.339198011175908,4.801405506357846,2.9561442902008968,1512858192.0,565.0,1183.0,622.0,981.0,98.0,0.0,True,0.11651675853075022,30
11,random,9,ATTIA_CONT_S11_ST09,6.37870592330853,6.36788960611473,4.107520175605498,3.622296877045937,1807007999.0,578.0,1183.0,771.0,981.0,98.0,0.0,True,0.1863227567955594,30
11,random,10,ATTIA_CONT_S11_ST10,5.9460596450941035,5.138877391441412,4.8528503659035165,3.7807863895435876,2022812143.0,668.0,1183.0,759.0,981.0,98.0,0.0,True,0.03561604195386919,30
11,random,11,ATTIA_CONT_S11_ST11,5.735846020537625,4.5297826136508395,4.683187858441191,4.4503738138938305,1433408309.0,916.0,1183.0,948.0,981.0,98.0,0.0,True,0.09168943508469518,30
11,random,12,ATTIA_CONT_S11_ST12,6.146350964759563,6.193586722481387,4.736978952944227,3.3548848239515006,1602827718.0,579.0,1183.0,770.0,981.0,98.0,0.0,True,0.08037853573999312,30
11,random,13,ATTIA_CONT_S11_ST13,6.840987584298878,5.329820182961112,5.251470600819119,3.235103013625736,387276881.0,947.0,1183.0,695.0,981.0,98.0,0.0,True,0.060501537401739455,30
11,random,14,ATTIA_CONT_S11_ST14,5.255540637287988,6.989538098847582,4.8522803593787485,3.402537401529287,1191930536.0,789.0,1183.0,683.0,981.0,98.0,0.0,True,0.03621139371608276,30
11,random,15,ATTIA_CONT_S11_ST15,5.152627298354813,6.596451324781324,5.555169470294081,3.25046370359827,907652291.0,584.0,1183.0,690.0,981.0,98.0,0.0,True,0.13309000382170344,30
11,random,16,ATTIA_CONT_S11_ST16,5.625927773040449,6.796932173221557,4.926999526566775,3.273361096478079,651404069.0,505.0,1183.0,665.0,981.0,98.0,0.0,True,0.08786887788190664,30
11,random,17,ATTIA_CONT_S11_ST17,5.382981035112118,6.944565139098601,5.390461366757529,3.1441371132424005,1334521129.0,768.0,1183.0,648.0,981.0,98.0,0.0,True,0.1086928062323132,30
11,random,18,ATTIA_CONT_S11_ST18,5.94911768141661,4.701557805367768,5.210389818553032,3.836981974179946,1329916073.0,363.0,1183.0,829.0,981.0,98.0,0.0,True,0.04731290860987931,30
11,random,19,ATTIA_CONT_S11_ST19,6.121522528379397,3.9018306172453894,5.413041793112293,4.367836273902798,248131718.0,985.0,1183.0,918.0,981.0,98.0,0.0,True,0.12067971002144733,30
11,random,20,ATTIA_CONT_S11_ST20,6.937229601212467,6.156679701226551,5.238002283570793,2.9775562452787687,273323872.0,764.0,1183.0,638.0,981.0,98.0,0.0,True,0.05482012982461939,30
11,random,21,ATTIA_CONT_S11_ST21,7.585018025661113,4.78402651939899,5.202880021817785,3.3303991714984567,1711822162.0,948.0,1183.0,736.0,981.0,98.0,0.0,True,0.10117711011300437,30
11,random,22,ATTIA_CONT_S11_ST22,6.881491387555846,4.217124521119719,5.302789059092307,3.812318245005007,1945948914.0,647.0,1183.0,775.0,981.0,98.0,0.0,True,0.09622756009288413,30
11,random,23,ATTIA_CONT_S11_ST23,6.887345103916925,6.642003507430296,5.494826109252918,2.8122027073502505,1077964981.0,375.0,1183.0,590.0,981.0,98.0,0.0,True,0.12898279873138604,30
11,random,24,ATTIA_CONT_S11_ST24,5.89999479088105,6.570674396301278,5.587136861370617,3.0060024217102352,656466123.0,625.0,1183.0,626.0,981.0,98.0,0.0,True,0.1375658044205398,30
11,random,25,ATTIA_CONT_S11_ST25,6.924937316112629,4.1991484569412645,4.147288136461448,4.769564367022872,505317199.0,788.0,1183.0,882.0,981.0,98.0,0.0,True,0.10244273962328494,30
11,greedy,0,,,,,,,,1183.0,,981.0,98.0,0.0,False,0.0,30
11,greedy,1,ATTIA_CONT_S11_ST01,5.017254049729064,6.694678684589931,3.615852483755796,4.805640665074783,455117823.0,681.0,1183.0,828.0,981.0,98.0,0.0,True,0.1567206939849823,30
11,greedy,2,ATTIA_CONT_S11_ST02,6.026,5.575,3.604,4.749598843161001,1032607946.0,847.0,1183.0,982.0,982.0,97.0,0.0,True,0.00994631167304745,30
11,greedy,3,ATTIA_CONT_S11_ST03,6.036,5.577,3.6,4.748900619873771,1574287311.0,1020.0,1183.0,980.0,982.0,97.0,0.0,True,0.010967501793019481,30
11,greedy,4,ATTIA_CONT_S11_ST04,5.995,5.606,3.6,4.753539045918766,852524178.0,776.0,1183.0,859.0,982.0,97.0,0.0,True,0.0022001240055590328,30
11,greedy,5,ATTIA_CONT_S11_ST05,6.038,5.569,3.602,4.7499939253458345,849914435.0,980.0,1183.0,981.0,982.0,97.0,0.0,True,0.012799461752741177,30
11,greedy,6,ATTIA_CONT_S11_ST06,6.06,5.55,3.603,4.748559896101973,336739680.0,1036.0,1183.0,981.0,982.0,97.0,0.0,True,0.020320357345998824,30
11,greedy,7,ATTIA_CONT_S11_ST07,6.132,5.503,3.6,4.7447882090359546,701864804.0,1151.0,1183.0,977.0,982.0,97.0,0.0,True,0.04165551708663309,30
11,greedy,8,ATTIA_CONT_S11_ST08,6.289,5.354,3.6,4.767091309311239,1512858192.0,985.0,1183.0,976.0,982.0,97.0,0.0,True,0.09787159018718933,30
11,greedy,9,ATTIA_CONT_S11_ST09,6.319,5.293,3.6,4.799065673633688,1807007999.0,660.0,1183.0,981.0,982.0,97.0,0.0,True,0.11749492434121225,30
11,greedy,10,ATTIA_CONT_S11_ST10,6.109,5.523,3.6,4.743796428281028,2022812143.0,1148.0,1183.0,978.0,982.0,97.0,0.0,True,0.03394349891278654,30
11,greedy,11,ATTIA_CONT_S11_ST11,6.067,5.53,3.63,4.7126840353616295,1433408309.0,961.0,1183.0,985.0,985.0,94.0,0.0,True,0.035294737753925255,30
11,greedy,12,ATTIA_CONT_S11_ST12,6.134,5.502,3.6,4.744334743153718,1602827718.0,708.0,1183.0,977.0,985.0,94.0,0.0,True,0.04220734000206475,30
11,greedy,13,ATTIA_CONT_S11_ST13,6.069,5.555,3.6,4.744603617095887,387276881.0,1061.0,1183.0,978.0,985.0,94.0,0.0,True,0.02105047653772617,30
11,greedy,14,ATTIA_CONT_S11_ST14,6.06,5.554,3.605,4.742170396726978,1191930536.0,1089.0,1183.0,980.0,985.0,94.0,0.0,True,0.020218663422581187,30
11,greedy,15,ATTIA_CONT_S11_ST15,6.076,5.555,3.6,4.740334166121794,907652291.0,797.0,1183.0,977.0,985.0,94.0,0.0,True,0.022745541655418203,30
11,greedy,16,ATTIA_CONT_S11_ST16,6.063,5.554,3.602,4.745532088498766,651404069.0,893.0,1183.0,980.0,985.0,94.0,0.0,True,0.020182325297586214,30
11,greedy,17,ATTIA_CONT_S11_ST17,6.061,5.556,3.602,4.745298161472687,1334521129.0,792.0,1183.0,980.0,985.0,94.0,0.0,True,0.019489982286424772,30
11,greedy,18,ATTIA_CONT_S11_ST18,6.061,5.556,3.603,4.743563717507448,1329916073.0,1171.0,1183.0,980.0,985.0,94.0,0.0,True,0.019712486850532913,30
11,greedy,19,ATTIA_CONT_S11_ST19,6.062,5.556,3.603,4.742951376710681,248131718.0,1098.0,1183.0,980.0,985.0,94.0,0.0,True,0.01994659294410997,30
11,greedy,20,ATTIA_CONT_S11_ST20,6.061,5.558,3.603,4.74210683245167,273323872.0,832.0,1183.0,979.0,985.0,94.0,0.0,True,0.019517371333183844,30
11,greedy,21,ATTIA_CONT_S11_ST21,6.061,5.556,3.603,4.743563717507448,1711822162.0,715.0,1183.0,980.0,985.0,94.0,0.0,True,0.019712486850532913,30
11,greedy,22,ATTIA_CONT_S11_ST22,6.038,5.511,3.6,4.796564967473139,1945948914.0,973.0,1183.0,993.0,993.0,86.0,0.0,True,0.033345583794816024,30
11,greedy,23,ATTIA_CONT_S11_ST23,6.035,5.501,3.6,4.80606696217991,1077964981.0,763.0,1183.0,996.0,996.0,83.0,0.0,True,0.0379822069439101,30
11,greedy,24,ATTIA_CONT_S11_ST24,6.059,5.551,3.6,4.753662864986396,656466123.0,736.0,1183.0,981.0,996.0,83.0,0.0,True,0.019694341869315936,30
11,greedy,25,ATTIA_CONT_S11_ST25,6.08,5.518,3.641,4.695171923528756,505317199.0,899.0,1183.0,985.0,996.0,83.0,0.0,True,0.04540982390682577,30
11,gp_ucb,0,,,,,,,,1183.0,,981.0,98.0,0.0,False,0.0,30
11,gp_ucb,1,ATTIA_CONT_S11_ST01,4.521950615570898,6.914874759808024,3.861462210998571,4.793753681470261,455117823.0,952.0,1183.0,826.0,981.0,98.0,0.0,True,0.09158230270899632,30
11,gp_ucb,2,ATTIA_CONT_S11_ST02,5.932,6.004,3.6,4.536737459846942,1032607946.0,982.0,1183.0,902.0,981.0,98.0,0.0,True,0.022700539964908166,30
11,gp_ucb,3,ATTIA_CONT_S11_ST03,6.007220593420597,5.425413502662725,3.6413827985780096,4.809350138167785,1574287311.0,776.0,1183.0,1018.0,1018.0,61.0,0.0,True,0.06057741522004584,30
11,gp_ucb,4,ATTIA_CONT_S11_ST04,5.451,6.185,3.6,4.7523662970789715,852524178.0,1170.0,1183.0,958.0,1018.0,61.0,0.0,True,0.06409992043752559,30
11,gp_ucb,5,ATTIA_CONT_S11_ST05,5.339372633372269,6.215900226599672,3.6264704455596974,4.775151131566358,849914435.0,1017.0,1183.0,969.0,1018.0,61.0,0.0,True,0.08831082665770833,30
11,gp_ucb,6,ATTIA_CONT_S11_ST06,5.025371066933402,6.899857005219152,3.602594139363444,4.720660666893433,336739680.0,615.0,1183.0,790.0,1018.0,61.0,0.0,True,0.09653792505380321,30
11,gp_ucb,7,ATTIA_CONT_S11_ST07,4.499,6.879,3.923,4.744175284257887,701864804.0,1006.0,1183.0,783.0,1018.0,61.0,0.0,True,0.06207442498754004,30
11,gp_ucb,8,ATTIA_CONT_S11_ST08,5.484,6.121,3.603,4.760404200057544,1512858192.0,941.0,1183.0,966.0,1018.0,61.0,0.0,True,0.04438205191920277,30
11,gp_ucb,9,ATTIA_CONT_S11_ST09,5.996,5.611,3.6,4.749322388062512,1807007999.0,739.0,1183.0,858.0,1018.0,61.0,0.0,True,0.004226565436965434,30
11,gp_ucb,10,ATTIA_CONT_S11_ST10,5.396,6.046,3.658,4.779227561581163,2022812143.0,1092.0,1183.0,998.0,1018.0,61.0,0.0,True,0.05738702408022304,30
11,gp_ucb,11,ATTIA_CONT_S11_ST11,5.432,6.125,3.624,4.761098070780436,1433408309.0,981.0,1183.0,974.0,1018.0,61.0,0.0,True,0.054415754007850495,30
11,gp_ucb,12,ATTIA_CONT_S11_ST12,5.438,6.015,3.66,4.76265059069056,1602827718.0,975.0,1183.0,998.0,1018.0,61.0,0.0,True,0.04782229852271622,30
11,gp_ucb,13,ATTIA_CONT_S11_ST13,5.427,6.139,3.623,4.758231058171887,387276881.0,724.0,1183.0,972.0,1018.0,61.0,0.0,True,0.057893558007803124,30
11,gp_ucb,14,ATTIA_CONT_S11_ST14,5.537,5.984,3.601,4.809607354153439,1191930536.0,745.0,1183.0,861.0,1018.0,61.0,0.0,True,0.028899782339744072,30
11,gp_ucb,15,ATTIA_CONT_S11_ST15,5.332,6.032,3.685,4.793093360630213,907652291.0,663.0,1183.0,1012.0,1018.0,61.0,0.0,True,0.0768148203345276,30
11,gp_ucb,16,ATTIA_CONT_S11_ST16,6.524,5.394,4.183,3.912377023597277,651404069.0,831.0,1183.0,822.0,1018.0,61.0,0.0,True,0.15988102884727684,30
11,gp_ucb,17,ATTIA_CONT_S11_ST17,7.258,6.681,4.841,2.9471813678742347,1334521129.0,707.0,1183.0,628.0,1018.0,61.0,0.0,True,0.11252259558143078,30
11,gp_ucb,18,ATTIA_CONT_S11_ST18,5.365037832768247,6.124723342963756,3.634832390835755,4.794948170979229,1329916073.0,927.0,1183.0,985.0,1018.0,61.0,0.0,True,0.06946852067260684,30
11,gp_ucb,19,ATTIA_CONT_S11_ST19,5.223292306532736,6.499471730214833,3.618276831126186,4.724783904214091,248131718.0,886.0,1183.0,922.0,1018.0,61.0,0.0,True,0.17020843572553726,30
11,gp_ucb,20,ATTIA_CONT_S11_ST20,5.062,6.455,3.664,4.809113629757174,273323872.0,1098.0,1183.0,868.0,1018.0,61.0,0.0,True,0.18568846970965794,30
11,gp_ucb,21,ATTIA_CONT_S11_ST21,4.871145224090701,6.494506139246296,3.7658590904332963,4.795637602779633,1711822162.0,847.0,1183.0,882.0,1018.0,61.0,0.0,True,0.18741526026876482,30
11,gp_ucb,22,ATTIA_CONT_S11_ST22,4.858477950678305,6.77291896677037,3.6867439500006927,4.793434723297254,1945948914.0,1068.0,1183.0,830.0,1018.0,61.0,0.0,True,0.16052918981515926,30
11,gp_ucb,23,ATTIA_CONT_S11_ST23,4.7640277205538,6.923469199721273,3.750087968540282,4.7096446953603905,1077964981.0,940.0,1183.0,810.0,1018.0,61.0,0.0,True,0.14842909140329416,30
11,gp_ucb,24,ATTIA_CONT_S11_ST24,4.90087815368927,6.909198794576788,3.6218894129125996,4.797205363550738,656466123.0,719.0,1183.0,801.0,1018.0,61.0,0.0,True,0.13876160538483862,30
11,gp_ucb,25,ATTIA_CONT_S11_ST25,5.063044658099328,6.691190660249189,3.615459337757312,4.766820082204876,505317199.0,967.0,1183.0,824.0,1018.0,61.0,0.0,True,0.141574573281561,30
12,random,0,,,,,,,,1072.0,,1023.0,56.0,0.0,False,0.0,30
12,random,1,ATTIA_CONT_S12_ST01,6.106457551317652,6.048945127774921,5.496769606380878,3.1024187381732347,86081223.0,1119.0,1119.0,721.0,1023.0,56.0,0.0,True,0.05892168345827206,30
12,random,2,ATTIA_CONT_S12_ST02,7.495515844410493,5.928142424723179,4.475721096237969,3.2488033220492505,1685070854.0,588.0,1119.0,652.0,1023.0,56.0,0.0,True,0.12634478665930077,30
12,random,3,ATTIA_CONT_S12_ST03,6.794876154687412,6.385925392601418,4.511586360406826,3.2476208772955464,1766881439.0,782.0,1119.0,671.0,1023.0,56.0,0.0,True,0.14602510625242862,30
12,random,4,ATTIA_CONT_S12_ST04,4.61833459153552,6.71193209075487,4.823334274890776,3.8389011861600677,1413755553.0,903.0,1119.0,765.0,1023.0,56.0,0.0,True,0.1060798313975241,30
12,random,5,ATTIA_CONT_S12_ST05,6.589507627811452,5.5317817996158425,5.213371298771925,3.236362352797732,90696400.0,290.0,1119.0,706.0,1023.0,56.0,0.0,True,0.10723984975905834,30
12,random,6,ATTIA_CONT_S12_ST06,4.4167084475920815,6.14307160968934,4.414002313430617,4.595934517578324,1468320677.0,826.0,1119.0,930.0,1023.0,56.0,0.0,True,0.06837639144135271,30
12,random,7,ATTIA_CONT_S12_ST07,7.940748179720368,3.7508637380810987,4.872404948610935,4.245240779627951,81523275.0,695.0,1119.0,775.0,1023.0,56.0,0.0,True,0.12918731074571496,30
12,random,8,ATTIA_CONT_S12_ST08,7.099061746903576,4.402852813172945,4.486200499886059,4.124759009593472,2066737905.0,532.0,1119.0,759.0,1023.0,56.0,0.0,True,0.07088940718556479,30
12,random,9,ATTIA_CONT_S12_ST09,4.893341055072675,5.220863344684519,4.509456328910268,4.6365295092053405,1120149571.0,1111.0,1119.0,1075.0,1075.0,4.0,0.0,True,0.10416935748724042,30
12,random,10,ATTIA_CONT_S12_ST10,7.948263997560558,5.41618924048495,4.488723494247921,3.332138730887619,1082650495.0,652.0,1119.0,668.0,1075.0,4.0,0.0,True,0.07189003032202845,30
12,random,11,ATTIA_CONT_S12_ST11,4.49138112834667,5.873557002822581,4.913996285879392,4.220660691732044,1139601712.0,983.0,1119.0,801.0,1075.0,4.0,0.0,True,0.086090279359927,30
12,random,12,ATTIA_CONT_S12_ST12,5.034901715866462,6.509079063432096,4.126627215509497,4.188314835604995,1214714393.0,756.0,1119.0,824.0,1075.0,4.0,0.0,True,0.17500418988610877,30
12,random,13,ATTIA_CONT_S12_ST13,5.840228266483676,6.485579648491921,4.337645966233355,3.6051738459091425,1984268916.0,662.0,1119.0,728.0,1075.0,4.0,0.0,True,0.1531878184397835,30
12,random,14,ATTIA_CONT_S12_ST14,5.994105884856232,5.247414165821435,3.8046083821438,4.692773830828385,1636284002.0,917.0,1119.0,915.0,1075.0,4.0,0.0,True,0.1334274817460902,30
12,random,15,ATTIA_CONT_S12_ST15,5.674927240499386,4.4628132510782414,4.444264888718339,4.8068459497756475,117989160.0,902.0,1119.0,931.0,1075.0,4.0,0.0,True,0.08970205537760849,30
12,random,16,ATTIA_CONT_S12_ST16,4.466624031209853,5.496930898065691,5.040443546747905,4.36422676876012,1294177161.0,838.0,1119.0,847.0,1075.0,4.0,0.0,True,0.10039881212615623,30
12,random,17,ATTIA_CONT_S12_ST17,7.481487457316625,4.601513343051631,4.912968186759368,3.5867063691800785,500316293.0,696.0,1119.0,764.0,1075.0,4.0,0.0,True,0.1394350796753441,30
12,random,18,ATTIA_CONT_S12_ST18,5.8060929019061565,6.455583383685535,4.584462554695691,3.4714058840133917,1616505390.0,529.0,1119.0,724.0,1075.0,4.0,0.0,True,0.17854260185584692,30
12,random,19,ATTIA_CONT_S12_ST19,6.836640992627251,5.515125935046956,3.8606036736410587,4.053238446532144,1207473551.0,728.0,1119.0,781.0,1075.0,4.0,0.0,True,0.12221564193507935,30
12,random,20,ATTIA_CONT_S12_ST20,5.174043555818572,6.724690106012039,3.6069866172633827,4.670378043926191,253992043.0,810.0,1119.0,878.0,1075.0,4.0,0.0,True,0.10114176292085829,30
12,random,21,ATTIA_CONT_S12_ST21,4.712710303136989,5.713605492146643,4.279533550799051,4.706988751119098,377284807.0,1171.0,1171.0,948.0,1075.0,4.0,0.0,True,0.09676709757381166,30
12,random,22,ATTIA_CONT_S12_ST22,5.718118677327823,6.9252848699115575,5.007691766976566,3.181071908075701,1411420649.0,985.0,1171.0,628.0,1075.0,4.0,0.0,True,0.1048896592361963,30
12,random,23,ATTIA_CONT_S12_ST23,7.793846944601949,4.869543379535656,4.902189012368641,3.3820526592332283,1613718820.0,1029.0,1171.0,694.0,1075.0,4.0,0.0,True,0.07532229774072409,30
12,random,24,ATTIA_CONT_S12_ST24,7.742344853443077,6.836216273964425,4.20567468683395,3.123830814105148,1892111052.0,713.0,1171.0,611.0,1075.0,4.0,0.0,True,0.1294586245540889,30
12,random,25,ATTIA_CONT_S12_ST25,6.217629534102666,6.8306231656441945,3.694786218206107,3.914673360642503,978764797.0,815.0,1171.0,730.0,1075.0,4.0,0.0,True,0.10853678330651163,30
12,greedy,0,,,,,,,,1072.0,,1023.0,56.0,0.0,False,0.0,30
12,greedy,1,ATTIA_CONT_S12_ST01,5.237,3.986,5.447,4.809566473074293,86081223.0,852.0,1072.0,988.0,1023.0,56.0,0.0,True,0.08991166999457642,30
12,greedy,2,ATTIA_CONT_S12_ST02,6.186,4.022,5.099,4.406672878121184,1685070854.0,888.0,1072.0,910.0,1023.0,56.0,0.0,True,0.06996676365866776,30
12,greedy,3,ATTIA_CONT_S12_ST03,6.002,3.932,5.096,4.626066591826414,1766881439.0,1068.0,1072.0,966.0,1023.0,56.0,0.0,True,0.09449960394514555,30
12,greedy,4,ATTIA_CONT_S12_ST04,5.943,3.905,4.973,4.809997001250528,1413755553.0,1047.0,1072.0,879.0,1023.0,56.0,0.0,True,0.09193013454535547,30
12,greedy,5,ATTIA_CONT_S12_ST05,6.093430439974264,3.9007884325660016,4.943191180784718,4.749121364228173,90696400.0,1126.0,1126.0,981.0,1023.0,56.0,0.0,True,0.08340208079561238,30
12,greedy,6,ATTIA_CONT_S12_ST06,6.185676735133676,3.9470120849496553,4.773155204413954,4.7890815401430125,1468320677.0,1080.0,1126.0,990.0,1023.0,56.0,0.0,True,0.04720295205586786,30
12,greedy,7,ATTIA_CONT_S12_ST07,6.3,3.824,4.874,4.809389302771825,81523275.0,886.0,1126.0,959.0,1023.0,56.0,0.0,True,0.0933558456227289,30
12,greedy,8,ATTIA_CONT_S12_ST08,5.960425772996695,3.987779496485211,4.876307666490192,4.768245043308438,2066737905.0,1000.0,1126.0,887.0,1023.0,56.0,0.0,True,0.04189341845830156,30
12,greedy,9,ATTIA_CONT_S12_ST09,5.797553021817315,4.024597949967764,4.956324675813045,4.748059932719349,1120149571.0,1164.0,1164.0,945.0,1023.0,56.0,0.0,True,0.09396031651379266,30
12,greedy,10,ATTIA_CONT_S12_ST10,5.405357840593546,4.356416908177711,4.833790561720763,4.719022725953632,1082650495.0,1432.0,1432.0,1006.0,1023.0,56.0,0.0,True,0.08583903307023055,30
12,greedy,11,ATTIA_CONT_S12_ST11,4.996,4.622,4.787,4.809598853642336,1139601712.0,1141.0,1432.0,1011.0,1023.0,56.0,0.0,True,0.17399171731195448,30
12,greedy,12,ATTIA_CONT_S12_ST12,5.005480355594324,4.577276953106095,4.841570442858131,4.795306313103351,1214714393.0,1196.0,1432.0,1006.0,1023.0,56.0,0.0,True,0.1732205073622447,30
12,greedy,13,ATTIA_CONT_S12_ST13,4.76,4.795,4.836,4.8096286142533256,1984268916.0,864.0,1432.0,1009.0,1023.0,56.0,0.0,True,0.18886738979245982,30
12,greedy,14,ATTIA_CONT_S12_ST14,5.421,4.366,4.822,4.707209401873119,1636284002.0,955.0,1432.0,1005.0,1023.0,56.0,0.0,True,0.0781970507756236,30
12,greedy,15,ATTIA_CONT_S12_ST15,5.052635400138583,4.614149786497399,4.774913086473041,4.778646634814607,117989160.0,1359.0,1432.0,1006.0,1023.0,56.0,0.0,True,0.15922863773928783,30
12,greedy,16,ATTIA_CONT_S12_ST16,5.443969584231329,4.455122710141672,4.631234628197904,4.778790023730822,1294177161.0,1245.0,1432.0,1018.0,1023.0,56.0,0.0,True,0.1346546388918852,30
12,greedy,17,ATTIA_CONT_S12_ST17,4.966813547505368,4.687382046698501,4.75294200522818,4.801637141620832,500316293.0,982.0,1432.0,1012.0,1023.0,56.0,0.0,True,0.16931747455825555,30
12,greedy,18,ATTIA_CONT_S12_ST18,5.2133551139601755,4.550627729196474,4.710492320237661,4.773808811106599,1616505390.0,1307.0,1432.0,1117.0,1117.0,0.0,38.0,True,0.14403250270596854,30
12,greedy,19,ATTIA_CONT_S12_ST19,5.111021058619345,4.625307069085426,4.696905706756235,4.794559733532341,1207473551.0,915.0,1432.0,1007.0,1117.0,0.0,38.0,True,0.17009082140040224,30
12,greedy,20,ATTIA_CONT_S12_ST20,5.431995244710417,4.474595743286015,4.610417996232192,4.788011578443408,253992043.0,842.0,1432.0,1020.0,1117.0,0.0,38.0,True,0.14575395025987106,30
12,greedy,21,ATTIA_CONT_S12_ST21,4.927023551266464,4.6923739542319,4.790869763062101,4.795497702830301,377284807.0,924.0,1432.0,1011.0,1117.0,0.0,38.0,True,0.16800589807989993,30
12,greedy,22,ATTIA_CONT_S12_ST22,5.184084590420023,4.632913066939481,4.657294338282976,4.764822931953684,1411420649.0,1229.0,1432.0,1120.0,1120.0,0.0,41.0,True,0.16380652171959356,30
12,greedy,23,ATTIA_CONT_S12_ST23,5.1257776317390995,4.49905112718888,4.818044260796846,4.798031686215443,1613718820.0,1094.0,1432.0,930.0,1120.0,0.0,41.0,True,0.1542897035714621,30
12,greedy,24,ATTIA_CONT_S12_ST24,5.466656474214696,4.402688752062311,4.656065157325983,4.7961951354369265,1892111052.0,942.0,1432.0,1017.0,1120.0,0.0,41.0,True,0.13108097275668934,30
12,greedy,25,ATTIA_CONT_S12_ST25,5.104313619242659,4.61952393916973,4.732003205130142,4.7705122959019235,978764797.0,1241.0,1432.0,1004.0,1120.0,0.0,41.0,True,0.15646135793222465,30
12,gp_ucb,0,,,,,,,,1072.0,,1023.0,56.0,0.0,False,0.0,30
12,gp_ucb,1,ATTIA_CONT_S12_ST01,3.9773861824124177,5.290255726295178,5.559147368670126,4.694803622146079,86081223.0,914.0,1072.0,912.0,1023.0,56.0,0.0,True,0.034331434976432346,30
12,gp_ucb,2,ATTIA_CONT_S12_ST02,6.230640400031138,3.704232131427598,5.129359801484826,4.809574490717535,1685070854.0,876.0,1072.0,928.0,1023.0,56.0,0.0,True,0.17748837738727938,30
12,gp_ucb,3,ATTIA_CONT_S12_ST03,5.373,4.221,5.427,4.423936670582576,1766881439.0,928.0,1072.0,940.0,1023.0,56.0,0.0,True,0.11987756118097113,30
12,gp_ucb,4,ATTIA_CONT_S12_ST04,5.072795041974442,4.463088538370795,4.9055261641205155,4.800963254459529,1413755553.0,275.0,1072.0,928.0,1023.0,56.0,0.0,True,0.17037218763812134,30
12,gp_ucb,5,ATTIA_CONT_S12_ST05,6.026,3.93,5.323,4.4430846614872594,90696400.0,1196.0,1196.0,947.0,1023.0,56.0,0.0,True,0.06542560913626082,30
12,gp_ucb,6,ATTIA_CONT_S12_ST06,6.374,3.891,5.374,4.285196890354444,1468320677.0,921.0,1196.0,884.0,1023.0,56.0,0.0,True,0.14777639086484495,30
12,gp_ucb,7,ATTIA_CONT_S12_ST07,5.924,3.854,5.356,4.579775915881078,81523275.0,1063.0,1196.0,910.0,1023.0,56.0,0.0,True,0.1062953426188717,30
12,gp_ucb,8,ATTIA_CONT_S12_ST08,5.899,4.055,5.325,4.358997935326578,2066737905.0,690.0,1196.0,889.0,1023.0,56.0,0.0,True,0.08156246072820084,30
12,gp_ucb,9,ATTIA_CONT_S12_ST09,6.102,3.815,5.318,4.560195921788465,1120149571.0,1338.0,1338.0,1018.0,1023.0,56.0,0.0,True,0.09565367679841554,30
12,gp_ucb,10,ATTIA_CONT_S12_ST10,6.157,3.851,5.29,4.500291201276072,1082650495.0,1100.0,1338.0,1010.0,1023.0,56.0,0.0,True,0.0748377158919096,30
12,gp_ucb,11,ATTIA_CONT_S12_ST11,6.124,3.794,5.317,4.5789365560718025,1139601712.0,1129.0,1338.0,1015.0,1023.0,56.0,0.0,True,0.10448895491517848,30
12,gp_ucb,12,ATTIA_CONT_S12_ST12,6.104,3.816,5.312,4.562068452888013,1214714393.0,1017.0,1338.0,1019.0,1023.0,56.0,0.0,True,0.09419911647955108,30
12,gp_ucb,13,ATTIA_CONT_S12_ST13,6.209,3.719,5.354,4.616569141628702,1984268916.0,1103.0,1338.0,993.0,1023.0,56.0,0.0,True,0.14214634418014668,30
12,gp_ucb,14,ATTIA_CONT_S12_ST14,6.193,3.616,5.447,4.723113725002524,1636284002.0,968.0,1338.0,975.0,1023.0,56.0,0.0,True,0.0894742839929566,30
12,gp_ucb,15,ATTIA_CONT_S12_ST15,6.2,3.786,5.29,4.568795171191989,117989160.0,1095.0,1338.0,1006.0,1023.0,56.0,0.0,True,0.10295686528211806,30
12,gp_ucb,16,ATTIA_CONT_S12_ST16,6.183,3.784,5.298,4.575016175480311,1294177161.0,1294.0,1338.0,1007.0,1023.0,56.0,0.0,True,0.10490755552924709,30
12,gp_ucb,17,ATTIA_CONT_S12_ST17,6.245,3.777,5.28,4.565149021397073,500316293.0,772.0,1338.0,999.0,1023.0,56.0,0.0,True,0.10670630109454282,30
12,gp_ucb,18,ATTIA_CONT_S12_ST18,6.288,3.6,5.486,4.667655814188448,1616505390.0,1094.0,1338.0,951.0,1023.0,56.0,0.0,True,0.09533237772680424,30
12,gp_ucb,19,ATTIA_CONT_S12_ST19,6.15,3.6,5.6,4.664559819413096,1207473551.0,1065.0,1338.0,951.0,1023.0,56.0,0.0,True,0.053191566854963256,30
12,gp_ucb,20,ATTIA_CONT_S12_ST20,6.419,3.6,5.459,4.61713948861867,253992043.0,1177.0,1338.0,933.0,1023.0,56.0,0.0,True,0.13383661641128378,30
12,gp_ucb,21,ATTIA_CONT_S12_ST21,6.576,3.6,5.478,4.526135072924104,377284807.0,1048.0,1338.0,901.0,1023.0,56.0,0.0,True,0.16209431089243412,30
12,gp_ucb,22,ATTIA_CONT_S12_ST22,6.298,3.6,5.504,4.649239437425712,1411420649.0,996.0,1338.0,946.0,1023.0,56.0,0.0,True,0.09576429795911263,30
12,gp_ucb,23,ATTIA_CONT_S12_ST23,7.822335493327817,4.563065136335838,3.6509251350901404,4.707207909239524,1613718820.0,692.0,1338.0,867.0,1023.0,56.0,0.0,True,0.12604023235870523,30
12,gp_ucb,24,ATTIA_CONT_S12_ST24,6.249,3.666,5.506,4.568070442170549,1892111052.0,1215.0,1338.0,955.0,1023.0,56.0,0.0,True,0.11362418156469126,30
12,gp_ucb,25,ATTIA_CONT_S12_ST25,6.215,3.652,5.6,4.544663445024505,978764797.0,1001.0,1338.0,941.0,1023.0,56.0,0.0,True,0.10788410393239763,30
13,random,0,,,,,,,,1468.0,,953.0,126.0,0.0,False,0.0,30
13,random,1,ATTIA_CONT_S13_ST01,4.433467052544933,6.9300887477622375,5.039388527106513,3.7729989241888933,1116561992.0,872.0,1468.0,688.0,953.0,126.0,0.0,True,0.09110507093568183,30
13,random,2,ATTIA_CONT_S13_ST02,6.081681243180261,3.7516388907965807,5.598121975563669,4.469800970207847,2049667871.0,895.0,1468.0,895.0,953.0,126.0,0.0,True,0.13344119642839555,30
13,random,3,ATTIA_CONT_S13_ST03,5.805106466790734,6.948406273147784,5.093516481402554,3.1169612506448305,1933156735.0,685.0,1468.0,614.0,953.0,126.0,0.0,True,0.07257728732419925,30
13,random,4,ATTIA_CONT_S13_ST04,7.319565332859585,4.782938864446183,4.405854517690223,3.8363269898113703,608256877.0,760.0,1468.0,817.0,953.0,126.0,0.0,True,0.08291767288166733,30
13,random,5,ATTIA_CONT_S13_ST05,3.674194287122337,6.782149938416376,5.447340729628976,4.34512197707268,232520318.0,718.0,1468.0,746.0,953.0,126.0,0.0,True,0.10646965192729543,30
13,random,6,ATTIA_CONT_S13_ST06,7.8898801733635135,6.844434105943366,3.8415356535857423,3.3314231593494563,1465095066.0,855.0,1468.0,614.0,953.0,126.0,0.0,True,0.11961892339946151,30
13,random,7,ATTIA_CONT_S13_ST07,5.499790262815919,4.866685532935503,4.79440056790836,4.211361243040148,254837984.0,811.0,1468.0,924.0,953.0,126.0,0.0,True,0.030619119114877847,30
13,random,8,ATTIA_CONT_S13_ST08,4.8570501836148745,6.057529547129596,4.848891286003278,3.9042591402226745,1522464533.0,892.0,1468.0,849.0,953.0,126.0,0.0,True,0.05403988897067324,30
13,random,9,ATTIA_CONT_S13_ST09,6.264728816010095,4.433069111738881,5.249993980326135,3.8811477411090474,106420381.0,724.0,1468.0,858.0,953.0,126.0,0.0,True,0.09972912318625048,30
13,random,10,ATTIA_CONT_S13_ST10,7.371924807409863,5.14771692623771,3.6393789709025386,4.373486663664539,817547668.0,1080.0,1468.0,896.0,953.0,126.0,0.0,True,0.11497265833145069,30
13,random,11,ATTIA_CONT_S13_ST11,7.92810000050056,5.598814385895034,3.878987331896233,3.692881909492915,17940205.0,731.0,1468.0,696.0,953.0,126.0,0.0,True,0.08251527640016976,30
13,random,12,ATTIA_CONT_S13_ST12,5.442599958676563,5.053658148478261,4.999288985876857,3.9730987884483446,1448274968.0,815.0,1468.0,821.0,953.0,126.0,0.0,True,0.1155731614876295,30
13,random,13,ATTIA_CONT_S13_ST13,5.497435028531069,5.566663282789673,4.516769029234711,3.9937331088765236,1886367735.0,807.0,1468.0,871.0,953.0,126.0,0.0,True,0.06448715676583705,30
13,random,14,ATTIA_CONT_S13_ST14,5.769397653471806,4.704323425402146,4.2282698319466165,4.740881426835791,1503787221.0,859.0,1468.0,977.0,977.0,102.0,0.0,True,0.12687083215531655,30
13,random,15,ATTIA_CONT_S13_ST15,5.508375852918522,4.98454931659559,4.202917909415689,4.689513488611312,1357957039.0,862.0,1468.0,982.0,982.0,97.0,0.0,True,0.12167725093086224,30
13,random,16,ATTIA_CONT_S13_ST16,5.24584103410794,6.941710104501864,4.270452327390123,3.7809731034028617,1741681260.0,715.0,1468.0,737.0,982.0,97.0,0.0,True,0.07904486184795358,30
13,random,17,ATTIA_CONT_S13_ST17,4.871570551091015,6.129779145241912,4.968616963822204,3.7927711943041547,1129424855.0,1036.0,1468.0,814.0,982.0,97.0,0.0,True,0.11987050972630141,30
13,random,18,ATTIA_CONT_S13_ST18,5.9823080319222575,5.754228783837171,4.9761530221229755,3.4313547322022986,627149275.0,864.0,1468.0,690.0,982.0,97.0,0.0,True,0.11401747698926445,30
13,random,19,ATTIA_CONT_S13_ST19,7.986759631844782,5.476536925599765,3.898801986075256,3.7169205167159265,883213461.0,442.0,1468.0,701.0,982.0,97.0,0.0,True,0.08972882920784268,30
13,random,20,ATTIA_CONT_S13_ST20,5.673943015615517,4.787730243706516,4.23229122649497,4.718245765282349,1098954626.0,975.0,1468.0,983.0,983.0,96.0,0.0,True,0.1106317236974445,30
13,random,21,ATTIA_CONT_S13_ST21,3.8841091810986983,6.4972151727037435,4.726252938131136,4.753352334010052,999654478.0,1019.0,1468.0,860.0,983.0,96.0,0.0,True,0.1545411803899377,30
13,random,22,ATTIA_CONT_S13_ST22,7.32558686098071,5.273701327670936,4.10213880627081,3.7960736416070002,620308087.0,879.0,1468.0,838.0,983.0,96.0,0.0,True,0.13187839742991933,30
13,random,23,ATTIA_CONT_S13_ST23,4.90569339669245,4.861209523782895,4.7615893273712455,4.678044820176249,268596507.0,837.0,1468.0,994.0,994.0,85.0,0.0,True,0.12298729472855315,30
13,random,24,ATTIA_CONT_S13_ST24,7.22585695941582,3.9624281544736584,4.586014053641377,4.454012544482321,309988244.0,884.0,1468.0,915.0,994.0,85.0,0.0,True,0.13619811529773543,30
13,random,25,ATTIA_CONT_S13_ST25,7.3142669231072635,4.9512739649620015,4.302226808587004,3.8137626619582266,1609221113.0,799.0,1468.0,806.0,994.0,85.0,0.0,True,0.10930602492138201,30
13,greedy,0,,,,,,,,1468.0,,953.0,126.0,0.0,False,0.0,30
13,greedy,1,ATTIA_CONT_S13_ST01,7.105,4.868,3.628,4.727456239822797,1116561992.0,701.0,1468.0,813.0,953.0,126.0,0.0,True,0.13301804355767027,30
13,greedy,2,ATTIA_CONT_S13_ST02,3.985,6.007,5.218,4.458800841826061,2049667871.0,687.0,1468.0,896.0,953.0,126.0,0.0,True,0.009875305490287206,30
13,greedy,3,ATTIA_CONT_S13_ST03,5.282,6.78,4.556,3.6097473265872813,1933156735.0,840.0,1468.0,762.0,953.0,126.0,0.0,True,0.10937916650940371,30
13,greedy,4,ATTIA_CONT_S13_ST04,6.605,5.566,3.774,4.214078723335307,608256877.0,659.0,1468.0,819.0,953.0,126.0,0.0,True,0.1280177119048745,30
13,greedy,5,ATTIA_CONT_S13_ST05,7.546,5.225,4.89,3.2794814565860935,232520318.0,700.0,1468.0,723.0,953.0,126.0,0.0,True,0.11359008373444564,30
13,greedy,6,ATTIA_CONT_S13_ST06,4.758,5.388,5.511,3.9046012762021793,1465095066.0,770.0,1468.0,843.0,953.0,126.0,0.0,True,0.07291881866446719,30
13,greedy,7,ATTIA_CONT_S13_ST07,6.542,5.013,4.029,4.295662074535343,254837984.0,1129.0,1468.0,864.0,953.0,126.0,0.0,True,0.12247794953778754,30
13,greedy,8,ATTIA_CONT_S13_ST08,7.262,6.861,5.369,2.750090103604839,1522464533.0,746.0,1468.0,595.0,953.0,126.0,0.0,True,0.1148467962575154,30
13,greedy,9,ATTIA_CONT_S13_ST09,4.598,4.969,5.251,4.461102841979316,106420381.0,936.0,1468.0,946.0,953.0,126.0,0.0,True,0.0723325679044907,30
13,greedy,10,ATTIA_CONT_S13_ST10,6.687,6.836,5.103,2.927898395848307,817547668.0,298.0,1468.0,593.0,953.0,126.0,0.0,True,0.11128088770668108,30
13,greedy,11,ATTIA_CONT_S13_ST11,5.237,6.184,5.067,3.529562327801292,17940205.0,707.0,1468.0,774.0,953.0,126.0,0.0,True,0.08643065375696288,30
13,greedy,12,ATTIA_CONT_S13_ST12,6.654,4.55,4.804,3.9199129754274775,1448274968.0,1007.0,1468.0,828.0,953.0,126.0,0.0,True,0.09020781050075465,30
13,greedy,13,ATTIA_CONT_S13_ST13,7.825,5.419,4.15,3.5709431970443766,1886367735.0,580.0,1468.0,712.0,953.0,126.0,0.0,True,0.10021362633291511,30
13,greedy,14,ATTIA_CONT_S13_ST14,6.524,5.04,4.02,4.293979217603914,1503787221.0,866.0,1468.0,864.0,953.0,126.0,0.0,True,0.1297153525574924,30
13,greedy,15,ATTIA_CONT_S13_ST15,4.032,6.917,5.032,4.131924507911472,1357957039.0,994.0,1468.0,740.0,953.0,126.0,0.0,True,0.09910731732048643,30
13,greedy,16,ATTIA_CONT_S13_ST16,7.015,6.507,5.223,2.893182315930553,1741681260.0,442.0,1468.0,606.0,953.0,126.0,0.0,True,0.14982258645669727,30
13,greedy,17,ATTIA_CONT_S13_ST17,4.012,5.892,5.138,4.551015606091171,1129424855.0,1218.0,1468.0,842.0,953.0,126.0,0.0,True,0.061473652408064274,30
13,greedy,18,ATTIA_CONT_S13_ST18,3.905,5.969,5.073,4.703732611604758,627149275.0,778.0,1468.0,801.0,953.0,126.0,0.0,True,0.12759007229865674,30
13,greedy,19,ATTIA_CONT_S13_ST19,3.975,5.93,5.121,4.590260037545366,883213461.0,903.0,1468.0,800.0,953.0,126.0,0.0,True,0.07507290011298022,30
13,greedy,20,ATTIA_CONT_S13_ST20,3.974,5.918,5.127,4.593986661987735,1098954626.0,781.0,1468.0,801.0,953.0,126.0,0.0,True,0.07598441651677773,30
13,greedy,21,ATTIA_CONT_S13_ST21,3.983,5.929,5.135,4.569092846647326,999654478.0,843.0,1468.0,798.0,953.0,126.0,0.0,True,0.06378277997832627,30
13,greedy,22,ATTIA_CONT_S13_ST22,4.017,5.922,5.089,4.5656428624579455,620308087.0,822.0,1468.0,844.0,953.0,126.0,0.0,True,0.07763536487536113,30
13,greedy,23,ATTIA_CONT_S13_ST23,3.982,5.931,5.148,4.5589776695225375,268596507.0,815.0,1468.0,865.0,953.0,126.0,0.0,True,0.056782300653125214,30
13,greedy,24,ATTIA_CONT_S13_ST24,3.989,5.907,5.158,4.556230631608965,309988244.0,955.0,1468.0,868.0,953.0,126.0,0.0,True,0.056589911096943425,30
13,greedy,25,ATTIA_CONT_S13_ST25,3.971,5.919,5.157,4.573541270956972,1609221113.0,856.0,1468.0,866.0,953.0,126.0,0.0,True,0.061980186647685696,30
13,gp_ucb,0,,,,,,,,1468.0,,953.0,126.0,0.0,False,0.0,30
13,gp_ucb,1,ATTIA_CONT_S13_ST01,7.105,4.868,3.628,4.727456239822797,1116561992.0,701.0,1468.0,813.0,953.0,126.0,0.0,True,0.13301804355767027,30
13,gp_ucb,2,ATTIA_CONT_S13_ST02,3.789,6.121,5.459,4.487208078177265,2049667871.0,922.0,1468.0,844.0,953.0,126.0,0.0,True,0.14325643034215862,30
13,gp_ucb,3,ATTIA_CONT_S13_ST03,4.063,5.955,5.146,4.445274684593736,1933156735.0,873.0,1468.0,847.0,953.0,126.0,0.0,True,0.03372247767948013,30
13,gp_ucb,4,ATTIA_CONT_S13_ST04,6.605,5.566,3.774,4.214078723335307,608256877.0,659.0,1468.0,819.0,953.0,126.0,0.0,True,0.1280177119048745,30
13,gp_ucb,5,ATTIA_CONT_S13_ST05,3.941,5.929,5.346,4.4668306212387945,232520318.0,682.0,1468.0,791.0,953.0,126.0,0.0,True,0.077230654766254,30
13,gp_ucb,6,ATTIA_CONT_S13_ST06,4.758,5.388,5.511,3.9046012762021793,1465095066.0,770.0,1468.0,843.0,953.0,126.0,0.0,True,0.07291881866446719,30
13,gp_ucb,7,ATTIA_CONT_S13_ST07,4.038,5.961,5.169,4.454980417333886,254837984.0,1041.0,1468.0,844.0,953.0,126.0,0.0,True,0.02114810880033775,30
13,gp_ucb,8,ATTIA_CONT_S13_ST08,4.005,6.0,5.193,4.456092481536476,1522464533.0,997.0,1468.0,954.0,954.0,125.0,0.0,True,0.0037025921458546532,30
13,gp_ucb,9,ATTIA_CONT_S13_ST09,4.0,5.999,5.2,4.457694854219562,106420381.0,1278.0,1468.0,833.0,954.0,125.0,0.0,False,0.00043001784863854224,30
13,gp_ucb,10,ATTIA_CONT_S13_ST10,6.687,6.836,5.103,2.927898395848307,817547668.0,298.0,1468.0,593.0,954.0,125.0,0.0,True,0.11128088770668108,30
13,gp_ucb,11,ATTIA_CONT_S13_ST11,3.961,6.002,5.205,4.501711306296963,17940205.0,1029.0,1468.0,968.0,968.0,111.0,0.0,True,0.022195094161470186,30
13,gp_ucb,12,ATTIA_CONT_S13_ST12,3.948,5.986,5.176,4.549907664135353,1448274968.0,718.0,1468.0,851.0,968.0,111.0,0.0,True,0.045387091948747786,30
13,gp_ucb,13,ATTIA_CONT_S13_ST13,6.948,5.241,3.983,4.03980489426085,1886367735.0,396.0,1468.0,791.0,968.0,111.0,0.0,True,0.01941466803941201,30
13,gp_ucb,14,ATTIA_CONT_S13_ST14,4.001,6.045,5.164,4.4578872289352836,1503787221.0,1200.0,1468.0,950.0,968.0,111.0,0.0,True,0.022346926129565833,30
13,gp_ucb,15,ATTIA_CONT_S13_ST15,3.992,6.013,5.201,4.459203856503278,1357957039.0,1213.0,1468.0,897.0,968.0,111.0,0.0,True,0.004377799190088248,30
13,gp_ucb,16,ATTIA_CONT_S13_ST16,3.99,6.013,5.203,4.460231262261161,1741681260.0,1034.0,1468.0,897.0,968.0,111.0,0.0,True,0.004915566147142367,30
13,gp_ucb,17,ATTIA_CONT_S13_ST17,3.815,6.042,5.505,4.463309707119644,1129424855.0,793.0,1468.0,849.0,968.0,111.0,0.0,True,0.1353074308679698,30
13,gp_ucb,18,ATTIA_CONT_S13_ST18,3.997,6.009,5.198,4.457381424788343,627149275.0,1036.0,1468.0,898.0,968.0,111.0,0.0,True,0.0029157245354020883,30
13,gp_ucb,19,ATTIA_CONT_S13_ST19,3.998,6.007,5.197,4.457974518078318,883213461.0,1055.0,1468.0,899.0,968.0,111.0,0.0,True,0.002624677761195097,30
13,gp_ucb,20,ATTIA_CONT_S13_ST20,3.996,6.004,5.202,4.458440037493246,1098954626.0,801.0,1468.0,899.0,968.0,111.0,0.0,True,0.0019060949805161035,30
13,gp_ucb,21,ATTIA_CONT_S13_ST21,3.997,6.024,5.186,4.457992877932425,999654478.0,714.0,1468.0,898.0,968.0,111.0,0.0,True,0.00997460753151406,30
13,gp_ucb,22,ATTIA_CONT_S13_ST22,6.94,5.191,4.007,4.047980872515974,620308087.0,690.0,1468.0,828.0,968.0,111.0,0.0,True,0.01646528503001593,30
13,gp_ucb,23,ATTIA_CONT_S13_ST23,4.116,6.357,5.574,3.9421648852007447,268596507.0,917.0,1468.0,775.0,968.0,111.0,0.0,True,0.13320949043070965,30
13,gp_ucb,24,ATTIA_CONT_S13_ST24,7.603,4.524,5.218,3.4587873329687464,309988244.0,796.0,1468.0,764.0,968.0,111.0,0.0,True,0.09775316722452768,30
13,gp_ucb,25,ATTIA_CONT_S13_ST25,6.7,5.541,4.866,3.354588460129131,1609221113.0,780.0,1468.0,706.0,968.0,111.0,0.0,True,0.08238391932326136,30
14,random,0,,,,,,,,1139.0,,1018.0,61.0,0.0,False,0.0,30
14,random,1,ATTIA_CONT_S14_ST01,5.267779280951439,5.599891351388846,5.121396679205073,3.7082925045856268,1523964102.0,842.0,1139.0,802.0,1018.0,61.0,0.0,True,0.0423082379891358,30
14,random,2,ATTIA_CONT_S14_ST02,6.190572993044745,5.066011048181112,5.169880403822475,3.559030915049589,540398151.0,730.0,1139.0,800.0,1018.0,61.0,0.0,True,0.060793812289767976,30
14,random,3,ATTIA_CONT_S14_ST03,7.4961976676511295,6.970897821077305,5.351134868793375,2.7056088367892306,259508722.0,998.0,1139.0,577.0,1018.0,61.0,0.0,True,0.1379410832047961,30
14,random,4,ATTIA_CONT_S14_ST04,6.172538008675685,6.925538844632813,3.9968988842188553,3.6135215333806405,876571458.0,583.0,1139.0,699.0,1018.0,61.0,0.0,True,0.048181752022489366,30
14,random,5,ATTIA_CONT_S14_ST05,7.007451322938093,6.117082187179918,3.6921724763678205,3.9015527184475594,1633721563.0,354.0,1139.0,726.0,1018.0,61.0,0.0,True,0.09358295318836567,30
14,random,6,ATTIA_CONT_S14_ST06,5.465480198679795,5.0871914335596164,4.808000892595078,4.068215440764567,438520413.0,1025.0,1139.0,885.0,1018.0,61.0,0.0,True,0.07529042084547083,30
14,random,7,ATTIA_CONT_S14_ST07,5.077771833301609,6.837547624266184,4.769985268313616,3.5650491674328237,1080553322.0,775.0,1139.0,687.0,1018.0,61.0,0.0,True,0.07731559057985643,30
14,random,8,ATTIA_CONT_S14_ST08,7.1033389773308375,5.1825562083180365,4.2068886255233435,3.818336851161029,1756866674.0,496.0,1139.0,753.0,1018.0,61.0,0.0,True,0.11491666494936535,30
14,random,9,ATTIA_CONT_S14_ST09,7.634678049949072,6.2587991634950075,5.215178147573276,2.8503916748831277,1710859304.0,532.0,1139.0,630.0,1018.0,61.0,0.0,True,0.11301557482920391,30
14,random,10,ATTIA_CONT_S14_ST10,5.860943874755488,4.409669433238253,5.482646845430946,3.94408350632047,1368760947.0,769.0,1139.0,793.0,1018.0,61.0,0.0,True,0.08318546112260171,30
14,random,11,ATTIA_CONT_S14_ST11,5.175874850559294,6.968009585595401,5.154644137245904,3.304512901904931,1611634324.0,459.0,1139.0,697.0,1018.0,61.0,0.0,True,0.02983176632283748,30
14,random,12,ATTIA_CONT_S14_ST12,5.170961951200399,6.649953237715728,5.522577229179055,3.241555785756385,1624242994.0,731.0,1139.0,686.0,1018.0,61.0,0.0,True,0.12134262684460856,30
14,random,13,ATTIA_CONT_S14_ST13,4.492591244986815,6.380152220949505,4.41438427566729,4.396060192170971,1849580448.0,959.0,1139.0,824.0,1018.0,61.0,0.0,True,0.13556709428235267,30
14,random,14,ATTIA_CONT_S14_ST14,6.598251520128215,6.293810043890916,3.9780528364116625,3.683071729894872,1435651204.0,856.0,1139.0,738.0,1018.0,61.0,0.0,True,0.1269707690266247,30
14,random,15,ATTIA_CONT_S14_ST15,7.752884856747373,5.185616015116807,5.179820710105482,3.1401996138542567,1743996427.0,675.0,1139.0,693.0,1018.0,61.0,0.0,True,0.06171085595634325,30
14,random,16,ATTIA_CONT_S14_ST16,5.8168332629273465,6.0889676350539474,4.8050286158250515,3.4593490250103085,421757149.0,1126.0,1139.0,748.0,1018.0,61.0,0.0,True,0.0511050096809663,30
14,random,17,ATTIA_CONT_S14_ST17,5.873105290908795,3.9709875994288946,5.561897743714924,4.320692420052962,1573953422.0,741.0,1139.0,822.0,1018.0,61.0,0.0,True,0.06508842602499378,30
14,random,18,ATTIA_CONT_S14_ST18,7.8394165074789885,5.2374798568401015,4.227357049120338,3.5934141558001644,2033471668.0,648.0,1139.0,725.0,1018.0,61.0,0.0,True,0.11122714041936248,30
14,random,19,ATTIA_CONT_S14_ST19,6.363303117878924,4.712175210043412,5.412488363450904,3.5815576515855665,981105001.0,804.0,1139.0,791.0,1018.0,61.0,0.0,True,0.1276191536675642,30
14,random,20,ATTIA_CONT_S14_ST20,4.848617463412182,6.0632367285141235,5.433009313514646,3.5958222820683052,531294586.0,781.0,1139.0,787.0,1018.0,61.0,0.0,True,0.08681330037471062,30
14,random,21,ATTIA_CONT_S14_ST21,6.52291568895254,6.769259955172405,3.6409470383130493,3.8812763391149994,36277982.0,789.0,1139.0,706.0,1018.0,61.0,0.0,True,0.15180009906176067,30
14,random,22,ATTIA_CONT_S14_ST22,6.141983065212742,5.972010212207541,4.652277123720793,3.4707379810296537,945179213.0,436.0,1139.0,740.0,1018.0,61.0,0.0,True,0.08318433951286322,30
14,random,23,ATTIA_CONT_S14_ST23,6.328832363601399,6.219900671952292,5.261376509439528,3.0817808857034334,1507662558.0,496.0,1139.0,702.0,1018.0,61.0,0.0,True,0.1283659318580561,30
14,random,24,ATTIA_CONT_S14_ST24,6.564802255425313,4.585101601965931,5.311471896716138,3.6411777262257354,1876616151.0,916.0,1139.0,821.0,1018.0,61.0,0.0,True,0.12790323104376214,30
14,random,25,ATTIA_CONT_S14_ST25,4.946761261308393,5.460026737898387,4.456987348809779,4.470976687818179,458706123.0,1101.0,1139.0,886.0,1018.0,61.0,0.0,True,0.07311168272881742,30
14,greedy,0,,,,,,,,1139.0,,1018.0,61.0,0.0,False,0.0,30
14,greedy,1,ATTIA_CONT_S14_ST01,5.325,3.926,5.589,4.7190992368967315,1523964102.0,880.0,1139.0,953.0,1018.0,61.0,0.0,True,0.036617847905810325,30
14,greedy,2,ATTIA_CONT_S14_ST02,5.184,4.011,5.6,4.704857585055256,540398151.0,916.0,1139.0,1019.0,1019.0,60.0,0.0,True,0.004962439201494533,30
14,greedy,3,ATTIA_CONT_S14_ST03,5.5606776183363795,3.783888492331135,5.588580069667913,4.755464374408196,259508722.0,783.0,1139.0,926.0,1019.0,60.0,0.0,True,0.10616466044057313,30
14,greedy,4,ATTIA_CONT_S14_ST04,5.148,4.035,5.6,4.701894351867798,876571458.0,1197.0,1197.0,1023.0,1023.0,56.0,0.0,True,0.015841447434739187,30
14,greedy,5,ATTIA_CONT_S14_ST05,5.096,4.071,5.6,4.697268694937478,1633721563.0,962.0,1197.0,931.0,1023.0,56.0,0.0,True,0.03184418334062063,30
14,greedy,6,ATTIA_CONT_S14_ST06,5.103,4.066,5.6,4.697994406232508,438520413.0,1070.0,1197.0,930.0,1023.0,56.0,0.0,True,0.029653816655150957,30
14,greedy,7,ATTIA_CONT_S14_ST07,5.057,4.1,5.6,4.692329432557716,1080553322.0,812.0,1197.0,934.0,1023.0,56.0,0.0,True,0.04433023521798968,30
14,greedy,8,ATTIA_CONT_S14_ST08,5.243511106804635,3.923752076812502,5.567853532550237,4.803976132412104,1756866674.0,996.0,1197.0,966.0,1023.0,56.0,0.0,True,0.05268664175836511,30
14,greedy,9,ATTIA_CONT_S14_ST09,5.1317005475288076,4.110618076752468,5.55175862776354,4.649635260461385,1710859304.0,1124.0,1197.0,934.0,1023.0,56.0,0.0,True,0.05051721799572948,30
14,greedy,10,ATTIA_CONT_S14_ST10,4.627078012347412,4.3847264914355515,5.556097835523787,4.78085993056827,1368760947.0,880.0,1197.0,963.0,1023.0,56.0,0.0,True,0.10826163533802918,30
14,greedy,11,ATTIA_CONT_S14_ST11,5.042975109035744,4.037964145131743,5.593547471563848,4.793617577970731,1611634324.0,797.0,1197.0,938.0,1023.0,56.0,0.0,True,0.05420224792559325,30
14,greedy,12,ATTIA_CONT_S14_ST12,5.219,3.921,5.594,4.80940785593602,1624242994.0,1048.0,1197.0,963.0,1023.0,56.0,0.0,True,0.05201047382509165,30
14,greedy,13,ATTIA_CONT_S14_ST13,5.682819331488785,3.715670056486245,5.581418153265217,4.783134074636411,1849580448.0,686.0,1197.0,910.0,1023.0,56.0,0.0,True,0.08124973558328073,30
14,greedy,14,ATTIA_CONT_S14_ST14,5.19,4.094,5.551,4.624331081437373,1435651204.0,1006.0,1197.0,1027.0,1027.0,52.0,0.0,True,0.05256167842676594,30
14,greedy,15,ATTIA_CONT_S14_ST15,5.176,4.11,5.554,4.6130879713203905,1743996427.0,1051.0,1197.0,1027.0,1027.0,52.0,0.0,True,0.05833586231798766,30
14,greedy,16,ATTIA_CONT_S14_ST16,5.179,4.123,5.548,4.598570271563206,421757149.0,978.0,1197.0,1027.0,1027.0,52.0,0.0,True,0.06636158975977667,30
14,greedy,17,ATTIA_CONT_S14_ST17,5.163,4.124,5.559,4.602441210376891,1573953422.0,748.0,1197.0,1026.0,1027.0,52.0,0.0,True,0.06363463268956589,30
14,greedy,18,ATTIA_CONT_S14_ST18,5.066894850131249,4.06020043513068,5.585620237894546,4.747224679864454,2033471668.0,1074.0,1197.0,937.0,1027.0,52.0,0.0,True,0.04012630923158714,30
14,greedy,19,ATTIA_CONT_S14_ST19,4.964661769456136,4.10076173795997,5.568333459276316,4.7969530401924585,981105001.0,967.0,1197.0,950.0,1027.0,52.0,0.0,True,0.07509302825115324,30
14,greedy,20,ATTIA_CONT_S14_ST20,4.981042545694759,4.085785786188943,5.570390737260811,4.800755047307947,531294586.0,839.0,1197.0,948.0,1027.0,52.0,0.0,True,0.07158038434526849,30
14,greedy,21,ATTIA_CONT_S14_ST21,4.977682783294173,4.122725676485501,5.562818290142473,4.759328590133489,36277982.0,1119.0,1197.0,949.0,1027.0,52.0,0.0,True,0.06898978902036675,30
14,greedy,22,ATTIA_CONT_S14_ST22,4.692392476083588,4.497226579138128,5.546755050984547,4.596061879314589,945179213.0,887.0,1197.0,948.0,1027.0,52.0,0.0,True,0.04844992179599918,30
14,greedy,23,ATTIA_CONT_S14_ST23,5.0,4.061,5.581,4.809791793447488,1507662558.0,971.0,1197.0,945.0,1027.0,52.0,0.0,True,0.06805786693183295,30
14,greedy,24,ATTIA_CONT_S14_ST24,4.901044204454239,4.151084159546636,5.557888732803898,4.7968573291248635,1876616151.0,922.0,1197.0,957.0,1027.0,52.0,0.0,True,0.09316722809992245,30
14,greedy,25,ATTIA_CONT_S14_ST25,4.871915483126741,4.167361974353727,5.5901535555577135,4.779444470945577,458706123.0,982.0,1197.0,953.0,1027.0,52.0,0.0,True,0.09527246525181084,30
14,gp_ucb,0,,,,,,,,1139.0,,1018.0,61.0,0.0,False,0.0,30
14,gp_ucb,1,ATTIA_CONT_S14_ST01,5.325,3.926,5.589,4.7190992368967315,1523964102.0,880.0,1139.0,953.0,1018.0,61.0,0.0,True,0.036617847905810325,30
14,gp_ucb,2,ATTIA_CONT_S14_ST02,5.156,4.029,5.6,4.703390967780334,540398151.0,919.0,1139.0,1022.0,1022.0,57.0,0.0,True,0.013244080896619251,30
14,gp_ucb,3,ATTIA_CONT_S14_ST03,5.68852038198658,3.7278027341175846,5.596889730737354,4.747988747284895,259508722.0,703.0,1139.0,907.0,1022.0,57.0,0.0,True,0.08022913620605303,30
14,gp_ucb,4,ATTIA_CONT_S14_ST04,5.174,4.017,5.6,4.704867305467012,876571458.0,1194.0,1194.0,1020.0,1022.0,57.0,0.0,True,0.007800283306186485,30
14,gp_ucb,5,ATTIA_CONT_S14_ST05,5.209,3.994,5.6,4.7078560130932186,1633721563.0,1067.0,1194.0,961.0,1022.0,57.0,0.0,True,0.0027289968749616895,30
14,gp_ucb,6,ATTIA_CONT_S14_ST06,5.201,3.995,5.6,4.713017384898123,438520413.0,521.0,1194.0,962.0,1022.0,57.0,0.0,True,0.0030974961664187732,30
14,gp_ucb,7,ATTIA_CONT_S14_ST07,5.175,4.021,5.6,4.6985672884525265,1080553322.0,898.0,1194.0,1020.0,1022.0,57.0,0.0,True,0.009215519832780954,30
14,gp_ucb,8,ATTIA_CONT_S14_ST08,5.172,4.024,5.6,4.696949149045105,1756866674.0,763.0,1194.0,1020.0,1022.0,57.0,0.0,True,0.010531521517497647,30
14,gp_ucb,9,ATTIA_CONT_S14_ST09,5.18,4.016,5.6,4.701286648386421,1710859304.0,1210.0,1210.0,1020.0,1022.0,57.0,0.0,True,0.007032762256258129,30
14,gp_ucb,10,ATTIA_CONT_S14_ST10,5.174,4.022,5.6,4.698026787714163,1368760947.0,937.0,1210.0,1020.0,1022.0,57.0,0.0,True,0.009653878651309676,30
14,gp_ucb,11,ATTIA_CONT_S14_ST11,5.169,4.026,5.6,4.696701288344259,1611634324.0,978.0,1210.0,1021.0,1022.0,57.0,0.0,True,0.011390086873364296,30
14,gp_ucb,12,ATTIA_CONT_S14_ST12,5.155,4.038,5.6,4.692013123421913,1624242994.0,1032.0,1210.0,1022.0,1022.0,57.0,0.0,True,0.01659188048739268,30
14,gp_ucb,13,ATTIA_CONT_S14_ST13,5.085,4.098,5.6,4.671072486601575,1849580448.0,988.0,1210.0,931.0,1022.0,57.0,0.0,True,0.04215444077721778,30
14,gp_ucb,14,ATTIA_CONT_S14_ST14,4.150477731288693,4.896067397511384,5.587901850275559,4.780260679424056,1435651204.0,895.0,1210.0,923.0,1022.0,57.0,0.0,True,0.10144485021466039,30
14,gp_ucb,15,ATTIA_CONT_S14_ST15,4.853679647718562,4.2015713389207505,5.580536252435053,4.7595558764885,1743996427.0,715.0,1210.0,955.0,1022.0,57.0,0.0,True,0.10182150326465034,30
14,gp_ucb,16,ATTIA_CONT_S14_ST16,5.165,4.039,5.6,4.682414610777213,421757149.0,972.0,1210.0,1021.0,1022.0,57.0,0.0,True,0.017833901851738977,30
14,gp_ucb,17,ATTIA_CONT_S14_ST17,5.781912638440312,3.6975286201367266,5.531092088291504,4.781642777503088,1573953422.0,1000.0,1210.0,904.0,1022.0,57.0,0.0,True,0.06790654460932413,30
14,gp_ucb,18,ATTIA_CONT_S14_ST18,5.066894850131249,4.06020043513068,5.585620237894546,4.747224679864454,2033471668.0,1074.0,1210.0,937.0,1022.0,57.0,0.0,True,0.04012630923158714,30
14,gp_ucb,19,ATTIA_CONT_S14_ST19,4.964661769456136,4.10076173795997,5.568333459276316,4.7969530401924585,981105001.0,967.0,1210.0,950.0,1022.0,57.0,0.0,True,0.07509302825115324,30
14,gp_ucb,20,ATTIA_CONT_S14_ST20,4.981042545694759,4.085785786188943,5.570390737260811,4.800755047307947,531294586.0,839.0,1210.0,948.0,1022.0,57.0,0.0,True,0.07158038434526849,30
14,gp_ucb,21,ATTIA_CONT_S14_ST21,6.0173261132468,3.6138741566435315,5.55253605495399,4.754267916912134,36277982.0,1152.0,1210.0,982.0,1022.0,57.0,0.0,True,0.02440232023473015,30
14,gp_ucb,22,ATTIA_CONT_S14_ST22,6.13452832048055,3.651693272273607,5.5418331372477905,4.628979318352614,945179213.0,972.0,1210.0,967.0,1022.0,57.0,0.0,True,0.07244834997800771,30
14,gp_ucb,23,ATTIA_CONT_S14_ST23,5.956860075111388,3.656263114077392,5.5018771146154535,4.7573690656828465,1507662558.0,906.0,1210.0,882.0,1022.0,57.0,0.0,True,0.05270800084147255,30
14,gp_ucb,24,ATTIA_CONT_S14_ST24,5.1503118255856135,4.010767819869862,5.581790344868287,4.74636546887794,1876616151.0,1178.0,1210.0,1027.0,1027.0,52.0,0.0,True,0.023158286305492548,30
14,gp_ucb,25,ATTIA_CONT_S14_ST25,5.496067842764664,3.8401531619553095,5.569442864376303,4.729751089867735,458706123.0,1082.0,1210.0,938.0,1027.0,52.0,0.0,True,0.08412446405534843,30
15,random,0,,,,,,,,935.0,,908.0,171.0,0.0,False,0.0,30
15,random,1,ATTIA_CONT_S15_ST01,6.049522405213013,6.576938498485657,3.751788127437543,4.0088992864162405,2000046213.0,801.0,935.0,819.0,908.0,171.0,0.0,True,0.14836058628008136,30
15,random,2,ATTIA_CONT_S15_ST02,6.809914424579883,6.1142158520813,5.578814447327954,2.909634445080541,1955098783.0,519.0,935.0,626.0,908.0,171.0,0.0,True,0.05603191252505016,30
15,random,3,ATTIA_CONT_S15_ST03,5.9987301013188,4.932783434376401,5.328028196827901,3.620310650489751,644809846.0,889.0,935.0,769.0,908.0,171.0,0.0,True,0.09769122201592088,30
15,random,4,ATTIA_CONT_S15_ST04,3.944978684586699,6.45072576475148,5.268243691351119,4.255162654832714,2099512874.0,763.0,935.0,814.0,908.0,171.0,0.0,True,0.16491790436612724,30
15,random,5,ATTIA_CONT_S15_ST05,7.723252150473462,6.086040870714331,5.154894118394034,2.8939090398674696,672312161.0,349.0,935.0,642.0,908.0,171.0,0.0,True,0.07288777660756203,30
15,random,6,ATTIA_CONT_S15_ST06,7.378780332273736,5.23539970067621,4.317416470654253,3.633956006512442,1694217410.0,607.0,935.0,807.0,908.0,171.0,0.0,True,0.09943606186696516,30
15,random,7,ATTIA_CONT_S15_ST07,4.424565565309503,5.762737978902045,5.393942586529555,4.02575404442982,825387801.0,1053.0,1053.0,820.0,908.0,171.0,0.0,True,0.11380983259878588,30
15,random,8,ATTIA_CONT_S15_ST08,7.937706217434091,4.892325998441668,4.026233609914565,3.9280457283351273,791948412.0,816.0,1053.0,745.0,908.0,171.0,0.0,True,0.046531103236420374,30
15,random,9,ATTIA_CONT_S15_ST09,4.882995733430251,4.734494084148638,5.080245290306321,4.5354699168946615,1122155058.0,774.0,1053.0,959.0,959.0,120.0,0.0,True,0.07461459423953745,30
15,random,10,ATTIA_CONT_S15_ST10,4.839674837568161,4.7237181454707216,5.4372333771219195,4.327258929770155,255746441.0,932.0,1053.0,926.0,959.0,120.0,0.0,True,0.10251239764931822,30
15,random,11,ATTIA_CONT_S15_ST11,5.1263962365153,6.552627007180392,4.941971698000875,3.5297573771025683,244273722.0,947.0,1053.0,701.0,959.0,120.0,0.0,True,0.15468923422989253,30
15,random,12,ATTIA_CONT_S15_ST12,4.676196414561024,6.182821497716078,4.744118985497603,4.049262208186522,507145870.0,776.0,1053.0,911.0,959.0,120.0,0.0,True,0.07041538258707092,30
15,random,13,ATTIA_CONT_S15_ST13,6.5602794865998355,4.969320054216736,5.341911115929416,3.419187918806518,1367848924.0,390.0,1053.0,738.0,959.0,120.0,0.0,True,0.1330245803175402,30
15,random,14,ATTIA_CONT_S15_ST14,5.636139535609163,5.06713456821725,5.562595067576156,3.5869997418585164,832126980.0,764.0,1053.0,743.0,959.0,120.0,0.0,True,0.052718030743480374,30
15,random,15,ATTIA_CONT_S15_ST15,5.431103679127064,5.644261321737011,4.347306848389618,4.132058578538474,1533825292.0,842.0,1053.0,880.0,959.0,120.0,0.0,True,0.07096028455613078,30
15,random,16,ATTIA_CONT_S15_ST16,5.981295630091534,4.4336348842032836,4.9220614425754246,4.211767665423924,1911193745.0,665.0,1053.0,827.0,959.0,120.0,0.0,True,0.08120541380213503,30
15,random,17,ATTIA_CONT_S15_ST17,6.81615656864575,3.9455141547397186,5.579512463398409,3.937882775314631,472985848.0,808.0,1053.0,745.0,959.0,120.0,0.0,True,0.07097072742887847,30
15,random,18,ATTIA_CONT_S15_ST18,4.569550652921778,5.83980995045502,4.488269812830254,4.536135238392698,1801127988.0,894.0,1053.0,909.0,959.0,120.0,0.0,True,0.09906022300608665,30
15,random,19,ATTIA_CONT_S15_ST19,6.655213788579575,4.415062963532109,5.342709674273426,3.7118571072849,1505905223.0,661.0,1053.0,781.0,959.0,120.0,0.0,True,0.10649025913262619,30
15,random,20,ATTIA_CONT_S15_ST20,5.379101462439214,5.631951978614352,3.88797570720114,4.702184923010967,1454726794.0,1048.0,1053.0,950.0,959.0,120.0,0.0,True,0.06990914745253651,30
15,random,21,ATTIA_CONT_S15_ST21,7.233775063238287,5.011728929017126,3.78061272672368,4.328000119351959,1090597169.0,711.0,1053.0,863.0,959.0,120.0,0.0,True,0.13716795573791477,30
15,random,22,ATTIA_CONT_S15_ST22,5.492444041130833,5.040996621136833,4.330594838483348,4.504983564044889,495406486.0,704.0,1053.0,959.0,959.0,120.0,0.0,True,0.08667190856930414,30
15,random,23,ATTIA_CONT_S15_ST23,4.189543970561732,5.931418174023861,4.806122056143739,4.587531205859748,552522403.0,915.0,1053.0,877.0,959.0,120.0,0.0,True,0.10711273928545088,30
15,random,24,ATTIA_CONT_S15_ST24,5.105302052214285,6.700728973322658,5.562301698963968,3.2421284464726416,1936602746.0,794.0,1053.0,647.0,959.0,120.0,0.0,True,0.1057104885952699,30
15,random,25,ATTIA_CONT_S15_ST25,6.03848474562534,3.721740311899042,5.2866186585679396,4.764615014657268,470207263.0,993.0,1053.0,1036.0,1036.0,43.0,0.0,True,0.13849726325377873,30
15,greedy,0,,,,,,,,935.0,,908.0,171.0,0.0,False,0.0,30
15,greedy,1,ATTIA_CONT_S15_ST01,6.188,6.87,4.408,3.3410224860880176,2000046213.0,700.0,935.0,674.0,908.0,171.0,0.0,True,0.05915358912800873,30
15,greedy,2,ATTIA_CONT_S15_ST02,7.703,6.546,5.334,2.7527569776784966,1955098783.0,518.0,935.0,592.0,908.0,171.0,0.0,True,0.1671954099187093,30
15,greedy,3,ATTIA_CONT_S15_ST03,4.116,6.357,5.574,3.9421648852007447,644809846.0,1065.0,1065.0,775.0,908.0,171.0,0.0,True,0.13320949043070965,30
15,greedy,4,ATTIA_CONT_S15_ST04,4.116,6.357,5.574,3.9421648852007447,2099512874.0,763.0,1065.0,775.0,908.0,171.0,0.0,True,0.13320949043070965,30
15,greedy,5,ATTIA_CONT_S15_ST05,6.7,5.541,4.866,3.354588460129131,672312161.0,845.0,1065.0,706.0,908.0,171.0,0.0,True,0.08238391932326136,30
15,greedy,6,ATTIA_CONT_S15_ST06,4.067,6.422,5.571,3.9645390953754163,1694217410.0,803.0,1065.0,769.0,908.0,171.0,0.0,True,0.1575322489415368,30
15,greedy,7,ATTIA_CONT_S15_ST07,4.74,5.005,4.832,4.6380247332364135,825387801.0,1080.0,1080.0,978.0,978.0,101.0,0.0,True,0.10203220379411834,30
15,greedy,8,ATTIA_CONT_S15_ST08,4.268,6.079,4.418,4.803441974090056,791948412.0,1032.0,1080.0,953.0,978.0,101.0,0.0,True,0.05613762807786264,30
15,greedy,9,ATTIA_CONT_S15_ST09,4.562,5.22,4.725,4.741131019366071,1122155058.0,1219.0,1219.0,1084.0,1084.0,0.0,5.0,True,0.14429613148333512,30
15,greedy,10,ATTIA_CONT_S15_ST10,4.565,5.177,4.703,4.796554524535406,255746441.0,1037.0,1219.0,1095.0,1095.0,0.0,16.0,True,0.1695604421417938,30
15,greedy,11,ATTIA_CONT_S15_ST11,4.658636435497325,5.06085944181164,4.756309565106598,4.743015973553042,244273722.0,931.0,1219.0,987.0,1095.0,0.0,16.0,True,0.14091813018040042,30
15,greedy,12,ATTIA_CONT_S15_ST12,4.575,5.212,4.652,4.809360223770477,507145870.0,1122.0,1219.0,1096.0,1096.0,0.0,17.0,True,0.18014269720830073,30
15,greedy,13,ATTIA_CONT_S15_ST13,4.563543663650386,5.2413869283192085,4.662868937547182,4.785697929236302,1367848924.0,1171.0,1219.0,1090.0,1096.0,0.0,17.0,True,0.16527577364466917,30
15,greedy,14,ATTIA_CONT_S15_ST14,4.5190613800423405,5.232515007532294,4.732893140906655,4.769888602484671,832126980.0,848.0,1219.0,1084.0,1096.0,0.0,17.0,True,0.14921245792304716,30
15,greedy,15,ATTIA_CONT_S15_ST15,4.641377614733189,5.079847645516922,4.695387817839901,4.806564398641005,1533825292.0,776.0,1219.0,992.0,1096.0,0.0,17.0,True,0.17375435973167816,30
15,greedy,16,ATTIA_CONT_S15_ST16,4.596314639695443,5.28503511803029,4.5910151635743475,4.790706673391003,1911193745.0,1464.0,1464.0,1089.0,1096.0,0.0,17.0,True,0.17439752513304144,30
15,greedy,17,ATTIA_CONT_S15_ST17,4.666881153562254,5.33414310474337,4.48190477173484,4.796933566074752,472985848.0,1276.0,1464.0,1003.0,1096.0,0.0,17.0,True,0.14092826577073284,30
15,greedy,18,ATTIA_CONT_S15_ST18,4.64654710704138,5.514131177276267,4.376518980470394,4.801334425641037,1801127988.0,1163.0,1464.0,984.0,1096.0,0.0,17.0,True,0.11648946094780091,30
15,greedy,19,ATTIA_CONT_S15_ST19,4.744975215048994,5.373574865547737,4.382495780758781,4.800589716461354,1505905223.0,1333.0,1464.0,1001.0,1096.0,0.0,17.0,True,0.12717519175031103,30
15,greedy,20,ATTIA_CONT_S15_ST20,4.9540655624411665,5.479339738016284,4.164416968552854,4.78822802269696,1454726794.0,561.0,1464.0,977.0,1096.0,0.0,17.0,True,0.11174361797141917,30
15,greedy,21,ATTIA_CONT_S15_ST21,4.616,5.322,4.55,4.784321679690162,1090597169.0,1045.0,1464.0,1085.0,1096.0,0.0,17.0,True,0.15505848181619342,30
15,greedy,22,ATTIA_CONT_S15_ST22,4.665,5.346,4.475,4.797275960923365,495406486.0,897.0,1464.0,1002.0,1096.0,0.0,17.0,True,0.13825862525357582,30
15,greedy,23,ATTIA_CONT_S15_ST23,4.602,5.303,4.576,4.786234073857748,552522403.0,1269.0,1464.0,1087.0,1096.0,0.0,17.0,True,0.16600218295892216,30
15,greedy,24,ATTIA_CONT_S15_ST24,4.595,5.291,4.592,4.786171720886972,1936602746.0,1192.0,1464.0,1087.0,1096.0,0.0,17.0,True,0.1726204795261304,30
15,greedy,25,ATTIA_CONT_S15_ST25,4.723,5.386,4.393,4.800720091538785,470207263.0,1185.0,1464.0,1000.0,1096.0,0.0,17.0,True,0.1256912239264965,30
15,gp_ucb,0,,,,,,,,935.0,,908.0,171.0,0.0,False,0.0,30
15,gp_ucb,1,ATTIA_CONT_S15_ST01,6.188,6.87,4.408,3.3410224860880176,2000046213.0,700.0,935.0,674.0,908.0,171.0,0.0,True,0.05915358912800873,30
15,gp_ucb,2,ATTIA_CONT_S15_ST02,7.703,6.546,5.334,2.7527569776784966,1955098783.0,518.0,935.0,592.0,908.0,171.0,0.0,True,0.1671954099187093,30
15,gp_ucb,3,ATTIA_CONT_S15_ST03,4.116,6.357,5.574,3.9421648852007447,644809846.0,1065.0,1065.0,775.0,908.0,171.0,0.0,True,0.13320949043070965,30
15,gp_ucb,4,ATTIA_CONT_S15_ST04,4.116,6.359,5.574,3.9413961551952927,2099512874.0,763.0,1065.0,775.0,908.0,171.0,0.0,True,0.13354725258643063,30
15,gp_ucb,5,ATTIA_CONT_S15_ST05,6.7,5.541,4.866,3.354588460129131,672312161.0,845.0,1065.0,706.0,908.0,171.0,0.0,True,0.08238391932326136,30
15,gp_ucb,6,ATTIA_CONT_S15_ST06,7.426,3.977,4.44,4.50449849248336,1694217410.0,770.0,1065.0,893.0,908.0,171.0,0.0,True,0.12974292061845216,30
15,gp_ucb,7,ATTIA_CONT_S15_ST07,4.74,5.005,4.832,4.6380247332364135,825387801.0,1080.0,1080.0,978.0,978.0,101.0,0.0,True,0.10203220379411834,30
15,gp_ucb,8,ATTIA_CONT_S15_ST08,4.268,6.079,4.418,4.803441974090056,791948412.0,1032.0,1080.0,953.0,978.0,101.0,0.0,True,0.05613762807786264,30
15,gp_ucb,9,ATTIA_CONT_S15_ST09,4.199,5.773,5.078,4.443786661547097,1122155058.0,921.0,1080.0,815.0,978.0,101.0,0.0,True,0.1012897725617812,30
15,gp_ucb,10,ATTIA_CONT_S15_ST10,4.392,5.473,4.775,4.683678424715063,255746441.0,1138.0,1138.0,959.0,978.0,101.0,0.0,True,0.06725418513924332,30
15,gp_ucb,11,ATTIA_CONT_S15_ST11,4.379,5.393,4.743,4.791380448268913,244273722.0,1181.0,1181.0,979.0,979.0,100.0,0.0,True,0.12317710154432361,30
15,gp_ucb,12,ATTIA_CONT_S15_ST12,4.585734742308498,5.227759834976844,4.660072720185189,4.775769920808994,507145870.0,1192.0,1192.0,1091.0,1091.0,0.0,12.0,True,0.1670043788442983,30
15,gp_ucb,13,ATTIA_CONT_S15_ST13,4.563543663650386,5.2413869283192085,4.662868937547182,4.785697929236302,1367848924.0,1171.0,1192.0,1090.0,1091.0,0.0,12.0,True,0.16527577364466917,30
15,gp_ucb,14,ATTIA_CONT_S15_ST14,4.5190613800423405,5.232515007532294,4.732893140906655,4.769888602484671,832126980.0,848.0,1192.0,1084.0,1091.0,0.0,12.0,True,0.14921245792304716,30
15,gp_ucb,15,ATTIA_CONT_S15_ST15,4.609640844969579,5.2282373832190565,4.651461258338093,4.758699712538049,1533825292.0,1182.0,1192.0,1090.0,1091.0,0.0,12.0,True,0.1612734798881204,30
15,gp_ucb,16,ATTIA_CONT_S15_ST16,4.596314639695443,5.28503511803029,4.5910151635743475,4.790706673391003,1911193745.0,1464.0,1464.0,1089.0,1091.0,0.0,12.0,True,0.17439752513304144,30
15,gp_ucb,17,ATTIA_CONT_S15_ST17,4.666881153562254,5.33414310474337,4.48190477173484,4.796933566074752,472985848.0,1276.0,1464.0,1003.0,1091.0,0.0,12.0,True,0.14092826577073284,30
15,gp_ucb,18,ATTIA_CONT_S15_ST18,4.931325928946307,5.126445907170978,4.396130000168026,4.807498186871487,1801127988.0,1000.0,1464.0,922.0,1091.0,0.0,12.0,True,0.14669497481879407,30
15,gp_ucb,19,ATTIA_CONT_S15_ST19,4.744975215048994,5.373574865547737,4.382495780758781,4.800589716461354,1505905223.0,1333.0,1464.0,1001.0,1091.0,0.0,12.0,True,0.12717519175031103,30
15,gp_ucb,20,ATTIA_CONT_S15_ST20,4.712133482086584,5.412820556510937,4.417593643986098,4.761880082663787,1454726794.0,1137.0,1464.0,993.0,1091.0,0.0,12.0,True,0.10755853024919622,30
15,gp_ucb,21,ATTIA_CONT_S15_ST21,4.692464974619987,5.427707279171741,4.385952543953408,4.8080338432085785,1090597169.0,731.0,1464.0,995.0,1091.0,0.0,12.0,True,0.124307524793194,30
15,gp_ucb,22,ATTIA_CONT_S15_ST22,4.723,5.057,4.631,4.809502376643083,495406486.0,893.0,1464.0,998.0,1091.0,0.0,12.0,True,0.18585486232585222,30
15,gp_ucb,23,ATTIA_CONT_S15_ST23,4.7246028430217475,5.469608610685735,4.340607745614828,4.7969819519286325,552522403.0,1084.0,1464.0,990.0,1091.0,0.0,12.0,True,0.11749485338472118,30
15,gp_ucb,24,ATTIA_CONT_S15_ST24,4.680833017633391,5.279057525687591,4.527769572347193,4.775341708071905,1936602746.0,818.0,1464.0,1090.0,1091.0,0.0,12.0,True,0.15137808708819742,30
15,gp_ucb,25,ATTIA_CONT_S15_ST25,4.582477789465521,5.449743624068489,4.508259697080252,4.7664254397953645,470207263.0,1162.0,1464.0,1065.0,1091.0,0.0,12.0,True,0.1255453796973541,30
16,random,0,,,,,,,,1239.0,,980.0,99.0,0.0,False,0.0,30
16,random,1,ATTIA_CONT_S16_ST01,5.527387514212368,4.514001039355461,4.541013227320427,4.74680741815545,57573762.0,1061.0,1239.0,1091.0,1091.0,0.0,12.0,True,0.13361185101285336,30
16,random,2,ATTIA_CONT_S16_ST02,7.980687947927395,6.7304974091438865,4.0604665535771876,3.193089585980004,1232535277.0,567.0,1239.0,610.0,1091.0,0.0,12.0,True,0.08558617548960484,30
16,random,3,ATTIA_CONT_S16_ST03,7.266294854311072,5.38781447919621,4.341189378817661,3.574543798208845,330832379.0,875.0,1239.0,774.0,1091.0,0.0,12.0,True,0.0958865729728828,30
16,random,4,ATTIA_CONT_S16_ST04,7.105065084844691,5.999948851013427,4.224170098517171,3.4579618462183315,298470906.0,431.0,1239.0,644.0,1091.0,0.0,12.0,True,0.09902198494122319,30
16,random,5,ATTIA_CONT_S16_ST05,7.187481335970583,5.048395972732903,5.52096159775651,3.174684294611283,1424781246.0,944.0,1239.0,630.0,1091.0,0.0,12.0,True,0.07609818161358836,30
16,random,6,ATTIA_CONT_S16_ST06,7.057016963148403,5.759077700384439,5.452938884909789,2.9886061928358365,1436512926.0,723.0,1239.0,610.0,1091.0,0.0,12.0,True,0.08826210250936364,30
16,random,7,ATTIA_CONT_S16_ST07,6.9196322204116925,5.899715171466511,3.664494509057932,4.057974825136819,197616052.0,913.0,1239.0,725.0,1091.0,0.0,12.0,True,0.04747163840573957,30
16,random,8,ATTIA_CONT_S16_ST08,5.770841247641803,4.871767141062698,4.476622820701802,4.321495649398453,980337396.0,863.0,1239.0,864.0,1091.0,0.0,12.0,True,0.06807657735847865,30
16,random,9,ATTIA_CONT_S16_ST09,6.242462995874872,4.979035664971055,4.443122944779206,4.04479811268717,86278808.0,1216.0,1239.0,875.0,1091.0,0.0,12.0,True,0.087898280447256,30
16,random,10,ATTIA_CONT_S16_ST10,6.47297005187631,5.899008460538752,4.571114985532482,3.4416332165096453,201803690.0,594.0,1239.0,719.0,1091.0,0.0,12.0,True,0.15342035477122717,30
16,random,11,ATTIA_CONT_S16_ST11,5.773989074552189,6.9704252886567595,4.018080132750572,3.7340672413542624,1057600077.0,839.0,1239.0,696.0,1091.0,0.0,12.0,True,0.05618633012909085,30
16,random,12,ATTIA_CONT_S16_ST12,7.174305640187887,6.141558178269187,4.813834073540169,3.092267653936312,335263873.0,596.0,1239.0,633.0,1091.0,0.0,12.0,True,0.06769196188333786,30
16,random,13,ATTIA_CONT_S16_ST13,7.752042214310752,5.248702900973198,4.833378543054172,3.2582078687334155,1993250288.0,743.0,1239.0,688.0,1091.0,0.0,12.0,True,0.0606071707636639,30
16,random,14,ATTIA_CONT_S16_ST14,7.035700333973305,5.024208667915827,5.445922289462074,3.2410590196316575,2025566033.0,444.0,1239.0,652.0,1091.0,0.0,12.0,True,0.1045019428327477,30
16,random,15,ATTIA_CONT_S16_ST15,7.8128764933438415,3.730942373369759,4.803558806601135,4.364301938605255,370762742.0,923.0,1239.0,803.0,1091.0,0.0,12.0,True,0.08395353780374118,30
16,random,16,ATTIA_CONT_S16_ST16,6.007898545197806,6.692146814346845,4.6512392365847575,3.3062175401524097,1879973868.0,751.0,1239.0,720.0,1091.0,0.0,12.0,True,0.13234819661923058,30
16,random,17,ATTIA_CONT_S16_ST17,5.521950268944337,5.16434329903946,5.114413511072606,3.801174352623437,1918010776.0,797.0,1239.0,839.0,1091.0,0.0,12.0,True,0.0652733506615865,30
16,random,18,ATTIA_CONT_S16_ST18,6.234144844786844,6.7013732571357725,4.76107506440116,3.188097764734595,133503830.0,731.0,1239.0,671.0,1091.0,0.0,12.0,True,0.10484134555069598,30
16,random,19,ATTIA_CONT_S16_ST19,6.608243423561804,6.965373204092625,3.958970684083432,3.498351072799354,14524714.0,425.0,1239.0,643.0,1091.0,0.0,12.0,True,0.11114531860310473,30
16,random,20,ATTIA_CONT_S16_ST20,6.336514478990394,3.9201029825224745,5.229185579643297,4.3632271838808805,631799339.0,1043.0,1239.0,913.0,1091.0,0.0,12.0,True,0.09168815262527372,30
16,random,21,ATTIA_CONT_S16_ST21,5.074505607477711,5.659175295778942,4.798331930241553,3.9815280785657463,707222674.0,560.0,1239.0,804.0,1091.0,0.0,12.0,True,0.03947573291766138,30
16,random,22,ATTIA_CONT_S16_ST22,7.88540138430686,4.547397381559541,4.650309957066487,3.682274628290071,863215113.0,806.0,1239.0,766.0,1091.0,0.0,12.0,True,0.09059300210233844,30
16,random,23,ATTIA_CONT_S16_ST23,5.832330012468628,6.903930971695068,4.417142065659395,3.440688217601706,292688677.0,674.0,1239.0,655.0,1091.0,0.0,12.0,True,0.05732033417378484,30
16,random,24,ATTIA_CONT_S16_ST24,5.557263421216794,5.335413842062873,5.400483454757773,3.5613403340399286,1397800510.0,768.0,1239.0,795.0,1091.0,0.0,12.0,True,0.10923326363772862,30
16,random,25,ATTIA_CONT_S16_ST25,7.013179088665343,5.013504709900042,4.504515618848934,3.713552497327737,1349743870.0,698.0,1239.0,743.0,1091.0,0.0,12.0,True,0.07649974278656264,30
16,greedy,0,,,,,,,,1239.0,,980.0,99.0,0.0,False,0.0,30
16,greedy,1,ATTIA_CONT_S16_ST01,5.217,5.99,4.395,4.045698644480883,57573762.0,891.0,1239.0,833.0,980.0,99.0,0.0,True,0.005493030498045506,30
16,greedy,2,ATTIA_CONT_S16_ST02,5.75,5.661,5.208,3.439253566222828,1232535277.0,637.0,1239.0,746.0,980.0,99.0,0.0,True,0.05412558790047901,30
16,greedy,3,ATTIA_CONT_S16_ST03,4.136,5.346,5.506,4.486758711502888,330832379.0,1062.0,1239.0,895.0,980.0,99.0,0.0,True,0.09811581174268652,30
16,greedy,4,ATTIA_CONT_S16_ST04,6.083,6.087,4.762,3.393737068333742,298470906.0,586.0,1239.0,793.0,980.0,99.0,0.0,True,0.04031182028878719,30
16,greedy,5,ATTIA_CONT_S16_ST05,4.188,5.385,5.449,4.437838166923892,1424781246.0,811.0,1239.0,897.0,980.0,99.0,0.0,True,0.1076213773145802,30
16,greedy,6,ATTIA_CONT_S16_ST06,5.181,4.807,4.826,4.442874541583784,1436512926.0,963.0,1239.0,977.0,980.0,99.0,0.0,True,0.015249718044912776,30
16,greedy,7,ATTIA_CONT_S16_ST07,4.135,5.345,5.507,4.487976726350311,197616052.0,917.0,1239.0,895.0,980.0,99.0,0.0,True,0.09819851576293732,30
16,greedy,8,ATTIA_CONT_S16_ST08,5.916,6.012,4.446,3.6624009549923073,980337396.0,822.0,1239.0,775.0,980.0,99.0,0.0,True,0.030170029084421512,30
16,greedy,9,ATTIA_CONT_S16_ST09,5.2,6.0,4.4,4.047169811320756,86278808.0,934.0,1239.0,949.0,980.0,99.0,0.0,False,7.666425316288361e-05,30
16,greedy,10,ATTIA_CONT_S16_ST10,5.198,6.001,4.4,4.047927014149129,201803690.0,887.0,1239.0,949.0,980.0,99.0,0.0,False,0.0006843046541828896,30
16,greedy,11,ATTIA_CONT_S16_ST11,5.196,4.804,4.808,4.449763543006878,1057600077.0,873.0,1239.0,979.0,980.0,99.0,0.0,True,0.005374381052769497,30
16,greedy,12,ATTIA_CONT_S16_ST12,5.199,6.001,4.4,4.04732077468086,335263873.0,841.0,1239.0,949.0,980.0,99.0,0.0,False,0.0003989118994846572,30
16,greedy,13,ATTIA_CONT_S16_ST13,5.191,6.006,4.403,4.04736742496168,1993250288.0,1097.0,1239.0,948.0,980.0,99.0,0.0,True,0.0030944446088457243,30
16,greedy,14,ATTIA_CONT_S16_ST14,5.191,6.006,4.409,4.042310752835789,2025566033.0,1254.0,1254.0,947.0,980.0,99.0,0.0,True,0.005659499653104861,30
16,greedy,15,ATTIA_CONT_S16_ST15,5.19,6.006,4.408,4.043758556418089,370762742.0,1076.0,1254.0,948.0,980.0,99.0,0.0,True,0.00514013932618619,30
16,greedy,16,ATTIA_CONT_S16_ST16,5.19,6.048,4.407,4.025773658476691,1879973868.0,642.0,1254.0,938.0,980.0,99.0,0.0,True,0.01756579365273654,30
16,greedy,17,ATTIA_CONT_S16_ST17,5.201,4.799,4.799,4.458133373739787,1918010776.0,1128.0,1254.0,980.0,980.0,99.0,0.0,False,0.0008062106912527849,30
16,greedy,18,ATTIA_CONT_S16_ST18,4.136,5.346,5.506,4.486758711502888,133503830.0,865.0,1254.0,895.0,980.0,99.0,0.0,True,0.09811581174268652,30
16,greedy,19,ATTIA_CONT_S16_ST19,5.201,4.799,4.798,4.458996708476462,14524714.0,942.0,1254.0,981.0,981.0,98.0,0.0,True,0.001396698793898579,30
16,greedy,20,ATTIA_CONT_S16_ST20,5.204,5.995,4.399,4.047871864911409,631799339.0,400.0,1254.0,833.0,981.0,98.0,0.0,True,0.0018422843262725583,30
16,greedy,21,ATTIA_CONT_S16_ST21,6.033,6.661,4.494,3.3906144108341403,707222674.0,517.0,1254.0,709.0,981.0,98.0,0.0,True,0.11080224177981036,30
16,greedy,22,ATTIA_CONT_S16_ST22,7.1,4.441,3.957,4.6598963447767705,863215113.0,639.0,1254.0,804.0,981.0,98.0,0.0,True,0.03617878387779007,30
16,greedy,23,ATTIA_CONT_S16_ST23,5.264,5.419,5.175,3.765186107290467,292688677.0,986.0,1254.0,901.0,981.0,98.0,0.0,True,0.0633685700201629,30
16,greedy,24,ATTIA_CONT_S16_ST24,6.223,5.273,4.073,4.210978478068185,1397800510.0,1040.0,1254.0,959.0,981.0,98.0,0.0,True,0.11478404210954637,30
16,greedy,25,ATTIA_CONT_S16_ST25,7.605,5.254,4.276,3.601704834895953,1349743870.0,656.0,1254.0,772.0,981.0,98.0,0.0,True,0.1267940964048859,30
16,gp_ucb,0,,,,,,,,1239.0,,980.0,99.0,0.0,False,0.0,30
16,gp_ucb,1,ATTIA_CONT_S16_ST01,5.217,5.989,4.395,4.046154949141628,57573762.0,891.0,1239.0,833.0,980.0,99.0,0.0,True,0.005638294600041371,30
16,gp_ucb,2,ATTIA_CONT_S16_ST02,5.75,5.661,5.208,3.439253566222828,1232535277.0,637.0,1239.0,746.0,980.0,99.0,0.0,True,0.05412558790047901,30
16,gp_ucb,3,ATTIA_CONT_S16_ST03,4.136,5.346,5.506,4.486758711502888,330832379.0,1062.0,1239.0,895.0,980.0,99.0,0.0,True,0.09811581174268652,30
16,gp_ucb,4,ATTIA_CONT_S16_ST04,6.083,6.087,4.762,3.393737068333742,298470906.0,586.0,1239.0,793.0,980.0,99.0,0.0,True,0.04031182028878719,30
16,gp_ucb,5,ATTIA_CONT_S16_ST05,4.188,5.385,5.449,4.437838166923892,1424781246.0,811.0,1239.0,897.0,980.0,99.0,0.0,True,0.1076213773145802,30
16,gp_ucb,6,ATTIA_CONT_S16_ST06,5.177,4.808,4.828,4.443269881888257,1436512926.0,963.0,1239.0,977.0,980.0,99.0,0.0,True,0.016348840346278648,30
16,gp_ucb,7,ATTIA_CONT_S16_ST07,4.135,5.345,5.507,4.487976726350311,197616052.0,917.0,1239.0,895.0,980.0,99.0,0.0,True,0.09819851576293732,30
16,gp_ucb,8,ATTIA_CONT_S16_ST08,4.116,5.323,5.517,4.519629133170428,980337396.0,1124.0,1239.0,966.0,980.0,99.0,0.0,True,0.10431588207067942,30
16,gp_ucb,9,ATTIA_CONT_S16_ST09,5.192,6.005,4.403,4.047213832177303,86278808.0,933.0,1239.0,948.0,980.0,99.0,0.0,True,0.0027798803052317324,30
16,gp_ucb,10,ATTIA_CONT_S16_ST10,5.194,6.004,4.402,4.047298458728551,201803690.0,886.0,1239.0,948.0,980.0,99.0,0.0,True,0.002064398996380174,30
16,gp_ucb,11,ATTIA_CONT_S16_ST11,5.197,6.002,4.401,4.047232588540464,1057600077.0,1248.0,1248.0,949.0,980.0,99.0,0.0,True,0.0010353371808674249,30
16,gp_ucb,12,ATTIA_CONT_S16_ST12,7.021,6.606,3.922,3.514271562876848,335263873.0,890.0,1248.0,644.0,980.0,99.0,0.0,True,0.1407956700848472,30
16,gp_ucb,13,ATTIA_CONT_S16_ST13,5.196,6.003,4.401,4.047384559542387,1993250288.0,1098.0,1248.0,949.0,980.0,99.0,0.0,True,0.0013730023762911065,30
16,gp_ucb,14,ATTIA_CONT_S16_ST14,5.205,6.02,4.418,4.02008992360993,2025566033.0,1247.0,1248.0,940.0,980.0,99.0,0.0,True,0.016263211659378628,30
16,gp_ucb,15,ATTIA_CONT_S16_ST15,5.205,6.026,4.417,4.018245948797252,370762742.0,967.0,1248.0,938.0,980.0,99.0,0.0,True,0.017336046540443073,30
16,gp_ucb,16,ATTIA_CONT_S16_ST16,5.199,6.017,4.417,4.0258481133864485,1879973868.0,826.0,1248.0,942.0,980.0,99.0,0.0,True,0.013729253321147132,30
16,gp_ucb,17,ATTIA_CONT_S16_ST17,5.198,6.006,4.403,4.043122204623946,1918010776.0,1012.0,1248.0,947.0,980.0,99.0,0.0,True,0.002938663099386587,30
16,gp_ucb,18,ATTIA_CONT_S16_ST18,5.198,6.006,4.403,4.043122204623946,133503830.0,1168.0,1248.0,947.0,980.0,99.0,0.0,True,0.002938663099386587,30
16,gp_ucb,19,ATTIA_CONT_S16_ST19,5.197,6.006,4.401,4.045415818313681,14524714.0,1086.0,1248.0,948.0,980.0,99.0,0.0,True,0.002083406528414847,30
16,gp_ucb,20,ATTIA_CONT_S16_ST20,5.189,6.015,4.398,4.048732900470421,631799339.0,782.0,1248.0,948.0,980.0,99.0,0.0,True,0.005227402410971244,30
16,gp_ucb,21,ATTIA_CONT_S16_ST21,4.125,5.343,5.474,4.523524673694743,707222674.0,763.0,1248.0,972.0,980.0,99.0,0.0,True,0.11239261998845679,30
16,gp_ucb,22,ATTIA_CONT_S16_ST22,5.143,6.034,4.461,4.016035860487694,863215113.0,878.0,1248.0,939.0,980.0,99.0,0.0,True,0.037329491696985455,30
16,gp_ucb,23,ATTIA_CONT_S16_ST23,5.121,4.835,4.824,4.465543819644691,292688677.0,639.0,1248.0,891.0,980.0,99.0,0.0,True,0.024232477713140653,30
16,gp_ucb,24,ATTIA_CONT_S16_ST24,6.223,5.273,4.073,4.210978478068185,1397800510.0,1040.0,1248.0,959.0,980.0,99.0,0.0,True,0.11478404210954637,30
16,gp_ucb,25,ATTIA_CONT_S16_ST25,7.605,5.254,4.276,3.601704834895953,1349743870.0,656.0,1248.0,772.0,980.0,99.0,0.0,True,0.1267940964048859,30
17,random,0,,,,,,,,1141.0,,844.0,235.0,0.0,False,0.0,30
17,random,1,ATTIA_CONT_S17_ST01,7.7438245110904695,4.506254524988015,4.163746391088847,4.130250519252166,917724544.0,886.0,1141.0,844.0,844.0,235.0,0.0,True,0.13798583177967103,30
17,random,2,ATTIA_CONT_S17_ST02,6.025469839586794,6.335144152244479,4.002202755001361,3.8512024267496683,1218481855.0,821.0,1141.0,846.0,846.0,233.0,0.0,True,0.1194315842247279,30
17,random,3,ATTIA_CONT_S17_ST03,7.939339597423839,6.517843236543193,5.014191882167642,2.8207204538473705,859040311.0,504.0,1141.0,585.0,846.0,233.0,0.0,True,0.17848647632244255,30
17,random,4,ATTIA_CONT_S17_ST04,4.716738053014595,6.134771659733085,4.313507393931228,4.4152595191465265,2004093908.0,978.0,1141.0,919.0,919.0,160.0,0.0,True,0.073154009223405,30
17,random,5,ATTIA_CONT_S17_ST05,6.040116886184695,6.178430429055216,3.699417330702577,4.244349220226487,1146625736.0,888.0,1141.0,910.0,919.0,160.0,0.0,True,0.136489878638863,30
17,random,6,ATTIA_CONT_S17_ST06,7.695013049898442,5.790520845879217,5.215646108039694,2.9502684922164346,1654624159.0,796.0,1141.0,628.0,919.0,160.0,0.0,True,0.08965946289292476,30
17,random,7,ATTIA_CONT_S17_ST07,6.94930713242029,5.759116737590876,4.178529890018344,3.6169277177556247,448991795.0,788.0,1141.0,704.0,919.0,160.0,0.0,True,0.11563357281182132,30
17,random,8,ATTIA_CONT_S17_ST08,7.174759602809675,4.9083148707395345,3.927746855531457,4.244103195833735,1448053616.0,797.0,1141.0,750.0,919.0,160.0,0.0,True,0.06877290274493437,30
17,random,9,ATTIA_CONT_S17_ST09,7.340986724342947,5.020733255731233,3.9028566738253083,4.137100347562743,1698525129.0,753.0,1141.0,833.0,919.0,160.0,0.0,True,0.116115948823728,30
17,random,10,ATTIA_CONT_S17_ST10,6.550861044457786,5.684735869993771,4.0895650120326605,3.8425006184272767,604943464.0,795.0,1141.0,779.0,919.0,160.0,0.0,True,0.11475481040121509,30
17,random,11,ATTIA_CONT_S17_ST11,7.514943222867909,4.211105594718383,5.178437806455086,3.7079696751603772,419943188.0,1040.0,1141.0,812.0,919.0,160.0,0.0,True,0.12905446661681855,30
17,random,12,ATTIA_CONT_S17_ST12,5.8940809087630015,4.677497875333191,4.626649249767634,4.278204073188692,1400944694.0,829.0,1141.0,907.0,919.0,160.0,0.0,True,0.1205174918814573,30
17,random,13,ATTIA_CONT_S17_ST13,7.831821515307444,4.850598747913041,4.250316880357531,3.7848333623407164,1412858805.0,696.0,1141.0,746.0,919.0,160.0,0.0,True,0.1005668947871061,30
17,random,14,ATTIA_CONT_S17_ST14,4.4174295584525884,6.670639234379319,4.464939064509247,4.290382561220668,1465764028.0,701.0,1141.0,777.0,919.0,160.0,0.0,True,0.10484294300484763,30
17,random,15,ATTIA_CONT_S17_ST15,7.734859011900005,6.73026737613575,5.397438022056028,2.701294369654207,1756459346.0,521.0,1141.0,577.0,919.0,160.0,0.0,True,0.14058021321211733,30
17,random,16,ATTIA_CONT_S17_ST16,5.018429345564051,5.496052867662541,5.090454399870631,3.911247169995701,911553298.0,779.0,1141.0,794.0,919.0,160.0,0.0,True,0.0807104431157681,30
17,random,17,ATTIA_CONT_S17_ST17,7.9633173713676655,6.250575781506306,4.649904514948121,3.0055835978682013,209426711.0,633.0,1141.0,629.0,919.0,160.0,0.0,True,0.1055439727638928,30
17,random,18,ATTIA_CONT_S17_ST18,6.554075059178653,4.911059916906204,3.905800937239479,4.522737298790648,1201874741.0,857.0,1141.0,900.0,919.0,160.0,0.0,True,0.15150963677991053,30
17,random,19,ATTIA_CONT_S17_ST19,7.044405994992587,4.800946542037353,3.9629339090778295,4.333766498725102,830244857.0,918.0,1141.0,780.0,919.0,160.0,0.0,True,0.02409824992420723,30
17,random,20,ATTIA_CONT_S17_ST20,7.302832276342391,4.813122867844925,3.9783535051594403,4.214526563388033,1777971403.0,747.0,1141.0,866.0,919.0,160.0,0.0,True,0.08154660133551674,30
17,random,21,ATTIA_CONT_S17_ST21,5.161928313681269,5.644095922315729,5.062804157275163,3.7748386003946335,1679537929.0,1010.0,1141.0,819.0,919.0,160.0,0.0,True,0.077653859022939,30
17,random,22,ATTIA_CONT_S17_ST22,5.550004271159598,6.856817865815213,5.019600748104375,3.2457625003216775,112050779.0,1049.0,1141.0,647.0,919.0,160.0,0.0,True,0.11321373246560035,30
17,random,23,ATTIA_CONT_S17_ST23,5.891800168824993,5.055335261539843,5.573120955447541,3.4920782239178645,636063327.0,539.0,1141.0,713.0,919.0,160.0,0.0,True,0.07148805973438471,30
17,random,24,ATTIA_CONT_S17_ST24,3.786855264098023,6.714867118669895,5.566542550356531,4.154653142123671,780496976.0,763.0,1141.0,739.0,919.0,160.0,0.0,True,0.10897388458715952,30
17,random,25,ATTIA_CONT_S17_ST25,6.572396290226884,6.414576753326492,5.4141520499943,2.9361180080631084,1182626696.0,814.0,1141.0,633.0,919.0,160.0,0.0,True,0.18237108087285112,30
17,greedy,0,,,,,,,,1141.0,,844.0,235.0,0.0,False,0.0,30
17,greedy,1,ATTIA_CONT_S17_ST01,5.201,6.989,3.6,4.541267240934749,917724544.0,950.0,1141.0,818.0,844.0,235.0,0.0,True,0.0037723015157225597,30
17,greedy,2,ATTIA_CONT_S17_ST02,5.198,7.0,3.603,4.53416003163359,1218481855.0,932.0,1141.0,816.0,844.0,235.0,0.0,True,0.0020249758699076355,30
17,greedy,3,ATTIA_CONT_S17_ST03,5.202,7.0,3.6,4.535874439461884,859040311.0,845.0,1141.0,815.0,844.0,235.0,0.0,False,0.0006817857402194081,30
17,greedy,4,ATTIA_CONT_S17_ST04,5.171,6.988,3.6,4.564815547302825,2004093908.0,880.0,1141.0,821.0,844.0,235.0,0.0,True,0.014614903390056116,30
17,greedy,5,ATTIA_CONT_S17_ST05,5.124,6.95,3.6,4.6187108209761805,1146625736.0,561.0,1141.0,771.0,844.0,235.0,0.0,True,0.04330663415556842,30
17,greedy,6,ATTIA_CONT_S17_ST06,6.001,5.602,4.395,3.8364818035241113,1654624159.0,738.0,1141.0,844.0,844.0,235.0,0.0,True,0.0028112432676024686,30
17,greedy,7,ATTIA_CONT_S17_ST07,5.269,6.872,3.6,4.540332689459003,448991795.0,1124.0,1141.0,834.0,844.0,235.0,0.0,True,0.04081034527339243,30
17,greedy,8,ATTIA_CONT_S17_ST08,5.271,6.881,3.6,4.534931024271697,1448053616.0,942.0,1141.0,832.0,844.0,235.0,0.0,True,0.03855197436158121,30
17,greedy,9,ATTIA_CONT_S17_ST09,5.269,6.875,3.6,4.539024063403335,1698525129.0,790.0,1141.0,833.0,844.0,235.0,0.0,True,0.03997997057997839,30
17,greedy,10,ATTIA_CONT_S17_ST10,5.213,6.966,3.6,4.541882428573753,604943464.0,916.0,1141.0,821.0,844.0,235.0,0.0,True,0.010657771174553458,30
17,greedy,11,ATTIA_CONT_S17_ST11,5.217,6.996,3.6,4.526203969870062,419943188.0,620.0,1141.0,814.0,844.0,235.0,0.0,True,0.006329942628376242,30
17,greedy,12,ATTIA_CONT_S17_ST12,5.158,6.81,3.716,4.4740668514008775,1400944694.0,894.0,1141.0,814.0,844.0,235.0,0.0,True,0.08593724107585417,30
17,greedy,13,ATTIA_CONT_S17_ST13,5.245,6.831,3.633,4.524282900898156,1412858805.0,671.0,1141.0,845.0,845.0,234.0,0.0,True,0.05367014993116272,30
17,greedy,14,ATTIA_CONT_S17_ST14,5.137,6.829,3.717,4.480312949154598,1465764028.0,852.0,1141.0,753.0,845.0,234.0,0.0,True,0.0825331865204225,30
17,greedy,15,ATTIA_CONT_S17_ST15,5.133,6.937,3.656,4.5282066387106035,1756459346.0,980.0,1141.0,771.0,845.0,234.0,0.0,True,0.03708057656782777,30
17,greedy,16,ATTIA_CONT_S17_ST16,5.232,6.957,3.618,4.503167384051227,911553298.0,1036.0,1141.0,820.0,845.0,234.0,0.0,True,0.02295964875620682,30
17,greedy,17,ATTIA_CONT_S17_ST17,5.207,6.892,3.643,4.510816268432615,209426711.0,648.0,1141.0,836.0,845.0,234.0,0.0,True,0.040168593255039124,30
17,greedy,18,ATTIA_CONT_S17_ST18,5.162,6.772,3.716,4.487594348655596,1201874741.0,902.0,1141.0,820.0,845.0,234.0,0.0,True,0.09183129723891716,30
17,greedy,19,ATTIA_CONT_S17_ST19,5.251,6.935,3.616,4.501490577002275,830244857.0,614.0,1141.0,822.0,845.0,234.0,0.0,True,0.028650262402129555,30
17,greedy,20,ATTIA_CONT_S17_ST20,5.78,6.21,5.09,3.3021968894367077,1777971403.0,747.0,1141.0,701.0,845.0,234.0,0.0,True,0.09888962193092422,30
17,greedy,21,ATTIA_CONT_S17_ST21,5.192,6.857,3.666,4.50215026407188,1679537929.0,886.0,1141.0,845.0,845.0,234.0,0.0,True,0.0557565594252637,30
17,greedy,22,ATTIA_CONT_S17_ST22,5.246,6.859,3.634,4.5098026344052435,112050779.0,450.0,1141.0,839.0,845.0,234.0,0.0,True,0.0476327007726021,30
17,greedy,23,ATTIA_CONT_S17_ST23,6.238,6.743,5.399,2.9454724028488037,636063327.0,856.0,1141.0,631.0,845.0,234.0,0.0,True,0.13863100025628802,30
17,greedy,24,ATTIA_CONT_S17_ST24,7.399,5.188,5.405,3.120966614873895,780496976.0,734.0,1141.0,710.0,845.0,234.0,0.0,True,0.13324808685357445,30
17,greedy,25,ATTIA_CONT_S17_ST25,6.221,5.057,5.126,3.5745194144865997,1182626696.0,442.0,1141.0,748.0,845.0,234.0,0.0,True,0.07640899036630087,30
17,gp_ucb,0,,,,,,,,1141.0,,844.0,235.0,0.0,False,0.0,30
17,gp_ucb,1,ATTIA_CONT_S17_ST01,5.05,6.594,3.728,4.642090847330262,917724544.0,803.0,1141.0,842.0,844.0,235.0,0.0,True,0.1475411638845427,30
17,gp_ucb,2,ATTIA_CONT_S17_ST02,5.211,7.0,3.6,4.529053886267695,1218481855.0,930.0,1141.0,814.0,844.0,235.0,0.0,True,0.0043725864650457505,30
17,gp_ucb,3,ATTIA_CONT_S17_ST03,5.192,7.0,3.6,4.543504833870431,859040311.0,734.0,1141.0,817.0,844.0,235.0,0.0,True,0.00345399869969003,30
17,gp_ucb,4,ATTIA_CONT_S17_ST04,5.221,7.0,3.6,4.521526956808622,2004093908.0,811.0,1141.0,813.0,844.0,235.0,0.0,True,0.008460327974009052,30
17,gp_ucb,5,ATTIA_CONT_S17_ST05,5.158,6.959,3.665,4.486122806795404,1146625736.0,977.0,1141.0,787.0,844.0,235.0,0.0,True,0.042665837473089434,30
17,gp_ucb,6,ATTIA_CONT_S17_ST06,5.24,7.0,3.627,4.465750187473861,1654624159.0,809.0,1141.0,773.0,844.0,235.0,0.0,True,0.036050073942029685,30
17,gp_ucb,7,ATTIA_CONT_S17_ST07,5.183,7.0,3.6,4.55041946542546,448991795.0,692.0,1141.0,818.0,844.0,235.0,0.0,True,0.007185575488933963,30
17,gp_ucb,8,ATTIA_CONT_S17_ST08,5.194,7.0,3.629,4.496638559169162,1448053616.0,720.0,1141.0,777.0,844.0,235.0,0.0,True,0.023326937869554493,30
17,gp_ucb,9,ATTIA_CONT_S17_ST09,5.198,6.95,3.634,4.506780434300575,1698525129.0,1022.0,1141.0,825.0,844.0,235.0,0.0,True,0.026298383733250105,30
17,gp_ucb,10,ATTIA_CONT_S17_ST10,5.25,6.917,3.624,4.497462388988811,604943464.0,882.0,1141.0,787.0,844.0,235.0,0.0,True,0.03446283138873815,30
17,gp_ucb,11,ATTIA_CONT_S17_ST11,4.953,7.0,3.6,4.743820122229318,419943188.0,864.0,1141.0,780.0,844.0,235.0,0.0,True,0.10894823544494492,30
17,gp_ucb,12,ATTIA_CONT_S17_ST12,5.253781998614989,6.419330917380083,3.6138534620784157,4.750552096917093,1400944694.0,1153.0,1153.0,936.0,936.0,143.0,0.0,True,0.14647327460809542,30
17,gp_ucb,13,ATTIA_CONT_S17_ST13,5.806462587016529,5.655354852648728,3.6275926101096485,4.793336263600765,1412858805.0,835.0,1153.0,882.0,936.0,143.0,0.0,True,0.05186235756080638,30
17,gp_ucb,14,ATTIA_CONT_S17_ST14,5.274070696547473,5.936531723578723,3.7431841712462353,4.804788250420351,1465764028.0,450.0,1153.0,905.0,936.0,143.0,0.0,True,0.10708044151389337,30
17,gp_ucb,15,ATTIA_CONT_S17_ST15,5.255,6.435,3.609,4.749394503189744,1756459346.0,1057.0,1153.0,932.0,936.0,143.0,0.0,True,0.15014521173826026,30
17,gp_ucb,16,ATTIA_CONT_S17_ST16,5.259,6.429,3.608,4.751134025765945,911553298.0,944.0,1153.0,933.0,936.0,143.0,0.0,True,0.14814114220743607,30
17,gp_ucb,17,ATTIA_CONT_S17_ST17,5.257,6.428,3.609,4.751579717710701,209426711.0,810.0,1153.0,934.0,936.0,143.0,0.0,True,0.14814152802089756,30
17,gp_ucb,18,ATTIA_CONT_S17_ST18,5.256,6.429,3.611,4.74838773774614,1201874741.0,939.0,1153.0,933.0,936.0,143.0,0.0,True,0.1485666852381204,30
17,gp_ucb,19,ATTIA_CONT_S17_ST19,5.256,6.428,3.611,4.748933398802976,830244857.0,892.0,1153.0,934.0,936.0,143.0,0.0,True,0.1483122209912398,30
17,gp_ucb,20,ATTIA_CONT_S17_ST20,5.258,6.927,3.622,4.490471699002433,1777971403.0,744.0,1153.0,784.0,936.0,143.0,0.0,True,0.03459766949289259,30
17,gp_ucb,21,ATTIA_CONT_S17_ST21,7.901,5.351,5.28,3.0257902047456873,1679537929.0,609.0,1153.0,652.0,936.0,143.0,0.0,True,0.06995015354280312,30
17,gp_ucb,22,ATTIA_CONT_S17_ST22,5.776,5.616,3.661,4.784893929793809,112050779.0,1054.0,1153.0,895.0,936.0,143.0,0.0,True,0.06104323396868484,30
17,gp_ucb,23,ATTIA_CONT_S17_ST23,5.256,6.425,3.611,4.750572154642718,636063327.0,781.0,1153.0,934.0,936.0,143.0,0.0,True,0.1475521697710963,30
17,gp_ucb,24,ATTIA_CONT_S17_ST24,5.136,6.93,3.723,4.43009981535111,780496976.0,852.0,1153.0,738.0,936.0,143.0,0.0,True,0.08213957627378417,30
17,gp_ucb,25,ATTIA_CONT_S17_ST25,6.221,5.057,5.126,3.5745194144865997,1182626696.0,442.0,1153.0,748.0,936.0,143.0,0.0,True,0.07640899036630087,30
18,random,0,,,,,,,,894.0,,897.0,182.0,0.0,False,0.0,30
18,random,1,ATTIA_CONT_S18_ST01,4.125051359461101,5.343054475055201,5.473978791916025,4.5234383499873525,1367033744.0,785.0,894.0,972.0,972.0,107.0,0.0,True,0.11237469656817696,30
18,random,2,ATTIA_CONT_S18_ST02,4.889673213543463,6.444200195421008,5.3063778729764985,3.506435207109528,2036063933.0,595.0,894.0,742.0,972.0,107.0,0.0,True,0.15866688264792697,30
18,random,3,ATTIA_CONT_S18_ST03,5.400544526619293,4.836236523684358,4.495796931075974,4.56695049715995,1277938485.0,971.0,971.0,989.0,989.0,90.0,0.0,True,0.06682748788526989,30
18,random,4,ATTIA_CONT_S18_ST04,4.195930650429547,6.799536793673712,5.191823595471187,3.9165341030794445,765260667.0,840.0,971.0,751.0,989.0,90.0,0.0,True,0.08999987959512322,30
18,random,5,ATTIA_CONT_S18_ST05,6.231214927018099,4.402263258034827,5.141478098958907,3.980915428399442,1341696409.0,1124.0,1124.0,814.0,989.0,90.0,0.0,True,0.0671428040873422,30
18,random,6,ATTIA_CONT_S18_ST06,6.735370154703558,5.067188928261102,3.786843538599392,4.475411458018182,633395440.0,1047.0,1124.0,805.0,989.0,90.0,0.0,True,0.12101157343868561,30
18,random,7,ATTIA_CONT_S18_ST07,5.753794594258,4.807615212177166,4.163005998651951,4.7321461180020385,998146709.0,852.0,1124.0,971.0,989.0,90.0,0.0,True,0.10352407558607031,30
18,random,8,ATTIA_CONT_S18_ST08,6.664783240632872,6.051241026293312,4.271528194815478,3.522027923423556,199595924.0,711.0,1124.0,738.0,989.0,90.0,0.0,True,0.12143043649499485,30
18,random,9,ATTIA_CONT_S18_ST09,5.8753108239903415,6.541239361385353,3.6938546093080316,4.174782604100461,1969128218.0,641.0,1124.0,771.0,989.0,90.0,0.0,True,0.153843272375836,30
18,random,10,ATTIA_CONT_S18_ST10,7.75075783947716,6.249130690652253,4.373082908831703,3.1683689969846056,1757350586.0,537.0,1124.0,649.0,989.0,90.0,0.0,True,0.09376275277995876,30
18,random,11,ATTIA_CONT_S18_ST11,4.83872646018118,4.803639754111498,4.807386049041817,4.751075588651377,577583600.0,1054.0,1124.0,1004.0,1004.0,75.0,0.0,True,0.1561509681854935,30
18,random,12,ATTIA_CONT_S18_ST12,6.358543796341608,5.448154974525702,4.3813535870288405,3.783918910988908,1164716479.0,1065.0,1124.0,816.0,1004.0,75.0,0.0,True,0.09608768728124933,30
18,random,13,ATTIA_CONT_S18_ST13,5.935905339384954,4.688052301527034,4.658263080722025,4.221430133659957,712704332.0,924.0,1124.0,893.0,1004.0,75.0,0.0,True,0.10967302239894927,30
18,random,14,ATTIA_CONT_S18_ST14,4.838172153548424,5.28055071415458,4.495715903353732,4.654723450197818,1195220153.0,629.0,1124.0,992.0,1004.0,75.0,0.0,True,0.11361388708735531,30
18,random,15,ATTIA_CONT_S18_ST15,7.257046618737629,5.886825034762149,5.469072574182754,2.916991028407575,1915808180.0,601.0,1124.0,634.0,1004.0,75.0,0.0,True,0.0942752427878501,30
18,random,16,ATTIA_CONT_S18_ST16,5.294187909656274,5.712985605318313,5.238160905378454,3.590658744405862,946121588.0,478.0,1124.0,795.0,1004.0,75.0,0.0,True,0.06673352292657907,30
18,random,17,ATTIA_CONT_S18_ST17,6.620943072988135,5.626460398535075,5.08671533826504,3.2470136772343516,1881257658.0,888.0,1124.0,669.0,1004.0,75.0,0.0,True,0.11631555268167779,30
18,random,18,ATTIA_CONT_S18_ST18,4.092973912216912,5.414322505699323,5.196111326884228,4.719980559211404,1883636545.0,1195.0,1195.0,1014.0,1014.0,65.0,0.0,True,0.05888109330885291,30
18,random,19,ATTIA_CONT_S18_ST19,7.032987870897872,4.011497624556586,5.436249693456864,3.87728467308788,942078439.0,642.0,1195.0,753.0,1014.0,65.0,0.0,True,0.08653065918802844,30
18,random,20,ATTIA_CONT_S18_ST20,6.228666345686712,6.648999861297424,5.288342284976055,3.0003757482555176,1830879748.0,442.0,1195.0,659.0,1014.0,65.0,0.0,True,0.1239588465379393,30
18,random,21,ATTIA_CONT_S18_ST21,7.66001962304828,6.679887643831517,4.4004131007383664,3.0690770363574793,534188933.0,391.0,1195.0,618.0,1014.0,65.0,0.0,True,0.13189029948929032,30
18,random,22,ATTIA_CONT_S18_ST22,6.147357101490005,6.33794152257061,4.217562701941312,3.6261037387725565,10413109.0,764.0,1195.0,799.0,1014.0,65.0,0.0,True,0.14022343866521936,30
18,random,23,ATTIA_CONT_S18_ST23,5.321048006331927,4.506090352243363,5.01392627223219,4.4636069431832,1106594988.0,948.0,1195.0,963.0,1014.0,65.0,0.0,True,0.10462235967561255,30
18,random,24,ATTIA_CONT_S18_ST24,6.576326569906719,6.858577684708791,4.040808240767862,3.4722862319577854,897478407.0,386.0,1195.0,667.0,1014.0,65.0,0.0,True,0.11827063831982687,30
18,random,25,ATTIA_CONT_S18_ST25,5.822049826863816,4.52709622274501,5.108921939315568,4.082559719787991,1659742597.0,883.0,1195.0,860.0,1014.0,65.0,0.0,True,0.07324306917796679,30
18,greedy,0,,,,,,,,894.0,,897.0,182.0,0.0,False,0.0,30
18,greedy,1,ATTIA_CONT_S18_ST01,6.57,4.715,4.229,4.299693195625924,1367033744.0,989.0,989.0,887.0,897.0,182.0,0.0,True,0.15264315972845463,30
18,greedy,2,ATTIA_CONT_S18_ST02,6.39,4.18,4.538,4.603140936160589,2036063933.0,1176.0,1176.0,1022.0,1022.0,57.0,0.0,True,0.13895748439567288,30
18,greedy,3,ATTIA_CONT_S18_ST03,6.2811163567870585,3.7711691663113984,5.046419815280618,4.743924729843694,1277938485.0,857.0,1176.0,935.0,1022.0,57.0,0.0,True,0.1563113882667871,30
18,greedy,4,ATTIA_CONT_S18_ST04,6.41,4.114,4.481,4.737311678724301,765260667.0,942.0,1176.0,957.0,1022.0,57.0,0.0,True,0.13232401158899385,30
18,greedy,5,ATTIA_CONT_S18_ST05,6.412,4.271,4.465,4.560496229928578,1341696409.0,983.0,1176.0,945.0,1022.0,57.0,0.0,True,0.12675294341142926,30
18,greedy,6,ATTIA_CONT_S18_ST06,6.429,4.249,4.461,4.581404660626616,633395440.0,642.0,1176.0,945.0,1022.0,57.0,0.0,True,0.1264611341346061,30
18,greedy,7,ATTIA_CONT_S18_ST07,6.243,4.137,4.474,4.809559615309731,998146709.0,1013.0,1176.0,988.0,1022.0,57.0,0.0,True,0.11074188299254317,30
18,greedy,8,ATTIA_CONT_S18_ST08,6.216,4.252,4.36,4.809613119012189,199595924.0,1084.0,1176.0,998.0,1022.0,57.0,0.0,True,0.08104349030737025,30
18,greedy,9,ATTIA_CONT_S18_ST09,6.016,4.346,4.365,4.80958344438722,1969128218.0,1178.0,1178.0,1025.0,1025.0,54.0,0.0,True,0.04933443145165921,30
18,greedy,10,ATTIA_CONT_S18_ST10,5.544,4.665,4.335,4.809649159214911,1757350586.0,879.0,1178.0,1013.0,1025.0,54.0,0.0,True,0.12326600840796309,30
18,greedy,11,ATTIA_CONT_S18_ST11,6.260823207579698,4.206735137039439,4.397811889106016,4.795931121235597,577583600.0,1025.0,1178.0,989.0,1025.0,54.0,0.0,True,0.09007975770781954,30
18,greedy,12,ATTIA_CONT_S18_ST12,6.162697894989279,4.338320632276906,4.356204416231221,4.739220600353477,1164716479.0,782.0,1178.0,1001.0,1025.0,54.0,0.0,True,0.04801603289375494,30
18,greedy,13,ATTIA_CONT_S18_ST13,5.727801099130408,4.358694471892807,4.551417740945986,4.770810051187512,712704332.0,1298.0,1298.0,990.0,1025.0,54.0,0.0,True,0.10180528416887175,30
18,greedy,14,ATTIA_CONT_S18_ST14,5.324225214095398,4.526798981974903,4.656557051810363,4.7651952713177685,1195220153.0,1072.0,1298.0,1111.0,1111.0,0.0,32.0,True,0.13709835590461952,30
18,greedy,15,ATTIA_CONT_S18_ST15,5.219382966188865,4.447289718905492,4.794133506612762,4.800872126332826,1915808180.0,1037.0,1298.0,1027.0,1111.0,0.0,32.0,True,0.1386286642701661,30
18,greedy,16,ATTIA_CONT_S18_ST16,4.880160892689315,4.692397819088539,4.89695582117879,4.737026435956275,946121588.0,838.0,1298.0,1000.0,1111.0,0.0,32.0,True,0.15690232737945506,30
18,greedy,17,ATTIA_CONT_S18_ST17,5.801266646132152,4.413461031005456,4.421834471743663,4.802447582798859,1881257658.0,1086.0,1298.0,919.0,1111.0,0.0,32.0,True,0.0613953479344892,30
18,greedy,18,ATTIA_CONT_S18_ST18,5.522676013241783,4.463363979634985,4.5560861925277045,4.790905566223361,1883636545.0,1022.0,1298.0,1013.0,1111.0,0.0,32.0,True,0.13932712073350526,30
18,greedy,19,ATTIA_CONT_S18_ST19,5.458049005996557,4.5073772908438166,4.573485038686417,4.770820840945207,942078439.0,875.0,1298.0,1101.0,1111.0,0.0,32.0,True,0.1538455798392707,30
18,greedy,20,ATTIA_CONT_S18_ST20,5.668502161712285,4.279798134214072,4.664255873661848,4.787723450146089,1830879748.0,1164.0,1298.0,995.0,1111.0,0.0,32.0,True,0.1280314183516634,30
18,greedy,21,ATTIA_CONT_S18_ST21,5.559480799122475,4.4534409163561826,4.527086605461748,4.807176172731127,534188933.0,783.0,1298.0,1011.0,1111.0,0.0,32.0,True,0.12679891910986774,30
18,greedy,22,ATTIA_CONT_S18_ST22,6.228516371950896,4.043187161992767,4.601662817911657,4.804479958157279,10413109.0,1062.0,1298.0,1059.0,1111.0,0.0,32.0,True,0.11268160410875369,30
18,greedy,23,ATTIA_CONT_S18_ST23,5.851246490224597,4.318549164620435,4.5096179193857004,4.78189643977993,1106594988.0,1156.0,1298.0,975.0,1111.0,0.0,32.0,True,0.07523616598620789,30
18,greedy,24,ATTIA_CONT_S18_ST24,6.187069595135584,4.0650660461780035,4.594890264511379,4.805972972597613,897478407.0,1086.0,1298.0,1067.0,1111.0,0.0,32.0,True,0.11268804195779111,30
18,greedy,25,ATTIA_CONT_S18_ST25,5.8090281254652485,4.279783225165276,4.556044197190756,4.806718217873254,1659742597.0,729.0,1298.0,982.0,1111.0,0.0,32.0,True,0.10475503554137858,30
18,gp_ucb,0,,,,,,,,894.0,,897.0,182.0,0.0,False,0.0,30
18,gp_ucb,1,ATTIA_CONT_S18_ST01,6.273,4.301,4.597,4.466624074468656,1367033744.0,1054.0,1054.0,952.0,952.0,127.0,0.0,True,0.13753731104063593,30
18,gp_ucb,2,ATTIA_CONT_S18_ST02,4.916636546940669,4.1153186044893415,5.5940865079939694,4.803362143570907,2036063933.0,994.0,1054.0,949.0,952.0,127.0,0.0,True,0.08484816535053641,30
18,gp_ucb,3,ATTIA_CONT_S18_ST03,7.083,3.6,5.6,4.240863893937775,1277938485.0,970.0,1054.0,753.0,952.0,127.0,0.0,True,0.02325823441454893,30
18,gp_ucb,4,ATTIA_CONT_S18_ST04,5.3,4.887,5.6,3.8247039434651366,765260667.0,956.0,1054.0,835.0,952.0,127.0,0.0,True,0.06042213708659868,30
18,gp_ucb,5,ATTIA_CONT_S18_ST05,6.458734434738165,3.754048636426538,4.962358317486896,4.748155981205592,1341696409.0,1230.0,1230.0,919.0,952.0,127.0,0.0,True,0.15244823227959192,30
18,gp_ucb,6,ATTIA_CONT_S18_ST06,6.774804356176853,3.7019553387457367,4.823748954135798,4.800942338050079,633395440.0,867.0,1230.0,882.0,952.0,127.0,0.0,True,0.19706306309760538,30
18,gp_ucb,7,ATTIA_CONT_S18_ST07,5.641,3.806,5.394,4.809412884810998,998146709.0,613.0,1230.0,950.0,952.0,127.0,0.0,True,0.12202176689649627,30
18,gp_ucb,8,ATTIA_CONT_S18_ST08,6.602,3.85,4.836,4.643789813122215,199595924.0,862.0,1230.0,910.0,952.0,127.0,0.0,True,0.16113095949055392,30
18,gp_ucb,9,ATTIA_CONT_S18_ST09,6.572,3.825,4.858,4.675328454773625,1969128218.0,795.0,1230.0,914.0,952.0,127.0,0.0,True,0.15348692586555315,30
18,gp_ucb,10,ATTIA_CONT_S18_ST10,6.348,3.942,4.849,4.631838791343444,1757350586.0,739.0,1230.0,951.0,952.0,127.0,0.0,True,0.1136237768853855,30
18,gp_ucb,11,ATTIA_CONT_S18_ST11,6.514,3.848,4.924,4.611362502931836,577583600.0,941.0,1230.0,914.0,952.0,127.0,0.0,True,0.16352966626522444,30
18,gp_ucb,12,ATTIA_CONT_S18_ST12,6.887,3.6,5.6,4.314379824245212,1164716479.0,572.0,1230.0,781.0,952.0,127.0,0.0,True,0.032297232035985765,30
18,gp_ucb,13,ATTIA_CONT_S18_ST13,6.507,3.969,4.72,4.633155073628593,712704332.0,1063.0,1230.0,937.0,952.0,127.0,0.0,True,0.14364649312463754,30
18,gp_ucb,14,ATTIA_CONT_S18_ST14,6.435,4.039,4.686,4.609452180932313,1195220153.0,1091.0,1230.0,1003.0,1003.0,76.0,0.0,True,0.1433704413696986,30
18,gp_ucb,15,ATTIA_CONT_S18_ST15,6.402,4.166,4.528,4.6243697618002235,1915808180.0,871.0,1230.0,1022.0,1022.0,57.0,0.0,True,0.13717659454836997,30
18,gp_ucb,16,ATTIA_CONT_S18_ST16,6.171107815348803,4.18781855531522,4.478329128609578,4.780057555873534,946121588.0,1016.0,1230.0,997.0,1022.0,57.0,0.0,True,0.08848784410719887,30
18,gp_ucb,17,ATTIA_CONT_S18_ST17,5.801266646132152,4.413461031005456,4.421834471743663,4.802447582798859,1881257658.0,1086.0,1230.0,919.0,1022.0,57.0,0.0,True,0.0613953479344892,30
18,gp_ucb,18,ATTIA_CONT_S18_ST18,5.843688382802814,4.6297889559961725,4.21295232096219,4.788062846416764,1883636545.0,1086.0,1230.0,973.0,1022.0,57.0,0.0,True,0.12302227182064927,30
18,gp_ucb,19,ATTIA_CONT_S18_ST19,5.720097339254085,4.62273432146389,4.269085772012517,4.80892329298958,942078439.0,994.0,1230.0,993.0,1022.0,57.0,0.0,True,0.12024769589014563,30
18,gp_ucb,20,ATTIA_CONT_S18_ST20,3.683190650982472,6.489135650926973,5.056437355300653,4.7628534351425,1830879748.0,951.0,1230.0,819.0,1022.0,57.0,0.0,True,0.1961716390117727,30
18,gp_ucb,21,ATTIA_CONT_S18_ST21,5.180891937960524,4.9180036927885755,4.41584016516157,4.750043957619354,534188933.0,1057.0,1230.0,1020.0,1022.0,57.0,0.0,True,0.13217806171799817,30
18,gp_ucb,22,ATTIA_CONT_S18_ST22,5.383752135546583,4.79830918670547,4.341556220642946,4.788116978700776,10413109.0,1044.0,1230.0,1020.0,1022.0,57.0,0.0,True,0.11661420816795155,30
18,gp_ucb,23,ATTIA_CONT_S18_ST23,5.4317957834202995,4.780123259815489,4.322389061721037,4.792049219051167,1106594988.0,819.0,1230.0,1017.0,1022.0,57.0,0.0,True,0.11702435656852204,30
18,gp_ucb,24,ATTIA_CONT_S18_ST24,4.789613100723182,5.170708959799272,4.492383066241277,4.794964444073661,897478407.0,1134.0,1230.0,1017.0,1022.0,57.0,0.0,True,0.16361186125008845,30
18,gp_ucb,25,ATTIA_CONT_S18_ST25,4.675395365777831,5.168204849934273,4.595948420565865,4.799064389895106,1659742597.0,1313.0,1313.0,1103.0,1103.0,0.0,24.0,True,0.18747689742734472,30
19,random,0,,,,,,,,1344.0,,1017.0,62.0,0.0,False,0.0,30
19,random,1,ATTIA_CONT_S19_ST01,6.117211867490166,5.982025154582095,5.051463038379798,3.281590876809051,920572307.0,610.0,1344.0,694.0,1017.0,62.0,0.0,True,0.08035426490107123,30
19,random,2,ATTIA_CONT_S19_ST02,6.094873197112808,6.723929474509999,4.932881404874195,3.1464630247785497,1075092974.0,524.0,1344.0,665.0,1017.0,62.0,0.0,True,0.10763453771471573,30
19,random,3,ATTIA_CONT_S19_ST03,6.2898617672988895,4.5468064627558515,5.203393003088019,3.813439703125312,1733864942.0,917.0,1344.0,899.0,1017.0,62.0,0.0,True,0.10243240215173381,30
19,random,4,ATTIA_CONT_S19_ST04,7.408128381415717,6.75342184561401,4.534467321300333,3.0326895027495056,1253401692.0,805.0,1344.0,638.0,1017.0,62.0,0.0,True,0.14145484076208256,30
19,random,5,ATTIA_CONT_S19_ST05,6.2205367596421155,5.369464235005948,5.011056829495043,3.48701200965452,19132755.0,759.0,1344.0,775.0,1017.0,62.0,0.0,True,0.1208583346162804,30
19,random,6,ATTIA_CONT_S19_ST06,7.20128729605913,4.841183365469423,4.2979377473312255,3.9179045576102927,1342899896.0,803.0,1344.0,843.0,1017.0,62.0,0.0,True,0.06965102953604786,30
19,random,7,ATTIA_CONT_S19_ST07,4.484637669976522,6.509962698133933,4.277222592622665,4.485459669606524,534358470.0,929.0,1344.0,815.0,1017.0,62.0,0.0,True,0.19093408583935745,30
19,random,8,ATTIA_CONT_S19_ST08,4.6513598822971005,4.688672575339618,5.223986259664751,4.680820413891468,307161935.0,1271.0,1344.0,1076.0,1076.0,3.0,0.0,True,0.11210616164197913,30
19,random,9,ATTIA_CONT_S19_ST09,6.0202732543149695,6.465792331273251,5.276780767511266,3.095416083118495,99662126.0,560.0,1344.0,703.0,1076.0,3.0,0.0,True,0.15853712009707388,30
19,random,10,ATTIA_CONT_S19_ST10,7.20445637227091,3.7119870051767556,5.125323073812888,4.347387403828471,743904435.0,971.0,1344.0,855.0,1076.0,3.0,0.0,True,0.10939044686962411,30
19,random,11,ATTIA_CONT_S19_ST11,6.690013415152806,6.978575191858602,5.503880325567296,2.7865159920239693,1538154401.0,806.0,1344.0,580.0,1076.0,3.0,0.0,True,0.09222900447646806,30
19,random,12,ATTIA_CONT_S19_ST12,7.672010271273566,4.2231242587128355,5.316407548997996,3.595816674440527,1266547229.0,927.0,1344.0,742.0,1076.0,3.0,0.0,True,0.12347534402500021,30
19,random,13,ATTIA_CONT_S19_ST13,4.712662917970722,6.840902838536731,4.176131223312572,4.246222024195381,907220008.0,1113.0,1344.0,795.0,1076.0,3.0,0.0,True,0.10543743398501328,30
19,random,14,ATTIA_CONT_S19_ST14,6.439527674929316,6.449912463297711,4.053628763372113,3.619136140043871,532108124.0,862.0,1344.0,754.0,1076.0,3.0,0.0,True,0.18621309336955777,30
19,random,15,ATTIA_CONT_S19_ST15,5.979598647376263,5.846817935431616,4.888376276721842,3.442365417504522,125552715.0,667.0,1344.0,688.0,1076.0,3.0,0.0,True,0.06356352928850792,30
19,random,16,ATTIA_CONT_S19_ST16,5.100058750619331,4.372709245789035,5.157527575403286,4.658212157101932,1795010571.0,1048.0,1344.0,988.0,1076.0,3.0,0.0,True,0.0717878647094393,30
19,random,17,ATTIA_CONT_S19_ST17,6.651126700165632,6.902621782660462,5.343358107462922,2.8493101023575886,1128315858.0,592.0,1344.0,595.0,1076.0,3.0,0.0,True,0.11179940651883753,30
19,random,18,ATTIA_CONT_S19_ST18,6.927272274779915,4.5351870312559415,4.010460498969155,4.563493377455207,413847112.0,1210.0,1344.0,909.0,1076.0,3.0,0.0,True,0.07171789189533047,30
19,random,19,ATTIA_CONT_S19_ST19,4.466075516897041,6.9820071820256455,5.577640927220731,3.485406915856627,1292046426.0,836.0,1344.0,649.0,1076.0,3.0,0.0,True,0.023101703650723625,30
19,random,20,ATTIA_CONT_S19_ST20,5.268890657946077,5.269942921647617,5.577954797116036,3.642887635665929,1122056730.0,1025.0,1344.0,848.0,1076.0,3.0,0.0,True,0.03875609231355284,30
19,random,21,ATTIA_CONT_S19_ST21,7.858856021415756,6.242164410975869,4.055560531579754,3.3409901294350384,1360816709.0,506.0,1344.0,673.0,1076.0,3.0,0.0,True,0.09193740045479457,30
19,random,22,ATTIA_CONT_S19_ST22,7.827688873966739,4.921279049521993,5.536857473891768,3.10776516649399,2132920430.0,492.0,1344.0,646.0,1076.0,3.0,0.0,True,0.0616837162400856,30
19,random,23,ATTIA_CONT_S19_ST23,5.802296734193888,4.062112066054833,5.207000987020497,4.48910999259558,1844176663.0,956.0,1344.0,923.0,1076.0,3.0,0.0,True,0.050745140563988524,30
19,random,24,ATTIA_CONT_S19_ST24,6.430591712252019,5.619666728881205,4.296689559775492,3.743315806031841,1809371570.0,832.0,1344.0,786.0,1076.0,3.0,0.0,True,0.11813045300296621,30
19,random,25,ATTIA_CONT_S19_ST25,5.8442713453679005,6.869801916905362,5.563831105967032,2.967986746177739,1710040361.0,657.0,1344.0,602.0,1076.0,3.0,0.0,True,0.06382151519818204,30
19,greedy,0,,,,,,,,1344.0,,1017.0,62.0,0.0,False,0.0,30
19,greedy,1,ATTIA_CONT_S19_ST01,6.03806637489957,4.489236506659584,4.252040149771668,4.766872520336404,920572307.0,740.0,1344.0,1015.0,1017.0,62.0,0.0,True,0.08250162475291127,30
19,greedy,2,ATTIA_CONT_S19_ST02,6.249,6.895,3.81,3.7621153475340767,1075092974.0,600.0,1344.0,710.0,1017.0,62.0,0.0,True,0.12511067232597384,30
19,greedy,3,ATTIA_CONT_S19_ST03,6.238,6.743,5.399,2.9454724028488037,1733864942.0,566.0,1344.0,631.0,1017.0,62.0,0.0,True,0.13863100025628802,30
19,greedy,4,ATTIA_CONT_S19_ST04,7.399,5.188,5.405,3.120966614873895,1253401692.0,888.0,1344.0,710.0,1017.0,62.0,0.0,True,0.13324808685357445,30
19,greedy,5,ATTIA_CONT_S19_ST05,6.221,5.057,5.126,3.5745194144865997,19132755.0,553.0,1344.0,748.0,1017.0,62.0,0.0,True,0.07640899036630087,30
19,greedy,6,ATTIA_CONT_S19_ST06,6.476,4.201,4.961,4.178746708351193,1342899896.0,830.0,1344.0,870.0,1017.0,62.0,0.0,True,0.16170872972610495,30
19,greedy,7,ATTIA_CONT_S19_ST07,6.862,5.982,4.78,3.213057522438318,534358470.0,578.0,1344.0,638.0,1017.0,62.0,0.0,True,0.03859510980619665,30
19,greedy,8,ATTIA_CONT_S19_ST08,5.715,4.842,5.034,3.949762321637879,307161935.0,907.0,1344.0,809.0,1017.0,62.0,0.0,True,0.0881426284663501,30
19,greedy,9,ATTIA_CONT_S19_ST09,5.913,4.356,4.441,4.773918643677086,99662126.0,937.0,1344.0,904.0,1017.0,62.0,0.0,True,0.04135768332749964,30
19,greedy,10,ATTIA_CONT_S19_ST10,5.909,4.39,4.449,4.7272402119331085,743904435.0,1014.0,1344.0,901.0,1017.0,62.0,0.0,True,0.032747044071065344,30
19,greedy,11,ATTIA_CONT_S19_ST11,6.001,4.401,4.401,4.711374871948793,1538154401.0,1306.0,1344.0,1017.0,1017.0,62.0,0.0,True,0.0013389402022122,30
19,greedy,12,ATTIA_CONT_S19_ST12,5.999,4.4,4.399,4.716052045830452,1266547229.0,1276.0,1344.0,890.0,1017.0,62.0,0.0,True,0.0010769996588818863,30
19,greedy,13,ATTIA_CONT_S19_ST13,5.909,4.39,4.449,4.7272402119331085,907220008.0,1072.0,1344.0,901.0,1017.0,62.0,0.0,True,0.032747044071065344,30
19,greedy,14,ATTIA_CONT_S19_ST14,5.93,4.298,4.464,4.807262984671873,532108124.0,1138.0,1344.0,903.0,1017.0,62.0,0.0,True,0.06284859404566835,30
19,greedy,15,ATTIA_CONT_S19_ST15,5.8090281254652485,4.279783225165276,4.556044197190756,4.806718217873254,125552715.0,852.0,1344.0,982.0,1017.0,62.0,0.0,True,0.10475503554137858,30
19,greedy,16,ATTIA_CONT_S19_ST16,5.989,4.324,4.403,4.808262579898664,1795010571.0,726.0,1344.0,898.0,1017.0,62.0,0.0,True,0.04815814649525843,30
19,greedy,17,ATTIA_CONT_S19_ST17,5.963,4.332,4.408,4.80926459097581,1128315858.0,862.0,1344.0,901.0,1017.0,62.0,0.0,True,0.048337082359188134,30
19,greedy,18,ATTIA_CONT_S19_ST18,5.920640758911128,4.268746397449864,4.518264502526993,4.788172093503394,413847112.0,1266.0,1344.0,965.0,1017.0,62.0,0.0,True,0.08020926784502898,30
19,greedy,19,ATTIA_CONT_S19_ST19,5.876489045420406,4.438724109622756,4.361319837735551,4.794200703807324,1292046426.0,753.0,1344.0,910.0,1017.0,62.0,0.0,True,0.051017051127919204,30
19,greedy,20,ATTIA_CONT_S19_ST20,5.781251559422419,4.356336234246312,4.486223627186488,4.809887088916618,1122056730.0,1084.0,1344.0,920.0,1017.0,62.0,0.0,True,0.07980728664970217,30
19,greedy,21,ATTIA_CONT_S19_ST21,5.756406046952565,4.273568000898451,4.627714699886424,4.772633200899707,1360816709.0,871.0,1344.0,984.0,1017.0,62.0,0.0,True,0.1308135638775183,30
19,greedy,22,ATTIA_CONT_S19_ST22,5.981137069569334,4.358627403903938,4.451666402752481,4.7152899422282175,2132920430.0,1063.0,1344.0,891.0,1017.0,62.0,0.0,True,0.028881521504354295,30
19,greedy,23,ATTIA_CONT_S19_ST23,5.836,4.367,4.443,4.80954696042226,1844176663.0,876.0,1344.0,915.0,1017.0,62.0,0.0,True,0.061696457810940866,30
19,greedy,24,ATTIA_CONT_S19_ST24,6.035034219602804,4.4139133389796195,4.428067075137081,4.64585375051199,1809371570.0,1065.0,1344.0,1005.0,1017.0,62.0,0.0,True,0.03498026641693552,30
19,greedy,25,ATTIA_CONT_S19_ST25,6.035213070586269,4.284393636561732,4.438211289256259,4.78657050005679,1710040361.0,1134.0,1344.0,1019.0,1019.0,60.0,0.0,True,0.05156188609884219,30
19,gp_ucb,0,,,,,,,,1344.0,,1017.0,62.0,0.0,False,0.0,30
19,gp_ucb,1,ATTIA_CONT_S19_ST01,5.5912486829587005,5.090701741780782,4.023702902601281,4.77284729739694,920572307.0,975.0,1344.0,960.0,1017.0,62.0,0.0,True,0.04540441857405012,30
19,gp_ucb,2,ATTIA_CONT_S19_ST02,6.022,4.362,4.421,4.720772450087732,1075092974.0,970.0,1344.0,1015.0,1017.0,62.0,0.0,True,0.016416821947827214,30
19,gp_ucb,3,ATTIA_CONT_S19_ST03,6.004,4.367,4.387,4.765505086611345,1733864942.0,998.0,1344.0,1022.0,1022.0,57.0,0.0,True,0.026037974818345654,30
19,gp_ucb,4,ATTIA_CONT_S19_ST04,6.015,4.314,4.434,4.767606181305997,1253401692.0,938.0,1344.0,1020.0,1022.0,57.0,0.0,True,0.03906563458079391,30
19,gp_ucb,5,ATTIA_CONT_S19_ST05,5.974,4.398,4.354,4.7871774561046685,19132755.0,993.0,1344.0,898.0,1022.0,57.0,0.0,True,0.04069056024756854,30
19,gp_ucb,6,ATTIA_CONT_S19_ST06,6.109684230737301,4.415463089476577,4.260316278974852,4.797138945230894,1342899896.0,1267.0,1344.0,1011.0,1022.0,57.0,0.0,True,0.08323956980610323,30
19,gp_ucb,7,ATTIA_CONT_S19_ST07,6.301514199812518,4.442960183349394,4.157532912179134,4.783798837537191,534358470.0,677.0,1344.0,980.0,1022.0,57.0,0.0,True,0.14333886379817526,30
19,gp_ucb,8,ATTIA_CONT_S19_ST08,6.016,4.425,4.37,4.7105757141509335,307161935.0,1057.0,1344.0,1015.0,1022.0,57.0,0.0,True,0.017166212600763144,30
19,gp_ucb,9,ATTIA_CONT_S19_ST09,5.996,4.425,4.391,4.698624918150733,99662126.0,985.0,1344.0,888.0,1022.0,57.0,0.0,True,0.01110515544221863,30
19,gp_ucb,10,ATTIA_CONT_S19_ST10,6.091,4.417,4.276,4.787088316049299,743904435.0,727.0,1344.0,1013.0,1022.0,57.0,0.0,True,0.07338622794369429,30
19,gp_ucb,11,ATTIA_CONT_S19_ST11,6.001,4.405,4.393,4.715984319946453,1538154401.0,1255.0,1344.0,1018.0,1022.0,57.0,0.0,True,0.003907280350642432,30
19,gp_ucb,12,ATTIA_CONT_S19_ST12,6.0,4.396,4.399,4.720036957099046,1266547229.0,1404.0,1404.0,1018.0,1022.0,57.0,0.0,True,0.003010377183125592,30
19,gp_ucb,13,ATTIA_CONT_S19_ST13,6.004,4.391,4.401,4.7210327246154185,907220008.0,965.0,1404.0,1018.0,1022.0,57.0,0.0,True,0.004261956977425966,30
19,gp_ucb,14,ATTIA_CONT_S19_ST14,6.016,4.377,4.34,4.802423586927614,532108124.0,1229.0,1404.0,1024.0,1024.0,55.0,0.0,True,0.050523451497479485,30
19,gp_ucb,15,ATTIA_CONT_S19_ST15,6.124,4.533,4.187,4.7482834428621805,125552715.0,839.0,1404.0,1081.0,1081.0,0.0,2.0,True,0.11792463313285934,30
19,gp_ucb,16,ATTIA_CONT_S19_ST16,6.057691986698105,4.37173904887381,4.346123308670171,4.775049255251198,1795010571.0,845.0,1404.0,1017.0,1081.0,0.0,2.0,True,0.041549173124314775,30
19,gp_ucb,17,ATTIA_CONT_S19_ST17,6.183,4.388,4.265,4.779230574930971,1128315858.0,1012.0,1404.0,1001.0,1081.0,0.0,2.0,True,0.0846509404551303,30
19,gp_ucb,18,ATTIA_CONT_S19_ST18,6.241,4.428,4.288,4.671629871145372,413847112.0,844.0,1404.0,982.0,1081.0,0.0,2.0,True,0.08105417875524025,30
19,gp_ucb,19,ATTIA_CONT_S19_ST19,6.198,4.428,4.205,4.799771652524798,1292046426.0,1199.0,1404.0,998.0,1081.0,0.0,2.0,True,0.11444888839206505,30
19,gp_ucb,20,ATTIA_CONT_S19_ST20,6.001,4.52,4.312,4.68286347713386,1122056730.0,1259.0,1404.0,1095.0,1095.0,0.0,16.0,True,0.058131996716921736,30
19,gp_ucb,21,ATTIA_CONT_S19_ST21,6.11,4.416,4.26,4.796711693259636,1360816709.0,1344.0,1404.0,1011.0,1095.0,0.0,16.0,True,0.08331591732777359,30
19,gp_ucb,22,ATTIA_CONT_S19_ST22,5.992,4.432,4.374,4.712786454565539,2132920430.0,684.0,1404.0,890.0,1095.0,0.0,16.0,True,0.016161289186230648,30
19,gp_ucb,23,ATTIA_CONT_S19_ST23,6.098,5.972,3.709,4.305100805507561,1844176663.0,784.0,1404.0,830.0,1095.0,0.0,16.0,True,0.1061908252562336,30
19,gp_ucb,24,ATTIA_CONT_S19_ST24,6.004,4.413,4.368,4.734024579657033,1809371570.0,1070.0,1404.0,1019.0,1095.0,0.0,16.0,True,0.018792961983610062,30
19,gp_ucb,25,ATTIA_CONT_S19_ST25,5.999,4.419,4.37,4.727900120714595,1710040361.0,1006.0,1404.0,891.0,1095.0,0.0,16.0,True,0.01719480425682565,30
20,random,0,,,,,,,,955.0,,971.0,108.0,0.0,False,0.0,30
20,random,1,ATTIA_CONT_S20_ST01,7.960307429068429,6.710199692441805,4.932396819770611,2.809446537228679,1151259166.0,783.0,955.0,578.0,971.0,108.0,0.0,True,0.1083829688476227,30
20,random,2,ATTIA_CONT_S20_ST02,5.25599906293491,6.168636031290699,4.577752300622829,3.8092867100485677,1690863273.0,1137.0,1137.0,886.0,971.0,108.0,0.0,True,0.12444255510457193,30
20,random,3,ATTIA_CONT_S20_ST03,7.624372012828875,5.117699390175496,4.807670933213606,3.3470140885079216,230964569.0,566.0,1137.0,695.0,971.0,108.0,0.0,True,0.0990303260946825,30
20,random,4,ATTIA_CONT_S20_ST04,4.674762012804679,5.234193571194755,5.010390225398593,4.370972297092667,1156679249.0,1163.0,1163.0,938.0,971.0,108.0,0.0,True,0.11612816275789442,30
20,random,5,ATTIA_CONT_S20_ST05,6.4360783988666785,5.747849963086711,5.460086615996856,3.116878184702948,1900825796.0,770.0,1163.0,671.0,971.0,108.0,0.0,True,0.13878757905269828,30
20,random,6,ATTIA_CONT_S20_ST06,5.862809741527627,6.144763600177594,3.7937377894785054,4.229506921806794,615065960.0,920.0,1163.0,833.0,971.0,108.0,0.0,True,0.1272554219612315,30
20,random,7,ATTIA_CONT_S20_ST07,5.533878422794649,5.290895133990517,4.287666489362139,4.340330280562303,1606903875.0,956.0,1163.0,940.0,971.0,108.0,0.0,True,0.07540229968391211,30
20,random,8,ATTIA_CONT_S20_ST08,7.081433519899697,4.103447832432334,4.755014499839537,4.199612952246571,1414080678.0,878.0,1163.0,802.0,971.0,108.0,0.0,True,0.06456504895974613,30
20,random,9,ATTIA_CONT_S20_ST09,7.444658868716031,6.97514024687196,4.0707974270099205,3.225905980301394,1864824581.0,381.0,1163.0,628.0,971.0,108.0,0.0,True,0.1232249793343629,30
20,random,10,ATTIA_CONT_S20_ST10,5.5015809046887245,4.307683988650358,5.056439786134189,4.511485425718027,1124422095.0,962.0,1163.0,955.0,971.0,108.0,0.0,True,0.10291569779091404,30
20,random,11,ATTIA_CONT_S20_ST11,5.07795674914161,5.047517772834183,4.721216094507634,4.415464972308622,567533623.0,975.0,1163.0,880.0,971.0,108.0,0.0,True,0.08891214744714455,30
20,random,12,ATTIA_CONT_S20_ST12,5.741502541832975,4.846091353758085,5.583968243143313,3.6532760838233975,1094056955.0,989.0,1163.0,781.0,971.0,108.0,0.0,True,0.050771533072134306,30
20,random,13,ATTIA_CONT_S20_ST13,5.055069907912569,6.4281206657325445,3.69848332339564,4.771799068209406,2112294305.0,958.0,1163.0,874.0,971.0,108.0,0.0,True,0.18350975360655158,30
20,random,14,ATTIA_CONT_S20_ST14,7.11164499365484,6.696440267832379,5.44378666849736,2.7801706164398934,820153124.0,403.0,1163.0,577.0,971.0,108.0,0.0,True,0.12537708843810783,30
20,random,15,ATTIA_CONT_S20_ST15,7.801628800103451,5.942982598675255,4.469314740009844,3.193446075421823,679326890.0,838.0,1163.0,626.0,971.0,108.0,0.0,True,0.05955277696895343,30
20,random,16,ATTIA_CONT_S20_ST16,4.471497509200442,4.964414467748458,5.264521291998051,4.580638217697437,604392901.0,1043.0,1163.0,956.0,971.0,108.0,0.0,True,0.08341144916955477,30
20,random,17,ATTIA_CONT_S20_ST17,7.729865303580754,4.281544271484787,4.0067830764700565,4.528419269914967,767557560.0,999.0,1163.0,886.0,971.0,108.0,0.0,True,0.11481159656320247,30
20,random,18,ATTIA_CONT_S20_ST18,6.336834700645012,5.263699961805942,3.9641810989970567,4.286574711242249,2114844447.0,841.0,1163.0,904.0,971.0,108.0,0.0,True,0.11158923962264401,30
20,random,19,ATTIA_CONT_S20_ST19,6.46045011794808,5.877003192644617,5.339322757687989,3.114285514595464,2094043766.0,657.0,1163.0,666.0,971.0,108.0,0.0,True,0.144452834973935,30
20,random,20,ATTIA_CONT_S20_ST20,4.365232931970765,6.90110562045699,5.1291615338463465,3.7823982276907024,1754777440.0,882.0,1163.0,687.0,971.0,108.0,0.0,True,0.06217433011120611,30
20,random,21,ATTIA_CONT_S20_ST21,5.349465114026254,6.225273035125295,5.05660110620394,3.4721989172153247,728597214.0,909.0,1163.0,756.0,971.0,108.0,0.0,True,0.10846634070382824,30
20,random,22,ATTIA_CONT_S20_ST22,7.024285368492299,4.731818576742963,5.126556113833173,3.5140474910513335,215873683.0,706.0,1163.0,689.0,971.0,108.0,0.0,True,0.05115857079190375,30
20,random,23,ATTIA_CONT_S20_ST23,7.753390117135481,5.65345625958296,4.829189882103757,3.1210939683951437,838513891.0,691.0,1163.0,648.0,971.0,108.0,0.0,True,0.06018570397018169,30
20,random,24,ATTIA_CONT_S20_ST24,6.3280099085925485,4.388293242833331,5.163661590628707,3.9406426684933216,1491408802.0,690.0,1163.0,868.0,971.0,108.0,0.0,True,0.09058120215639383,30
20,random,25,ATTIA_CONT_S20_ST25,3.7469857592008093,6.0820382439891585,5.57832711652895,4.488967620287616,1726677013.0,676.0,1163.0,831.0,971.0,108.0,0.0,True,0.12743929146807825,30
20,greedy,0,,,,,,,,955.0,,971.0,108.0,0.0,False,0.0,30
20,greedy,1,ATTIA_CONT_S20_ST01,5.847,6.316,3.937,4.000369761268858,1151259166.0,582.0,955.0,793.0,971.0,108.0,0.0,True,0.10411283644705628,30
20,greedy,2,ATTIA_CONT_S20_ST02,4.844,6.909,5.092,3.499352651381829,1690863273.0,782.0,955.0,668.0,971.0,108.0,0.0,True,0.06502920265217116,30
20,greedy,3,ATTIA_CONT_S20_ST03,7.001,6.204,4.127,3.4842780181387454,230964569.0,559.0,955.0,689.0,971.0,108.0,0.0,True,0.11561128503809694,30
20,greedy,4,ATTIA_CONT_S20_ST04,7.439,4.087,5.249,3.791958929785778,1156679249.0,855.0,955.0,829.0,971.0,108.0,0.0,True,0.13316406630534386,30
20,greedy,5,ATTIA_CONT_S20_ST05,5.296,6.243,4.457,3.8466566551290957,1900825796.0,547.0,955.0,830.0,971.0,108.0,0.0,True,0.10356881406333625,30
20,greedy,6,ATTIA_CONT_S20_ST06,4.474,6.826,5.317,3.63312639137312,615065960.0,770.0,955.0,709.0,971.0,108.0,0.0,True,0.0837066715167536,30
20,greedy,7,ATTIA_CONT_S20_ST07,5.216,5.866,5.53,3.444596106590605,1606903875.0,805.0,955.0,736.0,971.0,108.0,0.0,True,0.06013205506406133,30
20,greedy,8,ATTIA_CONT_S20_ST08,5.441,5.493,4.946,3.7691739133935047,1414080678.0,877.0,955.0,827.0,971.0,108.0,0.0,True,0.08883663263275983,30
20,greedy,9,ATTIA_CONT_S20_ST09,4.397,6.004,4.363,4.758509895994539,1864824581.0,917.0,955.0,965.0,971.0,108.0,0.0,True,0.027347730904256174,30
20,greedy,10,ATTIA_CONT_S20_ST10,7.569,4.121,4.675,4.087435272217225,1124422095.0,829.0,955.0,864.0,971.0,108.0,0.0,True,0.12777353032959454,30
20,greedy,11,ATTIA_CONT_S20_ST11,6.743,6.687,4.764,3.071443066724184,567533623.0,511.0,955.0,628.0,971.0,108.0,0.0,True,0.1239631509947564,30
20,greedy,12,ATTIA_CONT_S20_ST12,5.05,4.651,4.942,4.588023515473197,1094056955.0,967.0,967.0,974.0,974.0,105.0,0.0,True,0.10780885376796734,30
20,greedy,13,ATTIA_CONT_S20_ST13,5.219,4.636,4.875,4.527051092216909,2112294305.0,1218.0,1218.0,1072.0,1072.0,7.0,0.0,True,0.06893279302395905,30
20,greedy,14,ATTIA_CONT_S20_ST14,5.212,4.616,4.847,4.576293748024412,820153124.0,1320.0,1320.0,1082.0,1082.0,0.0,3.0,True,0.07993127150381306,30
20,greedy,15,ATTIA_CONT_S20_ST15,5.26,4.596,4.8,4.601817887633608,679326890.0,1027.0,1320.0,1087.0,1087.0,0.0,8.0,True,0.08978064894010754,30
20,greedy,16,ATTIA_CONT_S20_ST16,5.243,4.591,4.807,4.613494993445995,604392901.0,1201.0,1320.0,1089.0,1089.0,0.0,10.0,True,0.09422391635649298,30
20,greedy,17,ATTIA_CONT_S20_ST17,5.27,4.563,4.785,4.64167366697379,767557560.0,1412.0,1412.0,1093.0,1093.0,0.0,14.0,True,0.09613103723684993,30
20,greedy,18,ATTIA_CONT_S20_ST18,5.325,4.486,4.738,4.7266875752404065,2114844447.0,1092.0,1412.0,1017.0,1093.0,0.0,14.0,True,0.10472913005182219,30
20,greedy,19,ATTIA_CONT_S20_ST19,5.294,4.501,4.753,4.719787165369492,2094043766.0,921.0,1412.0,1103.0,1103.0,0.0,24.0,True,0.10621522038553799,30
20,greedy,20,ATTIA_CONT_S20_ST20,5.248,4.529,4.797,4.683366132363473,1754777440.0,1098.0,1412.0,1099.0,1103.0,0.0,24.0,True,0.10389786936296411,30
20,greedy,21,ATTIA_CONT_S20_ST21,5.234,4.543,4.79,4.686304889007999,728597214.0,719.0,1412.0,1101.0,1103.0,0.0,24.0,True,0.10868348199379062,30
20,greedy,22,ATTIA_CONT_S20_ST22,5.236,4.488,4.823,4.712721477372188,215873683.0,1325.0,1412.0,1016.0,1103.0,0.0,24.0,True,0.11052123559650459,30
20,greedy,23,ATTIA_CONT_S20_ST23,5.182,4.441,4.827,4.807342740714279,838513891.0,1194.0,1412.0,1027.0,1103.0,0.0,24.0,True,0.14670231076610676,30
20,greedy,24,ATTIA_CONT_S20_ST24,5.16,4.516,4.758,4.809365313369636,1491408802.0,1000.0,1412.0,1121.0,1121.0,0.0,42.0,True,0.15484253012307297,30
20,greedy,25,ATTIA_CONT_S20_ST25,5.127116643617922,4.560599982426283,4.755500285444413,4.790655036039263,1726677013.0,881.0,1412.0,1004.0,1121.0,0.0,42.0,True,0.15760793418696512,30
20,gp_ucb,0,,,,,,,,955.0,,971.0,108.0,0.0,False,0.0,30
20,gp_ucb,1,ATTIA_CONT_S20_ST01,6.765,6.005,3.708,4.01125370053101,1151259166.0,822.0,955.0,805.0,971.0,108.0,0.0,True,0.07974627919784195,30
20,gp_ucb,2,ATTIA_CONT_S20_ST02,5.087,6.611,4.362,3.902619739277017,1690863273.0,997.0,997.0,746.0,971.0,108.0,0.0,True,0.13341221658238536,30
20,gp_ucb,3,ATTIA_CONT_S20_ST03,5.101,6.858,4.563,3.672094188784248,230964569.0,557.0,997.0,719.0,971.0,108.0,0.0,True,0.09468707906347873,30
20,gp_ucb,4,ATTIA_CONT_S20_ST04,5.062,6.591,4.287,3.9872796457453132,1156679249.0,882.0,997.0,759.0,971.0,108.0,0.0,True,0.14840739832850575,30
20,gp_ucb,5,ATTIA_CONT_S20_ST05,5.248,6.447,4.287,3.9306585571089507,1900825796.0,708.0,997.0,822.0,971.0,108.0,0.0,True,0.15282205842320148,30
20,gp_ucb,6,ATTIA_CONT_S20_ST06,4.474,6.826,5.317,3.63312639137312,615065960.0,770.0,997.0,709.0,971.0,108.0,0.0,True,0.0837066715167536,30
20,gp_ucb,7,ATTIA_CONT_S20_ST07,5.216,5.866,5.53,3.444596106590605,1606903875.0,805.0,997.0,736.0,971.0,108.0,0.0,True,0.06013205506406133,30
20,gp_ucb,8,ATTIA_CONT_S20_ST08,5.441,5.493,4.946,3.7691739133935047,1414080678.0,877.0,997.0,827.0,971.0,108.0,0.0,True,0.08883663263275983,30
20,gp_ucb,9,ATTIA_CONT_S20_ST09,4.397,6.004,4.363,4.758509895994539,1864824581.0,917.0,997.0,965.0,971.0,108.0,0.0,True,0.027347730904256174,30
20,gp_ucb,10,ATTIA_CONT_S20_ST10,5.106,6.611,4.359,3.8939013174825168,1124422095.0,893.0,997.0,744.0,971.0,108.0,0.0,True,0.1361305306876238,30
20,gp_ucb,11,ATTIA_CONT_S20_ST11,4.392,5.972,4.385,4.758542781017039,567533623.0,653.0,997.0,848.0,971.0,108.0,0.0,True,0.023060185937620936,30
20,gp_ucb,12,ATTIA_CONT_S20_ST12,5.204,6.004,4.393,4.0488624318356425,1094056955.0,936.0,997.0,948.0,971.0,108.0,0.0,True,0.003894549960286768,30
20,gp_ucb,13,ATTIA_CONT_S20_ST13,5.217,5.974,4.415,4.036169044001503,2112294305.0,800.0,997.0,833.0,971.0,108.0,0.0,True,0.012392156994570266,30
20,gp_ucb,14,ATTIA_CONT_S20_ST14,5.434,5.52,4.931,3.768624652443171,820153124.0,898.0,997.0,826.0,971.0,108.0,0.0,True,0.08078307335184684,30
20,gp_ucb,15,ATTIA_CONT_S20_ST15,5.184,6.925,4.034,4.030066612237611,679326890.0,1177.0,1177.0,796.0,971.0,108.0,0.0,True,0.028085863711085554,30
20,gp_ucb,16,ATTIA_CONT_S20_ST16,5.188,6.938,4.027,4.030255008742175,604392901.0,621.0,1177.0,794.0,971.0,108.0,0.0,True,0.022852291407329618,30
20,gp_ucb,17,ATTIA_CONT_S20_ST17,4.756,6.102,5.195,3.7495434884645076,767557560.0,787.0,1177.0,865.0,971.0,108.0,0.0,True,0.03200745177119921,30
20,gp_ucb,18,ATTIA_CONT_S20_ST18,5.87,5.828,4.984,3.439403648441719,2114844447.0,702.0,1177.0,693.0,971.0,108.0,0.0,True,0.10917034564133382,30
20,gp_ucb,19,ATTIA_CONT_S20_ST19,7.44,3.62,5.146,4.379128336128134,2094043766.0,793.0,1177.0,890.0,971.0,108.0,0.0,True,0.12587124100593733,30
20,gp_ucb,20,ATTIA_CONT_S20_ST20,7.414,5.151,4.024,3.9091915229589738,1754777440.0,911.0,1177.0,851.0,971.0,108.0,0.0,True,0.11036089342028513,30
20,gp_ucb,21,ATTIA_CONT_S20_ST21,4.975,4.895,4.91,4.456879564365617,728597214.0,850.0,1177.0,889.0,971.0,108.0,0.0,True,0.08012889606694078,30
20,gp_ucb,22,ATTIA_CONT_S20_ST22,6.082,4.861,5.019,3.788569490199296,215873683.0,681.0,1177.0,843.0,971.0,108.0,0.0,True,0.09506662507989737,30
20,gp_ucb,23,ATTIA_CONT_S20_ST23,6.534,6.998,5.047,2.947659175369729,838513891.0,736.0,1177.0,594.0,971.0,108.0,0.0,True,0.14391170268698997,30
20,gp_ucb,24,ATTIA_CONT_S20_ST24,6.785,3.68,4.975,4.690316184080071,1491408802.0,891.0,1177.0,862.0,971.0,108.0,0.0,True,0.1427885301149793,30
20,gp_ucb,25,ATTIA_CONT_S20_ST25,5.523,6.8,4.718,3.409951832587123,1726677013.0,830.0,1177.0,695.0,971.0,108.0,0.0,True,0.09048656573456716,30
21,random,0,,,,,,,,949.0,,816.0,263.0,0.0,False,0.0,30
21,random,1,ATTIA_CONT_S21_ST01,5.087614893812479,5.431595250503819,4.118482144787053,4.765042852075489,2139586186.0,1005.0,1005.0,970.0,970.0,109.0,0.0,True,0.08545101564294132,30
21,random,2,ATTIA_CONT_S21_ST02,7.6923627178201635,6.2100452545871745,5.56240208169195,2.7584198360955807,730239855.0,658.0,1005.0,601.0,970.0,109.0,0.0,True,0.0951964892917267,30
21,random,3,ATTIA_CONT_S21_ST03,6.392790628878074,3.6700673888001907,5.470533989997641,4.511921687961099,1492774948.0,909.0,1005.0,936.0,970.0,109.0,0.0,True,0.15693176360611888,30
21,random,4,ATTIA_CONT_S21_ST04,6.924104334069847,4.599385477055199,4.5093350947126325,4.004360145378409,38293369.0,855.0,1005.0,847.0,970.0,109.0,0.0,True,0.08991001007906634,30
21,random,5,ATTIA_CONT_S21_ST05,7.277772772983416,5.334779892238039,5.030584810500065,3.2289786110409295,1891203624.0,347.0,1005.0,711.0,970.0,109.0,0.0,True,0.11427458692858342,30
21,random,6,ATTIA_CONT_S21_ST06,3.752407882518109,6.425577862252202,5.0663402264260435,4.676642451361829,2013722877.0,741.0,1005.0,830.0,970.0,109.0,0.0,True,0.1820251343799815,30
21,random,7,ATTIA_CONT_S21_ST07,7.650317715370109,5.218608302504609,3.633222926886484,4.241599523498715,2104106720.0,722.0,1005.0,831.0,970.0,109.0,0.0,True,0.0838291057754468,30
21,random,8,ATTIA_CONT_S21_ST08,6.9304157143607625,4.403839810852135,4.060567855600665,4.636147966439682,421402826.0,930.0,1005.0,867.0,970.0,109.0,0.0,True,0.04194744219145844,30
21,random,9,ATTIA_CONT_S21_ST09,5.9607351669526505,4.272225564727405,5.311242643161617,4.111522612073764,828277422.0,749.0,1005.0,859.0,970.0,109.0,0.0,True,0.07371719151916979,30
21,random,10,ATTIA_CONT_S21_ST10,5.6581320007310865,6.189198307218755,4.362993762702613,3.761882964920537,1053302776.0,613.0,1005.0,799.0,970.0,109.0,0.0,True,0.06836308919398443,30
21,random,11,ATTIA_CONT_S21_ST11,7.2524687897140625,6.106890312081283,4.3753334987423775,3.2987428942642105,128319146.0,595.0,1005.0,732.0,970.0,109.0,0.0,True,0.07434173623213429,30
21,random,12,ATTIA_CONT_S21_ST12,6.21001021492447,6.22367551251554,3.973969274827126,3.8463214877516214,1976063431.0,920.0,1005.0,807.0,970.0,109.0,0.0,True,0.10765282165050337,30
21,random,13,ATTIA_CONT_S21_ST13,6.565755810796267,4.474390747401383,5.215443327533843,3.7622898893914374,1576415053.0,852.0,1005.0,806.0,970.0,109.0,0.0,True,0.10636871430457885,30
21,random,14,ATTIA_CONT_S21_ST14,3.987886890171125,6.249091905531611,5.150076788246991,4.37868915027199,914964600.0,963.0,1005.0,863.0,970.0,109.0,0.0,True,0.08513512673528145,30
21,random,15,ATTIA_CONT_S21_ST15,7.125218047754881,6.608845731516774,4.914104057936092,2.957018229416754,789195273.0,411.0,1005.0,592.0,970.0,109.0,0.0,True,0.13160821831193886,30
21,random,16,ATTIA_CONT_S21_ST16,7.824216715869909,6.4928008885708035,3.825372143747898,3.447137099566292,1441274502.0,559.0,1005.0,652.0,970.0,109.0,0.0,True,0.17405416670198,30
21,random,17,ATTIA_CONT_S21_ST17,6.3109103864362766,5.165029394820115,5.157928950711632,3.479573012267013,866641235.0,1150.0,1150.0,829.0,970.0,109.0,0.0,True,0.08008637134172437,30
21,random,18,ATTIA_CONT_S21_ST18,5.805662707839733,5.901484387757339,4.923923481521906,3.465619040686145,1658340678.0,875.0,1150.0,697.0,970.0,109.0,0.0,True,0.08308374802786679,30
21,random,19,ATTIA_CONT_S21_ST19,7.861619926268542,4.2087836238135825,4.937286832702893,3.7594782566966165,70885077.0,624.0,1150.0,739.0,970.0,109.0,0.0,True,0.10299082656172612,30
21,random,20,ATTIA_CONT_S21_ST20,7.821671202804186,6.68337206573665,5.44459071867184,2.6868010862673293,1918905829.0,784.0,1150.0,573.0,970.0,109.0,0.0,True,0.13588733576131748,30
21,random,21,ATTIA_CONT_S21_ST21,7.574107117051232,4.92202749502628,5.11553191784443,3.304112113747043,5981651.0,714.0,1150.0,689.0,970.0,109.0,0.0,True,0.11418275815134013,30
21,random,22,ATTIA_CONT_S21_ST22,5.386773653601949,4.400523096052487,5.176331235992849,4.40023235394782,91820430.0,983.0,1150.0,965.0,970.0,109.0,0.0,True,0.0683638662344627,30
21,random,23,ATTIA_CONT_S21_ST23,6.151231558460727,5.604861031517185,5.44021087350676,3.2411622139391754,517943035.0,649.0,1150.0,722.0,970.0,109.0,0.0,True,0.08710675465007175,30
21,random,24,ATTIA_CONT_S21_ST24,5.196690128330005,6.881035493176643,4.115419632077054,3.959022446865443,1575349158.0,677.0,1150.0,767.0,970.0,109.0,0.0,True,0.07471331029611418,30
21,random,25,ATTIA_CONT_S21_ST25,5.178966856626187,6.897790952119174,4.373786476106052,3.7504336553496107,1695813050.0,642.0,1150.0,741.0,970.0,109.0,0.0,True,0.04264159896852055,30
21,greedy,0,,,,,,,,949.0,,816.0,263.0,0.0,False,0.0,30
21,greedy,1,ATTIA_CONT_S21_ST01,6.743,6.687,4.764,3.071443066724184,2139586186.0,653.0,949.0,628.0,816.0,263.0,0.0,True,0.1239631509947564,30
21,greedy,2,ATTIA_CONT_S21_ST02,5.05,4.651,4.942,4.588023515473197,730239855.0,1091.0,1091.0,974.0,974.0,105.0,0.0,True,0.10780885376796734,30
21,greedy,3,ATTIA_CONT_S21_ST03,5.047,4.644,4.939,4.599941277096321,1492774948.0,831.0,1091.0,976.0,976.0,103.0,0.0,True,0.11094652183650618,30
21,greedy,4,ATTIA_CONT_S21_ST04,5.034,4.64,4.945,4.609517679682764,38293369.0,981.0,1091.0,977.0,977.0,102.0,0.0,True,0.11677063269105889,30
21,greedy,5,ATTIA_CONT_S21_ST05,5.034,4.623,4.94,4.630803572048961,1891203624.0,957.0,1091.0,981.0,981.0,98.0,0.0,True,0.12324966242872532,30
21,greedy,6,ATTIA_CONT_S21_ST06,5.003,4.611,4.939,4.670487094105832,2013722877.0,765.0,1091.0,987.0,987.0,92.0,0.0,True,0.1386162791220046,30
21,greedy,7,ATTIA_CONT_S21_ST07,5.036,4.638,4.942,4.612426244801834,2104106720.0,875.0,1091.0,978.0,987.0,92.0,0.0,True,0.11672321095597853,30
21,greedy,8,ATTIA_CONT_S21_ST08,5.048,4.65,4.944,4.588925415287439,421402826.0,831.0,1091.0,974.0,987.0,92.0,0.0,True,0.10895480546492123,30
21,greedy,9,ATTIA_CONT_S21_ST09,4.958,4.65,4.946,4.664140911289369,828277422.0,1226.0,1226.0,987.0,987.0,92.0,0.0,True,0.13800673871950217,30
21,greedy,10,ATTIA_CONT_S21_ST10,4.823,4.675,4.956,4.754792169461269,1053302776.0,1138.0,1226.0,998.0,998.0,81.0,0.0,True,0.18125134492761652,30
21,greedy,11,ATTIA_CONT_S21_ST11,4.933,4.56,4.916,4.80997530160348,128319146.0,1144.0,1226.0,1005.0,1005.0,74.0,0.0,True,0.1934517258389974,30
21,greedy,12,ATTIA_CONT_S21_ST12,4.703219651900441,4.806865009324236,4.910953364404994,4.783526776464052,1976063431.0,1081.0,1226.0,1000.0,1005.0,74.0,0.0,True,0.19380586989548718,30
21,greedy,13,ATTIA_CONT_S21_ST13,4.710992420359511,4.761508683088135,4.9541385177673,4.780230692926349,1576415053.0,830.0,1226.0,998.0,1005.0,74.0,0.0,True,0.19220912523152225,30
21,greedy,14,ATTIA_CONT_S21_ST14,4.721933060279084,4.718625997453686,5.001232278879063,4.769198468265117,914964600.0,1179.0,1226.0,994.0,1005.0,74.0,0.0,True,0.1750169366071298,30
21,greedy,15,ATTIA_CONT_S21_ST15,4.659246421916363,4.6332514646131004,5.149191207752978,4.792257035582684,789195273.0,802.0,1226.0,1097.0,1097.0,0.0,18.0,True,0.1642653582141812,30
21,greedy,16,ATTIA_CONT_S21_ST16,5.035678299646541,4.549002034621536,4.8319827270062685,4.808442786908864,1441274502.0,1078.0,1226.0,1006.0,1097.0,0.0,18.0,True,0.1757962603710557,30
21,greedy,17,ATTIA_CONT_S21_ST17,5.111714861084431,4.6802654582926495,4.658488165173896,4.776022302557171,866641235.0,1094.0,1226.0,1006.0,1097.0,0.0,18.0,True,0.16550911558582207,30
21,greedy,18,ATTIA_CONT_S21_ST18,4.985503942614763,4.720876583886934,4.716458736984268,4.786904790238497,1658340678.0,1078.0,1226.0,1011.0,1097.0,0.0,18.0,True,0.16384844590408715,30
21,greedy,19,ATTIA_CONT_S21_ST19,5.433836092921828,4.499030706651878,4.572797457368858,4.79969280362198,70885077.0,778.0,1226.0,1020.0,1097.0,0.0,18.0,True,0.1623783400605685,30
21,greedy,20,ATTIA_CONT_S21_ST20,4.963092853902895,4.684654719914418,4.760702205215245,4.800074050864541,1918905829.0,848.0,1226.0,1012.0,1097.0,0.0,18.0,True,0.16859982221611977,30
21,greedy,21,ATTIA_CONT_S21_ST21,4.800834860590271,4.708529488497138,4.900227540323417,4.794242146979073,5981651.0,1410.0,1410.0,1006.0,1097.0,0.0,18.0,True,0.18613539051076294,30
21,greedy,22,ATTIA_CONT_S21_ST22,4.921039341719158,4.618395376715707,4.86238290579189,4.80911819761076,91820430.0,842.0,1410.0,1009.0,1097.0,0.0,18.0,True,0.18198037776322817,30
21,greedy,23,ATTIA_CONT_S21_ST23,4.749657224062786,4.666962308303514,5.006841484207283,4.789433287969771,517943035.0,1055.0,1410.0,997.0,1097.0,0.0,18.0,True,0.18306925200779883,30
21,greedy,24,ATTIA_CONT_S21_ST24,4.732,4.775,4.886,4.809641105326127,1575349158.0,1135.0,1410.0,1006.0,1097.0,0.0,18.0,True,0.19637416523845175,30
21,greedy,25,ATTIA_CONT_S21_ST25,4.51,4.967,4.942,4.809360656707957,1695813050.0,827.0,1410.0,983.0,1097.0,0.0,18.0,True,0.19846287628951523,30
21,gp_ucb,0,,,,,,,,949.0,,816.0,263.0,0.0,False,0.0,30
21,gp_ucb,1,ATTIA_CONT_S21_ST01,6.743,6.687,4.764,3.071443066724184,2139586186.0,653.0,949.0,628.0,816.0,263.0,0.0,True,0.1239631509947564,30
21,gp_ucb,2,ATTIA_CONT_S21_ST02,5.05,4.651,4.942,4.588023515473197,730239855.0,1091.0,1091.0,974.0,974.0,105.0,0.0,True,0.10780885376796734,30
21,gp_ucb,3,ATTIA_CONT_S21_ST03,4.859,4.594,4.982,4.781672649662725,1492774948.0,1054.0,1091.0,998.0,998.0,81.0,0.0,True,0.1884918140557741,30
21,gp_ucb,4,ATTIA_CONT_S21_ST04,5.266,4.611,4.741,4.637418404737932,38293369.0,1080.0,1091.0,1095.0,1095.0,0.0,16.0,True,0.10401871864384446,30
21,gp_ucb,5,ATTIA_CONT_S21_ST05,5.464,4.378,4.93,4.564903731869129,1891203624.0,924.0,1091.0,977.0,1095.0,0.0,16.0,True,0.07227018130691226,30
21,gp_ucb,6,ATTIA_CONT_S21_ST06,4.721,4.956,4.755,4.774791334778436,2013722877.0,981.0,1091.0,1000.0,1095.0,0.0,16.0,True,0.16298194449074915,30
21,gp_ucb,7,ATTIA_CONT_S21_ST07,4.823235622498785,4.677239716323525,4.900276043011944,4.804639021176113,2104106720.0,799.0,1091.0,1007.0,1095.0,0.0,16.0,True,0.18916189806698688,30
21,gp_ucb,8,ATTIA_CONT_S21_ST08,5.226401449133915,4.492589676578255,4.730748672125835,4.807107745856242,421402826.0,832.0,1091.0,1030.0,1095.0,0.0,16.0,True,0.14592990634404204,30
21,gp_ucb,9,ATTIA_CONT_S21_ST09,4.927,4.633,4.943,4.712070985960174,828277422.0,1232.0,1232.0,993.0,1095.0,0.0,16.0,True,0.15695662581930608,30
21,gp_ucb,10,ATTIA_CONT_S21_ST10,4.766,4.657,5.021,4.7705428132976,1053302776.0,814.0,1232.0,994.0,1095.0,0.0,16.0,True,0.17284828662112012,30
21,gp_ucb,11,ATTIA_CONT_S21_ST11,4.956,4.579,4.923,4.760969808009807,128319146.0,1138.0,1232.0,999.0,1095.0,0.0,16.0,True,0.1729600920063482,30
21,gp_ucb,12,ATTIA_CONT_S21_ST12,5.03873455730559,4.466639952240737,4.973159645697434,4.763958698730831,1976063431.0,984.0,1232.0,922.0,1095.0,0.0,16.0,True,0.1646916669704683,30
21,gp_ucb,13,ATTIA_CONT_S21_ST13,4.904272263123213,4.655399499625842,4.893459893779084,4.755773019064406,1576415053.0,1168.0,1232.0,1002.0,1095.0,0.0,16.0,True,0.16341372957683165,30
21,gp_ucb,14,ATTIA_CONT_S21_ST14,4.721933060279084,4.718625997453686,5.001232278879063,4.769198468265117,914964600.0,1179.0,1232.0,994.0,1095.0,0.0,16.0,True,0.1750169366071298,30
21,gp_ucb,15,ATTIA_CONT_S21_ST15,4.659246421916363,4.6332514646131004,5.149191207752978,4.792257035582684,789195273.0,802.0,1232.0,1097.0,1097.0,0.0,18.0,True,0.1642653582141812,30
21,gp_ucb,16,ATTIA_CONT_S21_ST16,5.035678299646541,4.549002034621536,4.8319827270062685,4.808442786908864,1441274502.0,1078.0,1232.0,1006.0,1097.0,0.0,18.0,True,0.1757962603710557,30
21,gp_ucb,17,ATTIA_CONT_S21_ST17,5.005392853632777,4.558259209968792,4.899612403785722,4.760339679028108,866641235.0,1233.0,1233.0,999.0,1097.0,0.0,18.0,True,0.168067942755867,30
21,gp_ucb,18,ATTIA_CONT_S21_ST18,4.979500250761788,4.666330897099208,4.788889672225734,4.775727923522284,1658340678.0,881.0,1233.0,1008.0,1097.0,0.0,18.0,True,0.15746012775416537,30
21,gp_ucb,19,ATTIA_CONT_S21_ST19,5.2140323441569265,4.404106866490935,4.909135632827527,4.74427074615984,70885077.0,1140.0,1233.0,1014.0,1097.0,0.0,18.0,True,0.13180029293351272,30
21,gp_ucb,20,ATTIA_CONT_S21_ST20,5.765878319716741,4.047904419559302,4.883521093692155,4.805670021494885,1918905829.0,1128.0,1233.0,961.0,1097.0,0.0,18.0,True,0.06913941707817915,30
21,gp_ucb,21,ATTIA_CONT_S21_ST21,5.96346395850305,4.11286402654327,4.696769276652466,4.771136326077254,5981651.0,1004.0,1233.0,948.0,1097.0,0.0,18.0,True,0.06328373590459903,30
21,gp_ucb,22,ATTIA_CONT_S21_ST22,5.733872557893518,4.143550220481501,4.793045628983685,4.785683102878398,91820430.0,990.0,1233.0,976.0,1097.0,0.0,18.0,True,0.07412629462991485,30
21,gp_ucb,23,ATTIA_CONT_S21_ST23,5.259786507052165,4.311129852488643,4.932679885021504,4.795605575970786,517943035.0,793.0,1233.0,1013.0,1097.0,0.0,18.0,True,0.14862931097006252,30
21,gp_ucb,24,ATTIA_CONT_S21_ST24,5.684913175436344,4.317501908423144,4.639350324897309,4.755873537614458,1575349158.0,1013.0,1233.0,992.0,1097.0,0.0,18.0,True,0.12245612963637757,30
21,gp_ucb,25,ATTIA_CONT_S21_ST25,5.165799066158502,4.417747906006104,4.871265822857767,4.8052132467771616,1695813050.0,1108.0,1233.0,1024.0,1097.0,0.0,18.0,True,0.1516338155132313,30
22,random,0,,,,,,,,969.0,,974.0,105.0,0.0,False,0.0,30
22,random,1,ATTIA_CONT_S22_ST01,6.327167062599784,3.810141875145271,5.245029679551685,4.501045427613378,1677240418.0,632.0,969.0,987.0,987.0,92.0,0.0,True,0.09772075778255562,30
22,random,2,ATTIA_CONT_S22_ST02,5.829838299968795,5.79786399554481,5.539439342780784,3.2383315637015384,931047991.0,506.0,969.0,666.0,987.0,92.0,0.0,True,0.07622437908302485,30
22,random,3,ATTIA_CONT_S22_ST03,6.13723369298112,6.247905130050442,4.60799408502269,3.4091801015582455,291574884.0,713.0,969.0,780.0,987.0,92.0,0.0,True,0.12484295749586348,30
22,random,4,ATTIA_CONT_S22_ST04,7.51773379123664,6.0992851171183275,4.696044664129504,3.0919956580879275,488108109.0,568.0,969.0,682.0,987.0,92.0,0.0,True,0.13150233466977268,30
22,random,5,ATTIA_CONT_S22_ST05,6.689425753186338,5.962030721541293,5.306787784256427,3.05177946948628,789991448.0,832.0,969.0,640.0,987.0,92.0,0.0,True,0.0905782299244893,30
22,random,6,ATTIA_CONT_S22_ST06,7.104689232118296,5.607722298211915,4.785877443003551,3.275385194936795,13223094.0,643.0,969.0,660.0,987.0,92.0,0.0,True,0.02630122222426123,30
22,random,7,ATTIA_CONT_S22_ST07,5.602650649527633,4.565754748922348,5.5866480191744685,3.8936816437857518,1607602171.0,1034.0,1034.0,840.0,987.0,92.0,0.0,True,0.07430509504582954,30
22,random,8,ATTIA_CONT_S22_ST08,6.409815982018491,4.791784061202158,5.152600439730523,3.6422532948644055,640500786.0,667.0,1034.0,843.0,987.0,92.0,0.0,True,0.10963867396819338,30
22,random,9,ATTIA_CONT_S22_ST09,7.789999380595402,4.5385687234850645,3.979020895771817,4.286111085931797,1905781665.0,1058.0,1058.0,815.0,987.0,92.0,0.0,True,0.06638216538204468,30
22,random,10,ATTIA_CONT_S22_ST10,7.485376505999719,6.679177262822622,4.787783399820981,2.9312141411903863,1967829775.0,638.0,1058.0,615.0,987.0,92.0,0.0,True,0.14546740275409079,30
22,random,11,ATTIA_CONT_S22_ST11,5.045944398015106,5.478345340216791,4.673267660981168,4.190509400820293,1872663154.0,941.0,1058.0,900.0,987.0,92.0,0.0,True,0.09186026349916836,30
22,random,12,ATTIA_CONT_S22_ST12,6.665866204555078,5.0920625431538475,4.107502699377747,4.1072094434853295,851142720.0,491.0,1058.0,821.0,987.0,92.0,0.0,True,0.1043019232964881,30
22,random,13,ATTIA_CONT_S22_ST13,6.174455427928636,4.594595169942222,4.832825549443874,4.05169298004834,1509160013.0,1246.0,1246.0,954.0,987.0,92.0,0.0,True,0.07769053956791883,30
22,random,14,ATTIA_CONT_S22_ST14,5.476467280979673,4.870391989773447,5.363780928095016,3.8613626843378106,1678035444.0,874.0,1246.0,856.0,987.0,92.0,0.0,True,0.0950165441892478,30
22,random,15,ATTIA_CONT_S22_ST15,6.302735339501748,4.869427584228349,4.6869146508955435,3.9070262388463033,1577705085.0,739.0,1246.0,861.0,987.0,92.0,0.0,True,0.1005476655939049,30
22,random,16,ATTIA_CONT_S22_ST16,7.112030545109921,3.9295247150664956,5.42896611574664,3.936300020085321,527385741.0,872.0,1246.0,726.0,987.0,92.0,0.0,True,0.10603566813500867,30
22,random,17,ATTIA_CONT_S22_ST17,5.278188693090996,4.770379695236139,4.536703476949715,4.676762916751755,1853754166.0,907.0,1246.0,1100.0,1100.0,0.0,21.0,True,0.11284960655705663,30
22,random,18,ATTIA_CONT_S22_ST18,7.846361656430686,5.940153917885841,4.037663782417136,3.4497991212891943,2075377980.0,594.0,1246.0,659.0,1100.0,0.0,21.0,True,0.04440597514459804,30
22,random,19,ATTIA_CONT_S22_ST19,4.8498893260730265,6.494274545375129,4.940266914233906,3.6935387940931514,1317577267.0,949.0,1246.0,760.0,1100.0,0.0,21.0,True,0.16590168194891022,30
22,random,20,ATTIA_CONT_S22_ST20,7.372111740524954,5.757748209109322,5.5642955063332415,2.904522159720622,1936002642.0,378.0,1246.0,629.0,1100.0,0.0,21.0,True,0.10715232590533244,30
22,random,21,ATTIA_CONT_S22_ST21,7.302398955929965,4.999803163544702,3.6635911477323395,4.475716012941291,1756982016.0,898.0,1246.0,858.0,1100.0,0.0,21.0,True,0.09983430394123273,30
22,random,22,ATTIA_CONT_S22_ST22,7.490215708420548,5.980294240129372,5.479990259278484,2.8560991482556912,735077155.0,389.0,1246.0,609.0,1100.0,0.0,21.0,True,0.12801534195385775,30
22,random,23,ATTIA_CONT_S22_ST23,5.667762953856742,4.651904006592037,5.589148119913284,3.8020935247190026,1261727356.0,755.0,1246.0,818.0,1100.0,0.0,21.0,True,0.05600823334739991,30
22,random,24,ATTIA_CONT_S22_ST24,6.732573131145708,5.66500195784506,4.390012455200698,3.565196095546985,1800594784.0,1064.0,1246.0,707.0,1100.0,0.0,21.0,True,0.06811616550000202,30
22,random,25,ATTIA_CONT_S22_ST25,5.407499095017114,4.9210813466224375,4.61058184271714,4.380101211481611,856411802.0,505.0,1246.0,958.0,1100.0,0.0,21.0,True,0.11690716819875276,30
22,greedy,0,,,,,,,,969.0,,974.0,105.0,0.0,False,0.0,30
22,greedy,1,ATTIA_CONT_S22_ST01,4.975,4.895,4.91,4.456879564365617,1677240418.0,998.0,998.0,889.0,974.0,105.0,0.0,True,0.08012889606694078,30
22,greedy,2,ATTIA_CONT_S22_ST02,4.975,4.895,4.91,4.456879564365617,931047991.0,725.0,998.0,889.0,974.0,105.0,0.0,True,0.08012889606694078,30
22,greedy,3,ATTIA_CONT_S22_ST03,7.923,3.613,5.198,4.202412918548191,291574884.0,574.0,998.0,798.0,974.0,105.0,0.0,True,0.018106388882427417,30
22,greedy,4,ATTIA_CONT_S22_ST04,6.785,3.68,4.975,4.690316184080071,488108109.0,552.0,998.0,862.0,974.0,105.0,0.0,True,0.1427885301149793,30
22,greedy,5,ATTIA_CONT_S22_ST05,5.523,6.8,4.718,3.409951832587123,789991448.0,771.0,998.0,695.0,974.0,105.0,0.0,True,0.09048656573456716,30
22,greedy,6,ATTIA_CONT_S22_ST06,5.253,5.96,5.321,3.481335456990525,13223094.0,743.0,998.0,746.0,974.0,105.0,0.0,True,0.06906431881718852,30
22,greedy,7,ATTIA_CONT_S22_ST07,7.081,4.682,4.249,4.112232534959273,1607602171.0,755.0,998.0,794.0,974.0,105.0,0.0,True,0.1202721251896442,30
22,greedy,8,ATTIA_CONT_S22_ST08,7.446,6.321,4.166,3.324558540977518,640500786.0,473.0,998.0,702.0,974.0,105.0,0.0,True,0.18258124275769808,30
22,greedy,9,ATTIA_CONT_S22_ST09,4.18,6.643,5.453,3.8435048735722823,1905781665.0,955.0,998.0,744.0,974.0,105.0,0.0,True,0.1350310708378412,30
22,greedy,10,ATTIA_CONT_S22_ST10,6.001,6.299,3.925,3.950039711936318,1967829775.0,1029.0,1029.0,831.0,974.0,105.0,0.0,True,0.09822779550904993,30
22,greedy,11,ATTIA_CONT_S22_ST11,6.74,5.51,5.279,3.184233091112371,1872663154.0,781.0,1029.0,684.0,974.0,105.0,0.0,True,0.07984033017483336,30
22,greedy,12,ATTIA_CONT_S22_ST12,6.061,6.287,4.938,3.2597228680535815,851142720.0,971.0,1029.0,722.0,974.0,105.0,0.0,True,0.13386199708364865,30
22,greedy,13,ATTIA_CONT_S22_ST13,5.722,6.642,5.173,3.1776216226577274,1509160013.0,664.0,1029.0,671.0,974.0,105.0,0.0,True,0.11189169937844509,30
22,greedy,14,ATTIA_CONT_S22_ST14,7.83,4.5,4.003,4.281105068665569,1678035444.0,802.0,1029.0,843.0,974.0,105.0,0.0,True,0.05299343388678785,30
22,greedy,15,ATTIA_CONT_S22_ST15,4.929,5.116,5.285,4.068804153948616,1577705085.0,1003.0,1029.0,874.0,974.0,105.0,0.0,True,0.07050755287444078,30
22,greedy,16,ATTIA_CONT_S22_ST16,5.242,6.823,4.539,3.6272557842188626,527385741.0,881.0,1029.0,762.0,974.0,105.0,0.0,True,0.09197654412794598,30
22,greedy,17,ATTIA_CONT_S22_ST17,5.526,4.784,4.275,4.77503878657346,1853754166.0,980.0,1029.0,1006.0,1006.0,73.0,0.0,True,0.11565122580590491,30
22,greedy,18,ATTIA_CONT_S22_ST18,6.712,4.387,4.14,4.654315910826609,2075377980.0,643.0,1029.0,907.0,1006.0,73.0,0.0,True,0.09725459056620518,30
22,greedy,19,ATTIA_CONT_S22_ST19,6.536,5.42,3.617,4.558705921072429,1317577267.0,1218.0,1218.0,911.0,1006.0,73.0,0.0,True,0.1244017396227452,30
22,greedy,20,ATTIA_CONT_S22_ST20,6.933,4.537,4.102,4.44637818749452,1936002642.0,794.0,1218.0,850.0,1006.0,73.0,0.0,True,0.11277965620424873,30
22,greedy,21,ATTIA_CONT_S22_ST21,4.406,6.45,5.225,3.846985655028628,1756982016.0,715.0,1218.0,786.0,1006.0,73.0,0.0,True,0.16071554965821455,30
22,greedy,22,ATTIA_CONT_S22_ST22,7.05,5.974,4.813,3.1612885465266647,735077155.0,346.0,1218.0,621.0,1006.0,73.0,0.0,True,0.015662941181789135,30
22,greedy,23,ATTIA_CONT_S22_ST23,6.149,5.6,3.706,4.498402655676972,1261727356.0,1062.0,1218.0,893.0,1006.0,73.0,0.0,True,0.13181760088983113,30
22,greedy,24,ATTIA_CONT_S22_ST24,6.088,5.782,3.611,4.56217609365335,1800594784.0,1036.0,1218.0,924.0,1006.0,73.0,0.0,True,0.07300187680029002,30
22,greedy,25,ATTIA_CONT_S22_ST25,6.047,5.839,3.6,4.5678349716425615,856411802.0,770.0,1218.0,918.0,1006.0,73.0,0.0,True,0.057396074790748826,30
22,gp_ucb,0,,,,,,,,969.0,,974.0,105.0,0.0,False,0.0,30
22,gp_ucb,1,ATTIA_CONT_S22_ST01,4.975,4.895,4.91,4.456879564365617,1677240418.0,998.0,998.0,889.0,974.0,105.0,0.0,True,0.08012889606694078,30
22,gp_ucb,2,ATTIA_CONT_S22_ST02,4.752,4.894,5.057,4.5286145020477155,931047991.0,779.0,998.0,954.0,974.0,105.0,0.0,True,0.08391037313439864,30
22,gp_ucb,3,ATTIA_CONT_S22_ST03,7.047,4.798,3.999,4.292835127150039,291574884.0,925.0,998.0,777.0,974.0,105.0,0.0,True,0.012711060227400513,30
22,gp_ucb,4,ATTIA_CONT_S22_ST04,6.785,3.68,4.975,4.690316184080071,488108109.0,552.0,998.0,862.0,974.0,105.0,0.0,True,0.1427885301149793,30
22,gp_ucb,5,ATTIA_CONT_S22_ST05,5.06,4.884,4.867,4.43480040918411,789991448.0,971.0,998.0,887.0,974.0,105.0,0.0,True,0.05334299945547668,30
22,gp_ucb,6,ATTIA_CONT_S22_ST06,4.914,5.02,4.862,4.445367770698785,13223094.0,1100.0,1100.0,885.0,974.0,105.0,0.0,True,0.06680290527809694,30
22,gp_ucb,7,ATTIA_CONT_S22_ST07,4.863,5.127,4.847,4.418133339559828,1607602171.0,1067.0,1100.0,875.0,974.0,105.0,0.0,True,0.03906590043927421,30
22,gp_ucb,8,ATTIA_CONT_S22_ST08,4.879,5.067,4.794,4.495922002670307,640500786.0,1204.0,1204.0,890.0,974.0,105.0,0.0,True,0.04658681742288791,30
22,gp_ucb,9,ATTIA_CONT_S22_ST09,4.866,5.102,4.719,4.547214343840314,1905781665.0,999.0,1204.0,961.0,974.0,105.0,0.0,True,0.06599153660615695,30
22,gp_ucb,10,ATTIA_CONT_S22_ST10,4.925,5.018,4.798,4.492667937823074,1967829775.0,869.0,1204.0,892.0,974.0,105.0,0.0,True,0.06271186464156557,30
22,gp_ucb,11,ATTIA_CONT_S22_ST11,4.857,5.188,4.791,4.425410714860456,1872663154.0,811.0,1204.0,963.0,974.0,105.0,0.0,True,0.02009771589538287,30
22,gp_ucb,12,ATTIA_CONT_S22_ST12,4.906,5.033,4.834,4.465389744939555,851142720.0,811.0,1204.0,887.0,974.0,105.0,0.0,True,0.057413080291815154,30
22,gp_ucb,13,ATTIA_CONT_S22_ST13,4.896,5.056,4.813,4.473681724911233,1509160013.0,954.0,1204.0,888.0,974.0,105.0,0.0,True,0.0486700570434133,30
22,gp_ucb,14,ATTIA_CONT_S22_ST14,4.912,5.043,4.808,4.474895277086225,1678035444.0,1030.0,1204.0,889.0,974.0,105.0,0.0,True,0.05349273494610303,30
22,gp_ucb,15,ATTIA_CONT_S22_ST15,4.909,5.047,4.795,4.485556537279776,1577705085.0,877.0,1204.0,890.0,974.0,105.0,0.0,True,0.053020283815357415,30
22,gp_ucb,16,ATTIA_CONT_S22_ST16,4.921,5.038,4.812,4.467929069022524,527385741.0,798.0,1204.0,888.0,974.0,105.0,0.0,True,0.05555931717104124,30
22,gp_ucb,17,ATTIA_CONT_S22_ST17,4.954,5.028,4.817,4.444604035761467,1853754166.0,804.0,1204.0,885.0,974.0,105.0,0.0,True,0.06235173558965155,30
22,gp_ucb,18,ATTIA_CONT_S22_ST18,4.921,5.031,4.81,4.475178873475572,2075377980.0,1026.0,1204.0,889.0,974.0,105.0,0.0,True,0.05761321306833624,30
22,gp_ucb,19,ATTIA_CONT_S22_ST19,4.888,5.056,4.81,4.482984886366668,1317577267.0,669.0,1204.0,889.0,974.0,105.0,0.0,True,0.04854271962255388,30
22,gp_ucb,20,ATTIA_CONT_S22_ST20,6.933,4.537,4.102,4.44637818749452,1936002642.0,794.0,1204.0,850.0,974.0,105.0,0.0,True,0.11277965620424873,30
22,gp_ucb,21,ATTIA_CONT_S22_ST21,4.406,6.45,5.225,3.846985655028628,1756982016.0,715.0,1204.0,786.0,974.0,105.0,0.0,True,0.16071554965821455,30
22,gp_ucb,22,ATTIA_CONT_S22_ST22,4.919,5.034,4.818,4.467560727247396,735077155.0,892.0,1204.0,888.0,974.0,105.0,0.0,True,0.056735577629454276,30
22,gp_ucb,23,ATTIA_CONT_S22_ST23,4.979,4.995,4.8,4.465157677459029,1261727356.0,726.0,1204.0,890.0,974.0,105.0,0.0,True,0.0728282560910447,30
22,gp_ucb,24,ATTIA_CONT_S22_ST24,6.727,6.833,4.944,2.9756176378722423,1800594784.0,793.0,1204.0,600.0,974.0,105.0,0.0,True,0.10776412293051936,30
22,gp_ucb,25,ATTIA_CONT_S22_ST25,4.872,5.078,4.821,4.469772198148641,856411802.0,693.0,1204.0,886.0,974.0,105.0,0.0,True,0.041216638015173154,30
23,random,0,,,,,,,,1205.0,,954.0,125.0,0.0,False,0.0,30
23,random,1,ATTIA_CONT_S23_ST01,5.731525920579091,6.668259625079037,3.760678984020815,4.115461226128363,927005550.0,798.0,1205.0,766.0,954.0,125.0,0.0,True,0.14218484595122088,30
23,random,2,ATTIA_CONT_S23_ST02,6.3521689820790606,5.933411918648195,4.1231017270772305,3.7759524579244337,1264143105.0,718.0,1205.0,764.0,954.0,125.0,0.0,True,0.1442552109897175,30
23,random,3,ATTIA_CONT_S23_ST03,4.766169735475081,6.461003443361677,5.190086890027302,3.6222496583978416,2067497571.0,920.0,1205.0,795.0,954.0,125.0,0.0,True,0.1492640136129417,30
23,random,4,ATTIA_CONT_S23_ST04,7.894332027436883,4.9170546625137685,3.7588313947213567,4.215029599610283,97465412.0,369.0,1205.0,768.0,954.0,125.0,0.0,True,0.11779341547718171,30
23,random,5,ATTIA_CONT_S23_ST05,7.7680287456997466,3.790660201416712,4.54876314958512,4.5258232490186545,1923506595.0,435.0,1205.0,883.0,954.0,125.0,0.0,True,0.1417019059218635,30
23,random,6,ATTIA_CONT_S23_ST06,7.894482270706305,5.847950353911259,4.942249551402968,3.000070611905887,1709287353.0,614.0,1205.0,612.0,954.0,125.0,0.0,True,0.08737138712360419,30
23,random,7,ATTIA_CONT_S23_ST07,6.98132201469563,6.065181224908377,5.361694537449668,2.9523759472512303,714615647.0,741.0,1205.0,632.0,954.0,125.0,0.0,True,0.08816487032917049,30
23,random,8,ATTIA_CONT_S23_ST08,5.1833798924566565,6.622012283301816,5.486474921047438,3.2559382869040547,1237074544.0,609.0,1205.0,692.0,954.0,125.0,0.0,True,0.13740422211981018,30
23,random,9,ATTIA_CONT_S23_ST09,7.897984623596875,5.05477228494757,4.678190344520603,3.388359888299085,2036320787.0,720.0,1205.0,684.0,954.0,125.0,0.0,True,0.09986649485298126,30
23,random,10,ATTIA_CONT_S23_ST10,7.058705050102866,6.665814361202657,4.660534977113636,3.0573796701859295,23370810.0,689.0,1205.0,612.0,954.0,125.0,0.0,True,0.13109098223443966,30
23,random,11,ATTIA_CONT_S23_ST11,5.840807678802202,6.652349043825103,3.749120772423599,4.080431989869143,1927672078.0,536.0,1205.0,754.0,954.0,125.0,0.0,True,0.13180253604684672,30
23,random,12,ATTIA_CONT_S23_ST12,6.243458458777546,6.619500434925769,3.822569684818275,3.83887818442609,1925190017.0,899.0,1205.0,751.0,954.0,125.0,0.0,True,0.1748552482631903,30
23,random,13,ATTIA_CONT_S23_ST13,5.30098775596617,5.623266615275813,5.586986263721828,3.473798780795645,153743795.0,629.0,1205.0,755.0,954.0,125.0,0.0,True,0.03330700956162766,30
23,random,14,ATTIA_CONT_S23_ST14,7.32897115838681,5.448346163388116,4.615610838880189,3.370515158553182,842200860.0,765.0,1205.0,757.0,954.0,125.0,0.0,True,0.1314254098996692,30
23,random,15,ATTIA_CONT_S23_ST15,7.61977684372104,6.075354239500815,3.8675027165815496,3.585107603225452,232995605.0,770.0,1205.0,717.0,954.0,125.0,0.0,True,0.13158493976083155,30
23,random,16,ATTIA_CONT_S23_ST16,6.739855719434408,6.811722605730575,3.9204026402810297,3.5325625541040417,1202883947.0,540.0,1205.0,650.0,954.0,125.0,0.0,True,0.11922841119891138,30
23,random,17,ATTIA_CONT_S23_ST17,6.46043725689238,3.9462976616828858,4.666108331585265,4.74312148751227,1362419722.0,1149.0,1205.0,954.0,954.0,125.0,0.0,True,0.12783255203016688,30
23,random,18,ATTIA_CONT_S23_ST18,5.038756019644122,6.416505025073469,5.1725555378771215,3.500229734120699,784626001.0,551.0,1205.0,745.0,954.0,125.0,0.0,True,0.13017835776498607,30
23,random,19,ATTIA_CONT_S23_ST19,7.006121819394287,4.320073175797579,4.451748724527073,4.264526382287501,151413523.0,781.0,1205.0,785.0,954.0,125.0,0.0,True,0.036835436203435545,30
23,random,20,ATTIA_CONT_S23_ST20,5.564909802059857,5.905943311324636,4.301097211081205,3.9711515523367864,888263827.0,815.0,1205.0,781.0,954.0,125.0,0.0,True,0.08431097476892765,30
23,random,21,ATTIA_CONT_S23_ST21,6.3160615105822195,5.759972846092316,5.151717086374866,3.254309459076599,921490482.0,787.0,1205.0,716.0,954.0,125.0,0.0,True,0.10358707045898026,30
23,random,22,ATTIA_CONT_S23_ST22,7.887795336825887,4.895936185221401,3.9871938589010743,3.97612395901027,666559547.0,626.0,1205.0,731.0,954.0,125.0,0.0,True,0.040045822542731514,30
23,random,23,ATTIA_CONT_S23_ST23,7.410770609177616,6.815825817049928,4.573970634000888,3.0025629017325364,1860201718.0,451.0,1205.0,629.0,954.0,125.0,0.0,True,0.1487407464934,30
23,random,24,ATTIA_CONT_S23_ST24,7.126632763857778,4.182645799430457,4.909003097339754,3.996416879221141,1450213307.0,651.0,1205.0,740.0,954.0,125.0,0.0,True,0.0946274625684475,30
23,random,25,ATTIA_CONT_S23_ST25,4.339819679506191,5.976251018721584,4.682477443153334,4.504141937294242,425731139.0,753.0,1205.0,873.0,954.0,125.0,0.0,True,0.10006271554299086,30
23,greedy,0,,,,,,,,1205.0,,954.0,125.0,0.0,False,0.0,30
23,greedy,1,ATTIA_CONT_S23_ST01,6.74,5.51,5.279,3.184233091112371,927005550.0,868.0,1205.0,684.0,954.0,125.0,0.0,True,0.07984033017483336,30
23,greedy,2,ATTIA_CONT_S23_ST02,6.061,6.287,4.938,3.2597228680535815,1264143105.0,673.0,1205.0,722.0,954.0,125.0,0.0,True,0.13386199708364865,30
23,greedy,3,ATTIA_CONT_S23_ST03,5.201,5.2,5.2,3.8994376892391993,2067497571.0,945.0,1205.0,954.0,954.0,125.0,0.0,False,0.0003407349141010393,30
23,greedy,4,ATTIA_CONT_S23_ST04,5.2,5.2,5.2,3.9000000000000012,97465412.0,1175.0,1205.0,954.0,954.0,125.0,0.0,False,6.661338147750939e-16,30
23,greedy,5,ATTIA_CONT_S23_ST05,4.929,5.116,5.285,4.068804153948616,1923506595.0,786.0,1205.0,874.0,954.0,125.0,0.0,True,0.07050755287444078,30
23,greedy,6,ATTIA_CONT_S23_ST06,5.242,6.823,4.539,3.6272557842188626,1709287353.0,737.0,1205.0,762.0,954.0,125.0,0.0,True,0.09197654412794598,30
23,greedy,7,ATTIA_CONT_S23_ST07,5.526,4.784,4.275,4.77503878657346,714615647.0,901.0,1205.0,1006.0,1006.0,73.0,0.0,True,0.11565122580590491,30
23,greedy,8,ATTIA_CONT_S23_ST08,6.712,4.387,4.14,4.654315910826609,1237074544.0,1151.0,1205.0,907.0,1006.0,73.0,0.0,True,0.09725459056620518,30
23,greedy,9,ATTIA_CONT_S23_ST09,6.536,5.42,3.617,4.558705921072429,2036320787.0,828.0,1205.0,911.0,1006.0,73.0,0.0,True,0.1244017396227452,30
23,greedy,10,ATTIA_CONT_S23_ST10,6.933,4.537,4.102,4.44637818749452,23370810.0,861.0,1205.0,850.0,1006.0,73.0,0.0,True,0.11277965620424873,30
23,greedy,11,ATTIA_CONT_S23_ST11,4.406,6.45,5.225,3.846985655028628,1927672078.0,852.0,1205.0,786.0,1006.0,73.0,0.0,True,0.16071554965821455,30
23,greedy,12,ATTIA_CONT_S23_ST12,7.05,5.974,4.813,3.1612885465266647,1925190017.0,689.0,1205.0,621.0,1006.0,73.0,0.0,True,0.015662941181789135,30
23,greedy,13,ATTIA_CONT_S23_ST13,7.191,4.42,4.859,3.813553699205816,153743795.0,583.0,1205.0,716.0,1006.0,73.0,0.0,True,0.0726326994115316,30
23,greedy,14,ATTIA_CONT_S23_ST14,6.727,6.833,4.944,2.9756176378722423,842200860.0,593.0,1205.0,600.0,1006.0,73.0,0.0,True,0.10776412293051936,30
23,greedy,15,ATTIA_CONT_S23_ST15,5.264,6.622,4.544,3.672669280794457,232995605.0,612.0,1205.0,796.0,1006.0,73.0,0.0,True,0.13350754809173512,30
23,greedy,16,ATTIA_CONT_S23_ST16,5.886,6.669,4.964,3.204710088387361,1202883947.0,947.0,1205.0,642.0,1006.0,73.0,0.0,True,0.13083745541621908,30
23,greedy,17,ATTIA_CONT_S23_ST17,7.953,5.389,3.698,3.974325968716576,1362419722.0,893.0,1205.0,729.0,1006.0,73.0,0.0,True,0.07982593839357838,30
23,greedy,18,ATTIA_CONT_S23_ST18,6.533,5.408,3.619,4.5655089306750005,784626001.0,973.0,1205.0,914.0,1006.0,73.0,0.0,True,0.12354512129255235,30
23,greedy,19,ATTIA_CONT_S23_ST19,6.175,6.907,5.177,2.9989747115429313,151413523.0,604.0,1205.0,638.0,1006.0,73.0,0.0,True,0.05028446545540103,30
23,greedy,20,ATTIA_CONT_S23_ST20,4.719,5.783,5.046,3.994780780532791,888263827.0,689.0,1205.0,789.0,1006.0,73.0,0.0,True,0.09946495168638476,30
23,greedy,21,ATTIA_CONT_S23_ST21,5.588,6.992,3.603,4.276952411641043,921490482.0,947.0,1205.0,739.0,1006.0,73.0,0.0,True,0.0047377243749086514,30
23,greedy,22,ATTIA_CONT_S23_ST22,5.464,6.875,4.986,3.2862187055670766,666559547.0,802.0,1205.0,665.0,1006.0,73.0,0.0,True,0.10472992249898594,30
23,greedy,23,ATTIA_CONT_S23_ST23,7.014,5.168,5.272,3.251170329990156,1860201718.0,417.0,1205.0,689.0,1006.0,73.0,0.0,True,0.03820340210004163,30
23,greedy,24,ATTIA_CONT_S23_ST24,7.901,3.955,4.279,4.540849447647403,1450213307.0,957.0,1205.0,826.0,1006.0,73.0,0.0,True,0.11651539483321253,30
23,greedy,25,ATTIA_CONT_S23_ST25,5.069,5.922,4.431,4.140594676197344,425731139.0,753.0,1205.0,795.0,1006.0,73.0,0.0,True,0.05863823168184211,30
23,gp_ucb,0,,,,,,,,1205.0,,954.0,125.0,0.0,False,0.0,30
23,gp_ucb,1,ATTIA_CONT_S23_ST01,6.74,5.51,5.279,3.184233091112371,927005550.0,868.0,1205.0,684.0,954.0,125.0,0.0,True,0.07984033017483336,30
23,gp_ucb,2,ATTIA_CONT_S23_ST02,6.061,6.287,4.938,3.2597228680535815,1264143105.0,673.0,1205.0,722.0,954.0,125.0,0.0,True,0.13386199708364865,30
23,gp_ucb,3,ATTIA_CONT_S23_ST03,5.285,5.117,5.227,3.8853474812499296,2067497571.0,856.0,1205.0,865.0,954.0,125.0,0.0,True,0.034570744631503066,30
23,gp_ucb,4,ATTIA_CONT_S23_ST04,5.187,5.216,5.192,3.9028674749357584,97465412.0,936.0,1205.0,954.0,954.0,125.0,0.0,True,0.006967824756431577,30
23,gp_ucb,5,ATTIA_CONT_S23_ST05,5.197,5.201,5.201,3.9005637719095825,1923506595.0,938.0,1205.0,954.0,954.0,125.0,0.0,False,0.0009306793094950215,30
23,gp_ucb,6,ATTIA_CONT_S23_ST06,5.195,5.204,5.2,3.900567018795192,1709287353.0,1182.0,1205.0,954.0,954.0,125.0,0.0,True,0.0016555773789242124,30
23,gp_ucb,7,ATTIA_CONT_S23_ST07,5.206,5.195,5.203,3.897758858285145,714615647.0,793.0,1205.0,953.0,954.0,125.0,0.0,True,0.0027010881950544166,30
23,gp_ucb,8,ATTIA_CONT_S23_ST08,5.161,5.198,5.21,3.9176944215164085,1237074544.0,893.0,1205.0,959.0,959.0,120.0,0.0,True,0.012950885611835897,30
23,gp_ucb,9,ATTIA_CONT_S23_ST09,5.137,5.311,5.156,3.899700782465642,2036320787.0,1011.0,1205.0,864.0,959.0,120.0,0.0,True,0.04189103757228101,30
23,gp_ucb,10,ATTIA_CONT_S23_ST10,5.081,5.411,5.107,3.9077262945130147,23370810.0,942.0,1205.0,796.0,959.0,120.0,0.0,True,0.08220201647744482,30
23,gp_ucb,11,ATTIA_CONT_S23_ST11,5.131,5.365,5.091,3.9120386441120187,1927672078.0,860.0,1205.0,799.0,959.0,120.0,0.0,True,0.07483857987198217,30
23,gp_ucb,12,ATTIA_CONT_S23_ST12,5.093,5.346,5.302,3.8267025732199476,1925190017.0,661.0,1205.0,840.0,959.0,120.0,0.0,True,0.07830299249647933,30
23,gp_ucb,13,ATTIA_CONT_S23_ST13,5.189,5.233,5.172,3.903593749624722,153743795.0,1025.0,1205.0,955.0,959.0,120.0,0.0,True,0.01729411835747744,30
23,gp_ucb,14,ATTIA_CONT_S23_ST14,5.195,5.235,5.162,3.904797579289916,842200860.0,802.0,1205.0,955.0,959.0,120.0,0.0,True,0.021747448584284686,30
23,gp_ucb,15,ATTIA_CONT_S23_ST15,5.184,5.22,5.191,3.902894304792515,232995605.0,1094.0,1205.0,954.0,959.0,120.0,0.0,True,0.008353600384307167,30
23,gp_ucb,16,ATTIA_CONT_S23_ST16,5.18,5.227,5.195,3.8989998506080608,1202883947.0,728.0,1205.0,953.0,959.0,120.0,0.0,True,0.009496174195956065,30
23,gp_ucb,17,ATTIA_CONT_S23_ST17,5.194,5.208,5.185,3.907361589988648,1362419722.0,1173.0,1205.0,956.0,959.0,120.0,0.0,True,0.00864243027523209,30
23,gp_ucb,18,ATTIA_CONT_S23_ST18,5.197,5.201,5.184,3.9101803651787885,784626001.0,900.0,1205.0,957.0,959.0,120.0,0.0,True,0.009256107805133952,30
23,gp_ucb,19,ATTIA_CONT_S23_ST19,5.193,5.202,5.184,3.911882109128811,151413523.0,1182.0,1205.0,958.0,959.0,120.0,0.0,True,0.00978026693214504,30
23,gp_ucb,20,ATTIA_CONT_S23_ST20,5.194,5.192,5.179,3.9198467168594777,888263827.0,1005.0,1205.0,961.0,961.0,118.0,0.0,True,0.014068759711459457,30
23,gp_ucb,21,ATTIA_CONT_S23_ST21,5.187,5.156,5.154,3.959285709143728,921490482.0,936.0,1205.0,975.0,975.0,104.0,0.0,True,0.037704090470408534,30
23,gp_ucb,22,ATTIA_CONT_S23_ST22,5.505,4.961,4.958,4.025541327989443,666559547.0,808.0,1205.0,875.0,975.0,104.0,0.0,True,0.11540933312523602,30
23,gp_ucb,23,ATTIA_CONT_S23_ST23,5.197,5.192,5.179,3.9181397872839026,1860201718.0,1208.0,1208.0,960.0,975.0,104.0,0.0,True,0.013539551307988616,30
23,gp_ucb,24,ATTIA_CONT_S23_ST24,5.197,5.195,5.184,3.9135785711030535,1450213307.0,1048.0,1208.0,959.0,975.0,104.0,0.0,True,0.010208224315122806,30
23,gp_ucb,25,ATTIA_CONT_S23_ST25,5.201,5.179,5.17,3.928477357708738,425731139.0,913.0,1208.0,964.0,975.0,104.0,0.0,True,0.02070005976569671,30
24,random,0,,,,,,,,943.0,,844.0,235.0,0.0,False,0.0,30
24,random,1,ATTIA_CONT_S24_ST01,6.261219834155364,5.1342732844285095,4.960573998176227,3.60671068890584,1427981673.0,804.0,943.0,779.0,844.0,235.0,0.0,True,0.12276540310722138,30
24,random,2,ATTIA_CONT_S24_ST02,7.73405876150003,5.604295347754101,4.994893721689257,3.073177649874889,1273038026.0,704.0,943.0,641.0,844.0,235.0,0.0,True,0.11594049655492375,30
24,random,3,ATTIA_CONT_S24_ST03,7.381607269202268,6.641468498805269,5.461241418125746,2.745866069847955,1967776483.0,397.0,943.0,597.0,844.0,235.0,0.0,True,0.15400448188777083,30
24,random,4,ATTIA_CONT_S24_ST04,6.764585810821512,5.877537993032613,4.75166560695184,3.2796257802075233,478983959.0,458.0,943.0,670.0,844.0,235.0,0.0,True,0.08481429499849032,30
24,random,5,ATTIA_CONT_S24_ST05,4.987761038390407,4.071350775154982,5.594892314796059,4.796407021938234,1477622950.0,734.0,943.0,943.0,943.0,136.0,0.0,True,0.06635449137284606,30
24,random,6,ATTIA_CONT_S24_ST06,7.538318511076897,6.719830408529849,5.368779133822915,2.7352118787859965,1602840509.0,447.0,943.0,589.0,943.0,136.0,0.0,True,0.15982162156527388,30
24,random,7,ATTIA_CONT_S24_ST07,7.285822970295518,4.2474903111179865,5.423403977272809,3.6197615514193426,1588973846.0,589.0,943.0,806.0,943.0,136.0,0.0,True,0.1278730969951391,30
24,random,8,ATTIA_CONT_S24_ST08,5.146600092884643,5.01386642140129,4.9868200652956025,4.183140676957643,765298506.0,948.0,948.0,915.0,943.0,136.0,0.0,True,0.10944817893005238,30
24,random,9,ATTIA_CONT_S24_ST09,5.471064067380029,5.770489986238541,4.579865488879416,3.8623310794562618,735477388.0,735.0,948.0,827.0,943.0,136.0,0.0,True,0.1169052891948525,30
24,random,10,ATTIA_CONT_S24_ST10,7.848872590172068,3.6035932930632875,4.839227685187137,4.5089492332498775,1402711618.0,785.0,948.0,840.0,943.0,136.0,0.0,True,0.03977272425943663,30
24,random,11,ATTIA_CONT_S24_ST11,6.266309926345778,4.092613097520714,4.543834906764729,4.777175913443109,1013743650.0,1022.0,1022.0,1056.0,1056.0,23.0,0.0,True,0.13350086394010977,30
24,random,12,ATTIA_CONT_S24_ST12,6.521207124509498,4.99789961028978,3.684929538945718,4.795522966745763,697871891.0,984.0,1022.0,902.0,1056.0,23.0,0.0,True,0.17549894400618798,30
24,random,13,ATTIA_CONT_S24_ST13,6.8185588900089105,5.5028806295538555,4.848567856357592,3.3477811938971747,1561383299.0,696.0,1022.0,698.0,1056.0,23.0,0.0,True,0.06079177323330905,30
24,random,14,ATTIA_CONT_S24_ST14,7.291753054705509,5.0929916700226245,4.3752645530696395,3.686143415587553,2027127801.0,579.0,1022.0,777.0,1056.0,23.0,0.0,True,0.074464799537746,30
24,random,15,ATTIA_CONT_S24_ST15,7.631424565222108,4.8337518591918,4.585210066360061,3.6058769831124677,613939810.0,1249.0,1249.0,776.0,1056.0,23.0,0.0,True,0.12826791733789725,30
24,random,16,ATTIA_CONT_S24_ST16,6.825865404402121,3.8699946466084416,4.759984960453675,4.579828753233816,1577710048.0,712.0,1249.0,877.0,1056.0,23.0,0.0,True,0.1359752136216887,30
24,random,17,ATTIA_CONT_S24_ST17,7.946964889041318,5.343220516578359,4.8772411521969,3.171460545637948,959486126.0,837.0,1249.0,654.0,1056.0,23.0,0.0,True,0.06832648074013463,30
24,random,18,ATTIA_CONT_S24_ST18,3.913532503754509,6.812734515621989,5.450720322218466,4.039363060096607,129616093.0,699.0,1249.0,733.0,1056.0,23.0,0.0,True,0.13776258327472876,30
24,random,19,ATTIA_CONT_S24_ST19,3.7409029183131812,5.990086678651993,5.547996306686143,4.569748070905258,1902519258.0,928.0,1249.0,803.0,1056.0,23.0,0.0,True,0.09330026000637008,30
24,random,20,ATTIA_CONT_S24_ST20,7.354092366181523,6.179325075053523,3.9373439748948704,3.5518132632440857,305640701.0,735.0,1249.0,732.0,1056.0,23.0,0.0,True,0.11083948749655738,30
24,random,21,ATTIA_CONT_S24_ST21,7.2863789904555745,5.46923344528473,5.484779224300498,3.021812389492089,1787116277.0,649.0,1249.0,681.0,1056.0,23.0,0.0,True,0.09555818060126953,30
24,random,22,ATTIA_CONT_S24_ST22,5.35613975289465,6.570781782582229,3.659079435532679,4.521817096876735,515814204.0,914.0,1249.0,886.0,1056.0,23.0,0.0,True,0.13459405828776624,30
24,random,23,ATTIA_CONT_S24_ST23,6.736806117570896,6.341899597502282,5.587022241742208,2.8716870739607363,2131883978.0,612.0,1249.0,613.0,1056.0,23.0,0.0,True,0.11774041569695273,30
24,random,24,ATTIA_CONT_S24_ST24,7.948965840419177,4.777148674730026,5.120183841774198,3.301469430236965,1548697760.0,511.0,1249.0,664.0,1056.0,23.0,0.0,True,0.048086408574616706,30
24,random,25,ATTIA_CONT_S24_ST25,7.4245104450556605,6.949181801997838,4.922295430635554,2.844260504692495,1811111661.0,543.0,1249.0,592.0,1056.0,23.0,0.0,True,0.12418613000776689,30
24,greedy,0,,,,,,,,943.0,,844.0,235.0,0.0,False,0.0,30
24,greedy,1,ATTIA_CONT_S24_ST01,5.573,5.603,4.792,3.7489716700756173,1427981673.0,649.0,943.0,812.0,844.0,235.0,0.0,True,0.010316370572730781,30
24,greedy,2,ATTIA_CONT_S24_ST02,7.05,5.974,4.813,3.1612885465266647,1273038026.0,379.0,943.0,621.0,844.0,235.0,0.0,True,0.015662941181789135,30
24,greedy,3,ATTIA_CONT_S24_ST03,5.67,5.501,4.705,3.807471269189621,1967776483.0,766.0,943.0,828.0,844.0,235.0,0.0,True,0.06698941020989867,30
24,greedy,4,ATTIA_CONT_S24_ST04,5.614,5.574,4.699,3.802402725539964,478983959.0,760.0,943.0,825.0,844.0,235.0,0.0,True,0.060005100264784485,30
24,greedy,5,ATTIA_CONT_S24_ST05,5.646,5.544,4.645,3.837941281928239,1477622950.0,882.0,943.0,833.0,844.0,235.0,0.0,True,0.09290565328722024,30
24,greedy,6,ATTIA_CONT_S24_ST06,5.643,5.507,4.549,3.926079383771085,1602840509.0,555.0,943.0,853.0,853.0,226.0,0.0,True,0.08988243326213145,30
24,greedy,7,ATTIA_CONT_S24_ST07,5.633,5.571,4.736,3.7713306450766124,1588973846.0,645.0,943.0,817.0,853.0,226.0,0.0,True,0.03811121862417618,30
24,greedy,8,ATTIA_CONT_S24_ST08,5.597,5.602,4.733,3.775351061774499,765298506.0,831.0,943.0,817.0,853.0,226.0,0.0,True,0.038582895382689913,30
24,greedy,9,ATTIA_CONT_S24_ST09,5.621,5.584,4.736,3.7707774176516273,735477388.0,1341.0,1341.0,816.0,853.0,226.0,0.0,True,0.03687555295827647,30
24,greedy,10,ATTIA_CONT_S24_ST10,5.619,5.587,4.738,3.769043979959906,1402711618.0,801.0,1341.0,816.0,853.0,226.0,0.0,True,0.0354833213506454,30
24,greedy,11,ATTIA_CONT_S24_ST11,4.896,6.705,3.929,4.436068214715382,1013743650.0,977.0,1341.0,788.0,853.0,226.0,0.0,True,0.11228262809137596,30
24,greedy,12,ATTIA_CONT_S24_ST12,5.464,6.875,4.986,3.2862187055670766,697871891.0,680.0,1341.0,665.0,853.0,226.0,0.0,True,0.10472992249898594,30
24,greedy,13,ATTIA_CONT_S24_ST13,7.014,5.168,5.272,3.251170329990156,1561383299.0,769.0,1341.0,689.0,853.0,226.0,0.0,True,0.03820340210004163,30
24,greedy,14,ATTIA_CONT_S24_ST14,7.901,3.955,4.279,4.540849447647403,2027127801.0,912.0,1341.0,826.0,853.0,226.0,0.0,True,0.11651539483321253,30
24,greedy,15,ATTIA_CONT_S24_ST15,5.629,5.611,4.79,3.7217297316612643,613939810.0,1073.0,1341.0,802.0,853.0,226.0,0.0,True,0.010237018853689673,30
24,greedy,16,ATTIA_CONT_S24_ST16,5.644,5.589,4.758,3.744493689460494,1577710048.0,719.0,1341.0,809.0,853.0,226.0,0.0,True,0.024049804660194744,30
24,greedy,17,ATTIA_CONT_S24_ST17,4.839,6.011,5.51,3.5864250491394323,959486126.0,733.0,1341.0,784.0,853.0,226.0,0.0,True,0.04631951750065262,30
24,greedy,18,ATTIA_CONT_S24_ST18,7.057,5.546,3.625,4.2470445039460465,129616093.0,498.0,1341.0,756.0,853.0,226.0,0.0,True,0.026330329561231196,30
24,greedy,19,ATTIA_CONT_S24_ST19,5.625,5.6,4.759,3.747340108076761,1902519258.0,787.0,1341.0,809.0,853.0,226.0,0.0,True,0.022236161803161684,30
24,greedy,20,ATTIA_CONT_S24_ST20,5.623,5.602,4.76,3.746713002787816,305640701.0,904.0,1341.0,809.0,853.0,226.0,0.0,True,0.021586999192963426,30
24,greedy,21,ATTIA_CONT_S24_ST21,5.624,5.603,4.761,3.745203037842924,1787116277.0,686.0,1341.0,809.0,853.0,226.0,0.0,True,0.02100315911009235,30
24,greedy,22,ATTIA_CONT_S24_ST22,5.63,5.596,4.759,3.746915478968404,515814204.0,940.0,1341.0,809.0,853.0,226.0,0.0,True,0.02252975867704213,30
24,greedy,23,ATTIA_CONT_S24_ST23,5.632,5.602,4.76,3.7427277997718282,2131883978.0,689.0,1341.0,808.0,853.0,226.0,0.0,True,0.021737671042602318,30
24,greedy,24,ATTIA_CONT_S24_ST24,5.61,5.591,4.756,3.7599552768714677,1548697760.0,1026.0,1341.0,814.0,853.0,226.0,0.0,True,0.025382417535714005,30
24,greedy,25,ATTIA_CONT_S24_ST25,5.619,5.599,4.76,3.749835459988813,1811111661.0,1027.0,1341.0,810.0,853.0,226.0,0.0,True,0.021828953679104875,30
24,gp_ucb,0,,,,,,,,943.0,,844.0,235.0,0.0,False,0.0,30
24,gp_ucb,1,ATTIA_CONT_S24_ST01,5.238,5.627,4.787,3.9091959580865434,1427981673.0,1167.0,1167.0,859.0,859.0,220.0,0.0,True,0.01776553157672781,30
24,gp_ucb,2,ATTIA_CONT_S24_ST02,5.044,5.672,4.802,3.9915895282421343,1273038026.0,717.0,1167.0,805.0,859.0,220.0,0.0,True,0.04857143545249737,30
24,gp_ucb,3,ATTIA_CONT_S24_ST03,5.396,5.598,4.776,3.846221733765567,1967776483.0,1056.0,1167.0,843.0,859.0,220.0,0.0,True,0.06111537063840086,30
24,gp_ucb,4,ATTIA_CONT_S24_ST04,5.297,5.593,4.776,3.9005808826322976,478983959.0,794.0,1167.0,859.0,859.0,220.0,0.0,True,0.029592306461873424,30
24,gp_ucb,5,ATTIA_CONT_S24_ST05,5.433,5.604,4.78,3.822279710419465,1477622950.0,600.0,1167.0,835.0,859.0,220.0,0.0,True,0.056272330070721854,30
24,gp_ucb,6,ATTIA_CONT_S24_ST06,5.952,5.582,4.394,3.8670918613698118,1602840509.0,626.0,1167.0,768.0,859.0,220.0,0.0,True,0.019473991040661984,30
24,gp_ucb,7,ATTIA_CONT_S24_ST07,5.194,5.642,4.807,3.913413041399317,1588973846.0,613.0,1167.0,859.0,859.0,220.0,0.0,True,0.016176692479166654,30
24,gp_ucb,8,ATTIA_CONT_S24_ST08,5.297,5.593,4.777,3.899914129947515,765298506.0,1014.0,1167.0,858.0,859.0,220.0,0.0,True,0.029553346390500737,30
24,gp_ucb,9,ATTIA_CONT_S24_ST09,6.175,6.907,5.177,2.9989747115429313,735477388.0,638.0,1167.0,638.0,859.0,220.0,0.0,True,0.05028446545540103,30
24,gp_ucb,10,ATTIA_CONT_S24_ST10,4.719,5.783,5.046,3.994780780532791,1402711618.0,607.0,1167.0,789.0,859.0,220.0,0.0,True,0.09946495168638476,30
24,gp_ucb,11,ATTIA_CONT_S24_ST11,5.355,5.596,4.774,3.869595439297246,1013743650.0,1062.0,1167.0,850.0,859.0,220.0,0.0,True,0.04778335166203545,30
24,gp_ucb,12,ATTIA_CONT_S24_ST12,5.32,5.602,4.777,3.883203655163155,697871891.0,909.0,1167.0,853.0,859.0,220.0,0.0,True,0.037725663691950205,30
24,gp_ucb,13,ATTIA_CONT_S24_ST13,5.335,5.601,4.776,3.8763877658843318,1561383299.0,982.0,1167.0,851.0,859.0,220.0,0.0,True,0.04225720923009101,30
24,gp_ucb,14,ATTIA_CONT_S24_ST14,5.371,5.597,4.775,3.8601537553825436,2027127801.0,925.0,1167.0,847.0,859.0,220.0,0.0,True,0.05300205117269676,30
24,gp_ucb,15,ATTIA_CONT_S24_ST15,5.604,5.598,4.8,3.7324462417883666,613939810.0,1078.0,1167.0,807.0,859.0,220.0,0.0,True,0.0011112915440571823,30
24,gp_ucb,16,ATTIA_CONT_S24_ST16,5.613,5.593,4.8,3.730685820886046,1577710048.0,763.0,1167.0,806.0,859.0,220.0,0.0,True,0.0037496200229956245,30
24,gp_ucb,17,ATTIA_CONT_S24_ST17,5.356,5.597,4.775,3.867939134634933,959486126.0,681.0,1167.0,849.0,859.0,220.0,0.0,True,0.04827708090735391,30
24,gp_ucb,18,ATTIA_CONT_S24_ST18,5.304,5.605,4.778,3.8896633658928614,129616093.0,1022.0,1167.0,855.0,859.0,220.0,0.0,True,0.033177998740520784,30
24,gp_ucb,19,ATTIA_CONT_S24_ST19,5.598,5.601,4.8,3.733778227713344,1902519258.0,587.0,1167.0,807.0,859.0,220.0,0.0,False,0.0006454142901166272,30
24,gp_ucb,20,ATTIA_CONT_S24_ST20,5.308,5.606,4.777,3.887696163544694,305640701.0,905.0,1167.0,854.0,859.0,220.0,0.0,True,0.03455326291800118,30
24,gp_ucb,21,ATTIA_CONT_S24_ST21,5.305,5.607,4.777,3.888825887493328,1787116277.0,972.0,1167.0,855.0,859.0,220.0,0.0,True,0.03377161232424918,30
24,gp_ucb,22,ATTIA_CONT_S24_ST22,5.3,5.608,4.778,3.8903723181972465,515814204.0,1106.0,1167.0,855.0,859.0,220.0,0.0,True,0.032388341230671844,30
24,gp_ucb,23,ATTIA_CONT_S24_ST23,5.292,5.612,4.779,3.8921036005036114,2131883978.0,921.0,1167.0,855.0,859.0,220.0,0.0,True,0.030576971605593858,30
24,gp_ucb,24,ATTIA_CONT_S24_ST24,5.291,5.613,4.779,3.892163717332702,1548697760.0,716.0,1167.0,855.0,859.0,220.0,0.0,True,0.03044028326917749,30
24,gp_ucb,25,ATTIA_CONT_S24_ST25,5.302,5.608,4.777,3.8899582642295893,1811111661.0,760.0,1167.0,855.0,859.0,220.0,0.0,True,0.032995301799151555,30
25,random,0,,,,,,,,1024.0,,953.0,126.0,0.0,False,0.0,30
25,random,1,ATTIA_CONT_S25_ST01,7.480336700814003,6.913151642880365,3.6859596271789483,3.524876082833404,720080545.0,551.0,1024.0,648.0,953.0,126.0,0.0,True,0.13013649998540178,30
25,random,2,ATTIA_CONT_S25_ST02,3.78667712269269,6.533638126206679,5.446003286395947,4.299696114069285,1204552257.0,724.0,1024.0,782.0,953.0,126.0,0.0,True,0.16343473900949412,30
25,random,3,ATTIA_CONT_S25_ST03,5.530942401695976,4.755237158825089,5.147516887971149,4.032755012545882,243656873.0,946.0,1024.0,957.0,957.0,122.0,0.0,True,0.05528127379871399,30
25,random,4,ATTIA_CONT_S25_ST04,6.120064791770005,6.616366329420298,3.93283118037876,3.780343032385414,959999739.0,830.0,1024.0,758.0,957.0,122.0,0.0,True,0.1340196072104728,30
25,random,5,ATTIA_CONT_S25_ST05,4.895462330831899,6.566656156013847,4.8121790547684675,3.7178596521904392,1893424180.0,952.0,1024.0,760.0,957.0,122.0,0.0,True,0.1328021767802563,30
25,random,6,ATTIA_CONT_S25_ST06,4.028050958163663,6.706470524827539,5.079811954663565,4.182229792075314,2008996628.0,685.0,1024.0,767.0,957.0,122.0,0.0,True,0.12581157408077037,30
25,random,7,ATTIA_CONT_S25_ST07,5.099477531671435,6.614847409604115,4.829140977131521,3.5844403528751805,1915358808.0,819.0,1024.0,708.0,957.0,122.0,0.0,True,0.1313414297924555,30
25,random,8,ATTIA_CONT_S25_ST08,5.911329432991125,6.448221367938745,3.770593965324395,4.100462661371804,632852052.0,870.0,1024.0,775.0,957.0,122.0,0.0,True,0.1816566324557419,30
25,random,9,ATTIA_CONT_S25_ST09,6.2366631485982005,3.6770570479817097,5.405632175421434,4.628722691134887,1338087378.0,1195.0,1195.0,978.0,978.0,101.0,0.0,True,0.12689192454230264,30
25,random,10,ATTIA_CONT_S25_ST10,6.191101595571348,6.04002277709343,4.09688645562502,3.8144484329900723,708467401.0,892.0,1195.0,865.0,978.0,101.0,0.0,True,0.10671999087762934,30
25,random,11,ATTIA_CONT_S25_ST11,5.662560016366823,5.965368668256314,4.678840453341836,3.631446493166887,492106728.0,753.0,1195.0,751.0,978.0,101.0,0.0,True,0.06817953593523995,30
25,random,12,ATTIA_CONT_S25_ST12,7.468136723557572,4.897304069429746,4.401935263849763,3.7304477317253624,1930721134.0,480.0,1195.0,777.0,978.0,101.0,0.0,True,0.12748325871448787,30
25,random,13,ATTIA_CONT_S25_ST13,5.540868542395536,5.967129803079814,4.392037923733776,3.8821877404081837,2075633121.0,810.0,1195.0,764.0,978.0,101.0,0.0,True,0.027626205319019825,30
25,random,14,ATTIA_CONT_S25_ST14,4.763404140246608,4.458925800576605,5.309974318685748,4.743712740109253,316378904.0,930.0,1195.0,992.0,992.0,87.0,0.0,True,0.15407354474644525,30
25,random,15,ATTIA_CONT_S25_ST15,4.34775614875563,6.672968648681887,4.5300234124736845,4.296974508888458,1417523273.0,1071.0,1195.0,818.0,992.0,87.0,0.0,True,0.11960037051353391,30
25,random,16,ATTIA_CONT_S25_ST16,6.2244385097678325,6.3027292837398665,3.8143573273559994,3.9706570672451535,1298553959.0,792.0,1195.0,807.0,992.0,87.0,0.0,True,0.13899984179703007,30
25,random,17,ATTIA_CONT_S25_ST17,4.742075931709216,4.7238128638528,5.265341127189858,4.528152705758288,114840007.0,1116.0,1195.0,1050.0,1050.0,29.0,0.0,True,0.05267526654820053,30
25,random,18,ATTIA_CONT_S25_ST18,5.0365582166490395,5.639749699484712,5.344623658620662,3.6986584460212684,1648052744.0,917.0,1195.0,791.0,1050.0,29.0,0.0,True,0.0821448293181681,30
25,random,19,ATTIA_CONT_S25_ST19,6.40722020119358,5.2978887232556495,4.666995976055789,3.646515818242391,1188422904.0,927.0,1195.0,838.0,1050.0,29.0,0.0,True,0.12804625876494363,30
25,random,20,ATTIA_CONT_S25_ST20,4.452174202976661,6.389680641355519,4.7967162178884974,4.10263694110023,331453772.0,886.0,1195.0,828.0,1050.0,29.0,0.0,True,0.14674755316894383,30
25,random,21,ATTIA_CONT_S25_ST21,7.452122144108354,5.431927474367483,4.108398605391809,3.6813048097720107,217747889.0,958.0,1195.0,789.0,1050.0,29.0,0.0,True,0.14052877420715967,30
25,random,22,ATTIA_CONT_S25_ST22,7.208592900991511,5.041301755764893,4.3451713846201505,3.7578724499960847,1583804349.0,883.0,1195.0,802.0,1050.0,29.0,0.0,True,0.07803292640841306,30
25,random,23,ATTIA_CONT_S25_ST23,7.988658168127987,5.188379880725624,4.900309394765467,3.211832645170841,302360136.0,511.0,1195.0,662.0,1050.0,29.0,0.0,True,0.05320466892519519,30
25,random,24,ATTIA_CONT_S25_ST24,5.459464347828506,4.773887525044977,5.119931776431944,4.075358407765414,2000457504.0,797.0,1195.0,884.0,1050.0,29.0,0.0,True,0.08123610053880233,30
25,random,25,ATTIA_CONT_S25_ST25,4.905385236929224,5.288493514442465,4.354093019122951,4.745701048646332,1897438549.0,944.0,1195.0,1001.0,1050.0,29.0,0.0,True,0.12766440361143547,30
25,greedy,0,,,,,,,,1024.0,,953.0,126.0,0.0,False,0.0,30
25,greedy,1,ATTIA_CONT_S25_ST01,5.2,5.6,4.4,4.252035398230091,720080545.0,1066.0,1066.0,917.0,953.0,126.0,0.0,False,1.598114225331848e-05,30
25,greedy,2,ATTIA_CONT_S25_ST02,5.2,5.6,4.4,4.252035398230091,1204552257.0,760.0,1066.0,917.0,953.0,126.0,0.0,False,1.598114225331848e-05,30
25,greedy,3,ATTIA_CONT_S25_ST03,5.2,5.601,4.4,4.2514590548986835,243656873.0,1086.0,1086.0,917.0,953.0,126.0,0.0,False,0.0003822932302180359,30
25,greedy,4,ATTIA_CONT_S25_ST04,5.2,5.601,4.4,4.2514590548986835,959999739.0,814.0,1086.0,917.0,953.0,126.0,0.0,False,0.0003822932302180359,30
25,greedy,5,ATTIA_CONT_S25_ST05,5.204,5.599,4.399,4.25087395782303,1893424180.0,1179.0,1179.0,917.0,953.0,126.0,0.0,True,0.0011922217637876577,30
25,greedy,6,ATTIA_CONT_S25_ST06,5.204,5.599,4.399,4.25087395782303,2008996628.0,1065.0,1179.0,917.0,953.0,126.0,0.0,True,0.0011922217637876577,30
25,greedy,7,ATTIA_CONT_S25_ST07,5.178,5.557,4.46,4.236567991959691,1915358808.0,874.0,1179.0,920.0,953.0,126.0,0.0,True,0.03366731106115034,30
25,greedy,8,ATTIA_CONT_S25_ST08,5.277,5.523,4.332,4.311637455275524,632852052.0,774.0,1179.0,931.0,953.0,126.0,0.0,True,0.051962105260641954,30
25,greedy,9,ATTIA_CONT_S25_ST09,5.189,5.62,4.394,4.253527906179606,1338087378.0,935.0,1179.0,915.0,953.0,126.0,0.0,True,0.007094215929445123,30
25,greedy,10,ATTIA_CONT_S25_ST10,5.207,5.598,4.399,4.249450387194389,708467401.0,705.0,1179.0,917.0,953.0,126.0,0.0,True,0.0021099685097897653,30
25,greedy,11,ATTIA_CONT_S25_ST11,4.867,5.412,4.857,4.215763256747772,492106728.0,1004.0,1179.0,910.0,953.0,126.0,0.0,True,0.06443760701567752,30
25,greedy,12,ATTIA_CONT_S25_ST12,6.451,5.338,4.776,3.551107466760695,1930721134.0,1038.0,1179.0,781.0,953.0,126.0,0.0,True,0.1292096329674828,30
25,greedy,13,ATTIA_CONT_S25_ST13,7.486,5.282,5.316,3.1025351509331127,2075633121.0,421.0,1179.0,699.0,953.0,126.0,0.0,True,0.13277608551227096,30
25,greedy,14,ATTIA_CONT_S25_ST14,6.45,5.338,4.775,3.5519636969021904,316378904.0,697.0,1179.0,781.0,953.0,126.0,0.0,True,0.1290464995796245,30
25,greedy,15,ATTIA_CONT_S25_ST15,5.171,5.549,4.401,4.300827318028046,1417523273.0,771.0,1179.0,932.0,953.0,126.0,0.0,True,0.02747044216604325,30
25,greedy,16,ATTIA_CONT_S25_ST16,3.855,5.811,5.538,4.519325907132102,1298553959.0,978.0,1179.0,833.0,953.0,126.0,0.0,True,0.08870656231242419,30
25,greedy,17,ATTIA_CONT_S25_ST17,6.897,6.449,3.784,3.7173429906417135,114840007.0,718.0,1179.0,694.0,953.0,126.0,0.0,True,0.17470484102686817,30
25,greedy,18,ATTIA_CONT_S25_ST18,6.003,6.705,5.581,2.9548367783971985,1648052744.0,490.0,1179.0,637.0,953.0,126.0,0.0,True,0.09110782029433605,30
25,greedy,19,ATTIA_CONT_S25_ST19,4.896,5.336,4.407,4.656210141285089,1188422904.0,921.0,1179.0,987.0,987.0,92.0,0.0,True,0.09103948022211891,30
25,greedy,20,ATTIA_CONT_S25_ST20,4.942,5.275,4.336,4.744162959170897,331453772.0,732.0,1179.0,1001.0,1001.0,78.0,0.0,True,0.12473766530270718,30
25,greedy,21,ATTIA_CONT_S25_ST21,6.196,4.892,5.388,3.547031469316719,217747889.0,890.0,1179.0,794.0,1001.0,78.0,0.0,True,0.11874644429626918,30
25,greedy,22,ATTIA_CONT_S25_ST22,7.469,4.614,5.086,3.4953211024919972,1583804349.0,797.0,1179.0,740.0,1001.0,78.0,0.0,True,0.13424607165483718,30
25,greedy,23,ATTIA_CONT_S25_ST23,5.544,5.02,5.245,3.800876686150724,302360136.0,906.0,1179.0,840.0,1001.0,78.0,0.0,True,0.07391680730939262,30
25,greedy,24,ATTIA_CONT_S25_ST24,5.532,5.034,5.261,3.790179224295815,2000457504.0,692.0,1179.0,837.0,1001.0,78.0,0.0,True,0.07167753323080728,30
25,greedy,25,ATTIA_CONT_S25_ST25,6.741,5.663,5.25,3.145382559652879,1897438549.0,641.0,1179.0,670.0,1001.0,78.0,0.0,True,0.06699231601324035,30
25,gp_ucb,0,,,,,,,,1024.0,,953.0,126.0,0.0,False,0.0,30
25,gp_ucb,1,ATTIA_CONT_S25_ST01,5.23,5.572,4.389,4.258623861274425,720080545.0,624.0,1024.0,920.0,953.0,126.0,0.0,True,0.012389531989992729,30
25,gp_ucb,2,ATTIA_CONT_S25_ST02,5.464,6.875,4.986,3.2862187055670766,1204552257.0,985.0,1024.0,665.0,953.0,126.0,0.0,True,0.10472992249898594,30
25,gp_ucb,3,ATTIA_CONT_S25_ST03,7.014,5.168,5.272,3.251170329990156,243656873.0,766.0,1024.0,689.0,953.0,126.0,0.0,True,0.03820340210004163,30
25,gp_ucb,4,ATTIA_CONT_S25_ST04,7.901,3.955,4.279,4.540849447647403,959999739.0,740.0,1024.0,826.0,953.0,126.0,0.0,True,0.11651539483321253,30
25,gp_ucb,5,ATTIA_CONT_S25_ST05,5.069,5.922,4.431,4.140594676197344,1893424180.0,812.0,1024.0,795.0,953.0,126.0,0.0,True,0.05863823168184211,30
25,gp_ucb,6,ATTIA_CONT_S25_ST06,5.265,6.397,4.134,4.078635019150618,2008996628.0,964.0,1024.0,887.0,953.0,126.0,0.0,True,0.16407906735837924,30
25,gp_ucb,7,ATTIA_CONT_S25_ST07,4.839,6.011,5.51,3.5864250491394323,1915358808.0,796.0,1024.0,784.0,953.0,126.0,0.0,True,0.04631951750065262,30
25,gp_ucb,8,ATTIA_CONT_S25_ST08,7.057,5.546,3.625,4.2470445039460465,632852052.0,697.0,1024.0,756.0,953.0,126.0,0.0,True,0.026330329561231196,30
25,gp_ucb,9,ATTIA_CONT_S25_ST09,7.591,4.744,3.995,4.158126691579619,1338087378.0,538.0,1024.0,823.0,953.0,126.0,0.0,True,0.1183827300140424,30
25,gp_ucb,10,ATTIA_CONT_S25_ST10,7.101,5.683,4.547,3.371322832782488,708467401.0,598.0,1024.0,673.0,953.0,126.0,0.0,True,0.10303547974573923,30
25,gp_ucb,11,ATTIA_CONT_S25_ST11,4.867,5.412,4.857,4.215763256747772,492106728.0,1004.0,1024.0,910.0,953.0,126.0,0.0,True,0.06443760701567752,30
25,gp_ucb,12,ATTIA_CONT_S25_ST12,6.451,5.338,4.776,3.551107466760695,1930721134.0,1038.0,1038.0,781.0,953.0,126.0,0.0,True,0.1292096329674828,30
25,gp_ucb,13,ATTIA_CONT_S25_ST13,7.486,5.282,5.316,3.1025351509331127,2075633121.0,421.0,1038.0,699.0,953.0,126.0,0.0,True,0.13277608551227096,30
25,gp_ucb,14,ATTIA_CONT_S25_ST14,5.749,4.632,5.012,4.09870627391356,316378904.0,870.0,1038.0,878.0,953.0,126.0,0.0,True,0.13005988849947173,30
25,gp_ucb,15,ATTIA_CONT_S25_ST15,6.755,5.978,5.342,3.022800898788027,1417523273.0,508.0,1038.0,630.0,953.0,126.0,0.0,True,0.09049968015854767,30
25,gp_ucb,16,ATTIA_CONT_S25_ST16,5.064,5.637,4.57,4.1728690656089045,1298553959.0,921.0,1038.0,880.0,953.0,126.0,0.0,True,0.09785231242623761,30
25,gp_ucb,17,ATTIA_CONT_S25_ST17,4.988,5.574,4.666,4.181800075091378,114840007.0,963.0,1038.0,891.0,953.0,126.0,0.0,True,0.08025341747003886,30
25,gp_ucb,18,ATTIA_CONT_S25_ST18,5.0,5.495,4.714,4.180328622846954,1648052744.0,751.0,1038.0,898.0,953.0,126.0,0.0,True,0.07033994088119293,30
25,gp_ucb,19,ATTIA_CONT_S25_ST19,4.989,5.597,4.646,4.184340188267177,1188422904.0,1101.0,1101.0,889.0,953.0,126.0,0.0,True,0.08845820991232846,30
25,gp_ucb,20,ATTIA_CONT_S25_ST20,5.008,5.52,4.684,4.18408885326332,331453772.0,914.0,1101.0,896.0,953.0,126.0,0.0,True,0.07876512331490684,30
25,gp_ucb,21,ATTIA_CONT_S25_ST21,4.952,5.538,4.72,4.184805833348336,217747889.0,1029.0,1101.0,896.0,953.0,126.0,0.0,True,0.0563291171505746,30
25,gp_ucb,22,ATTIA_CONT_S25_ST22,4.952,5.504,4.739,4.1894697042118,1583804349.0,1021.0,1101.0,900.0,953.0,126.0,0.0,True,0.05425377016553243,30
25,gp_ucb,23,ATTIA_CONT_S25_ST23,4.944,5.462,4.772,4.194118929576697,302360136.0,741.0,1101.0,904.0,953.0,126.0,0.0,True,0.054051168699847156,30
25,gp_ucb,24,ATTIA_CONT_S25_ST24,4.935,5.545,4.714,4.1977586186004,2000457504.0,1052.0,1101.0,898.0,953.0,126.0,0.0,True,0.05525464804129292,30
25,gp_ucb,25,ATTIA_CONT_S25_ST25,4.912,5.537,4.73,4.206442679617603,1897438549.0,895.0,1101.0,900.0,953.0,126.0,0.0,True,0.04716707836664026,30
26,random,0,,,,,,,,1147.0,,1026.0,53.0,0.0,False,0.0,30
26,random,1,ATTIA_CONT_S26_ST01,7.692276380784104,6.870804168519072,4.959266015508441,2.807831789685292,2027737500.0,728.0,1147.0,581.0,1026.0,53.0,0.0,True,0.11264561516831474,30
26,random,2,ATTIA_CONT_S26_ST02,7.443101680949301,4.2710637170828765,5.4727588386226556,3.544542812340337,797311523.0,775.0,1147.0,747.0,1026.0,53.0,0.0,True,0.12581718904683672,30
26,random,3,ATTIA_CONT_S26_ST03,7.609188967230914,3.7175331395002376,5.086690735095117,4.231438891594357,861200027.0,873.0,1147.0,799.0,1026.0,53.0,0.0,True,0.11196244723749449,30
26,random,4,ATTIA_CONT_S26_ST04,5.016742734592959,6.774059315424015,3.802734018520185,4.476072563175562,651455510.0,420.0,1147.0,771.0,1026.0,53.0,0.0,True,0.13108234962907347,30
26,random,5,ATTIA_CONT_S26_ST05,4.764253119260334,4.58263103169486,5.159631699139396,4.7301607325993595,1977395364.0,1019.0,1147.0,1091.0,1091.0,0.0,12.0,True,0.14060336177174385,30
26,random,6,ATTIA_CONT_S26_ST06,7.9252722311357395,3.8060278436980366,4.6289200489846305,4.378658008421542,1123261194.0,693.0,1147.0,799.0,1091.0,0.0,12.0,True,0.11949274824471992,30
26,random,7,ATTIA_CONT_S26_ST07,6.8994081482245,5.2014158012941305,5.406742325923577,3.2135352817351204,1489791841.0,665.0,1147.0,685.0,1091.0,0.0,12.0,True,0.10637916761145327,30
26,random,8,ATTIA_CONT_S26_ST08,6.786216982207489,5.0574288165291295,4.481627131981023,3.7719671935741603,299759619.0,701.0,1147.0,739.0,1091.0,0.0,12.0,True,0.08438600379893955,30
26,random,9,ATTIA_CONT_S26_ST09,5.550162303570021,4.8153894889837305,5.461381347487282,3.8111638186160097,889426355.0,978.0,1147.0,836.0,1091.0,0.0,12.0,True,0.0787263431463674,30
26,random,10,ATTIA_CONT_S26_ST10,5.745760213358776,4.427859123721733,5.481285553549456,3.983901382644832,1569482459.0,631.0,1147.0,807.0,1091.0,0.0,12.0,True,0.07007945652754634,30
26,random,11,ATTIA_CONT_S26_ST11,7.982883102382177,4.237538387876278,3.9574168707581623,4.558110305621976,572055323.0,845.0,1147.0,811.0,1091.0,0.0,12.0,True,0.11637967213273917,30
26,random,12,ATTIA_CONT_S26_ST12,5.455510860844384,6.123821497524478,4.074453254217944,4.144149876150756,2025027166.0,774.0,1147.0,923.0,1091.0,0.0,12.0,True,0.06652994218494479,30
26,random,13,ATTIA_CONT_S26_ST13,4.578746612955965,6.711462262225295,4.27189176723892,4.313211638495314,700357439.0,713.0,1147.0,823.0,1091.0,0.0,12.0,True,0.1186494404571109,30
26,random,14,ATTIA_CONT_S26_ST14,4.230861443437889,5.821764257082178,5.095961851781137,4.367349959308544,307653923.0,788.0,1147.0,804.0,1091.0,0.0,12.0,True,0.09922284621962173,30
26,random,15,ATTIA_CONT_S26_ST15,6.681251882405736,6.119329490394243,5.447461886211923,2.9702459358637663,2115189188.0,642.0,1147.0,647.0,1091.0,0.0,12.0,True,0.11571610397297492,30
26,random,16,ATTIA_CONT_S26_ST16,7.995185094518723,6.761942690137051,4.000951005836655,3.221327928428408,739501505.0,521.0,1147.0,609.0,1091.0,0.0,12.0,True,0.07376154853071548,30
26,random,17,ATTIA_CONT_S26_ST17,5.539128179275895,3.97785260955384,5.340384464172287,4.669511731936281,723713329.0,1083.0,1147.0,970.0,1091.0,0.0,12.0,True,0.07380528916427934,30
26,random,18,ATTIA_CONT_S26_ST18,5.860502970034993,6.121809572300891,3.613323604445657,4.492451599149774,1411298865.0,861.0,1147.0,845.0,1091.0,0.0,12.0,True,0.04842164261370086,30
26,random,19,ATTIA_CONT_S26_ST19,5.048186529742275,5.413221767663996,5.105728050951191,3.926942046556829,841197429.0,887.0,1147.0,800.0,1091.0,0.0,12.0,True,0.08656235643281493,30
26,random,20,ATTIA_CONT_S26_ST20,5.554290176094327,5.389333651631053,4.5314743637051205,4.047568625093266,619429555.0,1029.0,1147.0,941.0,1091.0,0.0,12.0,True,0.09197221022408518,30
26,random,21,ATTIA_CONT_S26_ST21,7.117957299739123,6.211260044108039,4.883034354997303,3.057590023659584,2137413763.0,553.0,1147.0,627.0,1091.0,0.0,12.0,True,0.0942267000454061,30
26,random,22,ATTIA_CONT_S26_ST22,7.642093302947593,4.999285428304949,4.539195481258969,3.544249360144289,736301395.0,719.0,1147.0,736.0,1091.0,0.0,12.0,True,0.12763597109752603,30
26,random,23,ATTIA_CONT_S26_ST23,5.172231228056926,6.464242276344631,4.700399640544952,3.6690766399711463,1157663274.0,645.0,1147.0,817.0,1091.0,0.0,12.0,True,0.15103548140582707,30
26,random,24,ATTIA_CONT_S26_ST24,6.542680921851428,6.3047378849181985,4.994659176167726,3.108814237931914,1325127054.0,905.0,1147.0,662.0,1091.0,0.0,12.0,True,0.17050555210574247,30
26,random,25,ATTIA_CONT_S26_ST25,4.319944969694983,5.5909383882445685,4.700858088673024,4.755995272145905,1018945308.0,1186.0,1186.0,952.0,1091.0,0.0,12.0,True,0.10191778983437529,30
26,greedy,0,,,,,,,,1147.0,,1026.0,53.0,0.0,False,0.0,30
26,greedy,1,ATTIA_CONT_S26_ST01,3.99664750375936,5.237786068535452,5.450854244072369,4.7905159158783395,2027737500.0,803.0,1147.0,938.0,1026.0,53.0,0.0,True,0.08430213660295184,30
26,greedy,2,ATTIA_CONT_S26_ST02,4.0,5.607,5.195,4.706058218726455,797311523.0,972.0,1147.0,976.0,1026.0,53.0,0.0,True,0.0032664254568608416,30
26,greedy,3,ATTIA_CONT_S26_ST03,4.002,5.626,5.182,4.700652852448898,861200027.0,696.0,1147.0,974.0,1026.0,53.0,0.0,True,0.012161224394861638,30
26,greedy,4,ATTIA_CONT_S26_ST04,5.749,4.632,5.012,4.09870627391356,651455510.0,924.0,1147.0,878.0,1026.0,53.0,0.0,True,0.13005988849947173,30
26,greedy,5,ATTIA_CONT_S26_ST05,6.755,5.978,5.342,3.022800898788027,1977395364.0,847.0,1147.0,630.0,1026.0,53.0,0.0,True,0.09049968015854767,30
26,greedy,6,ATTIA_CONT_S26_ST06,3.855,5.811,5.538,4.519325907132102,1123261194.0,629.0,1147.0,833.0,1026.0,53.0,0.0,True,0.08870656231242419,30
26,greedy,7,ATTIA_CONT_S26_ST07,5.6,6.0,5.2,3.380804953560373,1489791841.0,1025.0,1147.0,789.0,1026.0,53.0,0.0,False,8.805708335302143e-05,30
26,greedy,8,ATTIA_CONT_S26_ST08,4.0,5.6,5.2,4.70689655172414,299759619.0,1168.0,1168.0,976.0,1026.0,53.0,0.0,False,4.670351054603117e-05,30
26,greedy,9,ATTIA_CONT_S26_ST09,4.0,5.6,5.2,4.70689655172414,889426355.0,989.0,1168.0,976.0,1026.0,53.0,0.0,False,4.670351054603117e-05,30
26,greedy,10,ATTIA_CONT_S26_ST10,5.609,5.997,5.197,3.3797520959864085,1569482459.0,802.0,1168.0,715.0,1026.0,53.0,0.0,True,0.0027440548176242687,30
26,greedy,11,ATTIA_CONT_S26_ST11,3.98,5.618,5.218,4.707356458638878,572055323.0,975.0,1168.0,915.0,1026.0,53.0,0.0,True,0.011389237769055368,30
26,greedy,12,ATTIA_CONT_S26_ST12,6.0,6.0,3.6,4.500000000000002,2025027166.0,1137.0,1168.0,1026.0,1026.0,53.0,0.0,False,8.881784197001252e-16,30
26,greedy,13,ATTIA_CONT_S26_ST13,5.772,4.662,4.928,4.120977599888734,700357439.0,1266.0,1266.0,884.0,1026.0,53.0,0.0,True,0.09243529050213949,30
26,greedy,14,ATTIA_CONT_S26_ST14,7.323,5.432,4.569,3.403481954134201,307653923.0,550.0,1266.0,767.0,1026.0,53.0,0.0,True,0.1319672602071754,30
26,greedy,15,ATTIA_CONT_S26_ST15,3.957,5.603,5.223,4.746535795989996,2115189188.0,1021.0,1266.0,917.0,1026.0,53.0,0.0,True,0.02339071936289022,30
26,greedy,16,ATTIA_CONT_S26_ST16,7.177,5.742,4.256,3.5102302495554647,739501505.0,952.0,1266.0,660.0,1026.0,53.0,0.0,True,0.09245586924521204,30
26,greedy,17,ATTIA_CONT_S26_ST17,6.0,6.0,3.6,4.500000000000002,723713329.0,1170.0,1266.0,1026.0,1026.0,53.0,0.0,False,8.881784197001252e-16,30
26,greedy,18,ATTIA_CONT_S26_ST18,5.772,4.662,4.928,4.120977599888734,1411298865.0,917.0,1266.0,884.0,1026.0,53.0,0.0,True,0.09243529050213949,30
26,greedy,19,ATTIA_CONT_S26_ST19,5.816,4.655,4.91,4.11683415541349,841197429.0,657.0,1266.0,880.0,1026.0,53.0,0.0,True,0.09307760423905376,30
26,greedy,20,ATTIA_CONT_S26_ST20,5.581,5.993,5.201,3.389578652465702,619429555.0,951.0,1266.0,718.0,1026.0,53.0,0.0,True,0.006175388959027447,30
26,greedy,21,ATTIA_CONT_S26_ST21,6.0,6.0,3.6,4.500000000000002,2137413763.0,724.0,1266.0,1026.0,1026.0,53.0,0.0,False,8.881784197001252e-16,30
26,greedy,22,ATTIA_CONT_S26_ST22,7.127,5.758,4.271,3.5061487924865924,736301395.0,621.0,1266.0,662.0,1026.0,53.0,0.0,True,0.08463121361281656,30
26,greedy,23,ATTIA_CONT_S26_ST23,5.749,4.632,5.012,4.09870627391356,1157663274.0,1198.0,1266.0,878.0,1026.0,53.0,0.0,True,0.13005988849947173,30
26,greedy,24,ATTIA_CONT_S26_ST24,5.704,4.651,5.029,4.09561540426358,1325127054.0,867.0,1266.0,880.0,1026.0,53.0,0.0,True,0.12266827733648696,30
26,greedy,25,ATTIA_CONT_S26_ST25,5.99,5.977,3.622,4.484508979980758,1018945308.0,1018.0,1266.0,760.0,1026.0,53.0,0.0,True,0.014860626289420495,30
26,gp_ucb,0,,,,,,,,1147.0,,1026.0,53.0,0.0,False,0.0,30
26,gp_ucb,1,ATTIA_CONT_S26_ST01,4.380010250439933,4.735230257231251,5.423797265461849,4.774005272877537,2027737500.0,960.0,1147.0,967.0,1026.0,53.0,0.0,True,0.13122589015370503,30
26,gp_ucb,2,ATTIA_CONT_S26_ST02,4.029455644059877,5.934485283617491,4.838701228741419,4.762194679628845,797311523.0,1007.0,1147.0,876.0,1026.0,53.0,0.0,True,0.032891789534341444,30
26,gp_ucb,3,ATTIA_CONT_S26_ST03,3.859,5.674,5.454,4.659730966611002,861200027.0,924.0,1147.0,870.0,1026.0,53.0,0.0,True,0.13448058285294714,30
26,gp_ucb,4,ATTIA_CONT_S26_ST04,4.424671027606891,5.383958493900539,4.704476065459717,4.7840626160992,651455510.0,1184.0,1184.0,983.0,1026.0,53.0,0.0,True,0.12771346067278488,30
26,gp_ucb,5,ATTIA_CONT_S26_ST05,4.57799202278764,5.330625776059116,4.608681438165926,4.754661436860174,1977395364.0,1311.0,1311.0,1079.0,1079.0,0.0,0.0,True,0.15668885292469786,30
26,gp_ucb,6,ATTIA_CONT_S26_ST06,4.771,5.165,4.5,4.8099908297187834,1123261194.0,1199.0,1311.0,1105.0,1105.0,0.0,26.0,True,0.17242023741857138,30
26,gp_ucb,7,ATTIA_CONT_S26_ST07,4.830068860152169,5.2059670148333,4.457937204856425,4.764384976654341,1489791841.0,1279.0,1311.0,1012.0,1105.0,0.0,26.0,True,0.14312850866590465,30
26,gp_ucb,8,ATTIA_CONT_S26_ST08,4.824771887280402,5.165142768794954,4.479968598641721,4.779011174685663,299759619.0,1251.0,1311.0,1016.0,1105.0,0.0,26.0,True,0.15190716918376873,30
26,gp_ucb,9,ATTIA_CONT_S26_ST09,4.8573117213475205,5.121226320200531,4.464833220830604,4.802615495109843,889426355.0,704.0,1311.0,923.0,1105.0,0.0,26.0,True,0.15619607595880097,30
26,gp_ucb,10,ATTIA_CONT_S26_ST10,4.604259149459693,5.279614206143515,4.576444945353224,4.802494410898922,1569482459.0,971.0,1311.0,1091.0,1105.0,0.0,26.0,True,0.17416238595823946,30
26,gp_ucb,11,ATTIA_CONT_S26_ST11,4.807054859590991,5.212741715445572,4.47452856186799,4.762338068661955,572055323.0,970.0,1311.0,1011.0,1105.0,0.0,26.0,True,0.14746742229186544,30
26,gp_ucb,12,ATTIA_CONT_S26_ST12,4.537365225590394,5.323596661063514,4.6153228764792615,4.797805684421398,2025027166.0,1112.0,1311.0,1082.0,1105.0,0.0,26.0,True,0.16537065481179436,30
26,gp_ucb,13,ATTIA_CONT_S26_ST13,4.597599395550283,5.427074785539946,4.490455231895186,4.787606863530239,700357439.0,1123.0,1311.0,990.0,1105.0,0.0,26.0,True,0.1305021941358543,30
26,gp_ucb,14,ATTIA_CONT_S26_ST14,4.670519535703155,5.386051114372726,4.446186162653453,4.792766765278709,307653923.0,859.0,1311.0,998.0,1105.0,0.0,26.0,True,0.1269619012062875,30
26,gp_ucb,15,ATTIA_CONT_S26_ST15,4.767635956250419,5.017656362179982,4.651876773171373,4.777316310665002,2115189188.0,1166.0,1311.0,999.0,1105.0,0.0,26.0,True,0.1712547224424048,30
26,gp_ucb,16,ATTIA_CONT_S26_ST16,4.687044042683503,4.964462459533181,4.767316373582507,4.789594301756895,739501505.0,1089.0,1311.0,999.0,1105.0,0.0,26.0,True,0.16814244619739413,30
26,gp_ucb,17,ATTIA_CONT_S26_ST17,4.905221811436078,4.977322133742162,4.532424535007545,4.80942090599107,723713329.0,855.0,1311.0,1004.0,1105.0,0.0,26.0,True,0.17524292012047799,30
26,gp_ucb,18,ATTIA_CONT_S26_ST18,4.655743764255977,5.189242121440772,4.60249423804048,4.794667874509375,1411298865.0,1151.0,1311.0,1100.0,1105.0,0.0,26.0,True,0.1845990607855774,30
26,gp_ucb,19,ATTIA_CONT_S26_ST19,4.538303001999,5.288247005041215,4.631170536802088,4.80861838968873,841197429.0,1028.0,1311.0,1087.0,1105.0,0.0,26.0,True,0.16975740947472773,30
26,gp_ucb,20,ATTIA_CONT_S26_ST20,4.242620772804674,5.542643741433218,4.77785616067354,4.809732805020224,619429555.0,1462.0,1462.0,954.0,1105.0,0.0,26.0,True,0.11872087929679633,30
26,gp_ucb,21,ATTIA_CONT_S26_ST21,4.161200121926183,5.9482507122262716,4.630729336785192,4.785772328729173,2137413763.0,905.0,1462.0,895.0,1105.0,0.0,26.0,True,0.0936924948855124,30
26,gp_ucb,22,ATTIA_CONT_S26_ST22,4.44469534456589,5.428792788342815,4.630664331549476,4.803275059042376,736301395.0,1019.0,1462.0,982.0,1105.0,0.0,26.0,True,0.14688285496362188,30
26,gp_ucb,23,ATTIA_CONT_S26_ST23,4.248650974404243,5.246568679100706,5.032040498537603,4.793009093566289,1157663274.0,970.0,1462.0,964.0,1105.0,0.0,26.0,True,0.15019864352202625,30
26,gp_ucb,24,ATTIA_CONT_S26_ST24,4.331187883383272,5.412566093446024,4.782626854119112,4.7937621342635595,1325127054.0,740.0,1462.0,973.0,1105.0,0.0,26.0,True,0.11921781929990054,30
26,gp_ucb,25,ATTIA_CONT_S26_ST25,4.586,5.264,4.629,4.778301192378566,1018945308.0,1105.0,1462.0,1089.0,1105.0,0.0,26.0,True,0.1682600476001687,30
27,random,0,,,,,,,,1150.0,,918.0,161.0,0.0,False,0.0,30
27,random,1,ATTIA_CONT_S27_ST01,7.304054390246625,6.877985922077935,3.947452358206148,3.359044296293953,1153769814.0,460.0,1150.0,651.0,918.0,161.0,0.0,True,0.0821803032448986,30
27,random,2,ATTIA_CONT_S27_ST02,4.3341765941666806,6.3803312932160825,4.811968765862767,4.200583223380047,1925793707.0,876.0,1150.0,840.0,918.0,161.0,0.0,True,0.12681410990470265,30
27,random,3,ATTIA_CONT_S27_ST03,6.517611637294175,4.258488811072462,5.2679764240018,3.917703149643818,348451672.0,935.0,1150.0,836.0,918.0,161.0,0.0,True,0.14189390055423806,30
27,random,4,ATTIA_CONT_S27_ST04,5.582338522992419,4.948297743644768,4.398972272399088,4.448766378733853,1612373344.0,893.0,1150.0,891.0,918.0,161.0,0.0,True,0.06766509353181943,30
27,random,5,ATTIA_CONT_S27_ST05,6.770699101489445,4.783861062712106,3.8808508622921254,4.567743588925505,1755038806.0,865.0,1150.0,879.0,918.0,161.0,0.0,True,0.14155834254965563,30
27,random,6,ATTIA_CONT_S27_ST06,7.5853062032441105,4.680881764015852,5.2412456226959865,3.366207756612245,1607663669.0,406.0,1150.0,744.0,918.0,161.0,0.0,True,0.11527360371032447,30
27,random,7,ATTIA_CONT_S27_ST07,6.373974258276771,5.895397006416426,4.551282940333346,3.4830678992518833,2099856199.0,534.0,1150.0,734.0,918.0,161.0,0.0,True,0.14417936040568413,30
27,random,8,ATTIA_CONT_S27_ST08,4.538153414713752,6.893932158514065,5.580592982516306,3.4634209731970778,432421091.0,638.0,1150.0,680.0,918.0,161.0,0.0,True,0.05053962238715763,30
27,random,9,ATTIA_CONT_S27_ST09,6.959585044348321,4.554687954719179,5.368304765247702,3.523433716471614,1696206490.0,472.0,1150.0,729.0,918.0,161.0,0.0,True,0.11606384917540573,30
27,random,10,ATTIA_CONT_S27_ST10,7.699589088666464,6.682506384349901,5.102285662914062,2.794691663056783,1096397710.0,463.0,1150.0,584.0,918.0,161.0,0.0,True,0.13582915700043816,30
27,random,11,ATTIA_CONT_S27_ST11,6.7024787488624185,6.895853894165517,4.721009558292101,3.0552913734266944,992956942.0,538.0,1150.0,616.0,918.0,161.0,0.0,True,0.09726578766585632,30
27,random,12,ATTIA_CONT_S27_ST12,4.99688542569672,5.808753214146245,5.231806381898831,3.7048547029577934,628463371.0,940.0,1150.0,784.0,918.0,161.0,0.0,True,0.077567282870354,30
27,random,13,ATTIA_CONT_S27_ST13,4.98599507897788,6.4310349967561,3.8221590207224807,4.637286224570039,872985793.0,774.0,1150.0,879.0,918.0,161.0,0.0,True,0.17652763555179934,30
27,random,14,ATTIA_CONT_S27_ST14,4.651110243226383,6.0222036850842695,4.362311381391192,4.483451261889697,552113248.0,956.0,1150.0,942.0,942.0,137.0,0.0,True,0.0804251184579619,30
27,random,15,ATTIA_CONT_S27_ST15,6.772752000850083,4.322611322007212,4.6106318972116425,4.21139140535525,1600931491.0,928.0,1150.0,853.0,942.0,137.0,0.0,True,0.12013463577293104,30
27,random,16,ATTIA_CONT_S27_ST16,5.142486701373943,5.9615095954923305,5.5691154846517374,3.429703353019336,369509670.0,532.0,1150.0,682.0,942.0,137.0,0.0,True,0.0319522914367311,30
27,random,17,ATTIA_CONT_S27_ST17,7.357301543412898,6.2594174819332835,5.139679490566859,2.9146871231607454,1813789834.0,589.0,1150.0,632.0,942.0,137.0,0.0,True,0.12433444314999176,30
27,random,18,ATTIA_CONT_S27_ST18,6.940588521401235,6.658218221796309,4.1867785612488975,3.330936373482456,1932663284.0,911.0,1150.0,643.0,942.0,137.0,0.0,True,0.13849596087499078,30
27,random,19,ATTIA_CONT_S27_ST19,6.937612284534168,6.243235643804379,4.190194118865592,3.44393248049118,817742960.0,570.0,1150.0,687.0,942.0,137.0,0.0,True,0.13182664519856266,30
27,random,20,ATTIA_CONT_S27_ST20,7.509932412954447,4.4307368189450465,4.503920429944401,3.9611575547646,312334125.0,670.0,1150.0,820.0,942.0,137.0,0.0,True,0.1236046540543789,30
27,random,21,ATTIA_CONT_S27_ST21,7.36549302379348,6.0536588001879705,4.739462508836383,3.111568228738243,1886586140.0,596.0,1150.0,700.0,942.0,137.0,0.0,True,0.09360146369527082,30
27,random,22,ATTIA_CONT_S27_ST22,7.50189213487814,4.641303938461254,3.7070819883180763,4.65499529145926,1143259816.0,1206.0,1206.0,923.0,942.0,137.0,0.0,True,0.15085569060292914,30
27,random,23,ATTIA_CONT_S27_ST23,7.417255693708223,6.134813057091112,5.471964266751591,2.834798998620396,890743217.0,728.0,1206.0,638.0,942.0,137.0,0.0,True,0.12430588059720767,30
27,random,24,ATTIA_CONT_S27_ST24,7.280135609290479,5.0882434484941825,4.4280887915838125,3.6548276333662217,1625542028.0,794.0,1206.0,773.0,942.0,137.0,0.0,True,0.07481880809244938,30
27,random,25,ATTIA_CONT_S27_ST25,6.264672535463472,4.28461867927658,5.381857994679065,3.929186071452626,626154937.0,887.0,1206.0,856.0,942.0,137.0,0.0,True,0.12596492434973833,30
27,greedy,0,,,,,,,,1150.0,,918.0,161.0,0.0,False,0.0,30
27,greedy,1,ATTIA_CONT_S27_ST01,7.048,3.734,5.153,4.355816558390516,1153769814.0,1028.0,1150.0,810.0,918.0,161.0,0.0,True,0.09442204531459437,30
27,greedy,2,ATTIA_CONT_S27_ST02,6.904,3.6,5.214,4.567864998206565,1925793707.0,690.0,1150.0,881.0,918.0,161.0,0.0,True,0.0268179858219783,30
27,greedy,3,ATTIA_CONT_S27_ST03,5.61,5.573,5.204,3.5275388360559012,348451672.0,748.0,1150.0,780.0,918.0,161.0,0.0,True,0.008742226890162892,30
27,greedy,4,ATTIA_CONT_S27_ST04,6.91,3.74,5.182,4.380965829913236,1612373344.0,685.0,1150.0,829.0,918.0,161.0,0.0,True,0.0846007828685113,30
27,greedy,5,ATTIA_CONT_S27_ST05,6.741,5.663,5.25,3.145382559652879,1755038806.0,736.0,1150.0,670.0,918.0,161.0,0.0,True,0.06699231601324035,30
27,greedy,6,ATTIA_CONT_S27_ST06,7.177,5.742,4.256,3.5102302495554647,1607663669.0,758.0,1150.0,660.0,918.0,161.0,0.0,True,0.09245586924521204,30
27,greedy,7,ATTIA_CONT_S27_ST07,5.941,4.87,5.307,3.686740356171338,2099856199.0,873.0,1150.0,790.0,918.0,161.0,0.0,True,0.06730661489868017,30
27,greedy,8,ATTIA_CONT_S27_ST08,7.887,6.146,4.076,3.3501242415802035,432421091.0,687.0,1150.0,678.0,918.0,161.0,0.0,True,0.07221883363195347,30
27,greedy,9,ATTIA_CONT_S27_ST09,5.547,5.628,5.204,3.5309136666826455,1696206490.0,738.0,1150.0,780.0,918.0,161.0,0.0,True,0.015155120224467846,30
27,greedy,10,ATTIA_CONT_S27_ST10,6.939,3.683,5.175,4.455020676148259,1096397710.0,775.0,1150.0,826.0,918.0,161.0,0.0,True,0.04810610579921573,30
27,greedy,11,ATTIA_CONT_S27_ST11,6.957,3.727,5.164,4.3930445481386915,992956942.0,1130.0,1150.0,824.0,918.0,161.0,0.0,True,0.07770843709627082,30
27,greedy,12,ATTIA_CONT_S27_ST12,7.142,3.646,5.186,4.4205437679096296,628463371.0,739.0,1150.0,793.0,918.0,161.0,0.0,True,0.06354390842506658,30
27,greedy,13,ATTIA_CONT_S27_ST13,6.997,3.705,5.164,4.407984106620878,872985793.0,1047.0,1150.0,818.0,918.0,161.0,0.0,True,0.06834349921874495,30
27,greedy,14,ATTIA_CONT_S27_ST14,7.045,3.66,5.184,4.4392473000434,552113248.0,1095.0,1150.0,808.0,918.0,161.0,0.0,True,0.04927130976855416,30
27,greedy,15,ATTIA_CONT_S27_ST15,6.987,3.694,5.155,4.434300508674841,1600931491.0,660.0,1150.0,820.0,918.0,161.0,0.0,True,0.05855847482346673,30
27,greedy,16,ATTIA_CONT_S27_ST16,7.145,3.714,5.173,4.332522578369377,369509670.0,892.0,1150.0,792.0,918.0,161.0,0.0,True,0.10447252010576119,30
27,greedy,17,ATTIA_CONT_S27_ST17,7.006,3.69,5.17,4.421409355957812,1813789834.0,1056.0,1150.0,816.0,918.0,161.0,0.0,True,0.060422402465994986,30
27,greedy,18,ATTIA_CONT_S27_ST18,6.981,3.705,5.158,4.418751807434818,1932663284.0,821.0,1150.0,821.0,918.0,161.0,0.0,True,0.06529429355154405,30
27,greedy,19,ATTIA_CONT_S27_ST19,6.995,3.696,5.166,4.420125076310117,817742960.0,1006.0,1150.0,818.0,918.0,161.0,0.0,True,0.062222903808406047,30
27,greedy,20,ATTIA_CONT_S27_ST20,7.094,3.666,5.174,4.418557449836219,312334125.0,1002.0,1150.0,801.0,918.0,161.0,0.0,True,0.06214158272531049,30
27,greedy,21,ATTIA_CONT_S27_ST21,7.136,3.638,5.168,4.447922789047516,1886586140.0,805.0,1150.0,795.0,918.0,161.0,0.0,True,0.05434673331728529,30
27,greedy,22,ATTIA_CONT_S27_ST22,6.92,3.714,5.167,4.424048968762909,1143259816.0,956.0,1150.0,830.0,918.0,161.0,0.0,True,0.0657830278160935,30
27,greedy,23,ATTIA_CONT_S27_ST23,7.091,3.66,5.165,4.4350890797107505,890743217.0,1140.0,1150.0,803.0,918.0,161.0,0.0,True,0.05623411154814737,30
27,greedy,24,ATTIA_CONT_S27_ST24,7.163,3.623,5.163,4.463751084107049,1625542028.0,939.0,1150.0,792.0,918.0,161.0,0.0,True,0.05342254190815475,30
27,greedy,25,ATTIA_CONT_S27_ST25,7.082,3.631,5.153,4.491105079223917,626154937.0,1011.0,1150.0,805.0,918.0,161.0,0.0,True,0.03757680397605739,30
27,gp_ucb,0,,,,,,,,1150.0,,918.0,161.0,0.0,False,0.0,30
27,gp_ucb,1,ATTIA_CONT_S27_ST01,7.234,4.104,5.018,3.9658944811933647,1153769814.0,1155.0,1155.0,832.0,918.0,161.0,0.0,True,0.11350136061958091,30
27,gp_ucb,2,ATTIA_CONT_S27_ST02,7.093,3.63,4.867,4.730328875425607,1925793707.0,1056.0,1155.0,822.0,918.0,161.0,0.0,True,0.18938040710487491,30
27,gp_ucb,3,ATTIA_CONT_S27_ST03,8.0,3.685,5.253,4.055223981630589,348451672.0,879.0,1155.0,775.0,918.0,161.0,0.0,True,0.07364900351527284,30
27,gp_ucb,4,ATTIA_CONT_S27_ST04,6.672,3.977,5.003,4.307980043161058,1612373344.0,991.0,1155.0,815.0,918.0,161.0,0.0,True,0.12611517006387768,30
27,gp_ucb,5,ATTIA_CONT_S27_ST05,7.57,3.688,4.915,4.412586300536001,1755038806.0,1258.0,1258.0,829.0,918.0,161.0,0.0,True,0.12281777884722876,30
27,gp_ucb,6,ATTIA_CONT_S27_ST06,8.0,3.791,4.654,4.353850296111295,1607663669.0,945.0,1258.0,786.0,918.0,161.0,0.0,True,0.11330664051666801,30
27,gp_ucb,7,ATTIA_CONT_S27_ST07,7.348,3.669,4.964,4.479531975258688,2099856199.0,1002.0,1258.0,857.0,918.0,161.0,0.0,True,0.14582305241918375,30
27,gp_ucb,8,ATTIA_CONT_S27_ST08,7.236,3.6,4.938,4.654485486064437,432421091.0,1102.0,1258.0,941.0,941.0,138.0,0.0,True,0.15116610543237252,30
27,gp_ucb,9,ATTIA_CONT_S27_ST09,7.127,3.639,4.954,4.62184124520027,1696206490.0,1064.0,1258.0,807.0,941.0,138.0,0.0,True,0.13251719576354795,30
27,gp_ucb,10,ATTIA_CONT_S27_ST10,7.107,3.6,4.974,4.677185925924948,1096397710.0,857.0,1258.0,808.0,941.0,138.0,0.0,True,0.1317798037869517,30
27,gp_ucb,11,ATTIA_CONT_S27_ST11,7.804,3.677,4.914,4.352881551799626,992956942.0,1099.0,1258.0,793.0,941.0,138.0,0.0,True,0.10078537660246407,30
27,gp_ucb,12,ATTIA_CONT_S27_ST12,8.0,3.702,4.887,4.281104841690982,628463371.0,753.0,1258.0,766.0,941.0,138.0,0.0,True,0.1120644137320628,30
27,gp_ucb,13,ATTIA_CONT_S27_ST13,6.923,3.627,4.998,4.692692050415503,872985793.0,882.0,1258.0,835.0,941.0,138.0,0.0,True,0.1245430743556043,30
27,gp_ucb,14,ATTIA_CONT_S27_ST14,7.66,3.656,4.919,4.425391614671919,552113248.0,829.0,1258.0,815.0,941.0,138.0,0.0,True,0.1044852409641346,30
27,gp_ucb,15,ATTIA_CONT_S27_ST15,7.205,3.701,4.986,4.468634418979959,1600931491.0,948.0,1258.0,876.0,941.0,138.0,0.0,True,0.12431729365401661,30
27,gp_ucb,16,ATTIA_CONT_S27_ST16,7.246,3.712,4.958,4.45959967662288,369509670.0,1054.0,1258.0,874.0,941.0,138.0,0.0,True,0.1416792525488928,30
27,gp_ucb,17,ATTIA_CONT_S27_ST17,7.148,3.687,4.991,4.507546185834384,1813789834.0,810.0,1258.0,798.0,941.0,138.0,0.0,True,0.11350433678667178,30
27,gp_ucb,18,ATTIA_CONT_S27_ST18,6.98,3.805,4.97,4.423848483044962,1932663284.0,886.0,1258.0,782.0,941.0,138.0,0.0,True,0.1151976523852783,30
27,gp_ucb,19,ATTIA_CONT_S27_ST19,5.65,5.545,5.229,3.511749193781478,817742960.0,691.0,1258.0,775.0,941.0,138.0,0.0,True,0.02503718113818549,30
27,gp_ucb,20,ATTIA_CONT_S27_ST20,7.127,3.615,4.797,4.80924037827009,312334125.0,989.0,1258.0,823.0,941.0,138.0,0.0,True,0.23654935425014145,30
27,gp_ucb,21,ATTIA_CONT_S27_ST21,7.121568269438272,3.628621127739727,4.795716995313076,4.789073544563167,1886586140.0,928.0,1258.0,825.0,941.0,138.0,0.0,True,0.23204090682510256,30
27,gp_ucb,22,ATTIA_CONT_S27_ST22,7.475,3.652,4.782,4.61650716331512,1143259816.0,891.0,1258.0,918.0,941.0,138.0,0.0,True,0.13159943508814784,30
27,gp_ucb,23,ATTIA_CONT_S27_ST23,7.643,3.604,4.961,4.475215721304594,890743217.0,735.0,1258.0,812.0,941.0,138.0,0.0,True,0.11484748064922569,30
27,gp_ucb,24,ATTIA_CONT_S27_ST24,7.134,3.634,4.957,4.624368741701393,1625542028.0,614.0,1258.0,806.0,941.0,138.0,0.0,True,0.1317025759343866,30
27,gp_ucb,25,ATTIA_CONT_S27_ST25,5.27,5.821,4.251,4.22744576503616,626154937.0,822.0,1258.0,880.0,941.0,138.0,0.0,True,0.10075334241129565,30
28,random,0,,,,,,,,1199.0,,928.0,151.0,0.0,False,0.0,30
28,random,1,ATTIA_CONT_S28_ST01,7.953750235668251,3.914861788021132,5.303735856400179,3.7932917536955495,1485347269.0,506.0,1199.0,732.0,928.0,151.0,0.0,True,0.0605597545481689,30
28,random,2,ATTIA_CONT_S28_ST02,4.634389962265705,5.60499523590991,5.345371193700148,3.9672279585548904,1909795229.0,734.0,1199.0,849.0,928.0,151.0,0.0,True,0.08314878690622753,30
28,random,3,ATTIA_CONT_S28_ST03,6.6315892500386475,3.7772179609726035,5.5263461244184295,4.222198872628635,510835936.0,940.0,1199.0,824.0,928.0,151.0,0.0,True,0.10755976207281318,30
28,random,4,ATTIA_CONT_S28_ST04,4.653063382249289,5.846733495252328,4.426426228495478,4.515292520407839,2095848948.0,1110.0,1199.0,907.0,928.0,151.0,0.0,True,0.08378487466084157,30
28,random,5,ATTIA_CONT_S28_ST05,4.090805515982341,5.972299400673253,5.409126562852248,4.227073803067724,1281253230.0,822.0,1199.0,807.0,928.0,151.0,0.0,True,0.0987413596267998,30
28,random,6,ATTIA_CONT_S28_ST06,7.691068556193162,6.428990963234219,4.262697379473298,3.1931157287796874,1493749037.0,755.0,1199.0,646.0,928.0,151.0,0.0,True,0.15997635572626867,30
28,random,7,ATTIA_CONT_S28_ST07,6.845356059064345,5.526772621093068,4.135836094659528,3.780398302783321,1001330061.0,630.0,1199.0,754.0,928.0,151.0,0.0,True,0.08124144167761678,30
28,random,8,ATTIA_CONT_S28_ST08,7.7818968360917875,6.536196677781218,5.241931431260988,2.769573617337734,7094540.0,601.0,1199.0,597.0,928.0,151.0,0.0,True,0.15211979167449513,30
28,random,9,ATTIA_CONT_S28_ST09,6.224006648339143,5.398690107736703,4.164276452499983,4.043716584583168,1118951652.0,873.0,1199.0,920.0,928.0,151.0,0.0,True,0.13350103835917707,30
28,random,10,ATTIA_CONT_S28_ST10,4.205252746861793,5.2436478590554465,5.263624833700476,4.654509269540453,257093996.0,1237.0,1237.0,1031.0,1031.0,48.0,0.0,True,0.08394133833187985,30
28,random,11,ATTIA_CONT_S28_ST11,6.5049024790330305,4.0208085111302365,5.288175056376874,4.135721551500928,1898995832.0,719.0,1237.0,905.0,1031.0,48.0,0.0,True,0.13007897396049475,30
28,random,12,ATTIA_CONT_S28_ST12,7.194214468795669,4.396852519151418,4.5625731908712694,4.036770706846683,1875992870.0,994.0,1237.0,773.0,1031.0,48.0,0.0,True,0.12997057128255748,30
28,random,13,ATTIA_CONT_S28_ST13,5.545293948855791,4.466246813479535,4.944838035168757,4.407859095497953,644414090.0,745.0,1237.0,886.0,1031.0,48.0,0.0,True,0.1033657869529813,30
28,random,14,ATTIA_CONT_S28_ST14,4.6457220557075924,6.938454509277523,5.418448814737865,3.455394422903487,66806511.0,741.0,1237.0,683.0,1031.0,48.0,0.0,True,0.11118907049926455,30
28,random,15,ATTIA_CONT_S28_ST15,5.085589120713893,4.905042770519047,5.027161181527388,4.2751844369038,1630165400.0,1008.0,1237.0,856.0,1031.0,48.0,0.0,True,0.1086422940430496,30
28,random,16,ATTIA_CONT_S28_ST16,4.500713135819845,6.950504056200183,4.682330586044645,3.941616681760474,803400912.0,555.0,1237.0,751.0,1031.0,48.0,0.0,True,0.06527346712557025,30
28,random,17,ATTIA_CONT_S28_ST17,6.117744212049499,6.761125941584913,4.922151761404818,3.136695439643291,241957625.0,760.0,1237.0,660.0,1031.0,48.0,0.0,True,0.09802295123407945,30
28,random,18,ATTIA_CONT_S28_ST18,6.121429378961475,5.6046033216034115,4.876874602371563,3.4904174955751532,1239550377.0,554.0,1237.0,773.0,1031.0,48.0,0.0,True,0.06053757894635066,30
28,random,19,ATTIA_CONT_S28_ST19,7.621132852683777,4.440673099321651,3.9762211057228884,4.435906020189232,166967942.0,927.0,1237.0,810.0,1031.0,48.0,0.0,True,0.10035930074211993,30
28,random,20,ATTIA_CONT_S28_ST20,4.890447745108375,5.7390630151617685,5.449263570132038,3.6887087995476953,1915843227.0,707.0,1237.0,778.0,1031.0,48.0,0.0,True,0.09041931860025791,30
28,random,21,ATTIA_CONT_S28_ST21,5.446530743222745,5.071787524888554,4.2438057943788845,4.609919508780046,754671962.0,798.0,1237.0,972.0,1031.0,48.0,0.0,True,0.11161716251711294,30
28,random,22,ATTIA_CONT_S28_ST22,6.5502388347678995,3.794769485775757,5.068746700572262,4.5483676035359135,608343782.0,917.0,1237.0,886.0,1031.0,48.0,0.0,True,0.1344001266405224,30
28,random,23,ATTIA_CONT_S28_ST23,5.454465910536161,4.547156422194681,5.399360172391655,4.083757262675072,88425004.0,1159.0,1237.0,955.0,1031.0,48.0,0.0,True,0.11806657267782979,30
28,random,24,ATTIA_CONT_S28_ST24,7.50068254175031,4.517350400720925,5.404970274932938,3.405663539216032,686442857.0,619.0,1237.0,754.0,1031.0,48.0,0.0,True,0.15887897704662454,30
28,random,25,ATTIA_CONT_S28_ST25,6.099670937408142,6.672463495589431,5.525432730746278,2.953868737760467,663494561.0,765.0,1237.0,638.0,1031.0,48.0,0.0,True,0.10882402673283414,30
28,greedy,0,,,,,,,,1199.0,,928.0,151.0,0.0,False,0.0,30
28,greedy,1,ATTIA_CONT_S28_ST01,5.6,5.2,4.4,4.252035398230091,1485347269.0,753.0,1199.0,928.0,928.0,151.0,0.0,False,1.598114225331848e-05,30
28,greedy,2,ATTIA_CONT_S28_ST02,5.586,5.205,4.401,4.25585679021034,1909795229.0,954.0,1199.0,930.0,930.0,149.0,0.0,True,0.003945684323524478,30
28,greedy,3,ATTIA_CONT_S28_ST03,5.599,5.198,4.4,4.25395066612618,510835936.0,781.0,1199.0,929.0,930.0,149.0,0.0,True,0.0010831615991983398,30
28,greedy,4,ATTIA_CONT_S28_ST04,5.598,5.197,4.4,4.25519826335407,2095848948.0,913.0,1199.0,929.0,930.0,149.0,0.0,True,0.0017521523611264316,30
28,greedy,5,ATTIA_CONT_S28_ST05,5.599,5.195,4.398,4.257834899664862,1281253230.0,979.0,1199.0,930.0,930.0,149.0,0.0,True,0.0031864778578543393,30
28,greedy,6,ATTIA_CONT_S28_ST06,5.605,5.186,4.394,4.26418698862903,1493749037.0,911.0,1199.0,931.0,931.0,148.0,0.0,True,0.007584104092220348,30
28,greedy,7,ATTIA_CONT_S28_ST07,5.615,5.16,4.392,4.278005492202436,1001330061.0,745.0,1199.0,934.0,934.0,145.0,0.0,True,0.017431940904389716,30
28,greedy,8,ATTIA_CONT_S28_ST08,5.587,5.202,4.402,4.256348375477814,7094540.0,1061.0,1199.0,930.0,934.0,145.0,0.0,True,0.0037321996711526285,30
28,greedy,9,ATTIA_CONT_S28_ST09,5.58,5.213,4.394,4.2605646477699635,1118951652.0,917.0,1199.0,931.0,934.0,145.0,0.0,True,0.007696205514645577,30
28,greedy,10,ATTIA_CONT_S28_ST10,5.562,5.211,4.407,4.260242652205114,257093996.0,1177.0,1199.0,932.0,934.0,145.0,0.0,True,0.010542859520265317,30
28,greedy,11,ATTIA_CONT_S28_ST11,5.478,5.195,4.413,4.316131444037417,1898995832.0,1137.0,1199.0,949.0,949.0,130.0,0.0,True,0.04063871116327767,30
28,greedy,12,ATTIA_CONT_S28_ST12,5.27,5.168,4.415,4.472652081829774,1875992870.0,849.0,1199.0,987.0,987.0,92.0,0.0,True,0.027944979767142854,30
28,greedy,13,ATTIA_CONT_S28_ST13,5.56,5.09,4.398,4.354689760283674,644414090.0,1087.0,1199.0,872.0,987.0,92.0,0.0,True,0.05726871601130925,30
28,greedy,14,ATTIA_CONT_S28_ST14,5.62,4.887,4.371,4.504661216983286,66806511.0,1366.0,1366.0,959.0,987.0,92.0,0.0,True,0.0397411861196962,30
28,greedy,15,ATTIA_CONT_S28_ST15,5.789881031166732,4.661410489355768,4.227247508142513,4.772578969959793,1630165400.0,750.0,1366.0,979.0,987.0,92.0,0.0,True,0.12787539785796923,30
28,greedy,16,ATTIA_CONT_S28_ST16,5.617,4.89,4.372,4.502981044114369,803400912.0,1097.0,1366.0,959.0,987.0,92.0,0.0,True,0.0405690169731877,30
28,greedy,17,ATTIA_CONT_S28_ST17,5.619,4.889,4.372,4.502544341432091,241957625.0,1044.0,1366.0,959.0,987.0,92.0,0.0,True,0.04055617280831317,30
28,greedy,18,ATTIA_CONT_S28_ST18,5.618,4.889,4.371,4.50424804571679,1239550377.0,681.0,1366.0,960.0,987.0,92.0,0.0,True,0.040196352114846644,30
28,greedy,19,ATTIA_CONT_S28_ST19,5.549,4.816,4.459,4.520510450896032,166967942.0,707.0,1366.0,972.0,987.0,92.0,0.0,True,0.03734592622619939,30
28,greedy,20,ATTIA_CONT_S28_ST20,5.581,5.104,4.391,4.338570712755586,1915843227.0,598.0,1366.0,867.0,987.0,92.0,0.0,True,0.048617644222979664,30
28,greedy,21,ATTIA_CONT_S28_ST21,5.474,5.189,4.408,4.3275814450257,754671962.0,1129.0,1366.0,952.0,987.0,92.0,0.0,True,0.044842577641145444,30
28,greedy,22,ATTIA_CONT_S28_ST22,5.621,4.888,4.372,4.502108984340269,608343782.0,1157.0,1366.0,959.0,987.0,92.0,0.0,True,0.04055110038295188,30
28,greedy,23,ATTIA_CONT_S28_ST23,5.479,5.194,4.411,4.318116108598112,88425004.0,1012.0,1366.0,950.0,987.0,92.0,0.0,True,0.04099502954454939,30
28,greedy,24,ATTIA_CONT_S28_ST24,5.622,4.887,4.372,4.502316108842027,686442857.0,1014.0,1366.0,959.0,987.0,92.0,0.0,True,0.04032792977735417,30
28,greedy,25,ATTIA_CONT_S28_ST25,5.563,5.086,4.399,4.354800372991727,663494561.0,818.0,1366.0,872.0,987.0,92.0,0.0,True,0.05787197524801321,30
28,gp_ucb,0,,,,,,,,1199.0,,928.0,151.0,0.0,False,0.0,30
28,gp_ucb,1,ATTIA_CONT_S28_ST01,5.65,5.316,4.407,4.1438909849244645,1485347269.0,1179.0,1199.0,897.0,928.0,151.0,0.0,True,0.06072549604583892,30
28,gp_ucb,2,ATTIA_CONT_S28_ST02,6.23,4.892,4.31,4.230373336682396,1909795229.0,862.0,1199.0,914.0,928.0,151.0,0.0,True,0.08621046917702797,30
28,gp_ucb,3,ATTIA_CONT_S28_ST03,5.265,5.383,4.455,4.288846941370751,510835936.0,1013.0,1199.0,943.0,943.0,136.0,0.0,True,0.07297023952752482,30
28,gp_ucb,4,ATTIA_CONT_S28_ST04,5.649,5.309,4.291,4.257030081601834,2095848948.0,899.0,1199.0,915.0,943.0,136.0,0.0,True,0.06424323953591073,30
28,gp_ucb,5,ATTIA_CONT_S28_ST05,5.604,5.182,4.483,4.186749671215238,1281253230.0,832.0,1199.0,917.0,943.0,136.0,0.0,True,0.05117519647840851,30
28,gp_ucb,6,ATTIA_CONT_S28_ST06,5.443,5.329,4.393,4.267599301667138,1493749037.0,695.0,1199.0,934.0,943.0,136.0,0.0,True,0.052674214478369355,30
28,gp_ucb,7,ATTIA_CONT_S28_ST07,5.629,5.246,4.4,4.205431416097245,1001330061.0,823.0,1199.0,915.0,943.0,136.0,0.0,True,0.025855399599533768,30
28,gp_ucb,8,ATTIA_CONT_S28_ST08,5.642,5.219,4.401,4.214740224954852,7094540.0,863.0,1199.0,917.0,943.0,136.0,0.0,True,0.020138501816198476,30
28,gp_ucb,9,ATTIA_CONT_S28_ST09,5.628,5.226,4.399,4.21985458770634,1118951652.0,1011.0,1199.0,919.0,943.0,136.0,0.0,True,0.017602243559813418,30
28,gp_ucb,10,ATTIA_CONT_S28_ST10,5.621,5.164,4.396,4.268010862495738,257093996.0,792.0,1199.0,931.0,943.0,136.0,0.0,True,0.013825307768054561,30
28,gp_ucb,11,ATTIA_CONT_S28_ST11,5.641,5.251,4.396,4.199204249384847,1898995832.0,647.0,1199.0,912.0,943.0,136.0,0.0,True,0.029731500377740874,30
28,gp_ucb,12,ATTIA_CONT_S28_ST12,5.557,5.254,4.418,4.224718136944016,1875992870.0,1177.0,1199.0,924.0,943.0,136.0,0.0,True,0.024092749437814833,30
28,gp_ucb,13,ATTIA_CONT_S28_ST13,5.528,5.303,4.406,4.2211842303524945,644414090.0,781.0,1199.0,922.0,943.0,136.0,0.0,True,0.03725660433058331,30
28,gp_ucb,14,ATTIA_CONT_S28_ST14,5.647,5.279,4.378,4.194568625532986,66806511.0,827.0,1199.0,909.0,943.0,136.0,0.0,True,0.03804288791251309,30
28,gp_ucb,15,ATTIA_CONT_S28_ST15,5.564,5.26,4.421,4.214087784475245,1630165400.0,929.0,1199.0,921.0,943.0,136.0,0.0,True,0.02795661903788388,30
28,gp_ucb,16,ATTIA_CONT_S28_ST16,5.587,5.222,4.416,4.230125359592313,803400912.0,885.0,1199.0,924.0,943.0,136.0,0.0,True,0.01456457992946966,30
28,gp_ucb,17,ATTIA_CONT_S28_ST17,5.576,5.244,4.418,4.220256632295569,241957625.0,1063.0,1199.0,922.0,943.0,136.0,0.0,True,0.02199105041950394,30
28,gp_ucb,18,ATTIA_CONT_S28_ST18,5.566,5.238,4.423,4.225334596854602,1239550377.0,1055.0,1199.0,924.0,943.0,136.0,0.0,True,0.02148955761822915,30
28,gp_ucb,19,ATTIA_CONT_S28_ST19,5.125,4.803,4.517,4.79335142516157,166967942.0,1086.0,1199.0,1003.0,1003.0,76.0,0.0,True,0.16091117805842137,30
28,gp_ucb,20,ATTIA_CONT_S28_ST20,5.29044697002651,4.492462668784389,4.680734707325211,4.805921221557223,1915843227.0,1223.0,1223.0,1029.0,1029.0,50.0,0.0,True,0.14585224834251878,30
28,gp_ucb,21,ATTIA_CONT_S28_ST21,5.218320127320168,4.366437884539252,4.938386659834326,4.757693812811311,754671962.0,917.0,1223.0,1012.0,1029.0,50.0,0.0,True,0.14190124931235504,30
28,gp_ucb,22,ATTIA_CONT_S28_ST22,5.5866385656364095,4.312193432812443,4.6738259564210445,4.796696772254692,608343782.0,1053.0,1223.0,1005.0,1029.0,50.0,0.0,True,0.12564934478738649,30
28,gp_ucb,23,ATTIA_CONT_S28_ST23,5.338592368299036,4.446662847897323,4.692729189265273,4.806890909246676,88425004.0,1130.0,1223.0,1026.0,1029.0,50.0,0.0,True,0.13681630291157856,30
28,gp_ucb,24,ATTIA_CONT_S28_ST24,5.321349600515466,4.374504676801541,4.81981941894907,4.776983673330295,686442857.0,1073.0,1223.0,1018.0,1029.0,50.0,0.0,True,0.11618052522125837,30
28,gp_ucb,25,ATTIA_CONT_S28_ST25,5.634085824577897,4.319279141572426,4.633242970508229,4.796379590279133,663494561.0,1220.0,1223.0,1001.0,1029.0,50.0,0.0,True,0.13666403473004213,30
29,random,0,,,,,,,,987.0,,816.0,263.0,0.0,False,0.0,30
29,random,1,ATTIA_CONT_S29_ST01,6.019989795537647,5.183743506241706,5.200178672937895,3.545995793759722,1578703243.0,688.0,987.0,871.0,871.0,208.0,0.0,True,0.006611445272585449,30
29,random,2,ATTIA_CONT_S29_ST02,3.879181229278136,5.611556597637293,5.411756489275858,4.704544871239082,1491143803.0,898.0,987.0,887.0,887.0,192.0,0.0,True,0.10943934752975334,30
29,random,3,ATTIA_CONT_S29_ST03,4.9770650044649765,5.19521711808439,4.811250007496356,4.308844613494534,1082511365.0,925.0,987.0,941.0,941.0,138.0,0.0,True,0.07827486051575638,30
29,random,4,ATTIA_CONT_S29_ST04,7.227747940885777,6.714708758219777,5.455321475435696,2.756768067241743,292824624.0,547.0,987.0,601.0,941.0,138.0,0.0,True,0.12409159022443625,30
29,random,5,ATTIA_CONT_S29_ST05,4.630232350242823,5.341531925101351,4.9017841046026565,4.422002553904785,540430757.0,958.0,987.0,943.0,943.0,136.0,0.0,True,0.0778533775530279,30
29,random,6,ATTIA_CONT_S29_ST06,7.777751143570043,5.27048391880064,4.679959990120626,3.318416763398671,1095426691.0,681.0,987.0,712.0,943.0,136.0,0.0,True,0.08681931276054344,30
29,random,7,ATTIA_CONT_S29_ST07,5.6152226345479574,5.684114689670794,3.9666354765101217,4.401131642142858,2014806127.0,1040.0,1040.0,844.0,943.0,136.0,0.0,True,0.0313492453549439,30
29,random,8,ATTIA_CONT_S29_ST08,7.665468182887361,5.38716478450354,4.3070212824612355,3.507876696572543,511542088.0,413.0,1040.0,722.0,943.0,136.0,0.0,True,0.10668941298398536,30
29,random,9,ATTIA_CONT_S29_ST09,6.49877407990618,6.261968891896136,4.23494529279675,3.52567765341568,1219745641.0,775.0,1040.0,736.0,943.0,136.0,0.0,True,0.17224442756392264,30
29,random,10,ATTIA_CONT_S29_ST10,6.819266595433644,6.8803896294412965,4.395197020821278,3.1864557245061733,1593753996.0,603.0,1040.0,613.0,943.0,136.0,0.0,True,0.061460350200301155,30
29,random,11,ATTIA_CONT_S29_ST11,4.531899871819089,6.761839614754738,4.109771861296133,4.515405194352348,1555304239.0,595.0,1040.0,879.0,943.0,136.0,0.0,True,0.12260058970475894,30
29,random,12,ATTIA_CONT_S29_ST12,5.520291927709061,6.819578164459196,5.4400483114002665,3.1082450009828566,1827529526.0,593.0,1040.0,646.0,943.0,136.0,0.0,True,0.10921727313678288,30
29,random,13,ATTIA_CONT_S29_ST13,7.240542985051933,5.707340361736507,5.459267543921192,2.9688176629926732,1319497763.0,537.0,1040.0,653.0,943.0,136.0,0.0,True,0.09557710849203449,30
29,random,14,ATTIA_CONT_S29_ST14,6.7504054220570655,5.271584815690243,5.015380512542841,3.3771103399176607,858339277.0,545.0,1040.0,715.0,943.0,136.0,0.0,True,0.12068333193786492,30
29,random,15,ATTIA_CONT_S29_ST15,7.240987431223962,6.316126872867741,4.304540243999304,3.283070627314862,1132595827.0,592.0,1040.0,713.0,943.0,136.0,0.0,True,0.1246386704165715,30
29,random,16,ATTIA_CONT_S29_ST16,5.267955801760104,4.937500648778958,4.45466891781275,4.619125673845454,1805006751.0,1172.0,1172.0,999.0,999.0,80.0,0.0,True,0.09337901981939033,30
29,random,17,ATTIA_CONT_S29_ST17,5.33264575265763,5.395797503076738,4.392791226309882,4.294904476768596,1666775285.0,963.0,1172.0,939.0,999.0,80.0,0.0,True,0.0700297435254222,30
29,random,18,ATTIA_CONT_S29_ST18,7.230572658476999,5.723573236188587,4.123240271866877,3.5998679773854736,1315717618.0,916.0,1172.0,752.0,999.0,80.0,0.0,True,0.11707713189252515,30
29,random,19,ATTIA_CONT_S29_ST19,5.117177662699557,6.49432623589662,5.413992228196509,3.341955949721086,1928809013.0,809.0,1172.0,696.0,999.0,80.0,0.0,True,0.17450795156704257,30
29,random,20,ATTIA_CONT_S29_ST20,5.212304839536343,5.708799069775424,5.374166921656677,3.5684198109273066,315536574.0,998.0,1172.0,785.0,999.0,80.0,0.0,True,0.11069000238914899,30
29,random,21,ATTIA_CONT_S29_ST21,5.274461253641521,5.703381686796828,5.22284784257306,3.6108968116554085,1996504534.0,740.0,1172.0,831.0,999.0,80.0,0.0,True,0.05507384063606823,30
29,random,22,ATTIA_CONT_S29_ST22,4.312148096825358,6.620939302040146,4.946864211555221,4.028260358577788,524208433.0,790.0,1172.0,780.0,999.0,80.0,0.0,True,0.14295523549045497,30
29,random,23,ATTIA_CONT_S29_ST23,7.683294423410292,6.503575711752379,4.540049458758178,3.038060722008134,871830514.0,785.0,1172.0,638.0,999.0,80.0,0.0,True,0.18094680266628255,30
29,random,24,ATTIA_CONT_S29_ST24,6.2324502916503555,6.932921581965079,4.714955850551215,3.159034677939375,299675026.0,699.0,1172.0,650.0,999.0,80.0,0.0,True,0.07080136535697638,30
29,random,25,ATTIA_CONT_S29_ST25,7.107985939365857,4.322642099431063,5.067049868943094,3.788553046313553,1664941140.0,808.0,1172.0,713.0,999.0,80.0,0.0,True,0.08647903478627958,30
29,greedy,0,,,,,,,,987.0,,816.0,263.0,0.0,False,0.0,30
29,greedy,1,ATTIA_CONT_S29_ST01,5.209,6.982,3.6,4.538138003158034,1578703243.0,945.0,987.0,818.0,818.0,261.0,0.0,True,0.00569873027798219,30
29,greedy,2,ATTIA_CONT_S29_ST02,5.188,7.0,3.602,4.543386432768029,1491143803.0,806.0,987.0,817.0,818.0,261.0,0.0,True,0.0040928273422809955,30
29,greedy,3,ATTIA_CONT_S29_ST03,7.973,3.994,4.32,4.423741631337112,1082511365.0,892.0,987.0,769.0,818.0,261.0,0.0,True,0.05923767143573016,30
29,greedy,4,ATTIA_CONT_S29_ST04,7.904,3.965,4.367,4.4322674946748135,292824624.0,1024.0,1024.0,777.0,818.0,261.0,0.0,True,0.055408963483910945,30
29,greedy,5,ATTIA_CONT_S29_ST05,7.725,3.948,4.33,4.552825851039158,540430757.0,792.0,1024.0,853.0,853.0,226.0,0.0,True,0.12517075198481273,30
29,greedy,6,ATTIA_CONT_S29_ST06,7.911,4.074,4.376,4.292787702900682,1095426691.0,819.0,1024.0,796.0,853.0,226.0,0.0,True,0.035771020939306515,30
29,greedy,7,ATTIA_CONT_S29_ST07,5.258,6.84,3.6,4.562661118441086,2014806127.0,901.0,1024.0,842.0,853.0,226.0,0.0,True,0.05022458581351579,30
29,greedy,8,ATTIA_CONT_S29_ST08,5.212,6.924,3.6,4.560682234077331,511542088.0,842.0,1024.0,830.0,853.0,226.0,0.0,True,0.02492800813131412,30
29,greedy,9,ATTIA_CONT_S29_ST09,8.0,3.966,4.324,4.445970480636588,1219745641.0,897.0,1024.0,766.0,853.0,226.0,0.0,True,0.06618615741018892,30
29,greedy,10,ATTIA_CONT_S29_ST10,8.0,3.948,4.356,4.435138234051674,1593753996.0,727.0,1024.0,765.0,853.0,226.0,0.0,True,0.05529475075435438,30
29,greedy,11,ATTIA_CONT_S29_ST11,5.183,6.814,3.662,4.53384417898859,1555304239.0,768.0,1024.0,856.0,856.0,223.0,0.0,True,0.06301342049293794,30
29,greedy,12,ATTIA_CONT_S29_ST12,7.998,4.099,4.145,4.482584061487697,1827529526.0,839.0,1024.0,798.0,856.0,223.0,0.0,True,0.13403174165236803,30
29,greedy,13,ATTIA_CONT_S29_ST13,5.162,7.0,3.6,4.566730326349493,1319497763.0,735.0,1024.0,820.0,856.0,223.0,0.0,True,0.015960704502095937,30
29,greedy,14,ATTIA_CONT_S29_ST14,7.814,4.089,4.226,4.460921114392246,858339277.0,714.0,1024.0,824.0,856.0,223.0,0.0,True,0.11680040697377031,30
29,greedy,15,ATTIA_CONT_S29_ST15,8.0,3.859,4.482,4.423131602772406,1132595827.0,582.0,1024.0,759.0,856.0,223.0,0.0,True,0.07242519953562256,30
29,greedy,16,ATTIA_CONT_S29_ST16,7.835,4.114,4.359,4.2878325261848715,1805006751.0,798.0,1024.0,808.0,856.0,223.0,0.0,True,0.057267567423132874,30
29,greedy,17,ATTIA_CONT_S29_ST17,7.911,4.086,4.363,4.292051038566954,1666775285.0,629.0,1024.0,797.0,856.0,223.0,0.0,True,0.04067666025878547,30
29,greedy,18,ATTIA_CONT_S29_ST18,7.998,3.999,4.402,4.327691193842169,1315717618.0,910.0,1024.0,759.0,856.0,223.0,0.0,True,0.0011456672929322925,30
29,greedy,19,ATTIA_CONT_S29_ST19,5.212,6.924,3.6,4.560682234077331,1928809013.0,960.0,1024.0,830.0,856.0,223.0,0.0,True,0.02492800813131412,30
29,greedy,20,ATTIA_CONT_S29_ST20,5.217,6.787,3.633,4.565018218017873,315536574.0,999.0,1024.0,858.0,858.0,221.0,0.0,True,0.06611986590413635,30
29,greedy,21,ATTIA_CONT_S29_ST21,5.162,6.839,3.645,4.565348254534674,1996504534.0,780.0,1024.0,853.0,858.0,221.0,0.0,True,0.05465285472263194,30
29,greedy,22,ATTIA_CONT_S29_ST22,7.963,3.997,4.413,4.329722883346598,524208433.0,992.0,1024.0,763.0,858.0,221.0,0.0,True,0.01069328616671051,30
29,greedy,23,ATTIA_CONT_S29_ST23,5.219,6.787,3.632,4.565066792585251,871830514.0,960.0,1024.0,858.0,858.0,221.0,0.0,True,0.06602924314769419,30
29,greedy,24,ATTIA_CONT_S29_ST24,5.217,6.787,3.633,4.565018218017873,299675026.0,887.0,1024.0,858.0,858.0,221.0,0.0,True,0.06611986590413635,30
29,greedy,25,ATTIA_CONT_S29_ST25,5.206,6.995,3.6,4.534936699928121,1664941140.0,1008.0,1024.0,816.0,858.0,221.0,0.0,True,0.002211300370918772,30
29,gp_ucb,0,,,,,,,,987.0,,816.0,263.0,0.0,False,0.0,30
29,gp_ucb,1,ATTIA_CONT_S29_ST01,5.617,6.169,3.66,4.545919768411822,1578703243.0,905.0,987.0,930.0,930.0,149.0,0.0,True,0.10666476247425859,30
29,gp_ucb,2,ATTIA_CONT_S29_ST02,4.384,7.0,3.935,4.802050023674106,1491143803.0,926.0,987.0,770.0,930.0,149.0,0.0,True,0.06023711004957892,30
29,gp_ucb,3,ATTIA_CONT_S29_ST03,7.213,3.705,4.611,4.809622277487419,1082511365.0,1292.0,1292.0,993.0,993.0,86.0,0.0,True,0.1546557562189652,30
29,gp_ucb,4,ATTIA_CONT_S29_ST04,6.531335216503706,3.7314460892344252,4.902729193232135,4.801583217179808,292824624.0,832.0,1292.0,915.0,993.0,86.0,0.0,True,0.15316718494033021,30
29,gp_ucb,5,ATTIA_CONT_S29_ST05,7.354937475756406,3.7945991457892916,4.430833901899419,4.804305061684548,540430757.0,990.0,1292.0,918.0,993.0,86.0,0.0,True,0.114269998041659,30
29,gp_ucb,6,ATTIA_CONT_S29_ST06,7.568707323872166,3.737647086949639,4.440805018786543,4.7966696726587035,1095426691.0,653.0,1292.0,879.0,993.0,86.0,0.0,True,0.1593596729378967,30
29,gp_ucb,7,ATTIA_CONT_S29_ST07,6.895,3.964,4.391,4.800959171380286,2014806127.0,952.0,1292.0,845.0,993.0,86.0,0.0,True,0.0566682114425625,30
29,gp_ucb,8,ATTIA_CONT_S29_ST08,6.900839424768407,4.052963475146077,4.308461095738382,4.771243864574277,511542088.0,893.0,1292.0,884.0,993.0,86.0,0.0,True,0.06473592247001046,30
29,gp_ucb,9,ATTIA_CONT_S29_ST09,6.726226760258986,4.151713097585805,4.258655252840399,4.785118669349017,1219745641.0,576.0,1292.0,917.0,993.0,86.0,0.0,True,0.11269976704839135,30
29,gp_ucb,10,ATTIA_CONT_S29_ST10,5.629,6.13,3.652,4.57190539840454,1593753996.0,868.0,1292.0,936.0,993.0,86.0,0.0,True,0.09494343072699055,30
29,gp_ucb,11,ATTIA_CONT_S29_ST11,4.381402838283131,6.948251451796153,3.95173699882816,4.804884390155112,1555304239.0,969.0,1292.0,778.0,993.0,86.0,0.0,True,0.059346315567800796,30
29,gp_ucb,12,ATTIA_CONT_S29_ST12,7.144,3.752,4.569,4.808502892128449,1827529526.0,683.0,1292.0,841.0,993.0,86.0,0.0,True,0.12803908992045418,30
29,gp_ucb,13,ATTIA_CONT_S29_ST13,7.987,3.99,4.421,4.3231999682445545,1319497763.0,730.0,1292.0,759.0,993.0,86.0,0.0,True,0.01150330365132524,30
29,gp_ucb,14,ATTIA_CONT_S29_ST14,7.414,4.765,4.211,3.9822153692624718,858339277.0,1119.0,1292.0,828.0,993.0,86.0,0.0,True,0.13630876383849735,30
29,gp_ucb,15,ATTIA_CONT_S29_ST15,7.397,4.775,4.209,3.9819508881657653,1132595827.0,1008.0,1292.0,830.0,993.0,86.0,0.0,True,0.1341632414328961,30
29,gp_ucb,16,ATTIA_CONT_S29_ST16,7.257921641706329,3.7278338137367113,4.597504732064392,4.766643038183637,1805006751.0,1159.0,1292.0,986.0,993.0,86.0,0.0,True,0.14419873044144896,30
29,gp_ucb,17,ATTIA_CONT_S29_ST17,7.229,3.707,4.611,4.7991782778084575,1666775285.0,1054.0,1292.0,990.0,993.0,86.0,0.0,True,0.15393150689438342,30
29,gp_ucb,18,ATTIA_CONT_S29_ST18,7.384,4.765,4.201,3.9999483192353793,1315717618.0,1211.0,1292.0,835.0,993.0,86.0,0.0,True,0.13710735606829838,30
29,gp_ucb,19,ATTIA_CONT_S29_ST19,7.213,3.701,4.618,4.808765918511816,1928809013.0,892.0,1292.0,992.0,993.0,86.0,0.0,True,0.1575851506400525,30
29,gp_ucb,20,ATTIA_CONT_S29_ST20,7.391,4.762,4.202,3.99910530314082,315536574.0,606.0,1292.0,834.0,993.0,86.0,0.0,True,0.1377402764464457,30
29,gp_ucb,21,ATTIA_CONT_S29_ST21,7.395,4.776,4.212,3.9791541607930925,1996504534.0,939.0,1292.0,830.0,993.0,86.0,0.0,True,0.1325329936595006,30
29,gp_ucb,22,ATTIA_CONT_S29_ST22,7.232,3.708,4.611,4.79618288844187,524208433.0,917.0,1292.0,989.0,993.0,86.0,0.0,True,0.15357166123737767,30
29,gp_ucb,23,ATTIA_CONT_S29_ST23,7.404,4.77,4.211,3.981615850313361,871830514.0,669.0,1292.0,829.0,993.0,86.0,0.0,True,0.1345930540166848,30
29,gp_ucb,24,ATTIA_CONT_S29_ST24,6.603,5.909,5.127,3.1485371605291697,299675026.0,890.0,1292.0,639.0,993.0,86.0,0.0,True,0.11711577819171061,30
29,gp_ucb,25,ATTIA_CONT_S29_ST25,7.709,5.643,5.377,2.937488987034127,1664941140.0,471.0,1292.0,628.0,993.0,86.0,0.0,True,0.11179833139697372,30
