benchmark_seed,step,trust_region_center,trust_region_radius,success_counter,failure_counter,expanded,contracted,restarted,candidate_id,acquisition_score
0,1,"{""C1"": 7.0, ""C2"": 4.0, ""C3"": 5.2, ""C4"": 4.03}",0.8,0,1,False,False,False,ATTIA_CONT_2187651fd28e,22.497996178668856
0,2,"{""C1"": 7.0, ""C2"": 4.0, ""C3"": 5.2, ""C4"": 4.03}",0.8,0,2,False,False,False,ATTIA_CONT_881d4fb8cd06,24.68751255657062
0,3,"{""C1"": 7.0, ""C2"": 4.0, ""C3"": 5.2, ""C4"": 4.03}",0.8,0,3,False,False,False,ATTIA_CONT_bd272d5c665e,53.94740111453093
0,4,"{""C1"": 7.0, ""C2"": 4.0, ""C3"": 5.2, ""C4"": 4.03}",0.8,0,4,False,False,False,ATTIA_CONT_18495dd66957,53.3462406690318
0,5,"{""C1"": 7.0, ""C2"": 4.0, ""C3"": 5.2, ""C4"": 4.03}",0.4,0,0,False,True,False,ATTIA_CONT_715b98261625,52.83578685286256
0,6,"{""C1"": 7.0, ""C2"": 4.0, ""C3"": 5.2, ""C4"": 4.03}",0.4,0,1,False,False,False,ATTIA_CONT_b67316a86a7d,49.04080238562286
0,7,"{""C1"": 7.0, ""C2"": 4.0, ""C3"": 5.2, ""C4"": 4.03}",0.4,0,2,False,False,False,ATTIA_CONT_dac8cf471ecf,45.64829005714067
0,8,"{""C1"": 7.4830495128599495, ""C2"": 3.6146370693246475, ""C3"": 5.477662631158915, ""C4"": 4.158256432302532}",0.4,1,0,False,False,False,ATTIA_CONT_7cd6aa6eb3a7,43.552907767562516
0,9,"{""C1"": 7.4830495128599495, ""C2"": 3.6146370693246475, ""C3"": 5.477662631158915, ""C4"": 4.158256432302532}",0.4,0,1,False,False,False,ATTIA_CONT_795718055d74,56.518608368453975
0,10,"{""C1"": 7.4830495128599495, ""C2"": 3.6146370693246475, ""C3"": 5.477662631158915, ""C4"": 4.158256432302532}",0.4,0,2,False,False,False,ATTIA_CONT_90761f117a10,53.183442813613816
0,11,"{""C1"": 7.4830495128599495, ""C2"": 3.6146370693246475, ""C3"": 5.477662631158915, ""C4"": 4.158256432302532}",0.4,0,3,False,False,False,ATTIA_CONT_94aa4056aeb0,48.99506803117744
0,12,"{""C1"": 7.4830495128599495, ""C2"": 3.6146370693246475, ""C3"": 5.477662631158915, ""C4"": 4.158256432302532}",0.4,0,4,False,False,False,ATTIA_CONT_8c6840dbd087,54.07020685722994
0,13,"{""C1"": 7.4830495128599495, ""C2"": 3.6146370693246475, ""C3"": 5.477662631158915, ""C4"": 4.158256432302532}",0.2,0,0,False,True,False,ATTIA_CONT_59129cac0729,52.512763314629275
0,14,"{""C1"": 7.4830495128599495, ""C2"": 3.6146370693246475, ""C3"": 5.477662631158915, ""C4"": 4.158256432302532}",0.2,0,1,False,False,False,ATTIA_CONT_e344f4a3d6af,55.22797347561384
0,15,"{""C1"": 7.4830495128599495, ""C2"": 3.6146370693246475, ""C3"": 5.477662631158915, ""C4"": 4.158256432302532}",0.2,0,2,False,False,False,ATTIA_CONT_615262a315b7,53.99221842583799
0,16,"{""C1"": 7.4830495128599495, ""C2"": 3.6146370693246475, ""C3"": 5.477662631158915, ""C4"": 4.158256432302532}",0.2,0,3,False,False,False,ATTIA_CONT_0b2955c57f31,52.39067158105657
0,17,"{""C1"": 7.4830495128599495, ""C2"": 3.6146370693246475, ""C3"": 5.477662631158915, ""C4"": 4.158256432302532}",0.2,0,4,False,False,False,ATTIA_CONT_e7fbb21bb073,50.55303723893613
0,18,"{""C1"": 7.4830495128599495, ""C2"": 3.6146370693246475, ""C3"": 5.477662631158915, ""C4"": 4.158256432302532}",0.1,0,0,False,True,False,ATTIA_CONT_a088602a4111,51.46855147289068
0,19,"{""C1"": 7.4830495128599495, ""C2"": 3.6146370693246475, ""C3"": 5.477662631158915, ""C4"": 4.158256432302532}",0.1,0,1,False,False,False,ATTIA_CONT_00a6b995b03f,54.56657418000741
0,20,"{""C1"": 7.4830495128599495, ""C2"": 3.6146370693246475, ""C3"": 5.477662631158915, ""C4"": 4.158256432302532}",0.1,0,2,False,False,False,ATTIA_CONT_7664320ae8ff,53.48688208703454
0,21,"{""C1"": 7.4830495128599495, ""C2"": 3.6146370693246475, ""C3"": 5.477662631158915, ""C4"": 4.158256432302532}",0.1,0,3,False,False,False,ATTIA_CONT_e010360ddf45,57.58644855277254
0,22,"{""C1"": 7.4830495128599495, ""C2"": 3.6146370693246475, ""C3"": 5.477662631158915, ""C4"": 4.158256432302532}",0.1,0,4,False,False,False,ATTIA_CONT_e80777bc25bc,56.69786880232759
0,23,"{""C1"": 7.4830495128599495, ""C2"": 3.6146370693246475, ""C3"": 5.477662631158915, ""C4"": 4.158256432302532}",0.05,0,0,False,True,False,ATTIA_CONT_898227f73407,57.53945964503869
0,24,"{""C1"": 7.4830495128599495, ""C2"": 3.6146370693246475, ""C3"": 5.477662631158915, ""C4"": 4.158256432302532}",0.05,0,1,False,False,False,ATTIA_CONT_842bc73722b4,56.12321432009525
0,25,"{""C1"": 7.4830495128599495, ""C2"": 3.6146370693246475, ""C3"": 5.477662631158915, ""C4"": 4.158256432302532}",0.05,0,2,False,False,False,ATTIA_CONT_9c1c380ba70c,55.816946579191885
1,1,"{""C1"": 6.410688459910716, ""C2"": 6.0418372817774495, ""C3"": 4.1555241292187945, ""C4"": 3.6874822161670466}",0.8,1,0,False,False,False,ATTIA_CONT_c90ee2d5d317,3.9221642683644937
1,2,"{""C1"": 6.410688459910716, ""C2"": 6.0418372817774495, ""C3"": 4.1555241292187945, ""C4"": 3.6874822161670466}",0.8,0,1,False,False,False,ATTIA_CONT_86fd16265d9a,12.74672724428571
1,3,"{""C1"": 5.571831911721044, ""C2"": 5.84767079783086, ""C3"": 4.665553643893622, ""C4"": 3.724199858202065}",0.8,1,0,False,False,False,ATTIA_CONT_00ceb0590ebb,43.39113493982019
1,4,"{""C1"": 5.571831911721044, ""C2"": 5.84767079783086, ""C3"": 4.665553643893622, ""C4"": 3.724199858202065}",0.8,0,1,False,False,False,ATTIA_CONT_542928f4224d,47.5502393429239
1,5,"{""C1"": 4.593841216734143, ""C2"": 5.349594395441012, ""C3"": 4.634821153088408, ""C4"": 4.6956631399102475}",0.8,1,0,False,False,False,ATTIA_CONT_a6fc5f0a5c49,4.544622161883664
1,6,"{""C1"": 4.593841216734143, ""C2"": 5.349594395441012, ""C3"": 4.634821153088408, ""C4"": 4.6956631399102475}",0.8,0,1,False,False,False,ATTIA_CONT_83e77fc3566b,48.35817431100503
1,7,"{""C1"": 4.781553955821419, ""C2"": 6.1336351665506275, ""C3"": 4.182098794464608, ""C4"": 4.503562054273491}",0.8,1,0,False,False,False,ATTIA_CONT_d60c84507cb4,46.082696778503916
1,8,"{""C1"": 4.781553955821419, ""C2"": 6.1336351665506275, ""C3"": 4.182098794464608, ""C4"": 4.503562054273491}",0.8,0,1,False,False,False,ATTIA_CONT_15d9e5fa01d8,3.578341384959405
1,9,"{""C1"": 4.781553955821419, ""C2"": 6.1336351665506275, ""C3"": 4.182098794464608, ""C4"": 4.503562054273491}",0.8,0,2,False,False,False,ATTIA_CONT_a3d8a17ec8fb,48.212066842078926
1,10,"{""C1"": 4.781553955821419, ""C2"": 6.1336351665506275, ""C3"": 4.182098794464608, ""C4"": 4.503562054273491}",0.8,0,3,False,False,False,ATTIA_CONT_9cbb94b65696,4.487892463298433
1,11,"{""C1"": 4.781553955821419, ""C2"": 6.1336351665506275, ""C3"": 4.182098794464608, ""C4"": 4.503562054273491}",0.8,0,4,False,False,False,ATTIA_CONT_794ff0ed2d2a,4.489131240035656
1,12,"{""C1"": 4.781553955821419, ""C2"": 6.1336351665506275, ""C3"": 4.182098794464608, ""C4"": 4.503562054273491}",0.4,0,0,False,True,False,ATTIA_CONT_b11c00ec05ec,57.83528485606927
1,13,"{""C1"": 4.781553955821419, ""C2"": 6.1336351665506275, ""C3"": 4.182098794464608, ""C4"": 4.503562054273491}",0.4,0,1,False,False,False,ATTIA_CONT_8cd11b2ef61b,56.07770802046626
1,14,"{""C1"": 4.781553955821419, ""C2"": 6.1336351665506275, ""C3"": 4.182098794464608, ""C4"": 4.503562054273491}",0.4,0,2,False,False,False,ATTIA_CONT_6799a1acd308,54.465566931009384
1,15,"{""C1"": 4.746394459447751, ""C2"": 6.220852612928366, ""C3"": 4.062706148006663, ""C4"": 4.6348638366910215}",0.4,1,0,False,False,False,ATTIA_CONT_656aef770043,68.6153684062772
1,16,"{""C1"": 4.746394459447751, ""C2"": 6.220852612928366, ""C3"": 4.062706148006663, ""C4"": 4.6348638366910215}",0.4,0,1,False,False,False,ATTIA_CONT_c75cf2b2c8b7,25.492699060491482
1,17,"{""C1"": 4.746394459447751, ""C2"": 6.220852612928366, ""C3"": 4.062706148006663, ""C4"": 4.6348638366910215}",0.4,0,2,False,False,False,ATTIA_CONT_996db7e9cd5a,64.05295067389761
1,18,"{""C1"": 4.746394459447751, ""C2"": 6.220852612928366, ""C3"": 4.062706148006663, ""C4"": 4.6348638366910215}",0.4,0,3,False,False,False,ATTIA_CONT_1539ad1eb4b4,63.5883727061966
1,19,"{""C1"": 4.746394459447751, ""C2"": 6.220852612928366, ""C3"": 4.062706148006663, ""C4"": 4.6348638366910215}",0.4,0,4,False,False,False,ATTIA_CONT_fcef538e9729,57.01491597644148
1,20,"{""C1"": 4.746394459447751, ""C2"": 6.220852612928366, ""C3"": 4.062706148006663, ""C4"": 4.6348638366910215}",0.2,0,0,False,True,False,ATTIA_CONT_b3c3d49398df,60.220864917274646
1,21,"{""C1"": 4.746394459447751, ""C2"": 6.220852612928366, ""C3"": 4.062706148006663, ""C4"": 4.6348638366910215}",0.2,0,1,False,False,False,ATTIA_CONT_19772b676f45,8.158572428943106
1,22,"{""C1"": 4.746394459447751, ""C2"": 6.220852612928366, ""C3"": 4.062706148006663, ""C4"": 4.6348638366910215}",0.2,0,2,False,False,False,ATTIA_CONT_db1e9319c263,60.49384776575514
1,23,"{""C1"": 4.746394459447751, ""C2"": 6.220852612928366, ""C3"": 4.062706148006663, ""C4"": 4.6348638366910215}",0.2,0,3,False,False,False,ATTIA_CONT_c158fe76e259,61.09648905740405
1,24,"{""C1"": 4.746394459447751, ""C2"": 6.220852612928366, ""C3"": 4.062706148006663, ""C4"": 4.6348638366910215}",0.2,0,4,False,False,False,ATTIA_CONT_fb2362e90a6c,56.371351511870515
1,25,"{""C1"": 4.746394459447751, ""C2"": 6.220852612928366, ""C3"": 4.062706148006663, ""C4"": 4.6348638366910215}",0.1,0,0,False,True,False,ATTIA_CONT_eb543ee22490,62.21448168361508
2,1,"{""C1"": 5.2, ""C2"": 5.6, ""C3"": 5.2, ""C4"": 3.702}",0.8,0,1,False,False,False,ATTIA_CONT_dead782a2571,6.366608228508827
2,2,"{""C1"": 3.8691820209675902, ""C2"": 5.5628754495387795, ""C3"": 5.359956795466468, ""C4"": 4.795037158153426}",0.8,1,0,False,False,False,ATTIA_CONT_cbe71f1e0d94,4.193640630003742
2,3,"{""C1"": 3.8691820209675902, ""C2"": 5.5628754495387795, ""C3"": 5.359956795466468, ""C4"": 4.795037158153426}",0.8,0,1,False,False,False,ATTIA_CONT_f04c07d86f5c,4.819342424733772
2,4,"{""C1"": 3.8755359249688, ""C2"": 5.50651743375921, ""C3"": 5.3929084951563375, ""C4"": 4.801394607371591}",0.8,1,0,False,False,False,ATTIA_CONT_4edb3b84bb40,16.28127059134654
2,5,"{""C1"": 3.8755359249688, ""C2"": 5.50651743375921, ""C3"": 5.3929084951563375, ""C4"": 4.801394607371591}",0.8,0,1,False,False,False,ATTIA_CONT_e79c072354c4,14.062369717058385
2,6,"{""C1"": 3.8755359249688, ""C2"": 5.50651743375921, ""C3"": 5.3929084951563375, ""C4"": 4.801394607371591}",0.8,0,2,False,False,False,ATTIA_CONT_40048a8d9ba4,1.1216288337538494
2,7,"{""C1"": 3.8755359249688, ""C2"": 5.50651743375921, ""C3"": 5.3929084951563375, ""C4"": 4.801394607371591}",0.8,0,3,False,False,False,ATTIA_CONT_2d8ccf4e5131,1.4351294727750954
2,8,"{""C1"": 3.8755359249688, ""C2"": 5.50651743375921, ""C3"": 5.3929084951563375, ""C4"": 4.801394607371591}",0.8,0,4,False,False,False,ATTIA_CONT_17587080c971,1.067574609000145
2,9,"{""C1"": 3.8755359249688, ""C2"": 5.50651743375921, ""C3"": 5.3929084951563375, ""C4"": 4.801394607371591}",0.4,0,0,False,True,False,ATTIA_CONT_d4f02d57971f,0.7578465078794574
2,10,"{""C1"": 3.8755359249688, ""C2"": 5.50651743375921, ""C3"": 5.3929084951563375, ""C4"": 4.801394607371591}",0.4,0,1,False,False,False,ATTIA_CONT_1c80b40761ad,0.45616355450696
2,11,"{""C1"": 3.8755359249688, ""C2"": 5.50651743375921, ""C3"": 5.3929084951563375, ""C4"": 4.801394607371591}",0.4,0,2,False,False,False,ATTIA_CONT_0419108a5551,0.5170152958332159
2,12,"{""C1"": 3.8755359249688, ""C2"": 5.50651743375921, ""C3"": 5.3929084951563375, ""C4"": 4.801394607371591}",0.4,0,3,False,False,False,ATTIA_CONT_703171df1216,0.6679870025957477
2,13,"{""C1"": 3.8755359249688, ""C2"": 5.50651743375921, ""C3"": 5.3929084951563375, ""C4"": 4.801394607371591}",0.4,0,4,False,False,False,ATTIA_CONT_61d762fba887,0.7114189789865559
2,14,"{""C1"": 3.8755359249688, ""C2"": 5.50651743375921, ""C3"": 5.3929084951563375, ""C4"": 4.801394607371591}",0.2,0,0,False,True,False,ATTIA_CONT_16dbca4f6ca4,0.5791297574755836
2,15,"{""C1"": 3.8755359249688, ""C2"": 5.50651743375921, ""C3"": 5.3929084951563375, ""C4"": 4.801394607371591}",0.2,0,1,False,False,False,ATTIA_CONT_01f0c2544c4b,76.71273254142243
2,16,"{""C1"": 3.8755359249688, ""C2"": 5.50651743375921, ""C3"": 5.3929084951563375, ""C4"": 4.801394607371591}",0.2,0,2,False,False,False,ATTIA_CONT_d894137a8408,74.68718972389202
2,17,"{""C1"": 3.8755359249688, ""C2"": 5.50651743375921, ""C3"": 5.3929084951563375, ""C4"": 4.801394607371591}",0.2,0,3,False,False,False,ATTIA_CONT_4adae9d8c1c5,72.82471738800217
2,18,"{""C1"": 3.8755359249688, ""C2"": 5.50651743375921, ""C3"": 5.3929084951563375, ""C4"": 4.801394607371591}",0.2,0,4,False,False,False,ATTIA_CONT_8c917230532b,0.6197059518804702
2,19,"{""C1"": 3.8755359249688, ""C2"": 5.50651743375921, ""C3"": 5.3929084951563375, ""C4"": 4.801394607371591}",0.1,0,0,False,True,False,ATTIA_CONT_fcfe686435a8,0.96185085961356
2,20,"{""C1"": 3.8755359249688, ""C2"": 5.50651743375921, ""C3"": 5.3929084951563375, ""C4"": 4.801394607371591}",0.1,0,1,False,False,False,ATTIA_CONT_cc1c68657857,0.7112521390425464
2,21,"{""C1"": 3.8755359249688, ""C2"": 5.50651743375921, ""C3"": 5.3929084951563375, ""C4"": 4.801394607371591}",0.1,0,2,False,False,False,ATTIA_CONT_06412ce047c4,0.8645298622845967
2,22,"{""C1"": 3.8755359249688, ""C2"": 5.50651743375921, ""C3"": 5.3929084951563375, ""C4"": 4.801394607371591}",0.1,0,3,False,False,False,ATTIA_CONT_2f4d33711b98,0.749183805668407
2,23,"{""C1"": 3.8755359249688, ""C2"": 5.50651743375921, ""C3"": 5.3929084951563375, ""C4"": 4.801394607371591}",0.1,0,4,False,False,False,ATTIA_CONT_8934fc6222e1,0.6986003045111007
2,24,"{""C1"": 3.8755359249688, ""C2"": 5.50651743375921, ""C3"": 5.3929084951563375, ""C4"": 4.801394607371591}",0.05,0,0,False,True,False,ATTIA_CONT_5edf5264a80e,0.6768431071025871
2,25,"{""C1"": 3.8755359249688, ""C2"": 5.50651743375921, ""C3"": 5.3929084951563375, ""C4"": 4.801394607371591}",0.05,0,1,False,False,False,ATTIA_CONT_0e4dfb7a4c19,0.6646377251152362
3,1,"{""C1"": 5.6, ""C2"": 5.2, ""C3"": 5.6, ""C4"": 3.523}",0.8,0,1,False,False,False,ATTIA_CONT_5a6cb6e3a818,85.84030769373862
3,2,"{""C1"": 5.6, ""C2"": 5.2, ""C3"": 5.6, ""C4"": 3.523}",0.8,0,2,False,False,False,ATTIA_CONT_082ea18ebc3d,31.708363364379974
3,3,"{""C1"": 5.6, ""C2"": 5.2, ""C3"": 5.6, ""C4"": 3.523}",0.8,0,3,False,False,False,ATTIA_CONT_756898356b97,33.63818257426003
3,4,"{""C1"": 5.6, ""C2"": 5.2, ""C3"": 5.6, ""C4"": 3.523}",0.8,0,4,False,False,False,ATTIA_CONT_509d00987963,32.09707711996957
3,5,"{""C1"": 5.009896831889403, ""C2"": 5.329722530089098, ""C3"": 4.807989975428273, ""C4"": 4.199664237449058}",0.8,1,0,False,False,False,ATTIA_CONT_bd8410c6967c,39.94490977640692
3,6,"{""C1"": 5.009896831889403, ""C2"": 5.329722530089098, ""C3"": 4.807989975428273, ""C4"": 4.199664237449058}",0.8,0,1,False,False,False,ATTIA_CONT_8c5670d4b24e,53.220427804740524
3,7,"{""C1"": 5.009896831889403, ""C2"": 5.329722530089098, ""C3"": 4.807989975428273, ""C4"": 4.199664237449058}",0.8,0,2,False,False,False,ATTIA_CONT_dd26f24d0226,41.56033329822088
3,8,"{""C1"": 5.009896831889403, ""C2"": 5.329722530089098, ""C3"": 4.807989975428273, ""C4"": 4.199664237449058}",0.8,0,3,False,False,False,ATTIA_CONT_074cf64beff6,37.26063597817939
3,9,"{""C1"": 5.2390971350680235, ""C2"": 5.310298298956335, ""C3"": 4.835734231868903, ""C4"": 4.042795691027657}",0.8,1,0,False,False,False,ATTIA_CONT_52efbffd76cf,35.04111931310812
3,10,"{""C1"": 5.2390971350680235, ""C2"": 5.310298298956335, ""C3"": 4.835734231868903, ""C4"": 4.042795691027657}",0.8,0,1,False,False,False,ATTIA_CONT_ad200700ba09,34.163923065388964
3,11,"{""C1"": 5.1592026883281905, ""C2"": 5.250727284078397, ""C3"": 4.882571475168493, ""C4"": 4.094249348649329}",0.8,1,0,False,False,False,ATTIA_CONT_00ae1bffd444,35.56288498378074
3,12,"{""C1"": 5.1592026883281905, ""C2"": 5.250727284078397, ""C3"": 4.882571475168493, ""C4"": 4.094249348649329}",0.8,0,1,False,False,False,ATTIA_CONT_ce7c6d64c58c,38.41729101516551
3,13,"{""C1"": 5.1592026883281905, ""C2"": 5.250727284078397, ""C3"": 4.882571475168493, ""C4"": 4.094249348649329}",0.8,0,2,False,False,False,ATTIA_CONT_052122d03862,51.14166782943356
3,14,"{""C1"": 5.1592026883281905, ""C2"": 5.250727284078397, ""C3"": 4.882571475168493, ""C4"": 4.094249348649329}",0.8,0,3,False,False,False,ATTIA_CONT_83f1e55dc6cc,48.41980750014728
3,15,"{""C1"": 5.1592026883281905, ""C2"": 5.250727284078397, ""C3"": 4.882571475168493, ""C4"": 4.094249348649329}",0.8,0,4,False,False,False,ATTIA_CONT_ed5f419d9b1a,47.17815518506075
3,16,"{""C1"": 5.1592026883281905, ""C2"": 5.250727284078397, ""C3"": 4.882571475168493, ""C4"": 4.094249348649329}",0.4,0,0,False,True,False,ATTIA_CONT_4130e1c664b6,45.57114966371131
3,17,"{""C1"": 5.1592026883281905, ""C2"": 5.250727284078397, ""C3"": 4.882571475168493, ""C4"": 4.094249348649329}",0.4,0,1,False,False,False,ATTIA_CONT_1a887106717e,43.74251465524132
3,18,"{""C1"": 5.1592026883281905, ""C2"": 5.250727284078397, ""C3"": 4.882571475168493, ""C4"": 4.094249348649329}",0.4,0,2,False,False,False,ATTIA_CONT_baca55a9a167,42.47965310216279
3,19,"{""C1"": 5.1592026883281905, ""C2"": 5.250727284078397, ""C3"": 4.882571475168493, ""C4"": 4.094249348649329}",0.4,0,3,False,False,False,ATTIA_CONT_4c8a4a09fded,42.83349820734528
3,20,"{""C1"": 5.1592026883281905, ""C2"": 5.250727284078397, ""C3"": 4.882571475168493, ""C4"": 4.094249348649329}",0.4,0,4,False,False,False,ATTIA_CONT_b4aeb4a7e15b,45.075091051405025
3,21,"{""C1"": 5.1592026883281905, ""C2"": 5.250727284078397, ""C3"": 4.882571475168493, ""C4"": 4.094249348649329}",0.2,0,0,False,True,False,ATTIA_CONT_94d9a6bd209e,47.91934514726102
3,22,"{""C1"": 5.1592026883281905, ""C2"": 5.250727284078397, ""C3"": 4.882571475168493, ""C4"": 4.094249348649329}",0.2,0,1,False,False,False,ATTIA_CONT_ac33162954ff,48.803942443039276
3,23,"{""C1"": 5.1592026883281905, ""C2"": 5.250727284078397, ""C3"": 4.882571475168493, ""C4"": 4.094249348649329}",0.2,0,2,False,False,False,ATTIA_CONT_d8c47e408c15,52.26136459537185
3,24,"{""C1"": 5.1592026883281905, ""C2"": 5.250727284078397, ""C3"": 4.882571475168493, ""C4"": 4.094249348649329}",0.2,0,3,False,False,False,ATTIA_CONT_511440946350,53.26602964742991
3,25,"{""C1"": 5.1592026883281905, ""C2"": 5.250727284078397, ""C3"": 4.882571475168493, ""C4"": 4.094249348649329}",0.2,0,4,False,False,False,ATTIA_CONT_62ddcb8fe09c,51.49654358717903
4,1,"{""C1"": 4.716571307437058, ""C2"": 5.503672692488686, ""C3"": 5.391281848487719, ""C4"": 3.934941007303587}",0.8,1,0,False,False,False,ATTIA_CONT_7148355cbd05,10.616384330342518
4,2,"{""C1"": 4.707373606045961, ""C2"": 5.566221588817777, ""C3"": 5.407934909226735, ""C4"": 3.901189114611699}",0.8,2,0,False,False,False,ATTIA_CONT_949020411f96,45.72579140228299
4,3,"{""C1"": 4.707373606045961, ""C2"": 5.566221588817777, ""C3"": 5.407934909226735, ""C4"": 3.901189114611699}",0.8,0,1,False,False,False,ATTIA_CONT_deb9e1821a18,17.518258298376317
4,4,"{""C1"": 4.707373606045961, ""C2"": 5.566221588817777, ""C3"": 5.407934909226735, ""C4"": 3.901189114611699}",0.8,0,2,False,False,False,ATTIA_CONT_39321d3c2508,9.060661209260477
4,5,"{""C1"": 4.707373606045961, ""C2"": 5.566221588817777, ""C3"": 5.407934909226735, ""C4"": 3.901189114611699}",0.8,0,3,False,False,False,ATTIA_CONT_a7b602be5fea,37.97581308725597
4,6,"{""C1"": 4.707373606045961, ""C2"": 5.566221588817777, ""C3"": 5.407934909226735, ""C4"": 3.901189114611699}",0.8,0,4,False,False,False,ATTIA_CONT_a336b662f9cd,84.52320002664676
4,7,"{""C1"": 4.707373606045961, ""C2"": 5.566221588817777, ""C3"": 5.407934909226735, ""C4"": 3.901189114611699}",0.4,0,0,False,True,False,ATTIA_CONT_c02dca7a04d0,80.53602152927091
4,8,"{""C1"": 4.707373606045961, ""C2"": 5.566221588817777, ""C3"": 5.407934909226735, ""C4"": 3.901189114611699}",0.4,0,1,False,False,False,ATTIA_CONT_2b0f8e9f8b9e,77.03724854930992
4,9,"{""C1"": 4.707373606045961, ""C2"": 5.566221588817777, ""C3"": 5.407934909226735, ""C4"": 3.901189114611699}",0.4,0,2,False,False,False,ATTIA_CONT_310a75df3ce6,78.03211618519951
4,10,"{""C1"": 4.707373606045961, ""C2"": 5.566221588817777, ""C3"": 5.407934909226735, ""C4"": 3.901189114611699}",0.4,0,3,False,False,False,ATTIA_CONT_6eaa328570e5,75.55002924417717
4,11,"{""C1"": 4.707373606045961, ""C2"": 5.566221588817777, ""C3"": 5.407934909226735, ""C4"": 3.901189114611699}",0.4,0,4,False,False,False,ATTIA_CONT_cd29b601119d,74.15942831495244
4,12,"{""C1"": 4.707373606045961, ""C2"": 5.566221588817777, ""C3"": 5.407934909226735, ""C4"": 3.901189114611699}",0.2,0,0,False,True,False,ATTIA_CONT_c546322ed6d3,78.8577972696748
4,13,"{""C1"": 4.707373606045961, ""C2"": 5.566221588817777, ""C3"": 5.407934909226735, ""C4"": 3.901189114611699}",0.2,0,1,False,False,False,ATTIA_CONT_5ab992be228b,9.481816416964485
4,14,"{""C1"": 4.707373606045961, ""C2"": 5.566221588817777, ""C3"": 5.407934909226735, ""C4"": 3.901189114611699}",0.2,0,2,False,False,False,ATTIA_CONT_47841fd9ec48,74.91409005368688
4,15,"{""C1"": 4.707373606045961, ""C2"": 5.566221588817777, ""C3"": 5.407934909226735, ""C4"": 3.901189114611699}",0.2,0,3,False,False,False,ATTIA_CONT_b98abb628235,72.86433154664455
4,16,"{""C1"": 4.707373606045961, ""C2"": 5.566221588817777, ""C3"": 5.407934909226735, ""C4"": 3.901189114611699}",0.2,0,4,False,False,False,ATTIA_CONT_924a46e6d5ed,71.74291304905718
4,17,"{""C1"": 4.707373606045961, ""C2"": 5.566221588817777, ""C3"": 5.407934909226735, ""C4"": 3.901189114611699}",0.1,0,0,False,True,False,ATTIA_CONT_1a73a2d4b43f,72.68160579969584
4,18,"{""C1"": 4.707373606045961, ""C2"": 5.566221588817777, ""C3"": 5.407934909226735, ""C4"": 3.901189114611699}",0.1,0,1,False,False,False,ATTIA_CONT_0ffe7829a085,73.79571683158183
4,19,"{""C1"": 4.707373606045961, ""C2"": 5.566221588817777, ""C3"": 5.407934909226735, ""C4"": 3.901189114611699}",0.1,0,2,False,False,False,ATTIA_CONT_e1124bf1dbae,74.43548227790286
4,20,"{""C1"": 4.707373606045961, ""C2"": 5.566221588817777, ""C3"": 5.407934909226735, ""C4"": 3.901189114611699}",0.1,0,3,False,False,False,ATTIA_CONT_4621b3987522,73.40735278392866
4,21,"{""C1"": 4.707373606045961, ""C2"": 5.566221588817777, ""C3"": 5.407934909226735, ""C4"": 3.901189114611699}",0.1,0,4,False,False,False,ATTIA_CONT_a9eacccc9bb0,72.82926741314708
4,22,"{""C1"": 4.707373606045961, ""C2"": 5.566221588817777, ""C3"": 5.407934909226735, ""C4"": 3.901189114611699}",0.05,0,0,False,True,False,ATTIA_CONT_f12bfacad97a,77.43750100835632
4,23,"{""C1"": 4.707373606045961, ""C2"": 5.566221588817777, ""C3"": 5.407934909226735, ""C4"": 3.901189114611699}",0.05,0,1,False,False,False,ATTIA_CONT_b0082734ae7b,77.88029644114407
4,24,"{""C1"": 4.707373606045961, ""C2"": 5.566221588817777, ""C3"": 5.407934909226735, ""C4"": 3.901189114611699}",0.05,0,2,False,False,False,ATTIA_CONT_4e70ace2cacd,78.23276885751332
4,25,"{""C1"": 4.707373606045961, ""C2"": 5.566221588817777, ""C3"": 5.407934909226735, ""C4"": 3.901189114611699}",0.05,0,3,False,False,False,ATTIA_CONT_df9a18e01598,76.9563829978113
5,1,"{""C1"": 4.8, ""C2"": 5.2, ""C3"": 5.2, ""C4"": 4.16}",0.8,0,1,False,False,False,ATTIA_CONT_122f906fb676,54.17527640237398
5,2,"{""C1"": 4.8, ""C2"": 5.2, ""C3"": 5.2, ""C4"": 4.16}",0.8,0,2,False,False,False,ATTIA_CONT_885c0bb8f214,70.32304286908168
5,3,"{""C1"": 4.8, ""C2"": 5.2, ""C3"": 5.2, ""C4"": 4.16}",0.8,0,3,False,False,False,ATTIA_CONT_58dcc630b4a6,4.842395601862222
5,4,"{""C1"": 4.8, ""C2"": 5.2, ""C3"": 5.2, ""C4"": 4.16}",0.8,0,4,False,False,False,ATTIA_CONT_e65bb96e6c5b,34.70336558730536
5,5,"{""C1"": 4.8, ""C2"": 5.2, ""C3"": 5.2, ""C4"": 4.16}",0.4,0,0,False,True,False,ATTIA_CONT_024d18a68cfa,37.546020138866545
5,6,"{""C1"": 4.7043630854359995, ""C2"": 5.206240924088002, ""C3"": 5.246589703246923, ""C4"": 4.200135786599202}",0.4,1,0,False,False,False,ATTIA_CONT_2a267bc01e7b,53.888544378641456
5,7,"{""C1"": 4.7043630854359995, ""C2"": 5.206240924088002, ""C3"": 5.246589703246923, ""C4"": 4.200135786599202}",0.4,0,1,False,False,False,ATTIA_CONT_44641cf730ab,44.82112358530525
5,8,"{""C1"": 4.7043630854359995, ""C2"": 5.206240924088002, ""C3"": 5.246589703246923, ""C4"": 4.200135786599202}",0.4,0,2,False,False,False,ATTIA_CONT_aeaf9723c310,49.66857730387975
5,9,"{""C1"": 4.7043630854359995, ""C2"": 5.206240924088002, ""C3"": 5.246589703246923, ""C4"": 4.200135786599202}",0.4,0,3,False,False,False,ATTIA_CONT_907b3202ec96,58.54744849168218
5,10,"{""C1"": 4.7043630854359995, ""C2"": 5.206240924088002, ""C3"": 5.246589703246923, ""C4"": 4.200135786599202}",0.4,0,4,False,False,False,ATTIA_CONT_9bde46d97d51,40.64145841776565
5,11,"{""C1"": 4.7043630854359995, ""C2"": 5.206240924088002, ""C3"": 5.246589703246923, ""C4"": 4.200135786599202}",0.2,0,0,False,True,False,ATTIA_CONT_4606d10342f0,38.57882814913303
5,12,"{""C1"": 4.7043630854359995, ""C2"": 5.206240924088002, ""C3"": 5.246589703246923, ""C4"": 4.200135786599202}",0.2,0,1,False,False,False,ATTIA_CONT_297cc3b574bb,45.968616566324165
5,13,"{""C1"": 4.7043630854359995, ""C2"": 5.206240924088002, ""C3"": 5.246589703246923, ""C4"": 4.200135786599202}",0.2,0,2,False,False,False,ATTIA_CONT_5f7360b05294,43.46348863094851
5,14,"{""C1"": 4.7043630854359995, ""C2"": 5.206240924088002, ""C3"": 5.246589703246923, ""C4"": 4.200135786599202}",0.2,0,3,False,False,False,ATTIA_CONT_6fb8173762d2,37.217714257974954
5,15,"{""C1"": 4.7043630854359995, ""C2"": 5.206240924088002, ""C3"": 5.246589703246923, ""C4"": 4.200135786599202}",0.2,0,4,False,False,False,ATTIA_CONT_448af46cb084,37.901202980619075
5,16,"{""C1"": 4.7043630854359995, ""C2"": 5.206240924088002, ""C3"": 5.246589703246923, ""C4"": 4.200135786599202}",0.1,0,0,False,True,False,ATTIA_CONT_9660247e348d,35.94509857090616
5,17,"{""C1"": 4.7043630854359995, ""C2"": 5.206240924088002, ""C3"": 5.246589703246923, ""C4"": 4.200135786599202}",0.1,0,1,False,False,False,ATTIA_CONT_ecfb2b53f9c7,36.40077512544723
5,18,"{""C1"": 4.507615504725882, ""C2"": 5.04617655126654, ""C3"": 5.150223939322282, ""C4"": 4.5630764054707456}",0.1,1,0,False,False,False,ATTIA_CONT_e113e918dd90,40.660216726912346
5,19,"{""C1"": 4.507615504725882, ""C2"": 5.04617655126654, ""C3"": 5.150223939322282, ""C4"": 4.5630764054707456}",0.1,0,1,False,False,False,ATTIA_CONT_1d4b6fe862b1,55.09992946823676
5,20,"{""C1"": 4.507615504725882, ""C2"": 5.04617655126654, ""C3"": 5.150223939322282, ""C4"": 4.5630764054707456}",0.1,0,2,False,False,False,ATTIA_CONT_c4598586bbf9,51.71558836475147
5,21,"{""C1"": 4.507615504725882, ""C2"": 5.04617655126654, ""C3"": 5.150223939322282, ""C4"": 4.5630764054707456}",0.1,0,3,False,False,False,ATTIA_CONT_6ffa11dc9117,50.37011534754469
5,22,"{""C1"": 4.507615504725882, ""C2"": 5.04617655126654, ""C3"": 5.150223939322282, ""C4"": 4.5630764054707456}",0.1,0,4,False,False,False,ATTIA_CONT_178dd09282f1,60.34976220111648
5,23,"{""C1"": 4.507615504725882, ""C2"": 5.04617655126654, ""C3"": 5.150223939322282, ""C4"": 4.5630764054707456}",0.05,0,0,False,True,False,ATTIA_CONT_17da21a6d05f,60.09668630667265
5,24,"{""C1"": 4.5238728013205485, ""C2"": 5.036588809141508, ""C3"": 5.155045341961724, ""C4"": 4.5505843106105095}",0.05,1,0,False,False,False,ATTIA_CONT_752120b0ca58,45.04342621762713
5,25,"{""C1"": 4.5238728013205485, ""C2"": 5.036588809141508, ""C3"": 5.155045341961724, ""C4"": 4.5505843106105095}",0.05,0,1,False,False,False,ATTIA_CONT_7f63ad735c0f,38.73340430068301
6,1,"{""C1"": 4.0, ""C2"": 6.0, ""C3"": 4.8, ""C4"": 4.8}",0.8,0,1,False,False,False,ATTIA_CONT_29f1ace88ab3,8.789049984145656
6,2,"{""C1"": 4.0, ""C2"": 6.0, ""C3"": 4.8, ""C4"": 4.8}",0.8,0,2,False,False,False,ATTIA_CONT_7921eb331198,47.778380014207
6,3,"{""C1"": 4.0, ""C2"": 6.0, ""C3"": 4.8, ""C4"": 4.8}",0.8,0,3,False,False,False,ATTIA_CONT_f32db75ba316,26.300345749857343
6,4,"{""C1"": 4.0, ""C2"": 6.0, ""C3"": 4.8, ""C4"": 4.8}",0.8,0,4,False,False,False,ATTIA_CONT_975427f0d133,30.522910958425626
6,5,"{""C1"": 3.9240446806045908, ""C2"": 5.804403234776474, ""C3"": 5.051074250535611, ""C4"": 4.802300111284269}",0.8,1,0,False,False,False,ATTIA_CONT_6064bdf23c29,10.69905513887237
6,6,"{""C1"": 3.9775267957274316, ""C2"": 5.801719023736311, ""C3"": 4.973041151137217, ""C4"": 4.796763187505697}",0.8,2,0,False,False,False,ATTIA_CONT_2002f22be214,4.9876845894826225
6,7,"{""C1"": 3.9775267957274316, ""C2"": 5.801719023736311, ""C3"": 4.973041151137217, ""C4"": 4.796763187505697}",0.8,0,1,False,False,False,ATTIA_CONT_bc4ac5f38776,4.805827132232201
6,8,"{""C1"": 3.9775267957274316, ""C2"": 5.801719023736311, ""C3"": 4.973041151137217, ""C4"": 4.796763187505697}",0.8,0,2,False,False,False,ATTIA_CONT_59e12ef80a20,23.390472673134543
6,9,"{""C1"": 3.9775267957274316, ""C2"": 5.801719023736311, ""C3"": 4.973041151137217, ""C4"": 4.796763187505697}",0.8,0,3,False,False,False,ATTIA_CONT_c311e99a4b0c,23.045183448432102
6,10,"{""C1"": 3.9775267957274316, ""C2"": 5.801719023736311, ""C3"": 4.973041151137217, ""C4"": 4.796763187505697}",0.8,0,4,False,False,False,ATTIA_CONT_7cee5a2067de,39.103542080023686
6,11,"{""C1"": 3.9775267957274316, ""C2"": 5.801719023736311, ""C3"": 4.973041151137217, ""C4"": 4.796763187505697}",0.4,0,0,False,True,False,ATTIA_CONT_e9fa29fc3123,33.29799644961296
6,12,"{""C1"": 3.9775267957274316, ""C2"": 5.801719023736311, ""C3"": 4.973041151137217, ""C4"": 4.796763187505697}",0.4,0,1,False,False,False,ATTIA_CONT_df82de15d998,33.33626832475059
6,13,"{""C1"": 3.9775267957274316, ""C2"": 5.801719023736311, ""C3"": 4.973041151137217, ""C4"": 4.796763187505697}",0.4,0,2,False,False,False,ATTIA_CONT_6e64acf69653,53.85752560607796
6,14,"{""C1"": 3.9775267957274316, ""C2"": 5.801719023736311, ""C3"": 4.973041151137217, ""C4"": 4.796763187505697}",0.4,0,3,False,False,False,ATTIA_CONT_21994c1c51b5,49.66753687192161
6,15,"{""C1"": 3.9775267957274316, ""C2"": 5.801719023736311, ""C3"": 4.973041151137217, ""C4"": 4.796763187505697}",0.4,0,4,False,False,False,ATTIA_CONT_85d08c84ae05,49.635641052809085
6,16,"{""C1"": 3.9775267957274316, ""C2"": 5.801719023736311, ""C3"": 4.973041151137217, ""C4"": 4.796763187505697}",0.2,0,0,False,True,False,ATTIA_CONT_3244632c8454,46.92438349982943
6,17,"{""C1"": 3.9775267957274316, ""C2"": 5.801719023736311, ""C3"": 4.973041151137217, ""C4"": 4.796763187505697}",0.2,0,1,False,False,False,ATTIA_CONT_1a2e4e9fa952,40.938052478465046
6,18,"{""C1"": 3.9775267957274316, ""C2"": 5.801719023736311, ""C3"": 4.973041151137217, ""C4"": 4.796763187505697}",0.2,0,2,False,False,False,ATTIA_CONT_d742684e0a97,39.10883201912226
6,19,"{""C1"": 3.9775267957274316, ""C2"": 5.801719023736311, ""C3"": 4.973041151137217, ""C4"": 4.796763187505697}",0.2,0,3,False,False,False,ATTIA_CONT_c5083691c7cc,38.04394372083392
6,20,"{""C1"": 3.9775267957274316, ""C2"": 5.801719023736311, ""C3"": 4.973041151137217, ""C4"": 4.796763187505697}",0.2,0,4,False,False,False,ATTIA_CONT_c3dc882bba74,36.98807968821751
6,21,"{""C1"": 3.9775267957274316, ""C2"": 5.801719023736311, ""C3"": 4.973041151137217, ""C4"": 4.796763187505697}",0.1,0,0,False,True,False,ATTIA_CONT_05cb605bba0c,39.5415189240861
6,22,"{""C1"": 3.9775267957274316, ""C2"": 5.801719023736311, ""C3"": 4.973041151137217, ""C4"": 4.796763187505697}",0.1,0,1,False,False,False,ATTIA_CONT_b2e6318948a4,35.83493605117896
6,23,"{""C1"": 3.9775267957274316, ""C2"": 5.801719023736311, ""C3"": 4.973041151137217, ""C4"": 4.796763187505697}",0.1,0,2,False,False,False,ATTIA_CONT_054eda0905a1,38.69830562101782
6,24,"{""C1"": 3.9775267957274316, ""C2"": 5.801719023736311, ""C3"": 4.973041151137217, ""C4"": 4.796763187505697}",0.1,0,3,False,False,False,ATTIA_CONT_bb49e8b73881,37.726622529762054
6,25,"{""C1"": 3.9775267957274316, ""C2"": 5.801719023736311, ""C3"": 4.973041151137217, ""C4"": 4.796763187505697}",0.1,0,4,False,False,False,ATTIA_CONT_c70492a41cb6,37.79689436281759
7,1,"{""C1"": 4.4, ""C2"": 6.0, ""C3"": 4.4, ""C4"": 4.714}",0.8,0,1,False,False,False,ATTIA_CONT_8f7644f6ddd1,63.69148350787103
7,2,"{""C1"": 4.4, ""C2"": 6.0, ""C3"": 4.4, ""C4"": 4.714}",0.8,0,2,False,False,False,ATTIA_CONT_7e3a99030f44,67.05060527278661
7,3,"{""C1"": 4.4, ""C2"": 6.0, ""C3"": 4.4, ""C4"": 4.714}",0.8,0,3,False,False,False,ATTIA_CONT_b4388a648a85,67.55336438852424
7,4,"{""C1"": 4.80353148581055, ""C2"": 6.149467020397269, ""C3"": 4.257340379588538, ""C4"": 4.392727125804738}",0.8,1,0,False,False,False,ATTIA_CONT_114cf8dc72d7,27.96739794620278
7,5,"{""C1"": 4.80353148581055, ""C2"": 6.149467020397269, ""C3"": 4.257340379588538, ""C4"": 4.392727125804738}",0.8,0,1,False,False,False,ATTIA_CONT_5c5557860421,28.05815454455735
7,6,"{""C1"": 4.80353148581055, ""C2"": 6.149467020397269, ""C3"": 4.257340379588538, ""C4"": 4.392727125804738}",0.8,0,2,False,False,False,ATTIA_CONT_ab2828adc5a6,23.637423440360337
7,7,"{""C1"": 5.061605440930651, ""C2"": 5.8598772980375715, ""C3"": 3.8931014231989725, ""C4"": 4.801899882524554}",0.8,1,0,False,False,False,ATTIA_CONT_122b0835af89,51.65491610268812
7,8,"{""C1"": 5.061605440930651, ""C2"": 5.8598772980375715, ""C3"": 3.8931014231989725, ""C4"": 4.801899882524554}",0.8,0,1,False,False,False,ATTIA_CONT_d1480574fd2b,51.149907486591104
7,9,"{""C1"": 4.892124675787758, ""C2"": 5.730829566298666, ""C3"": 4.05711808778698, ""C4"": 4.808894863478141}",0.8,1,0,False,False,False,ATTIA_CONT_3503949f0f32,48.23786554606968
7,10,"{""C1"": 4.892124675787758, ""C2"": 5.730829566298666, ""C3"": 4.05711808778698, ""C4"": 4.808894863478141}",0.8,0,1,False,False,False,ATTIA_CONT_23a400263939,46.504768156340546
7,11,"{""C1"": 4.892124675787758, ""C2"": 5.730829566298666, ""C3"": 4.05711808778698, ""C4"": 4.808894863478141}",0.8,0,2,False,False,False,ATTIA_CONT_2fb414a7d8fc,44.54520079728445
7,12,"{""C1"": 4.892124675787758, ""C2"": 5.730829566298666, ""C3"": 4.05711808778698, ""C4"": 4.808894863478141}",0.8,0,3,False,False,False,ATTIA_CONT_a40673ca1537,44.86839500230503
7,13,"{""C1"": 4.8420472095892695, ""C2"": 5.847389262335621, ""C3"": 4.046673936358386, ""C4"": 4.79211560080607}",0.8,1,0,False,False,False,ATTIA_CONT_ce407a179acc,47.240083730000315
7,14,"{""C1"": 4.8420472095892695, ""C2"": 5.847389262335621, ""C3"": 4.046673936358386, ""C4"": 4.79211560080607}",0.8,0,1,False,False,False,ATTIA_CONT_c067711dc238,49.979102345089615
7,15,"{""C1"": 4.8420472095892695, ""C2"": 5.847389262335621, ""C3"": 4.046673936358386, ""C4"": 4.79211560080607}",0.8,0,2,False,False,False,ATTIA_CONT_1b2cf85455d6,69.25439432887268
7,16,"{""C1"": 4.8420472095892695, ""C2"": 5.847389262335621, ""C3"": 4.046673936358386, ""C4"": 4.79211560080607}",0.8,0,3,False,False,False,ATTIA_CONT_184e1f4935d3,72.11421981284606
7,17,"{""C1"": 4.8420472095892695, ""C2"": 5.847389262335621, ""C3"": 4.046673936358386, ""C4"": 4.79211560080607}",0.8,0,4,False,False,False,ATTIA_CONT_498ed7f6f75f,81.92257831825005
7,18,"{""C1"": 4.8420472095892695, ""C2"": 5.847389262335621, ""C3"": 4.046673936358386, ""C4"": 4.79211560080607}",0.4,0,0,False,True,False,ATTIA_CONT_bbf292b0c857,80.37817700530098
7,19,"{""C1"": 4.636672774792913, ""C2"": 5.704252788890763, ""C3"": 4.2693811150270555, ""C4"": 4.804743518835652}",0.4,1,0,False,False,False,ATTIA_CONT_22a3c2205ab9,72.48346641779207
7,20,"{""C1"": 4.636672774792913, ""C2"": 5.704252788890763, ""C3"": 4.2693811150270555, ""C4"": 4.804743518835652}",0.4,0,1,False,False,False,ATTIA_CONT_56f710307080,76.79563608102194
7,21,"{""C1"": 4.636672774792913, ""C2"": 5.704252788890763, ""C3"": 4.2693811150270555, ""C4"": 4.804743518835652}",0.4,0,2,False,False,False,ATTIA_CONT_617ff5eb704d,84.90117192506648
7,22,"{""C1"": 4.636672774792913, ""C2"": 5.704252788890763, ""C3"": 4.2693811150270555, ""C4"": 4.804743518835652}",0.4,0,3,False,False,False,ATTIA_CONT_57fab35c0e13,83.30742292858594
7,23,"{""C1"": 4.636672774792913, ""C2"": 5.704252788890763, ""C3"": 4.2693811150270555, ""C4"": 4.804743518835652}",0.4,0,4,False,False,False,ATTIA_CONT_087058ee0e2e,81.76296696357058
7,24,"{""C1"": 4.636672774792913, ""C2"": 5.704252788890763, ""C3"": 4.2693811150270555, ""C4"": 4.804743518835652}",0.2,0,0,False,True,False,ATTIA_CONT_473c4489ffc4,82.1520540376257
7,25,"{""C1"": 4.636672774792913, ""C2"": 5.704252788890763, ""C3"": 4.2693811150270555, ""C4"": 4.804743518835652}",0.2,0,1,False,False,False,ATTIA_CONT_dbee31016ab8,80.77971257346604
8,1,"{""C1"": 6.0, ""C2"": 4.8, ""C3"": 4.0, ""C4"": 4.8}",0.8,0,1,False,False,False,ATTIA_CONT_dbd4dc66582f,4.142417740267369
8,2,"{""C1"": 6.0, ""C2"": 4.8, ""C3"": 4.0, ""C4"": 4.8}",0.8,0,2,False,False,False,ATTIA_CONT_a178cea3e6f0,27.136952788513888
8,3,"{""C1"": 6.0, ""C2"": 4.8, ""C3"": 4.0, ""C4"": 4.8}",0.8,0,3,False,False,False,ATTIA_CONT_528afadc2139,1.1758752431382096
8,4,"{""C1"": 6.0, ""C2"": 4.8, ""C3"": 4.0, ""C4"": 4.8}",0.8,0,4,False,False,False,ATTIA_CONT_fe257c40d4ed,0.736447731994553
8,5,"{""C1"": 6.0, ""C2"": 4.8, ""C3"": 4.0, ""C4"": 4.8}",0.4,0,0,False,True,False,ATTIA_CONT_ec430a8114c5,0.9475575801913045
8,6,"{""C1"": 6.0, ""C2"": 4.8, ""C3"": 4.0, ""C4"": 4.8}",0.4,0,1,False,False,False,ATTIA_CONT_6e5c76cc9e62,0.9248281945778718
8,7,"{""C1"": 6.0, ""C2"": 4.8, ""C3"": 4.0, ""C4"": 4.8}",0.4,0,2,False,False,False,ATTIA_CONT_466e929dced1,0.6494607143228119
8,8,"{""C1"": 6.0, ""C2"": 4.8, ""C3"": 4.0, ""C4"": 4.8}",0.4,0,3,False,False,False,ATTIA_CONT_1ec24e468478,0.4304883285884338
8,9,"{""C1"": 6.0, ""C2"": 4.8, ""C3"": 4.0, ""C4"": 4.8}",0.4,0,4,False,False,False,ATTIA_CONT_c40cdb00c7a3,17.238787707678895
8,10,"{""C1"": 6.0, ""C2"": 4.8, ""C3"": 4.0, ""C4"": 4.8}",0.2,0,0,False,True,False,ATTIA_CONT_fc5ee10a8d02,86.41719649177168
8,11,"{""C1"": 6.0, ""C2"": 4.8, ""C3"": 4.0, ""C4"": 4.8}",0.2,0,1,False,False,False,ATTIA_CONT_6dd9206cb771,91.19326518884142
8,12,"{""C1"": 6.0, ""C2"": 4.8, ""C3"": 4.0, ""C4"": 4.8}",0.2,0,2,False,False,False,ATTIA_CONT_be437fcf1bc5,82.4124591239419
8,13,"{""C1"": 6.0, ""C2"": 4.8, ""C3"": 4.0, ""C4"": 4.8}",0.2,0,3,False,False,False,ATTIA_CONT_882d858359e9,95.9369893223451
8,14,"{""C1"": 6.0, ""C2"": 4.8, ""C3"": 4.0, ""C4"": 4.8}",0.2,0,4,False,False,False,ATTIA_CONT_84623951d84b,93.46542077848692
8,15,"{""C1"": 6.0, ""C2"": 4.8, ""C3"": 4.0, ""C4"": 4.8}",0.1,0,0,False,True,False,ATTIA_CONT_f0053069fb47,90.30255931302787
8,16,"{""C1"": 6.0, ""C2"": 4.8, ""C3"": 4.0, ""C4"": 4.8}",0.1,0,1,False,False,False,ATTIA_CONT_028c802135b7,88.44765140341708
8,17,"{""C1"": 6.0, ""C2"": 4.8, ""C3"": 4.0, ""C4"": 4.8}",0.1,0,2,False,False,False,ATTIA_CONT_589e9157e198,88.18499501208758
8,18,"{""C1"": 6.0, ""C2"": 4.8, ""C3"": 4.0, ""C4"": 4.8}",0.1,0,3,False,False,False,ATTIA_CONT_cdc74c5686b0,86.08257654776585
8,19,"{""C1"": 6.0, ""C2"": 4.8, ""C3"": 4.0, ""C4"": 4.8}",0.1,0,4,False,False,False,ATTIA_CONT_a08a17e27359,84.89338539898489
8,20,"{""C1"": 6.0, ""C2"": 4.8, ""C3"": 4.0, ""C4"": 4.8}",0.05,0,0,False,True,False,ATTIA_CONT_99b440f9c2a3,82.96099936996151
8,21,"{""C1"": 6.0, ""C2"": 4.8, ""C3"": 4.0, ""C4"": 4.8}",0.05,0,1,False,False,False,ATTIA_CONT_9037afae6e41,81.41937971767318
8,22,"{""C1"": 6.0, ""C2"": 4.8, ""C3"": 4.0, ""C4"": 4.8}",0.05,0,2,False,False,False,ATTIA_CONT_ef5455983eb3,79.78202625337276
8,23,"{""C1"": 6.0, ""C2"": 4.8, ""C3"": 4.0, ""C4"": 4.8}",0.05,0,3,False,False,False,ATTIA_CONT_10891f9dbc8c,79.04251134454009
8,24,"{""C1"": 6.0, ""C2"": 4.8, ""C3"": 4.0, ""C4"": 4.8}",0.05,0,4,False,False,False,ATTIA_CONT_b38eec849d33,77.7358545308807
8,25,"{""C1"": 6.0, ""C2"": 4.8, ""C3"": 4.0, ""C4"": 4.8}",0.025,0,0,False,True,False,ATTIA_CONT_9c315cc3ac55,77.3540820424663
9,1,"{""C1"": 6.0, ""C2"": 5.6, ""C3"": 4.0, ""C4"": 4.2}",0.8,0,1,False,False,False,ATTIA_CONT_6ce1135f9506,13.185258625415265
9,2,"{""C1"": 6.0, ""C2"": 5.6, ""C3"": 4.0, ""C4"": 4.2}",0.8,0,2,False,False,False,ATTIA_CONT_8ac524dcf6b3,2.089948086212317
9,3,"{""C1"": 6.0, ""C2"": 5.6, ""C3"": 4.0, ""C4"": 4.2}",0.8,0,3,False,False,False,ATTIA_CONT_b2ec46eae27e,1.5431599739473087
9,4,"{""C1"": 6.0, ""C2"": 5.6, ""C3"": 4.0, ""C4"": 4.2}",0.8,0,4,False,False,False,ATTIA_CONT_cf30abb7f899,8.34764218308943
9,5,"{""C1"": 6.0, ""C2"": 5.6, ""C3"": 4.0, ""C4"": 4.2}",0.4,0,0,False,True,False,ATTIA_CONT_bb02cd200341,45.251761254670356
9,6,"{""C1"": 6.0, ""C2"": 5.6, ""C3"": 4.0, ""C4"": 4.2}",0.4,0,1,False,False,False,ATTIA_CONT_f125382941b7,3.939972541601863
9,7,"{""C1"": 6.0, ""C2"": 5.6, ""C3"": 4.0, ""C4"": 4.2}",0.4,0,2,False,False,False,ATTIA_CONT_eae3900c825f,3.003544642378584
9,8,"{""C1"": 6.0, ""C2"": 5.6, ""C3"": 4.0, ""C4"": 4.2}",0.4,0,3,False,False,False,ATTIA_CONT_25a88c02c04e,66.92386854213986
9,9,"{""C1"": 6.0, ""C2"": 5.6, ""C3"": 4.0, ""C4"": 4.2}",0.4,0,4,False,False,False,ATTIA_CONT_544acfb439e8,6.262683866137852
9,10,"{""C1"": 6.018884109670124, ""C2"": 5.545212277485923, ""C3"": 3.677472314870809, ""C4"": 4.652722562194538}",0.4,1,0,False,False,False,ATTIA_CONT_d0f61ac74f46,5.8165400184463145
9,11,"{""C1"": 6.018884109670124, ""C2"": 5.545212277485923, ""C3"": 3.677472314870809, ""C4"": 4.652722562194538}",0.4,0,1,False,False,False,ATTIA_CONT_3cf13e8d6930,75.90626496473371
9,12,"{""C1"": 6.018884109670124, ""C2"": 5.545212277485923, ""C3"": 3.677472314870809, ""C4"": 4.652722562194538}",0.4,0,2,False,False,False,ATTIA_CONT_55fb781f139f,73.96483308534891
9,13,"{""C1"": 6.018884109670124, ""C2"": 5.545212277485923, ""C3"": 3.677472314870809, ""C4"": 4.652722562194538}",0.4,0,3,False,False,False,ATTIA_CONT_9de7f59fed47,1.1736382092805488
9,14,"{""C1"": 6.018884109670124, ""C2"": 5.545212277485923, ""C3"": 3.677472314870809, ""C4"": 4.652722562194538}",0.4,0,4,False,False,False,ATTIA_CONT_993622033768,0.934307044216907
9,15,"{""C1"": 6.018884109670124, ""C2"": 5.545212277485923, ""C3"": 3.677472314870809, ""C4"": 4.652722562194538}",0.2,0,0,False,True,False,ATTIA_CONT_75a93419d817,1.2512577318072537
9,16,"{""C1"": 6.018884109670124, ""C2"": 5.545212277485923, ""C3"": 3.677472314870809, ""C4"": 4.652722562194538}",0.2,0,1,False,False,False,ATTIA_CONT_4875276a4c23,73.80063163754693
9,17,"{""C1"": 6.018884109670124, ""C2"": 5.545212277485923, ""C3"": 3.677472314870809, ""C4"": 4.652722562194538}",0.2,0,2,False,False,False,ATTIA_CONT_2280b8ae8dfe,1.287883299458639
9,18,"{""C1"": 6.018884109670124, ""C2"": 5.545212277485923, ""C3"": 3.677472314870809, ""C4"": 4.652722562194538}",0.2,0,3,False,False,False,ATTIA_CONT_9020349eb7c4,71.84424880989893
9,19,"{""C1"": 6.018884109670124, ""C2"": 5.545212277485923, ""C3"": 3.677472314870809, ""C4"": 4.652722562194538}",0.2,0,4,False,False,False,ATTIA_CONT_35b4c1917afa,70.03505086881292
9,20,"{""C1"": 6.018884109670124, ""C2"": 5.545212277485923, ""C3"": 3.677472314870809, ""C4"": 4.652722562194538}",0.1,0,0,False,True,False,ATTIA_CONT_8ccc4424e904,70.79934257216762
9,21,"{""C1"": 6.018884109670124, ""C2"": 5.545212277485923, ""C3"": 3.677472314870809, ""C4"": 4.652722562194538}",0.1,0,1,False,False,False,ATTIA_CONT_533ba282adb4,72.59798539919674
9,22,"{""C1"": 6.018884109670124, ""C2"": 5.545212277485923, ""C3"": 3.677472314870809, ""C4"": 4.652722562194538}",0.1,0,2,False,False,False,ATTIA_CONT_40b580055228,69.74302450241527
9,23,"{""C1"": 6.018884109670124, ""C2"": 5.545212277485923, ""C3"": 3.677472314870809, ""C4"": 4.652722562194538}",0.1,0,3,False,False,False,ATTIA_CONT_77a3ef1dfddb,70.26212835690723
9,24,"{""C1"": 6.018884109670124, ""C2"": 5.545212277485923, ""C3"": 3.677472314870809, ""C4"": 4.652722562194538}",0.1,0,4,False,False,False,ATTIA_CONT_9d8e70d9d5ff,69.0356393851091
9,25,"{""C1"": 6.018884109670124, ""C2"": 5.545212277485923, ""C3"": 3.677472314870809, ""C4"": 4.652722562194538}",0.05,0,0,False,True,False,ATTIA_CONT_83105eb7a5ef,68.77952391840068
10,1,"{""C1"": 5.6, ""C2"": 4.0, ""C3"": 5.6, ""C4"": 4.421}",0.8,0,1,False,False,False,ATTIA_CONT_b1e6bc65788a,17.94156983478868
10,2,"{""C1"": 5.6, ""C2"": 4.0, ""C3"": 5.6, ""C4"": 4.421}",0.8,0,2,False,False,False,ATTIA_CONT_aa2046531d5e,55.30420218860948
10,3,"{""C1"": 5.6, ""C2"": 4.0, ""C3"": 5.6, ""C4"": 4.421}",0.8,0,3,False,False,False,ATTIA_CONT_d2f810c06f39,2.336933053989947
10,4,"{""C1"": 5.6, ""C2"": 4.0, ""C3"": 5.6, ""C4"": 4.421}",0.8,0,4,False,False,False,ATTIA_CONT_11b6319833a4,1.7469955306732814
10,5,"{""C1"": 5.6, ""C2"": 4.0, ""C3"": 5.6, ""C4"": 4.421}",0.4,0,0,False,True,False,ATTIA_CONT_b3d01de176c9,0.5172187065065734
10,6,"{""C1"": 5.6, ""C2"": 4.0, ""C3"": 5.6, ""C4"": 4.421}",0.4,0,1,False,False,False,ATTIA_CONT_a31ecb6924e6,5.361741897461428
10,7,"{""C1"": 5.6, ""C2"": 4.0, ""C3"": 5.6, ""C4"": 4.421}",0.4,0,2,False,False,False,ATTIA_CONT_16013b82cc70,9.180805362506554
10,8,"{""C1"": 5.6, ""C2"": 4.0, ""C3"": 5.6, ""C4"": 4.421}",0.4,0,3,False,False,False,ATTIA_CONT_f048564613d4,8.735751863422546
10,9,"{""C1"": 5.6, ""C2"": 4.0, ""C3"": 5.6, ""C4"": 4.421}",0.4,0,4,False,False,False,ATTIA_CONT_829b9eb8a954,10.125947046276323
10,10,"{""C1"": 5.6, ""C2"": 4.0, ""C3"": 5.6, ""C4"": 4.421}",0.2,0,0,False,True,False,ATTIA_CONT_989ff3b7ce77,11.385886434143977
10,11,"{""C1"": 5.6, ""C2"": 4.0, ""C3"": 5.6, ""C4"": 4.421}",0.2,0,1,False,False,False,ATTIA_CONT_48127ec9e104,17.783924965499278
10,12,"{""C1"": 5.6, ""C2"": 4.0, ""C3"": 5.6, ""C4"": 4.421}",0.2,0,2,False,False,False,ATTIA_CONT_8323b682c9e9,25.747183224438594
10,13,"{""C1"": 5.6, ""C2"": 4.0, ""C3"": 5.6, ""C4"": 4.421}",0.2,0,3,False,False,False,ATTIA_CONT_1476c9c36124,54.32313983716024
10,14,"{""C1"": 5.6, ""C2"": 4.0, ""C3"": 5.6, ""C4"": 4.421}",0.2,0,4,False,False,False,ATTIA_CONT_d223fa7e9325,65.28480035018923
10,15,"{""C1"": 5.6, ""C2"": 4.0, ""C3"": 5.6, ""C4"": 4.421}",0.1,0,0,False,True,False,ATTIA_CONT_d574887f804e,66.10780818600651
10,16,"{""C1"": 5.6, ""C2"": 4.0, ""C3"": 5.6, ""C4"": 4.421}",0.1,0,1,False,False,False,ATTIA_CONT_f0efd9f6d2db,71.25466070858272
10,17,"{""C1"": 5.6, ""C2"": 4.0, ""C3"": 5.6, ""C4"": 4.421}",0.1,0,2,False,False,False,ATTIA_CONT_ab9069cfd436,74.37088174111943
10,18,"{""C1"": 5.6, ""C2"": 4.0, ""C3"": 5.6, ""C4"": 4.421}",0.1,0,3,False,False,False,ATTIA_CONT_ad42c42d4fa9,73.78685746255638
10,19,"{""C1"": 5.6, ""C2"": 4.0, ""C3"": 5.6, ""C4"": 4.421}",0.1,0,4,False,False,False,ATTIA_CONT_47bc9803ac80,72.99414378284538
10,20,"{""C1"": 5.6, ""C2"": 4.0, ""C3"": 5.6, ""C4"": 4.421}",0.05,0,0,False,True,False,ATTIA_CONT_1a62c7655fdf,72.27469706305514
10,21,"{""C1"": 5.6, ""C2"": 4.0, ""C3"": 5.6, ""C4"": 4.421}",0.05,0,1,False,False,False,ATTIA_CONT_844b04d89e4c,70.9882634141124
10,22,"{""C1"": 5.6, ""C2"": 4.0, ""C3"": 5.6, ""C4"": 4.421}",0.05,0,2,False,False,False,ATTIA_CONT_6f5a5c819c5a,69.62631178277819
10,23,"{""C1"": 5.6, ""C2"": 4.0, ""C3"": 5.6, ""C4"": 4.421}",0.05,0,3,False,False,False,ATTIA_CONT_e49de5f276bf,71.27646697383042
10,24,"{""C1"": 5.6, ""C2"": 4.0, ""C3"": 5.6, ""C4"": 4.421}",0.05,0,4,False,False,False,ATTIA_CONT_d585c035f2d1,68.27521173698504
10,25,"{""C1"": 5.6, ""C2"": 4.0, ""C3"": 5.6, ""C4"": 4.421}",0.025,0,0,False,True,False,ATTIA_CONT_dbcd4982439a,67.37075659032877
11,1,"{""C1"": 6.0, ""C2"": 5.6, ""C3"": 3.6, ""C4"": 4.755}",0.8,0,1,False,False,False,ATTIA_CONT_a8dbfad6e56c,72.54354092615598
11,2,"{""C1"": 6.0, ""C2"": 5.6, ""C3"": 3.6, ""C4"": 4.755}",0.8,0,2,False,False,False,ATTIA_CONT_70419e31f417,22.049400741407247
11,3,"{""C1"": 6.033766778196302, ""C2"": 5.268325667974743, ""C3"": 3.7088585591549283, ""C4"": 4.803973296363272}",0.8,1,0,False,False,False,ATTIA_CONT_111934eff808,23.365838809972296
11,4,"{""C1"": 6.033766778196302, ""C2"": 5.268325667974743, ""C3"": 3.7088585591549283, ""C4"": 4.803973296363272}",0.8,0,1,False,False,False,ATTIA_CONT_a95beb319f7a,20.970413769936847
11,5,"{""C1"": 6.033766778196302, ""C2"": 5.268325667974743, ""C3"": 3.7088585591549283, ""C4"": 4.803973296363272}",0.8,0,2,False,False,False,ATTIA_CONT_65bd6dfb7273,25.691642750004494
11,6,"{""C1"": 6.033766778196302, ""C2"": 5.268325667974743, ""C3"": 3.7088585591549283, ""C4"": 4.803973296363272}",0.8,0,3,False,False,False,ATTIA_CONT_d2d84479db3b,16.63071683324022
11,7,"{""C1"": 6.033766778196302, ""C2"": 5.268325667974743, ""C3"": 3.7088585591549283, ""C4"": 4.803973296363272}",0.8,0,4,False,False,False,ATTIA_CONT_929e633e9292,21.67102850815946
11,8,"{""C1"": 6.033766778196302, ""C2"": 5.268325667974743, ""C3"": 3.7088585591549283, ""C4"": 4.803973296363272}",0.4,0,0,False,True,False,ATTIA_CONT_b0fed933aa17,70.04826802827289
11,9,"{""C1"": 6.033766778196302, ""C2"": 5.268325667974743, ""C3"": 3.7088585591549283, ""C4"": 4.803973296363272}",0.4,0,1,False,False,False,ATTIA_CONT_2e22bd6112d8,66.39943528699199
11,10,"{""C1"": 6.033766778196302, ""C2"": 5.268325667974743, ""C3"": 3.7088585591549283, ""C4"": 4.803973296363272}",0.4,0,2,False,False,False,ATTIA_CONT_60e02afc8553,67.04245469631236
11,11,"{""C1"": 6.033766778196302, ""C2"": 5.268325667974743, ""C3"": 3.7088585591549283, ""C4"": 4.803973296363272}",0.4,0,3,False,False,False,ATTIA_CONT_bc72bd8e59e0,29.421336126267875
11,12,"{""C1"": 6.033766778196302, ""C2"": 5.268325667974743, ""C3"": 3.7088585591549283, ""C4"": 4.803973296363272}",0.4,0,4,False,False,False,ATTIA_CONT_c524a26afa21,14.106182537108594
11,13,"{""C1"": 6.033766778196302, ""C2"": 5.268325667974743, ""C3"": 3.7088585591549283, ""C4"": 4.803973296363272}",0.2,0,0,False,True,False,ATTIA_CONT_9d1f8cf8bc0a,59.418524717825
11,14,"{""C1"": 6.033766778196302, ""C2"": 5.268325667974743, ""C3"": 3.7088585591549283, ""C4"": 4.803973296363272}",0.2,0,1,False,False,False,ATTIA_CONT_c842ba13248a,57.71420865088886
11,15,"{""C1"": 6.033766778196302, ""C2"": 5.268325667974743, ""C3"": 3.7088585591549283, ""C4"": 4.803973296363272}",0.2,0,2,False,False,False,ATTIA_CONT_a1c683d7ea27,55.625590806450155
11,16,"{""C1"": 6.033766778196302, ""C2"": 5.268325667974743, ""C3"": 3.7088585591549283, ""C4"": 4.803973296363272}",0.2,0,3,False,False,False,ATTIA_CONT_3f45fe75809a,53.946274500213036
11,17,"{""C1"": 6.033766778196302, ""C2"": 5.268325667974743, ""C3"": 3.7088585591549283, ""C4"": 4.803973296363272}",0.2,0,4,False,False,False,ATTIA_CONT_a4499106af6c,55.24784400120455
11,18,"{""C1"": 6.033766778196302, ""C2"": 5.268325667974743, ""C3"": 3.7088585591549283, ""C4"": 4.803973296363272}",0.1,0,0,False,True,False,ATTIA_CONT_bfce3e16ac1d,20.34161237440717
11,19,"{""C1"": 6.033766778196302, ""C2"": 5.268325667974743, ""C3"": 3.7088585591549283, ""C4"": 4.803973296363272}",0.1,0,1,False,False,False,ATTIA_CONT_6aebc6e6f739,48.58598384885039
11,20,"{""C1"": 6.033766778196302, ""C2"": 5.268325667974743, ""C3"": 3.7088585591549283, ""C4"": 4.803973296363272}",0.1,0,2,False,False,False,ATTIA_CONT_6a444e9c9e08,50.56023210603915
11,21,"{""C1"": 6.033766778196302, ""C2"": 5.268325667974743, ""C3"": 3.7088585591549283, ""C4"": 4.803973296363272}",0.1,0,3,False,False,False,ATTIA_CONT_6a67db4d4f5f,51.53163610298212
11,22,"{""C1"": 6.033766778196302, ""C2"": 5.268325667974743, ""C3"": 3.7088585591549283, ""C4"": 4.803973296363272}",0.1,0,4,False,False,False,ATTIA_CONT_88a2cef232b6,49.774586392751395
11,23,"{""C1"": 6.033766778196302, ""C2"": 5.268325667974743, ""C3"": 3.7088585591549283, ""C4"": 4.803973296363272}",0.05,0,0,False,True,False,ATTIA_CONT_08dd9909f04e,48.907696553903975
11,24,"{""C1"": 6.033766778196302, ""C2"": 5.268325667974743, ""C3"": 3.7088585591549283, ""C4"": 4.803973296363272}",0.05,0,1,False,False,False,ATTIA_CONT_8bc7897dafa3,44.77123855157173
11,25,"{""C1"": 6.033766778196302, ""C2"": 5.268325667974743, ""C3"": 3.7088585591549283, ""C4"": 4.803973296363272}",0.05,0,2,False,False,False,ATTIA_CONT_01315ced3fc6,43.395194994059224
12,1,"{""C1"": 6.0, ""C2"": 4.0, ""C3"": 5.2, ""C4"": 4.457}",0.8,0,1,False,False,False,ATTIA_CONT_c14e50490a46,72.86053908018889
12,2,"{""C1"": 6.070479651347524, ""C2"": 3.631929120526064, ""C3"": 5.410472597457243, ""C4"": 4.7975621370490895}",0.8,1,0,False,False,False,ATTIA_CONT_1647292bbf78,32.43707182820041
12,3,"{""C1"": 6.070479651347524, ""C2"": 3.631929120526064, ""C3"": 5.410472597457243, ""C4"": 4.7975621370490895}",0.8,0,1,False,False,False,ATTIA_CONT_0969b39bf403,53.540286822330124
12,4,"{""C1"": 6.070479651347524, ""C2"": 3.631929120526064, ""C3"": 5.410472597457243, ""C4"": 4.7975621370490895}",0.8,0,2,False,False,False,ATTIA_CONT_4e6cb0de9b05,116.33582207891932
12,5,"{""C1"": 6.070479651347524, ""C2"": 3.631929120526064, ""C3"": 5.410472597457243, ""C4"": 4.7975621370490895}",0.8,0,3,False,False,False,ATTIA_CONT_da4938193b95,109.74388886948765
12,6,"{""C1"": 6.070479651347524, ""C2"": 3.631929120526064, ""C3"": 5.410472597457243, ""C4"": 4.7975621370490895}",0.8,0,4,False,False,False,ATTIA_CONT_248848011d64,105.24004360947228
12,7,"{""C1"": 6.070479651347524, ""C2"": 3.631929120526064, ""C3"": 5.410472597457243, ""C4"": 4.7975621370490895}",0.4,0,0,False,True,False,ATTIA_CONT_0b51c78a2723,99.41321977170381
12,8,"{""C1"": 6.070479651347524, ""C2"": 3.631929120526064, ""C3"": 5.410472597457243, ""C4"": 4.7975621370490895}",0.4,0,1,False,False,False,ATTIA_CONT_5d92e1834c9c,89.66701049887253
12,9,"{""C1"": 6.070479651347524, ""C2"": 3.631929120526064, ""C3"": 5.410472597457243, ""C4"": 4.7975621370490895}",0.4,0,2,False,False,False,ATTIA_CONT_a5fa27cc447b,82.2114031467604
12,10,"{""C1"": 6.070479651347524, ""C2"": 3.631929120526064, ""C3"": 5.410472597457243, ""C4"": 4.7975621370490895}",0.4,0,3,False,False,False,ATTIA_CONT_a27961767aac,79.83586457609239
12,11,"{""C1"": 6.070479651347524, ""C2"": 3.631929120526064, ""C3"": 5.410472597457243, ""C4"": 4.7975621370490895}",0.4,0,4,False,False,False,ATTIA_CONT_f6c2635d6829,74.14819559923913
12,12,"{""C1"": 6.070479651347524, ""C2"": 3.631929120526064, ""C3"": 5.410472597457243, ""C4"": 4.7975621370490895}",0.2,0,0,False,True,False,ATTIA_CONT_2ea686a83389,73.7031414316155
12,13,"{""C1"": 6.070479651347524, ""C2"": 3.631929120526064, ""C3"": 5.410472597457243, ""C4"": 4.7975621370490895}",0.2,0,1,False,False,False,ATTIA_CONT_38e74c2dd476,60.983637086485224
12,14,"{""C1"": 6.070479651347524, ""C2"": 3.631929120526064, ""C3"": 5.410472597457243, ""C4"": 4.7975621370490895}",0.2,0,2,False,False,False,ATTIA_CONT_a9566c29d950,58.97892925160788
12,15,"{""C1"": 6.070479651347524, ""C2"": 3.631929120526064, ""C3"": 5.410472597457243, ""C4"": 4.7975621370490895}",0.2,0,3,False,False,False,ATTIA_CONT_c153613f0e19,60.29384553979055
12,16,"{""C1"": 6.070479651347524, ""C2"": 3.631929120526064, ""C3"": 5.410472597457243, ""C4"": 4.7975621370490895}",0.2,0,4,False,False,False,ATTIA_CONT_de72db1669f7,55.71879085415662
12,17,"{""C1"": 6.070479651347524, ""C2"": 3.631929120526064, ""C3"": 5.410472597457243, ""C4"": 4.7975621370490895}",0.1,0,0,False,True,False,ATTIA_CONT_722bfad78c6d,59.42395400058831
12,18,"{""C1"": 6.070479651347524, ""C2"": 3.631929120526064, ""C3"": 5.410472597457243, ""C4"": 4.7975621370490895}",0.1,0,1,False,False,False,ATTIA_CONT_770299a855d0,50.277879246452514
12,19,"{""C1"": 6.070479651347524, ""C2"": 3.631929120526064, ""C3"": 5.410472597457243, ""C4"": 4.7975621370490895}",0.1,0,2,False,False,False,ATTIA_CONT_ee8145af3b77,44.86301724307013
12,20,"{""C1"": 6.070479651347524, ""C2"": 3.631929120526064, ""C3"": 5.410472597457243, ""C4"": 4.7975621370490895}",0.1,0,3,False,False,False,ATTIA_CONT_f0c46a04243b,42.137070731592516
12,21,"{""C1"": 6.070479651347524, ""C2"": 3.631929120526064, ""C3"": 5.410472597457243, ""C4"": 4.7975621370490895}",0.1,0,4,False,False,False,ATTIA_CONT_064db1d80f75,37.46932364140454
12,22,"{""C1"": 6.070479651347524, ""C2"": 3.631929120526064, ""C3"": 5.410472597457243, ""C4"": 4.7975621370490895}",0.05,0,0,False,True,False,ATTIA_CONT_284afac22f7c,38.075236659194886
12,23,"{""C1"": 6.070479651347524, ""C2"": 3.631929120526064, ""C3"": 5.410472597457243, ""C4"": 4.7975621370490895}",0.05,0,1,False,False,False,ATTIA_CONT_d908cf59458e,32.54874499011669
12,24,"{""C1"": 6.070479651347524, ""C2"": 3.631929120526064, ""C3"": 5.410472597457243, ""C4"": 4.7975621370490895}",0.05,0,2,False,False,False,ATTIA_CONT_eaada6bfa854,32.46563999078396
12,25,"{""C1"": 6.070479651347524, ""C2"": 3.631929120526064, ""C3"": 5.410472597457243, ""C4"": 4.7975621370490895}",0.05,0,3,False,False,False,ATTIA_CONT_8d5bcfae81a1,32.04470289988447
13,1,"{""C1"": 4.0, ""C2"": 6.0, ""C3"": 5.2, ""C4"": 4.457}",0.8,0,1,False,False,False,ATTIA_CONT_fd3f75f417d9,21.699484494461622
13,2,"{""C1"": 4.0, ""C2"": 6.0, ""C3"": 5.2, ""C4"": 4.457}",0.8,0,2,False,False,False,ATTIA_CONT_a419b158206e,19.843980922545573
13,3,"{""C1"": 4.0, ""C2"": 6.0, ""C3"": 5.2, ""C4"": 4.457}",0.8,0,3,False,False,False,ATTIA_CONT_27ea010274b9,22.10476974918449
13,4,"{""C1"": 4.0, ""C2"": 6.0, ""C3"": 5.2, ""C4"": 4.457}",0.8,0,4,False,False,False,ATTIA_CONT_1439e3bb0132,22.99716283330681
13,5,"{""C1"": 4.0, ""C2"": 6.0, ""C3"": 5.2, ""C4"": 4.457}",0.4,0,0,False,True,False,ATTIA_CONT_7df7fee0481b,22.076632845292743
13,6,"{""C1"": 4.0, ""C2"": 6.0, ""C3"": 5.2, ""C4"": 4.457}",0.4,0,1,False,False,False,ATTIA_CONT_4afc99289eed,38.158657252684385
13,7,"{""C1"": 4.0, ""C2"": 6.0, ""C3"": 5.2, ""C4"": 4.457}",0.4,0,2,False,False,False,ATTIA_CONT_c242c2375582,41.129173675002356
13,8,"{""C1"": 4.0, ""C2"": 6.0, ""C3"": 5.2, ""C4"": 4.457}",0.4,0,3,False,False,False,ATTIA_CONT_ff4c282a884f,47.66738566945833
13,9,"{""C1"": 4.0, ""C2"": 6.0, ""C3"": 5.2, ""C4"": 4.457}",0.4,0,4,False,False,False,ATTIA_CONT_3aa195d80159,85.73550396830659
13,10,"{""C1"": 4.0, ""C2"": 6.0, ""C3"": 5.2, ""C4"": 4.457}",0.2,0,0,False,True,False,ATTIA_CONT_3e8709ddee46,82.51154696291637
13,11,"{""C1"": 4.0, ""C2"": 6.0, ""C3"": 5.2, ""C4"": 4.457}",0.2,0,1,False,False,False,ATTIA_CONT_df4f7a334c9b,79.70411790563269
13,12,"{""C1"": 4.0, ""C2"": 6.0, ""C3"": 5.2, ""C4"": 4.457}",0.2,0,2,False,False,False,ATTIA_CONT_273ee258254d,66.98477828010584
13,13,"{""C1"": 4.0, ""C2"": 6.0, ""C3"": 5.2, ""C4"": 4.457}",0.2,0,3,False,False,False,ATTIA_CONT_1cac96e2e28a,70.4423203601229
13,14,"{""C1"": 4.0, ""C2"": 6.0, ""C3"": 5.2, ""C4"": 4.457}",0.2,0,4,False,False,False,ATTIA_CONT_c46d9ecf560a,73.74348670435336
13,15,"{""C1"": 4.0, ""C2"": 6.0, ""C3"": 5.2, ""C4"": 4.457}",0.1,0,0,False,True,False,ATTIA_CONT_fc493defc09b,75.79930919502392
13,16,"{""C1"": 4.0, ""C2"": 6.0, ""C3"": 5.2, ""C4"": 4.457}",0.1,0,1,False,False,False,ATTIA_CONT_244c1f313654,76.06927186061905
13,17,"{""C1"": 4.0, ""C2"": 6.0, ""C3"": 5.2, ""C4"": 4.457}",0.1,0,2,False,False,False,ATTIA_CONT_ca1ac27c2d35,75.4025012219145
13,18,"{""C1"": 4.0, ""C2"": 6.0, ""C3"": 5.2, ""C4"": 4.457}",0.1,0,3,False,False,False,ATTIA_CONT_2f2df5f62e7b,75.02988517472252
13,19,"{""C1"": 4.0, ""C2"": 6.0, ""C3"": 5.2, ""C4"": 4.457}",0.1,0,4,False,False,False,ATTIA_CONT_031b2f818740,74.3384776457444
13,20,"{""C1"": 4.0, ""C2"": 6.0, ""C3"": 5.2, ""C4"": 4.457}",0.05,0,0,False,True,False,ATTIA_CONT_34c30fc1fd8b,72.7825610326234
13,21,"{""C1"": 4.0, ""C2"": 6.0, ""C3"": 5.2, ""C4"": 4.457}",0.05,0,1,False,False,False,ATTIA_CONT_02b2b62ab13e,74.20100687180587
13,22,"{""C1"": 4.0, ""C2"": 6.0, ""C3"": 5.2, ""C4"": 4.457}",0.05,0,2,False,False,False,ATTIA_CONT_7c09c6cb8c41,74.85174600594527
13,23,"{""C1"": 4.0, ""C2"": 6.0, ""C3"": 5.2, ""C4"": 4.457}",0.05,0,3,False,False,False,ATTIA_CONT_bd10d89a3751,73.478137353863
13,24,"{""C1"": 4.0, ""C2"": 6.0, ""C3"": 5.2, ""C4"": 4.457}",0.05,0,4,False,False,False,ATTIA_CONT_1d4afbd1b737,72.62078094817807
13,25,"{""C1"": 4.0, ""C2"": 6.0, ""C3"": 5.2, ""C4"": 4.457}",0.025,0,0,False,True,False,ATTIA_CONT_06063889a29e,73.58620854198963
14,1,"{""C1"": 5.2, ""C2"": 4.0, ""C3"": 5.6, ""C4"": 4.707}",0.8,0,1,False,False,False,ATTIA_CONT_75bf684ec4df,98.85365917481734
14,2,"{""C1"": 5.2, ""C2"": 4.0, ""C3"": 5.6, ""C4"": 4.707}",0.8,0,2,False,False,False,ATTIA_CONT_90303d0615e5,58.0975573751779
14,3,"{""C1"": 5.2, ""C2"": 4.0, ""C3"": 5.6, ""C4"": 4.707}",0.8,0,3,False,False,False,ATTIA_CONT_aa5f0cb6c1ba,40.77067853023243
14,4,"{""C1"": 5.2, ""C2"": 4.0, ""C3"": 5.6, ""C4"": 4.707}",0.8,0,4,False,False,False,ATTIA_CONT_8481310cc483,22.02333547570479
14,5,"{""C1"": 5.2, ""C2"": 4.0, ""C3"": 5.6, ""C4"": 4.707}",0.4,0,0,False,True,False,ATTIA_CONT_9663c4855ffe,65.36793506670732
14,6,"{""C1"": 5.2, ""C2"": 4.0, ""C3"": 5.6, ""C4"": 4.707}",0.4,0,1,False,False,False,ATTIA_CONT_f000f878f0e6,55.99140534122848
14,7,"{""C1"": 5.2, ""C2"": 4.0, ""C3"": 5.6, ""C4"": 4.707}",0.4,0,2,False,False,False,ATTIA_CONT_2dfab7414d68,49.92017094107748
14,8,"{""C1"": 4.709986738162458, ""C2"": 4.277227858576829, ""C3"": 5.599469970407534, ""C4"": 4.793085150900934}",0.4,1,0,False,False,False,ATTIA_CONT_b1c3b388ebb1,46.62687882068923
14,9,"{""C1"": 4.709986738162458, ""C2"": 4.277227858576829, ""C3"": 5.599469970407534, ""C4"": 4.793085150900934}",0.4,0,1,False,False,False,ATTIA_CONT_db1b93cdff5a,54.761602292986126
14,10,"{""C1"": 4.709986738162458, ""C2"": 4.277227858576829, ""C3"": 5.599469970407534, ""C4"": 4.793085150900934}",0.4,0,2,False,False,False,ATTIA_CONT_d78d0c9814a2,50.23674180713679
14,11,"{""C1"": 4.709986738162458, ""C2"": 4.277227858576829, ""C3"": 5.599469970407534, ""C4"": 4.793085150900934}",0.4,0,3,False,False,False,ATTIA_CONT_3a467c738078,48.63588052080389
14,12,"{""C1"": 4.709986738162458, ""C2"": 4.277227858576829, ""C3"": 5.599469970407534, ""C4"": 4.793085150900934}",0.4,0,4,False,False,False,ATTIA_CONT_9a6cf4eda63d,47.66177214176383
14,13,"{""C1"": 4.709986738162458, ""C2"": 4.277227858576829, ""C3"": 5.599469970407534, ""C4"": 4.793085150900934}",0.2,0,0,False,True,False,ATTIA_CONT_0e3400c4aa5f,51.06631793760438
14,14,"{""C1"": 4.709986738162458, ""C2"": 4.277227858576829, ""C3"": 5.599469970407534, ""C4"": 4.793085150900934}",0.2,0,1,False,False,False,ATTIA_CONT_c2008fe13009,52.2307638971886
14,15,"{""C1"": 4.709986738162458, ""C2"": 4.277227858576829, ""C3"": 5.599469970407534, ""C4"": 4.793085150900934}",0.2,0,2,False,False,False,ATTIA_CONT_e0503de24954,49.05330173776316
14,16,"{""C1"": 4.709986738162458, ""C2"": 4.277227858576829, ""C3"": 5.599469970407534, ""C4"": 4.793085150900934}",0.2,0,3,False,False,False,ATTIA_CONT_3cdd69091c6d,47.43223511560935
14,17,"{""C1"": 4.709986738162458, ""C2"": 4.277227858576829, ""C3"": 5.599469970407534, ""C4"": 4.793085150900934}",0.2,0,4,False,False,False,ATTIA_CONT_880b9948ccce,46.4050768675671
14,18,"{""C1"": 4.709986738162458, ""C2"": 4.277227858576829, ""C3"": 5.599469970407534, ""C4"": 4.793085150900934}",0.1,0,0,False,True,False,ATTIA_CONT_c07a98e1770f,45.08255185518562
14,19,"{""C1"": 4.709986738162458, ""C2"": 4.277227858576829, ""C3"": 5.599469970407534, ""C4"": 4.793085150900934}",0.1,0,1,False,False,False,ATTIA_CONT_1529f95528b3,44.47723713775353
14,20,"{""C1"": 4.709986738162458, ""C2"": 4.277227858576829, ""C3"": 5.599469970407534, ""C4"": 4.793085150900934}",0.1,0,2,False,False,False,ATTIA_CONT_e9666063e5fb,42.9641167846576
14,21,"{""C1"": 4.709986738162458, ""C2"": 4.277227858576829, ""C3"": 5.599469970407534, ""C4"": 4.793085150900934}",0.1,0,3,False,False,False,ATTIA_CONT_7994a39e7831,42.787733511953135
14,22,"{""C1"": 4.709986738162458, ""C2"": 4.277227858576829, ""C3"": 5.599469970407534, ""C4"": 4.793085150900934}",0.1,0,4,False,False,False,ATTIA_CONT_5dca714e5de7,43.73226084571659
14,23,"{""C1"": 4.709986738162458, ""C2"": 4.277227858576829, ""C3"": 5.599469970407534, ""C4"": 4.793085150900934}",0.05,0,0,False,True,False,ATTIA_CONT_86a39e7dad87,49.18616816238902
14,24,"{""C1"": 4.709986738162458, ""C2"": 4.277227858576829, ""C3"": 5.599469970407534, ""C4"": 4.793085150900934}",0.05,0,1,False,False,False,ATTIA_CONT_dbfd14bf8d79,49.185408057007294
14,25,"{""C1"": 4.709986738162458, ""C2"": 4.277227858576829, ""C3"": 5.599469970407534, ""C4"": 4.793085150900934}",0.05,0,2,False,False,False,ATTIA_CONT_524d95cc118e,49.85843196180276
15,1,"{""C1"": 8.0, ""C2"": 5.2, ""C3"": 5.6, ""C4"": 2.963}",0.8,0,1,False,False,False,ATTIA_CONT_7d8069f75414,8.478735606168174
15,2,"{""C1"": 8.0, ""C2"": 5.2, ""C3"": 5.6, ""C4"": 2.963}",0.8,0,2,False,False,False,ATTIA_CONT_3396a2118a5d,13.492663109689234
15,3,"{""C1"": 8.0, ""C2"": 5.2, ""C3"": 5.6, ""C4"": 2.963}",0.8,0,3,False,False,False,ATTIA_CONT_b5d8cb6c64cc,26.797813045860536
15,4,"{""C1"": 8.0, ""C2"": 5.2, ""C3"": 5.6, ""C4"": 2.963}",0.8,0,4,False,False,False,ATTIA_CONT_d9db4d5af731,21.943080342388228
15,5,"{""C1"": 8.0, ""C2"": 5.2, ""C3"": 5.6, ""C4"": 2.963}",0.4,0,0,False,True,False,ATTIA_CONT_d24ee9e4481c,17.519240714717554
15,6,"{""C1"": 8.0, ""C2"": 5.2, ""C3"": 5.6, ""C4"": 2.963}",0.4,0,1,False,False,False,ATTIA_CONT_4afb076c9902,14.212198332785874
15,7,"{""C1"": 8.0, ""C2"": 5.2, ""C3"": 5.6, ""C4"": 2.963}",0.4,0,2,False,False,False,ATTIA_CONT_d59e4a5969ac,28.87470558751509
15,8,"{""C1"": 7.34393776265868, ""C2"": 4.532471351587756, ""C3"": 5.308310535945626, ""C4"": 3.47038387214723}",0.4,1,0,False,False,False,ATTIA_CONT_4fcb7e1e7d72,10.017554367793462
15,9,"{""C1"": 7.34393776265868, ""C2"": 4.532471351587756, ""C3"": 5.308310535945626, ""C4"": 3.47038387214723}",0.4,0,1,False,False,False,ATTIA_CONT_0e3dca9e62b1,8.201782950327754
15,10,"{""C1"": 7.34393776265868, ""C2"": 4.532471351587756, ""C3"": 5.308310535945626, ""C4"": 3.47038387214723}",0.4,0,2,False,False,False,ATTIA_CONT_435577c3c8d0,5.944462880619675
15,11,"{""C1"": 7.34393776265868, ""C2"": 4.532471351587756, ""C3"": 5.308310535945626, ""C4"": 3.47038387214723}",0.4,0,3,False,False,False,ATTIA_CONT_e92f6d42e473,80.6863556710251
15,12,"{""C1"": 7.34393776265868, ""C2"": 4.532471351587756, ""C3"": 5.308310535945626, ""C4"": 3.47038387214723}",0.4,0,4,False,False,False,ATTIA_CONT_961263ab4915,79.4533783163232
15,13,"{""C1"": 7.34393776265868, ""C2"": 4.532471351587756, ""C3"": 5.308310535945626, ""C4"": 3.47038387214723}",0.2,0,0,False,True,False,ATTIA_CONT_6798679a56d9,8.41302937798163
15,14,"{""C1"": 7.34393776265868, ""C2"": 4.532471351587756, ""C3"": 5.308310535945626, ""C4"": 3.47038387214723}",0.2,0,1,False,False,False,ATTIA_CONT_51e9e367bda5,7.632654362514728
15,15,"{""C1"": 7.34393776265868, ""C2"": 4.532471351587756, ""C3"": 5.308310535945626, ""C4"": 3.47038387214723}",0.2,0,2,False,False,False,ATTIA_CONT_19f088248d14,8.124929796054484
15,16,"{""C1"": 7.34393776265868, ""C2"": 4.532471351587756, ""C3"": 5.308310535945626, ""C4"": 3.47038387214723}",0.2,0,3,False,False,False,ATTIA_CONT_11a0daa1164e,7.838620681344821
15,17,"{""C1"": 7.34393776265868, ""C2"": 4.532471351587756, ""C3"": 5.308310535945626, ""C4"": 3.47038387214723}",0.2,0,4,False,False,False,ATTIA_CONT_4d0aae3df672,77.08200263408774
15,18,"{""C1"": 7.34393776265868, ""C2"": 4.532471351587756, ""C3"": 5.308310535945626, ""C4"": 3.47038387214723}",0.1,0,0,False,True,False,ATTIA_CONT_d6b3a730c4d0,75.12195184746125
15,19,"{""C1"": 7.34393776265868, ""C2"": 4.532471351587756, ""C3"": 5.308310535945626, ""C4"": 3.47038387214723}",0.1,0,1,False,False,False,ATTIA_CONT_02c60783e0cc,73.11462241511741
15,20,"{""C1"": 7.34393776265868, ""C2"": 4.532471351587756, ""C3"": 5.308310535945626, ""C4"": 3.47038387214723}",0.1,0,2,False,False,False,ATTIA_CONT_7ec4170a0b94,7.376994786771409
15,21,"{""C1"": 7.34393776265868, ""C2"": 4.532471351587756, ""C3"": 5.308310535945626, ""C4"": 3.47038387214723}",0.1,0,3,False,False,False,ATTIA_CONT_82cadee87fab,8.749950520035565
15,22,"{""C1"": 7.34393776265868, ""C2"": 4.532471351587756, ""C3"": 5.308310535945626, ""C4"": 3.47038387214723}",0.1,0,4,False,False,False,ATTIA_CONT_28ce529b417a,6.174409952479465
15,23,"{""C1"": 7.34393776265868, ""C2"": 4.532471351587756, ""C3"": 5.308310535945626, ""C4"": 3.47038387214723}",0.05,0,0,False,True,False,ATTIA_CONT_4a0ed2942795,5.57734058772645
15,24,"{""C1"": 7.34393776265868, ""C2"": 4.532471351587756, ""C3"": 5.308310535945626, ""C4"": 3.47038387214723}",0.05,0,1,False,False,False,ATTIA_CONT_2474b8785d6f,5.163019714423662
15,25,"{""C1"": 7.34393776265868, ""C2"": 4.532471351587756, ""C3"": 5.308310535945626, ""C4"": 3.47038387214723}",0.05,0,2,False,False,False,ATTIA_CONT_e63f95a49508,5.44430635188812
16,1,"{""C1"": 5.2, ""C2"": 6.0, ""C3"": 4.4, ""C4"": 4.047}",0.8,0,1,False,False,False,ATTIA_CONT_08b9199edc2e,3.54266172198011
16,2,"{""C1"": 5.2, ""C2"": 6.0, ""C3"": 4.4, ""C4"": 4.047}",0.8,0,2,False,False,False,ATTIA_CONT_16ee66536b72,2.24262862223644
16,3,"{""C1"": 5.2, ""C2"": 6.0, ""C3"": 4.4, ""C4"": 4.047}",0.8,0,3,False,False,False,ATTIA_CONT_432b9ddf276f,1.3130284249386444
16,4,"{""C1"": 5.2, ""C2"": 6.0, ""C3"": 4.4, ""C4"": 4.047}",0.8,0,4,False,False,False,ATTIA_CONT_533b6749eb86,67.25473212961745
16,5,"{""C1"": 5.2, ""C2"": 6.0, ""C3"": 4.4, ""C4"": 4.047}",0.4,0,0,False,True,False,ATTIA_CONT_d404d61ea14c,0.9475848015543882
16,6,"{""C1"": 5.2, ""C2"": 6.0, ""C3"": 4.4, ""C4"": 4.047}",0.4,0,1,False,False,False,ATTIA_CONT_78977583353a,3.336318266842163
16,7,"{""C1"": 5.2, ""C2"": 6.0, ""C3"": 4.4, ""C4"": 4.047}",0.4,0,2,False,False,False,ATTIA_CONT_85c8b9d47eb5,0.8631588656152962
16,8,"{""C1"": 5.2, ""C2"": 6.0, ""C3"": 4.4, ""C4"": 4.047}",0.4,0,3,False,False,False,ATTIA_CONT_4c9af1fe45f1,33.950985346605826
16,9,"{""C1"": 5.2, ""C2"": 6.0, ""C3"": 4.4, ""C4"": 4.047}",0.4,0,4,False,False,False,ATTIA_CONT_79f2d517da68,37.97767039330304
16,10,"{""C1"": 5.2, ""C2"": 6.0, ""C3"": 4.4, ""C4"": 4.047}",0.2,0,0,False,True,False,ATTIA_CONT_52ba8577851b,0.7969794161763479
16,11,"{""C1"": 5.2, ""C2"": 6.0, ""C3"": 4.4, ""C4"": 4.047}",0.2,0,1,False,False,False,ATTIA_CONT_50ec8f0c9de1,6.726447664502652
16,12,"{""C1"": 5.2, ""C2"": 6.0, ""C3"": 4.4, ""C4"": 4.047}",0.2,0,2,False,False,False,ATTIA_CONT_f678a15902b1,34.85092554023517
16,13,"{""C1"": 5.2, ""C2"": 6.0, ""C3"": 4.4, ""C4"": 4.047}",0.2,0,3,False,False,False,ATTIA_CONT_f470077890f1,0.835811495303199
16,14,"{""C1"": 5.2, ""C2"": 6.0, ""C3"": 4.4, ""C4"": 4.047}",0.2,0,4,False,False,False,ATTIA_CONT_fc40fed15dce,0.39433234526954797
16,15,"{""C1"": 5.2, ""C2"": 6.0, ""C3"": 4.4, ""C4"": 4.047}",0.1,0,0,False,True,False,ATTIA_CONT_0b974ef239ad,0.3071649546449957
16,16,"{""C1"": 5.2, ""C2"": 6.0, ""C3"": 4.4, ""C4"": 4.047}",0.1,0,1,False,False,False,ATTIA_CONT_c4a8adeea747,0.2936039589055883
16,17,"{""C1"": 5.2, ""C2"": 6.0, ""C3"": 4.4, ""C4"": 4.047}",0.1,0,2,False,False,False,ATTIA_CONT_49a7988f53a9,52.15305990885397
16,18,"{""C1"": 5.2, ""C2"": 6.0, ""C3"": 4.4, ""C4"": 4.047}",0.1,0,3,False,False,False,ATTIA_CONT_daeac15ec268,0.25404346579892967
16,19,"{""C1"": 5.2, ""C2"": 6.0, ""C3"": 4.4, ""C4"": 4.047}",0.1,0,4,False,False,False,ATTIA_CONT_066b3cc71e5e,0.24479047654620456
16,20,"{""C1"": 5.2, ""C2"": 6.0, ""C3"": 4.4, ""C4"": 4.047}",0.05,0,0,False,True,False,ATTIA_CONT_ea6eb6f6b58f,0.19879706465677982
16,21,"{""C1"": 5.2, ""C2"": 6.0, ""C3"": 4.4, ""C4"": 4.047}",0.05,0,1,False,False,False,ATTIA_CONT_8e54fb0bae59,0.22606815262798619
16,22,"{""C1"": 5.2, ""C2"": 6.0, ""C3"": 4.4, ""C4"": 4.047}",0.05,0,2,False,False,False,ATTIA_CONT_53d150cb42c9,0.21847656518916803
16,23,"{""C1"": 5.2, ""C2"": 6.0, ""C3"": 4.4, ""C4"": 4.047}",0.05,0,3,False,False,False,ATTIA_CONT_6f90abb0f99c,0.22648164442735141
16,24,"{""C1"": 5.2, ""C2"": 6.0, ""C3"": 4.4, ""C4"": 4.047}",0.05,0,4,False,False,False,ATTIA_CONT_90e917f54f91,0.19260273900934433
16,25,"{""C1"": 5.2, ""C2"": 6.0, ""C3"": 4.4, ""C4"": 4.047}",0.025,0,0,False,True,False,ATTIA_CONT_63c468972f4a,0.1615075846736127
17,1,"{""C1"": 5.2, ""C2"": 7.0, ""C3"": 3.6, ""C4"": 4.537}",0.8,0,1,False,False,False,ATTIA_CONT_58f111d7be56,26.998783906767144
17,2,"{""C1"": 5.2, ""C2"": 7.0, ""C3"": 3.6, ""C4"": 4.537}",0.8,0,2,False,False,False,ATTIA_CONT_7b6399de7687,2.8852169460073167
17,3,"{""C1"": 5.2, ""C2"": 7.0, ""C3"": 3.6, ""C4"": 4.537}",0.8,0,3,False,False,False,ATTIA_CONT_5407f9f83a37,7.241805376740331
17,4,"{""C1"": 5.2, ""C2"": 7.0, ""C3"": 3.6, ""C4"": 4.537}",0.8,0,4,False,False,False,ATTIA_CONT_c7101ba6a599,4.949227696192608
17,5,"{""C1"": 5.2, ""C2"": 7.0, ""C3"": 3.6, ""C4"": 4.537}",0.4,0,0,False,True,False,ATTIA_CONT_4a1bfef3f3e5,6.405593921663549
17,6,"{""C1"": 5.2, ""C2"": 7.0, ""C3"": 3.6, ""C4"": 4.537}",0.4,0,1,False,False,False,ATTIA_CONT_c78553d8f40d,4.659723525702322
17,7,"{""C1"": 5.2, ""C2"": 7.0, ""C3"": 3.6, ""C4"": 4.537}",0.4,0,2,False,False,False,ATTIA_CONT_2c716656a42d,3.4222929013734404
17,8,"{""C1"": 5.2, ""C2"": 7.0, ""C3"": 3.6, ""C4"": 4.537}",0.4,0,3,False,False,False,ATTIA_CONT_2f9d1c91715e,22.81041339016623
17,9,"{""C1"": 5.2, ""C2"": 7.0, ""C3"": 3.6, ""C4"": 4.537}",0.4,0,4,False,False,False,ATTIA_CONT_d52f6a7a4609,48.264535054978154
17,10,"{""C1"": 5.2, ""C2"": 7.0, ""C3"": 3.6, ""C4"": 4.537}",0.2,0,0,False,True,False,ATTIA_CONT_c0b8f5221042,54.892406412503455
17,11,"{""C1"": 5.2, ""C2"": 7.0, ""C3"": 3.6, ""C4"": 4.537}",0.2,0,1,False,False,False,ATTIA_CONT_bf37e216c956,35.64689651990399
17,12,"{""C1"": 5.2, ""C2"": 7.0, ""C3"": 3.6, ""C4"": 4.537}",0.2,0,2,False,False,False,ATTIA_CONT_112017ef8876,33.31274121917107
17,13,"{""C1"": 5.2, ""C2"": 7.0, ""C3"": 3.6, ""C4"": 4.537}",0.2,0,3,False,False,False,ATTIA_CONT_96a25fa71622,63.68153535268194
17,14,"{""C1"": 5.2, ""C2"": 7.0, ""C3"": 3.6, ""C4"": 4.537}",0.2,0,4,False,False,False,ATTIA_CONT_1b58b1000368,42.82619808793872
17,15,"{""C1"": 5.2, ""C2"": 7.0, ""C3"": 3.6, ""C4"": 4.537}",0.1,0,0,False,True,False,ATTIA_CONT_2ad3273a0d26,43.435832071812335
17,16,"{""C1"": 5.2, ""C2"": 7.0, ""C3"": 3.6, ""C4"": 4.537}",0.1,0,1,False,False,False,ATTIA_CONT_18c679c3545f,46.869517796392955
17,17,"{""C1"": 5.2, ""C2"": 7.0, ""C3"": 3.6, ""C4"": 4.537}",0.1,0,2,False,False,False,ATTIA_CONT_fe81e674ea3b,48.677185771611775
17,18,"{""C1"": 5.2, ""C2"": 7.0, ""C3"": 3.6, ""C4"": 4.537}",0.1,0,3,False,False,False,ATTIA_CONT_63f94545d388,39.76986703790095
17,19,"{""C1"": 5.2, ""C2"": 7.0, ""C3"": 3.6, ""C4"": 4.537}",0.1,0,4,False,False,False,ATTIA_CONT_029e72125c5e,38.05955481047522
17,20,"{""C1"": 5.2, ""C2"": 7.0, ""C3"": 3.6, ""C4"": 4.537}",0.05,0,0,False,True,False,ATTIA_CONT_54b106b8a1ce,89.56473739034692
17,21,"{""C1"": 5.2, ""C2"": 7.0, ""C3"": 3.6, ""C4"": 4.537}",0.05,0,1,False,False,False,ATTIA_CONT_fd820615bf10,84.89103256183809
17,22,"{""C1"": 5.2, ""C2"": 7.0, ""C3"": 3.6, ""C4"": 4.537}",0.05,0,2,False,False,False,ATTIA_CONT_3d557d722a99,86.0154631784107
17,23,"{""C1"": 5.2, ""C2"": 7.0, ""C3"": 3.6, ""C4"": 4.537}",0.05,0,3,False,False,False,ATTIA_CONT_a357914c8dc7,8.379174474317857
17,24,"{""C1"": 5.2, ""C2"": 7.0, ""C3"": 3.6, ""C4"": 4.537}",0.05,0,4,False,False,False,ATTIA_CONT_56e68160e61b,82.7422172767329
17,25,"{""C1"": 5.2, ""C2"": 7.0, ""C3"": 3.6, ""C4"": 4.537}",0.025,0,0,False,True,False,ATTIA_CONT_789477b1a810,86.6366155613995
18,1,"{""C1"": 6.245295930797346, ""C2"": 4.520587316533534, ""C3"": 4.530378843829677, ""C4"": 4.323940418241498}",0.8,1,0,False,False,False,ATTIA_CONT_42b8cded5542,75.78994572142258
18,2,"{""C1"": 6.245295930797346, ""C2"": 4.520587316533534, ""C3"": 4.530378843829677, ""C4"": 4.323940418241498}",0.8,0,1,False,False,False,ATTIA_CONT_2df8530c49a9,139.01933988726427
18,3,"{""C1"": 6.245295930797346, ""C2"": 4.520587316533534, ""C3"": 4.530378843829677, ""C4"": 4.323940418241498}",0.8,0,2,False,False,False,ATTIA_CONT_1125a16feee2,30.328677462514754
18,4,"{""C1"": 6.245295930797346, ""C2"": 4.520587316533534, ""C3"": 4.530378843829677, ""C4"": 4.323940418241498}",0.8,0,3,False,False,False,ATTIA_CONT_b9d0683c4b04,28.009172068535253
18,5,"{""C1"": 6.245295930797346, ""C2"": 4.520587316533534, ""C3"": 4.530378843829677, ""C4"": 4.323940418241498}",0.8,0,4,False,False,False,ATTIA_CONT_ef5dd2769dfd,42.547658163834924
18,6,"{""C1"": 6.245295930797346, ""C2"": 4.520587316533534, ""C3"": 4.530378843829677, ""C4"": 4.323940418241498}",0.4,0,0,False,True,False,ATTIA_CONT_8c347ccca374,89.86020560517406
18,7,"{""C1"": 6.245295930797346, ""C2"": 4.520587316533534, ""C3"": 4.530378843829677, ""C4"": 4.323940418241498}",0.4,0,1,False,False,False,ATTIA_CONT_44687da524ca,81.1156944250029
18,8,"{""C1"": 6.245295930797346, ""C2"": 4.520587316533534, ""C3"": 4.530378843829677, ""C4"": 4.323940418241498}",0.4,0,2,False,False,False,ATTIA_CONT_dd737bc9d316,49.47425350385458
18,9,"{""C1"": 6.245295930797346, ""C2"": 4.520587316533534, ""C3"": 4.530378843829677, ""C4"": 4.323940418241498}",0.4,0,3,False,False,False,ATTIA_CONT_684d70b96df9,38.07101528936917
18,10,"{""C1"": 6.245295930797346, ""C2"": 4.520587316533534, ""C3"": 4.530378843829677, ""C4"": 4.323940418241498}",0.4,0,4,False,False,False,ATTIA_CONT_52e5751dd45f,98.12571569898004
18,11,"{""C1"": 6.245295930797346, ""C2"": 4.520587316533534, ""C3"": 4.530378843829677, ""C4"": 4.323940418241498}",0.2,0,0,False,True,False,ATTIA_CONT_df80a623004a,97.71315794575187
18,12,"{""C1"": 6.245295930797346, ""C2"": 4.520587316533534, ""C3"": 4.530378843829677, ""C4"": 4.323940418241498}",0.2,0,1,False,False,False,ATTIA_CONT_f718d9324c89,94.41672138920788
18,13,"{""C1"": 6.245295930797346, ""C2"": 4.520587316533534, ""C3"": 4.530378843829677, ""C4"": 4.323940418241498}",0.2,0,2,False,False,False,ATTIA_CONT_a91ad4158786,87.16929748338505
18,14,"{""C1"": 6.245295930797346, ""C2"": 4.520587316533534, ""C3"": 4.530378843829677, ""C4"": 4.323940418241498}",0.2,0,3,False,False,False,ATTIA_CONT_4bc49ac68684,81.96457275999515
18,15,"{""C1"": 6.245295930797346, ""C2"": 4.520587316533534, ""C3"": 4.530378843829677, ""C4"": 4.323940418241498}",0.2,0,4,False,False,False,ATTIA_CONT_f34b6f05c773,78.95173888888014
18,16,"{""C1"": 6.245295930797346, ""C2"": 4.520587316533534, ""C3"": 4.530378843829677, ""C4"": 4.323940418241498}",0.1,0,0,False,True,False,ATTIA_CONT_e1c734e156c8,76.13692189232025
18,17,"{""C1"": 6.245295930797346, ""C2"": 4.520587316533534, ""C3"": 4.530378843829677, ""C4"": 4.323940418241498}",0.1,0,1,False,False,False,ATTIA_CONT_e5411244adb1,71.28340436705145
18,18,"{""C1"": 6.245295930797346, ""C2"": 4.520587316533534, ""C3"": 4.530378843829677, ""C4"": 4.323940418241498}",0.1,0,2,False,False,False,ATTIA_CONT_be8f471974f0,71.59983547638473
18,19,"{""C1"": 6.245295930797346, ""C2"": 4.520587316533534, ""C3"": 4.530378843829677, ""C4"": 4.323940418241498}",0.1,0,3,False,False,False,ATTIA_CONT_ee252f444cba,69.13648586042598
18,20,"{""C1"": 6.245295930797346, ""C2"": 4.520587316533534, ""C3"": 4.530378843829677, ""C4"": 4.323940418241498}",0.1,0,4,False,False,False,ATTIA_CONT_3cf86b6acaac,70.03035186514023
18,21,"{""C1"": 6.245295930797346, ""C2"": 4.520587316533534, ""C3"": 4.530378843829677, ""C4"": 4.323940418241498}",0.05,0,0,False,True,False,ATTIA_CONT_37a5d1e61c2e,71.49951579799001
18,22,"{""C1"": 6.245295930797346, ""C2"": 4.520587316533534, ""C3"": 4.530378843829677, ""C4"": 4.323940418241498}",0.05,0,1,False,False,False,ATTIA_CONT_3c3bf1bf6383,67.82861000511537
18,23,"{""C1"": 6.245295930797346, ""C2"": 4.520587316533534, ""C3"": 4.530378843829677, ""C4"": 4.323940418241498}",0.05,0,2,False,False,False,ATTIA_CONT_fd388a194f35,69.1229368465632
18,24,"{""C1"": 6.245295930797346, ""C2"": 4.520587316533534, ""C3"": 4.530378843829677, ""C4"": 4.323940418241498}",0.05,0,3,False,False,False,ATTIA_CONT_fecdd1dc9057,70.52723537386039
18,25,"{""C1"": 6.245295930797346, ""C2"": 4.520587316533534, ""C3"": 4.530378843829677, ""C4"": 4.323940418241498}",0.05,0,4,False,False,False,ATTIA_CONT_6bca69cae2f5,73.87300082391799
19,1,"{""C1"": 6.0, ""C2"": 4.4, ""C3"": 4.4, ""C4"": 4.714}",0.8,0,1,False,False,False,ATTIA_CONT_4ab18d367873,47.10763221619462
19,2,"{""C1"": 6.0, ""C2"": 4.4, ""C3"": 4.4, ""C4"": 4.714}",0.8,0,2,False,False,False,ATTIA_CONT_29ebd9f0a459,83.27144268039599
19,3,"{""C1"": 6.0, ""C2"": 4.4, ""C3"": 4.4, ""C4"": 4.714}",0.8,0,3,False,False,False,ATTIA_CONT_2f794b8c618e,28.624625710523556
19,4,"{""C1"": 6.0, ""C2"": 4.4, ""C3"": 4.4, ""C4"": 4.714}",0.8,0,4,False,False,False,ATTIA_CONT_7737f3f783ee,6.996929040407366
19,5,"{""C1"": 6.0, ""C2"": 4.4, ""C3"": 4.4, ""C4"": 4.714}",0.4,0,0,False,True,False,ATTIA_CONT_55c7a5e76119,16.498221613294838
19,6,"{""C1"": 6.0, ""C2"": 4.4, ""C3"": 4.4, ""C4"": 4.714}",0.4,0,1,False,False,False,ATTIA_CONT_5b42edb58991,86.7562236088313
19,7,"{""C1"": 6.0, ""C2"": 4.4, ""C3"": 4.4, ""C4"": 4.714}",0.4,0,2,False,False,False,ATTIA_CONT_791e76401201,1.6754138224285597
19,8,"{""C1"": 6.0, ""C2"": 4.4, ""C3"": 4.4, ""C4"": 4.714}",0.4,0,3,False,False,False,ATTIA_CONT_7a2bcf8bb428,80.72113341453561
19,9,"{""C1"": 6.0, ""C2"": 4.4, ""C3"": 4.4, ""C4"": 4.714}",0.4,0,4,False,False,False,ATTIA_CONT_6d3836b82e97,77.98314595515029
19,10,"{""C1"": 6.0, ""C2"": 4.4, ""C3"": 4.4, ""C4"": 4.714}",0.2,0,0,False,True,False,ATTIA_CONT_19c7f76d2a78,75.06988581427161
19,11,"{""C1"": 6.0, ""C2"": 4.4, ""C3"": 4.4, ""C4"": 4.714}",0.2,0,1,False,False,False,ATTIA_CONT_378fe7d19072,72.46767303936095
19,12,"{""C1"": 6.0, ""C2"": 4.4, ""C3"": 4.4, ""C4"": 4.714}",0.2,0,2,False,False,False,ATTIA_CONT_21f76683a729,70.10081848990653
19,13,"{""C1"": 6.0, ""C2"": 4.4, ""C3"": 4.4, ""C4"": 4.714}",0.2,0,3,False,False,False,ATTIA_CONT_3537d92f83ff,0.4713436759152443
19,14,"{""C1"": 6.0, ""C2"": 4.4, ""C3"": 4.4, ""C4"": 4.714}",0.2,0,4,False,False,False,ATTIA_CONT_fddea0f8b5ac,67.13445839063382
19,15,"{""C1"": 6.0, ""C2"": 4.4, ""C3"": 4.4, ""C4"": 4.714}",0.1,0,0,False,True,False,ATTIA_CONT_a4778bb270f0,67.45557382875761
19,16,"{""C1"": 6.0, ""C2"": 4.4, ""C3"": 4.4, ""C4"": 4.714}",0.1,0,1,False,False,False,ATTIA_CONT_92f175ae120b,65.97045994180935
19,17,"{""C1"": 6.0, ""C2"": 4.4, ""C3"": 4.4, ""C4"": 4.714}",0.1,0,2,False,False,False,ATTIA_CONT_52e04035a064,67.69837840977033
19,18,"{""C1"": 6.0, ""C2"": 4.4, ""C3"": 4.4, ""C4"": 4.714}",0.1,0,3,False,False,False,ATTIA_CONT_732003001a45,66.23770727173617
19,19,"{""C1"": 6.0, ""C2"": 4.4, ""C3"": 4.4, ""C4"": 4.714}",0.1,0,4,False,False,False,ATTIA_CONT_39d23b9257aa,64.86439194349384
19,20,"{""C1"": 6.0, ""C2"": 4.4, ""C3"": 4.4, ""C4"": 4.714}",0.05,0,0,False,True,False,ATTIA_CONT_97afc45ff53b,63.95374963307782
19,21,"{""C1"": 6.0, ""C2"": 4.4, ""C3"": 4.4, ""C4"": 4.714}",0.05,0,1,False,False,False,ATTIA_CONT_90dadb7a4915,62.80330087724422
19,22,"{""C1"": 6.0, ""C2"": 4.4, ""C3"": 4.4, ""C4"": 4.714}",0.05,0,2,False,False,False,ATTIA_CONT_36a6c523a0fe,61.676842755109476
19,23,"{""C1"": 6.0, ""C2"": 4.4, ""C3"": 4.4, ""C4"": 4.714}",0.05,0,3,False,False,False,ATTIA_CONT_cad648d3e668,60.49562832388083
19,24,"{""C1"": 6.0, ""C2"": 4.4, ""C3"": 4.4, ""C4"": 4.714}",0.05,0,4,False,False,False,ATTIA_CONT_96b1769b0f84,63.63951963359075
19,25,"{""C1"": 6.0, ""C2"": 4.4, ""C3"": 4.4, ""C4"": 4.714}",0.025,0,0,False,True,False,ATTIA_CONT_104e3b47d08c,4.576055165341176
20,1,"{""C1"": 6.567444367213383, ""C2"": 6.140258104321107, ""C3"": 3.7452892650938847, ""C4"": 3.980805741859426}",0.8,1,0,False,False,False,ATTIA_CONT_7914a36ffb32,44.969350953825646
20,2,"{""C1"": 6.567444367213383, ""C2"": 6.140258104321107, ""C3"": 3.7452892650938847, ""C4"": 3.980805741859426}",0.8,0,1,False,False,False,ATTIA_CONT_453b87b0ec59,31.47440876466798
20,3,"{""C1"": 6.567444367213383, ""C2"": 6.140258104321107, ""C3"": 3.7452892650938847, ""C4"": 3.980805741859426}",0.8,0,2,False,False,False,ATTIA_CONT_4cac1b9abd9c,39.27119933702709
20,4,"{""C1"": 6.567444367213383, ""C2"": 6.140258104321107, ""C3"": 3.7452892650938847, ""C4"": 3.980805741859426}",0.8,0,3,False,False,False,ATTIA_CONT_32460534cdd6,40.71359378239315
20,5,"{""C1"": 6.567444367213383, ""C2"": 6.140258104321107, ""C3"": 3.7452892650938847, ""C4"": 3.980805741859426}",0.8,0,4,False,False,False,ATTIA_CONT_d9d0a420fd9f,8.429318710799834
20,6,"{""C1"": 6.567444367213383, ""C2"": 6.140258104321107, ""C3"": 3.7452892650938847, ""C4"": 3.980805741859426}",0.4,0,0,False,True,False,ATTIA_CONT_4a7f75fab0f8,10.833386933060805
20,7,"{""C1"": 6.567444367213383, ""C2"": 6.140258104321107, ""C3"": 3.7452892650938847, ""C4"": 3.980805741859426}",0.4,0,1,False,False,False,ATTIA_CONT_e29a09fd456e,12.729412889284387
20,8,"{""C1"": 6.567444367213383, ""C2"": 6.140258104321107, ""C3"": 3.7452892650938847, ""C4"": 3.980805741859426}",0.4,0,2,False,False,False,ATTIA_CONT_fd43aa382d3d,53.53076119628072
20,9,"{""C1"": 6.567444367213383, ""C2"": 6.140258104321107, ""C3"": 3.7452892650938847, ""C4"": 3.980805741859426}",0.4,0,3,False,False,False,ATTIA_CONT_f8962f741f20,14.757654009658967
20,10,"{""C1"": 6.567444367213383, ""C2"": 6.140258104321107, ""C3"": 3.7452892650938847, ""C4"": 3.980805741859426}",0.4,0,4,False,False,False,ATTIA_CONT_9b1da0c49d63,53.89389728869358
20,11,"{""C1"": 6.567444367213383, ""C2"": 6.140258104321107, ""C3"": 3.7452892650938847, ""C4"": 3.980805741859426}",0.2,0,0,False,True,False,ATTIA_CONT_9de00fad700e,24.013859662291633
20,12,"{""C1"": 6.567444367213383, ""C2"": 6.140258104321107, ""C3"": 3.7452892650938847, ""C4"": 3.980805741859426}",0.2,0,1,False,False,False,ATTIA_CONT_85ef95d175f1,32.316511794780595
20,13,"{""C1"": 6.567444367213383, ""C2"": 6.140258104321107, ""C3"": 3.7452892650938847, ""C4"": 3.980805741859426}",0.2,0,2,False,False,False,ATTIA_CONT_d0bc0e01f7c9,39.54555015103551
20,14,"{""C1"": 6.567444367213383, ""C2"": 6.140258104321107, ""C3"": 3.7452892650938847, ""C4"": 3.980805741859426}",0.2,0,3,False,False,False,ATTIA_CONT_541e23ab50ef,60.15337700561463
20,15,"{""C1"": 6.567444367213383, ""C2"": 6.140258104321107, ""C3"": 3.7452892650938847, ""C4"": 3.980805741859426}",0.2,0,4,False,False,False,ATTIA_CONT_d3d8bed22ce8,4.702160073485196
20,16,"{""C1"": 6.567444367213383, ""C2"": 6.140258104321107, ""C3"": 3.7452892650938847, ""C4"": 3.980805741859426}",0.1,0,0,False,True,False,ATTIA_CONT_e65a64894967,57.513532188375244
20,17,"{""C1"": 6.567444367213383, ""C2"": 6.140258104321107, ""C3"": 3.7452892650938847, ""C4"": 3.980805741859426}",0.1,0,1,False,False,False,ATTIA_CONT_5eed87512a33,57.97973323328606
20,18,"{""C1"": 6.567444367213383, ""C2"": 6.140258104321107, ""C3"": 3.7452892650938847, ""C4"": 3.980805741859426}",0.1,0,2,False,False,False,ATTIA_CONT_ec2341a0040e,57.81096336017893
20,19,"{""C1"": 6.567444367213383, ""C2"": 6.140258104321107, ""C3"": 3.7452892650938847, ""C4"": 3.980805741859426}",0.1,0,3,False,False,False,ATTIA_CONT_e18d0f00e15a,57.23115789229944
20,20,"{""C1"": 6.567444367213383, ""C2"": 6.140258104321107, ""C3"": 3.7452892650938847, ""C4"": 3.980805741859426}",0.1,0,4,False,False,False,ATTIA_CONT_c252ca57357b,58.24908330572173
20,21,"{""C1"": 6.567444367213383, ""C2"": 6.140258104321107, ""C3"": 3.7452892650938847, ""C4"": 3.980805741859426}",0.05,0,0,False,True,False,ATTIA_CONT_8355e89ea79a,57.16668210331123
20,22,"{""C1"": 6.567444367213383, ""C2"": 6.140258104321107, ""C3"": 3.7452892650938847, ""C4"": 3.980805741859426}",0.05,0,1,False,False,False,ATTIA_CONT_23c1a695bd40,56.052646094362444
20,23,"{""C1"": 6.567444367213383, ""C2"": 6.140258104321107, ""C3"": 3.7452892650938847, ""C4"": 3.980805741859426}",0.05,0,2,False,False,False,ATTIA_CONT_fef7bb8642a3,52.51874069785927
20,24,"{""C1"": 6.567444367213383, ""C2"": 6.140258104321107, ""C3"": 3.7452892650938847, ""C4"": 3.980805741859426}",0.05,0,3,False,False,False,ATTIA_CONT_91b084002ee8,54.04363376440086
20,25,"{""C1"": 6.483574930194182, ""C2"": 6.18848944604253, ""C3"": 3.7587578186548813, ""C4"": 3.976747568204977}",0.05,1,0,False,False,False,ATTIA_CONT_aa0fba24959e,53.37138977505638
21,1,"{""C1"": 7.0, ""C2"": 5.2, ""C3"": 4.0, ""C4"": 4.03}",0.8,0,1,False,False,False,ATTIA_CONT_626bbea29d18,2.628993877562454
21,2,"{""C1"": 7.0, ""C2"": 5.2, ""C3"": 4.0, ""C4"": 4.03}",0.8,0,2,False,False,False,ATTIA_CONT_77ccc921fa9c,1.65052358795172
21,3,"{""C1"": 7.736507060201234, ""C2"": 4.591882128140093, ""C3"": 4.048812962313708, ""C4"": 4.178602855276882}",0.8,1,0,False,False,False,ATTIA_CONT_49ff1b0e085d,1.136698883629884
21,4,"{""C1"": 7.736507060201234, ""C2"": 4.591882128140093, ""C3"": 4.048812962313708, ""C4"": 4.178602855276882}",0.8,0,1,False,False,False,ATTIA_CONT_fa3ff18a7db4,0.9121035120758654
21,5,"{""C1"": 7.736507060201234, ""C2"": 4.591882128140093, ""C3"": 4.048812962313708, ""C4"": 4.178602855276882}",0.8,0,2,False,False,False,ATTIA_CONT_c93e5dbc245e,16.267635955122913
21,6,"{""C1"": 7.736507060201234, ""C2"": 4.591882128140093, ""C3"": 4.048812962313708, ""C4"": 4.178602855276882}",0.8,0,3,False,False,False,ATTIA_CONT_f27e64059a42,39.6254309447227
21,7,"{""C1"": 7.736507060201234, ""C2"": 4.591882128140093, ""C3"": 4.048812962313708, ""C4"": 4.178602855276882}",0.8,0,4,False,False,False,ATTIA_CONT_83a666883b1a,42.9599959888439
21,8,"{""C1"": 7.736507060201234, ""C2"": 4.591882128140093, ""C3"": 4.048812962313708, ""C4"": 4.178602855276882}",0.4,0,0,False,True,False,ATTIA_CONT_010fd6bfa8e0,52.064816197326884
21,9,"{""C1"": 7.736507060201234, ""C2"": 4.591882128140093, ""C3"": 4.048812962313708, ""C4"": 4.178602855276882}",0.4,0,1,False,False,False,ATTIA_CONT_776e909b9a50,60.635892089863546
21,10,"{""C1"": 7.736507060201234, ""C2"": 4.591882128140093, ""C3"": 4.048812962313708, ""C4"": 4.178602855276882}",0.4,0,2,False,False,False,ATTIA_CONT_ae36f2a4c6ba,1.5054951228790072
21,11,"{""C1"": 7.736507060201234, ""C2"": 4.591882128140093, ""C3"": 4.048812962313708, ""C4"": 4.178602855276882}",0.4,0,3,False,False,False,ATTIA_CONT_e6652d4e087f,1.1843291462266912
21,12,"{""C1"": 7.736507060201234, ""C2"": 4.591882128140093, ""C3"": 4.048812962313708, ""C4"": 4.178602855276882}",0.4,0,4,False,False,False,ATTIA_CONT_1ddb3673dbaa,0.9257421332928688
21,13,"{""C1"": 7.736507060201234, ""C2"": 4.591882128140093, ""C3"": 4.048812962313708, ""C4"": 4.178602855276882}",0.2,0,0,False,True,False,ATTIA_CONT_f994bf9cc7fd,1.4502940543611071
21,14,"{""C1"": 7.736507060201234, ""C2"": 4.591882128140093, ""C3"": 4.048812962313708, ""C4"": 4.178602855276882}",0.2,0,1,False,False,False,ATTIA_CONT_71e8303dfc70,1.1884750174069154
21,15,"{""C1"": 7.736507060201234, ""C2"": 4.591882128140093, ""C3"": 4.048812962313708, ""C4"": 4.178602855276882}",0.2,0,2,False,False,False,ATTIA_CONT_44dbc6b6590f,61.49863339168169
21,16,"{""C1"": 7.736507060201234, ""C2"": 4.591882128140093, ""C3"": 4.048812962313708, ""C4"": 4.178602855276882}",0.2,0,3,False,False,False,ATTIA_CONT_b1826ce034bb,1.141242505773902
21,17,"{""C1"": 7.736507060201234, ""C2"": 4.591882128140093, ""C3"": 4.048812962313708, ""C4"": 4.178602855276882}",0.2,0,4,False,False,False,ATTIA_CONT_da73482eae92,1.0533696177577676
21,18,"{""C1"": 7.736507060201234, ""C2"": 4.591882128140093, ""C3"": 4.048812962313708, ""C4"": 4.178602855276882}",0.1,0,0,False,True,False,ATTIA_CONT_b18d77014c6d,1.1858566871830858
21,19,"{""C1"": 7.736507060201234, ""C2"": 4.591882128140093, ""C3"": 4.048812962313708, ""C4"": 4.178602855276882}",0.1,0,1,False,False,False,ATTIA_CONT_a22f381cbebd,1.6772905167371572
21,20,"{""C1"": 7.736507060201234, ""C2"": 4.591882128140093, ""C3"": 4.048812962313708, ""C4"": 4.178602855276882}",0.1,0,2,False,False,False,ATTIA_CONT_586c5fad48bb,2.116770146393481
21,21,"{""C1"": 7.736507060201234, ""C2"": 4.591882128140093, ""C3"": 4.048812962313708, ""C4"": 4.178602855276882}",0.1,0,3,False,False,False,ATTIA_CONT_9546f30819c5,2.3870169263066146
21,22,"{""C1"": 7.736507060201234, ""C2"": 4.591882128140093, ""C3"": 4.048812962313708, ""C4"": 4.178602855276882}",0.1,0,4,False,False,False,ATTIA_CONT_8e34ec583979,4.614115603614302
21,23,"{""C1"": 7.736507060201234, ""C2"": 4.591882128140093, ""C3"": 4.048812962313708, ""C4"": 4.178602855276882}",0.05,0,0,False,True,False,ATTIA_CONT_e876ceecdb9c,1.7646336548001766
21,24,"{""C1"": 7.736507060201234, ""C2"": 4.591882128140093, ""C3"": 4.048812962313708, ""C4"": 4.178602855276882}",0.05,0,1,False,False,False,ATTIA_CONT_8298f9473561,7.059461345528234
21,25,"{""C1"": 7.736507060201234, ""C2"": 4.591882128140093, ""C3"": 4.048812962313708, ""C4"": 4.178602855276882}",0.05,0,2,False,False,False,ATTIA_CONT_002f77547dc8,2.9558398909132713
22,1,"{""C1"": 8.0, ""C2"": 3.6, ""C3"": 5.2, ""C4"": 4.197}",0.8,0,1,False,False,False,ATTIA_CONT_5531c16f3531,13.679250638466335
22,2,"{""C1"": 8.0, ""C2"": 3.6, ""C3"": 5.2, ""C4"": 4.197}",0.8,0,2,False,False,False,ATTIA_CONT_0b27abb9814b,20.91004542954319
22,3,"{""C1"": 8.0, ""C2"": 3.6, ""C3"": 5.2, ""C4"": 4.197}",0.8,0,3,False,False,False,ATTIA_CONT_4b8acc812e3b,6.83116805877696
22,4,"{""C1"": 6.316745630052435, ""C2"": 3.606298959967265, ""C3"": 5.525467225567725, ""C4"": 4.613584598231003}",0.8,1,0,False,False,False,ATTIA_CONT_9988c0e914f7,47.22694693722597
22,5,"{""C1"": 6.316745630052435, ""C2"": 3.606298959967265, ""C3"": 5.525467225567725, ""C4"": 4.613584598231003}",0.8,0,1,False,False,False,ATTIA_CONT_a59c9b9c79fe,16.930081446179962
22,6,"{""C1"": 6.316745630052435, ""C2"": 3.606298959967265, ""C3"": 5.525467225567725, ""C4"": 4.613584598231003}",0.8,0,2,False,False,False,ATTIA_CONT_54f8476b48a1,37.633331942486265
22,7,"{""C1"": 6.316745630052435, ""C2"": 3.606298959967265, ""C3"": 5.525467225567725, ""C4"": 4.613584598231003}",0.8,0,3,False,False,False,ATTIA_CONT_f7bcba8e850f,14.373562907606598
22,8,"{""C1"": 6.224037134704951, ""C2"": 3.624385398478099, ""C3"": 5.444157966464009, ""C4"": 4.693206742026124}",0.8,1,0,False,False,False,ATTIA_CONT_a11e77d2d2f0,17.110762677473424
22,9,"{""C1"": 6.224037134704951, ""C2"": 3.624385398478099, ""C3"": 5.444157966464009, ""C4"": 4.693206742026124}",0.8,0,1,False,False,False,ATTIA_CONT_4295cc515760,14.016273607112703
22,10,"{""C1"": 6.224037134704951, ""C2"": 3.624385398478099, ""C3"": 5.444157966464009, ""C4"": 4.693206742026124}",0.8,0,2,False,False,False,ATTIA_CONT_1dcd4ce1f52a,9.235562568181752
22,11,"{""C1"": 6.224037134704951, ""C2"": 3.624385398478099, ""C3"": 5.444157966464009, ""C4"": 4.693206742026124}",0.8,0,3,False,False,False,ATTIA_CONT_ee05371d8e64,10.976422420530309
22,12,"{""C1"": 6.224037134704951, ""C2"": 3.624385398478099, ""C3"": 5.444157966464009, ""C4"": 4.693206742026124}",0.8,0,4,False,False,False,ATTIA_CONT_88480ebfe91e,2.7660290034064428
22,13,"{""C1"": 6.224037134704951, ""C2"": 3.624385398478099, ""C3"": 5.444157966464009, ""C4"": 4.693206742026124}",0.4,0,0,False,True,False,ATTIA_CONT_4c872ac8fa6b,12.15312400397201
22,14,"{""C1"": 6.224037134704951, ""C2"": 3.624385398478099, ""C3"": 5.444157966464009, ""C4"": 4.693206742026124}",0.4,0,1,False,False,False,ATTIA_CONT_e9552a6a8ba4,58.666099486478146
22,15,"{""C1"": 6.224037134704951, ""C2"": 3.624385398478099, ""C3"": 5.444157966464009, ""C4"": 4.693206742026124}",0.4,0,2,False,False,False,ATTIA_CONT_8c8f2bb29683,49.52571707357702
22,16,"{""C1"": 5.432175754825994, ""C2"": 3.9023288147403794, ""C3"": 5.416417002850837, ""C4"": 4.799295799925374}",0.4,1,0,False,False,False,ATTIA_CONT_dbad1b0ae6af,47.67639070481637
22,17,"{""C1"": 5.432175754825994, ""C2"": 3.9023288147403794, ""C3"": 5.416417002850837, ""C4"": 4.799295799925374}",0.4,0,1,False,False,False,ATTIA_CONT_c2270f46662e,74.93917325498916
22,18,"{""C1"": 5.432175754825994, ""C2"": 3.9023288147403794, ""C3"": 5.416417002850837, ""C4"": 4.799295799925374}",0.4,0,2,False,False,False,ATTIA_CONT_3ae3e836e482,62.14813868398448
22,19,"{""C1"": 5.432175754825994, ""C2"": 3.9023288147403794, ""C3"": 5.416417002850837, ""C4"": 4.799295799925374}",0.4,0,3,False,False,False,ATTIA_CONT_fe90f9d87507,61.62908907535637
22,20,"{""C1"": 5.432175754825994, ""C2"": 3.9023288147403794, ""C3"": 5.416417002850837, ""C4"": 4.799295799925374}",0.4,0,4,False,False,False,ATTIA_CONT_bb634edf7692,60.7436473175421
22,21,"{""C1"": 5.432175754825994, ""C2"": 3.9023288147403794, ""C3"": 5.416417002850837, ""C4"": 4.799295799925374}",0.2,0,0,False,True,False,ATTIA_CONT_670987513378,65.73293806054997
22,22,"{""C1"": 5.432175754825994, ""C2"": 3.9023288147403794, ""C3"": 5.416417002850837, ""C4"": 4.799295799925374}",0.2,0,1,False,False,False,ATTIA_CONT_ceb17c04e54c,64.83962075912387
22,23,"{""C1"": 5.432175754825994, ""C2"": 3.9023288147403794, ""C3"": 5.416417002850837, ""C4"": 4.799295799925374}",0.2,0,2,False,False,False,ATTIA_CONT_e54375c3effa,63.388076631738244
22,24,"{""C1"": 5.432175754825994, ""C2"": 3.9023288147403794, ""C3"": 5.416417002850837, ""C4"": 4.799295799925374}",0.2,0,3,False,False,False,ATTIA_CONT_10b39bffc017,62.438630875307794
22,25,"{""C1"": 5.432175754825994, ""C2"": 3.9023288147403794, ""C3"": 5.416417002850837, ""C4"": 4.799295799925374}",0.2,0,4,False,False,False,ATTIA_CONT_4b6b0b065210,61.23193959076505
23,1,"{""C1"": 5.2, ""C2"": 5.2, ""C3"": 5.2, ""C4"": 3.9}",0.8,0,1,False,False,False,ATTIA_CONT_6ab4dd4d229f,32.107240654320506
23,2,"{""C1"": 5.2, ""C2"": 5.2, ""C3"": 5.2, ""C4"": 3.9}",0.8,0,2,False,False,False,ATTIA_CONT_50fbe4cc5ba9,34.626377758343125
23,3,"{""C1"": 5.2, ""C2"": 5.2, ""C3"": 5.2, ""C4"": 3.9}",0.8,0,3,False,False,False,ATTIA_CONT_aeee5483ce5e,28.779503037923796
23,4,"{""C1"": 5.2, ""C2"": 5.2, ""C3"": 5.2, ""C4"": 3.9}",0.8,0,4,False,False,False,ATTIA_CONT_ae910b066158,26.678011494427658
23,5,"{""C1"": 5.2, ""C2"": 5.2, ""C3"": 5.2, ""C4"": 3.9}",0.4,0,0,False,True,False,ATTIA_CONT_1d6fc7a76ae3,23.064816773317702
23,6,"{""C1"": 5.2, ""C2"": 5.2, ""C3"": 5.2, ""C4"": 3.9}",0.4,0,1,False,False,False,ATTIA_CONT_ff5b6a028f86,19.876592855126667
23,7,"{""C1"": 5.2, ""C2"": 5.2, ""C3"": 5.2, ""C4"": 3.9}",0.4,0,2,False,False,False,ATTIA_CONT_b39978ba00ec,17.368866406184676
23,8,"{""C1"": 5.2, ""C2"": 5.2, ""C3"": 5.2, ""C4"": 3.9}",0.4,0,3,False,False,False,ATTIA_CONT_16449704f7a7,15.176005944278657
23,9,"{""C1"": 5.2, ""C2"": 5.2, ""C3"": 5.2, ""C4"": 3.9}",0.4,0,4,False,False,False,ATTIA_CONT_138fce7907fe,24.111569848242603
23,10,"{""C1"": 5.2, ""C2"": 5.2, ""C3"": 5.2, ""C4"": 3.9}",0.2,0,0,False,True,False,ATTIA_CONT_62782ad988da,21.769842175651178
23,11,"{""C1"": 5.2, ""C2"": 5.2, ""C3"": 5.2, ""C4"": 3.9}",0.2,0,1,False,False,False,ATTIA_CONT_a4dbd951c24a,59.77794493072797
23,12,"{""C1"": 5.2, ""C2"": 5.2, ""C3"": 5.2, ""C4"": 3.9}",0.2,0,2,False,False,False,ATTIA_CONT_755838931823,56.82423780091818
23,13,"{""C1"": 5.2, ""C2"": 5.2, ""C3"": 5.2, ""C4"": 3.9}",0.2,0,3,False,False,False,ATTIA_CONT_2fa1e54e391b,58.97821160349483
23,14,"{""C1"": 5.2, ""C2"": 5.2, ""C3"": 5.2, ""C4"": 3.9}",0.2,0,4,False,False,False,ATTIA_CONT_822840af4cd8,41.99397968925827
23,15,"{""C1"": 5.185672598994966, ""C2"": 5.225375381097476, ""C3"": 5.201942531695119, ""C4"": 3.892798150877476}",0.2,1,0,False,False,False,ATTIA_CONT_131c335770dc,52.926904689204534
23,16,"{""C1"": 5.185672598994966, ""C2"": 5.225375381097476, ""C3"": 5.201942531695119, ""C4"": 3.892798150877476}",0.2,0,1,False,False,False,ATTIA_CONT_4903a59c383c,32.326274103131986
23,17,"{""C1"": 5.185672598994966, ""C2"": 5.225375381097476, ""C3"": 5.201942531695119, ""C4"": 3.892798150877476}",0.2,0,2,False,False,False,ATTIA_CONT_7048c2ac6e3b,38.214970020309565
23,18,"{""C1"": 5.185672598994966, ""C2"": 5.225375381097476, ""C3"": 5.201942531695119, ""C4"": 3.892798150877476}",0.2,0,3,False,False,False,ATTIA_CONT_fa2b536a508d,23.26989482227995
23,19,"{""C1"": 5.185672598994966, ""C2"": 5.225375381097476, ""C3"": 5.201942531695119, ""C4"": 3.892798150877476}",0.2,0,4,False,False,False,ATTIA_CONT_dbceac3d1c0e,67.67430724723933
23,20,"{""C1"": 5.185672598994966, ""C2"": 5.225375381097476, ""C3"": 5.201942531695119, ""C4"": 3.892798150877476}",0.1,0,0,False,True,False,ATTIA_CONT_57161df8b9a6,69.39814000271414
23,21,"{""C1"": 5.185672598994966, ""C2"": 5.225375381097476, ""C3"": 5.201942531695119, ""C4"": 3.892798150877476}",0.1,0,1,False,False,False,ATTIA_CONT_d5cde92ba5b3,63.6907510789668
23,22,"{""C1"": 5.185672598994966, ""C2"": 5.225375381097476, ""C3"": 5.201942531695119, ""C4"": 3.892798150877476}",0.1,0,2,False,False,False,ATTIA_CONT_7744c068c4ab,63.77826302949738
23,23,"{""C1"": 5.185672598994966, ""C2"": 5.225375381097476, ""C3"": 5.201942531695119, ""C4"": 3.892798150877476}",0.1,0,3,False,False,False,ATTIA_CONT_572b87ac5fc9,54.25357245793505
23,24,"{""C1"": 5.185672598994966, ""C2"": 5.225375381097476, ""C3"": 5.201942531695119, ""C4"": 3.892798150877476}",0.1,0,4,False,False,False,ATTIA_CONT_d1f92a0a0662,67.55176960818928
23,25,"{""C1"": 5.185672598994966, ""C2"": 5.225375381097476, ""C3"": 5.201942531695119, ""C4"": 3.892798150877476}",0.05,0,0,False,True,False,ATTIA_CONT_56c75f97ca69,63.46642429209223
24,1,"{""C1"": 5.6, ""C2"": 5.6, ""C3"": 4.8, ""C4"": 3.733}",0.8,0,1,False,False,False,ATTIA_CONT_58b9bfd0df24,16.912461210397858
24,2,"{""C1"": 5.6, ""C2"": 5.6, ""C3"": 4.8, ""C4"": 3.733}",0.8,0,2,False,False,False,ATTIA_CONT_cf28bcaae20b,49.63076129954148
24,3,"{""C1"": 6.030533184754265, ""C2"": 5.535680701249438, ""C3"": 4.393320627689, ""C4"": 3.8573401549092274}",0.8,1,0,False,False,False,ATTIA_CONT_d31273eb674e,30.64197610344831
24,4,"{""C1"": 6.030533184754265, ""C2"": 5.535680701249438, ""C3"": 4.393320627689, ""C4"": 3.8573401549092274}",0.8,0,1,False,False,False,ATTIA_CONT_371affe870e0,1.1919908179062784
24,5,"{""C1"": 6.030533184754265, ""C2"": 5.535680701249438, ""C3"": 4.393320627689, ""C4"": 3.8573401549092274}",0.8,0,2,False,False,False,ATTIA_CONT_be4ae47dce70,1.0500211698924709
24,6,"{""C1"": 6.030533184754265, ""C2"": 5.535680701249438, ""C3"": 4.393320627689, ""C4"": 3.8573401549092274}",0.8,0,3,False,False,False,ATTIA_CONT_bf7f2c635be4,0.7100836056912954
24,7,"{""C1"": 6.030533184754265, ""C2"": 5.535680701249438, ""C3"": 4.393320627689, ""C4"": 3.8573401549092274}",0.8,0,4,False,False,False,ATTIA_CONT_7d5de62354c1,5.948427322773426
24,8,"{""C1"": 6.030533184754265, ""C2"": 5.535680701249438, ""C3"": 4.393320627689, ""C4"": 3.8573401549092274}",0.4,0,0,False,True,False,ATTIA_CONT_de8f58e1bb5c,10.779483327979229
24,9,"{""C1"": 6.030533184754265, ""C2"": 5.535680701249438, ""C3"": 4.393320627689, ""C4"": 3.8573401549092274}",0.4,0,1,False,False,False,ATTIA_CONT_0ad4fbd1dd0e,30.982832714748895
24,10,"{""C1"": 6.046386393875753, ""C2"": 5.493049939326985, ""C3"": 4.393015437602009, ""C4"": 3.872022048722591}",0.4,1,0,False,False,False,ATTIA_CONT_b78c5a9f3fbd,21.673109919807878
24,11,"{""C1"": 6.046386393875753, ""C2"": 5.493049939326985, ""C3"": 4.393015437602009, ""C4"": 3.872022048722591}",0.4,0,1,False,False,False,ATTIA_CONT_650f363d3908,8.758229429911989
24,12,"{""C1"": 6.046386393875753, ""C2"": 5.493049939326985, ""C3"": 4.393015437602009, ""C4"": 3.872022048722591}",0.4,0,2,False,False,False,ATTIA_CONT_f0328b041e92,6.028229794902295
24,13,"{""C1"": 6.046386393875753, ""C2"": 5.493049939326985, ""C3"": 4.393015437602009, ""C4"": 3.872022048722591}",0.4,0,3,False,False,False,ATTIA_CONT_49ca8f83b26e,10.324880129206878
24,14,"{""C1"": 6.046386393875753, ""C2"": 5.493049939326985, ""C3"": 4.393015437602009, ""C4"": 3.872022048722591}",0.4,0,4,False,False,False,ATTIA_CONT_60fb5452db29,4.959011306690595
24,15,"{""C1"": 6.046386393875753, ""C2"": 5.493049939326985, ""C3"": 4.393015437602009, ""C4"": 3.872022048722591}",0.2,0,0,False,True,False,ATTIA_CONT_5e5a9fa3e3d2,20.632162826989624
24,16,"{""C1"": 6.046386393875753, ""C2"": 5.493049939326985, ""C3"": 4.393015437602009, ""C4"": 3.872022048722591}",0.2,0,1,False,False,False,ATTIA_CONT_b5eb52dfab97,28.180543583201597
24,17,"{""C1"": 6.046386393875753, ""C2"": 5.493049939326985, ""C3"": 4.393015437602009, ""C4"": 3.872022048722591}",0.2,0,2,False,False,False,ATTIA_CONT_9a153a136749,64.98329903901318
24,18,"{""C1"": 6.046386393875753, ""C2"": 5.493049939326985, ""C3"": 4.393015437602009, ""C4"": 3.872022048722591}",0.2,0,3,False,False,False,ATTIA_CONT_a5ba90180dd2,74.77003517872808
24,19,"{""C1"": 6.046386393875753, ""C2"": 5.493049939326985, ""C3"": 4.393015437602009, ""C4"": 3.872022048722591}",0.2,0,4,False,False,False,ATTIA_CONT_e8bad8346a2e,67.65423822699748
24,20,"{""C1"": 6.046386393875753, ""C2"": 5.493049939326985, ""C3"": 4.393015437602009, ""C4"": 3.872022048722591}",0.1,0,0,False,True,False,ATTIA_CONT_80bc4474f258,68.24594871287114
24,21,"{""C1"": 6.046386393875753, ""C2"": 5.493049939326985, ""C3"": 4.393015437602009, ""C4"": 3.872022048722591}",0.1,0,1,False,False,False,ATTIA_CONT_e73b1ac733e8,72.0397448624938
24,22,"{""C1"": 6.046386393875753, ""C2"": 5.493049939326985, ""C3"": 4.393015437602009, ""C4"": 3.872022048722591}",0.1,0,2,False,False,False,ATTIA_CONT_3a0f18e844ab,67.87633140561242
24,23,"{""C1"": 6.046386393875753, ""C2"": 5.493049939326985, ""C3"": 4.393015437602009, ""C4"": 3.872022048722591}",0.1,0,3,False,False,False,ATTIA_CONT_8791db1f011a,70.44455843147372
24,24,"{""C1"": 6.046386393875753, ""C2"": 5.493049939326985, ""C3"": 4.393015437602009, ""C4"": 3.872022048722591}",0.1,0,4,False,False,False,ATTIA_CONT_11d2101dc4b3,68.13592358515555
24,25,"{""C1"": 6.046386393875753, ""C2"": 5.493049939326985, ""C3"": 4.393015437602009, ""C4"": 3.872022048722591}",0.05,0,0,False,True,False,ATTIA_CONT_121bf563aa7b,63.1470227383509
25,1,"{""C1"": 5.2, ""C2"": 5.6, ""C3"": 4.4, ""C4"": 4.252}",0.8,0,1,False,False,False,ATTIA_CONT_d1686122f3d8,10.742075025236883
25,2,"{""C1"": 5.2, ""C2"": 5.6, ""C3"": 4.4, ""C4"": 4.252}",0.8,0,2,False,False,False,ATTIA_CONT_6bb9a31bd96a,9.1331193083074
25,3,"{""C1"": 5.220981928956974, ""C2"": 5.605674212657315, ""C3"": 4.399103483265132, ""C4"": 4.235695023833754}",0.8,1,0,False,False,False,ATTIA_CONT_ce2c498c43ae,37.76381213982878
25,4,"{""C1"": 5.220981928956974, ""C2"": 5.605674212657315, ""C3"": 4.399103483265132, ""C4"": 4.235695023833754}",0.8,0,1,False,False,False,ATTIA_CONT_af1d9f8652f8,16.222828462497432
25,5,"{""C1"": 5.220981928956974, ""C2"": 5.605674212657315, ""C3"": 4.399103483265132, ""C4"": 4.235695023833754}",0.8,0,2,False,False,False,ATTIA_CONT_1dca04cdbcd9,18.748670776843113
25,6,"{""C1"": 5.220981928956974, ""C2"": 5.605674212657315, ""C3"": 4.399103483265132, ""C4"": 4.235695023833754}",0.8,0,3,False,False,False,ATTIA_CONT_3a3a0232ce31,31.704698288767627
25,7,"{""C1"": 5.220981928956974, ""C2"": 5.605674212657315, ""C3"": 4.399103483265132, ""C4"": 4.235695023833754}",0.8,0,4,False,False,False,ATTIA_CONT_96aea88ed66a,62.4838686167625
25,8,"{""C1"": 5.220981928956974, ""C2"": 5.605674212657315, ""C3"": 4.399103483265132, ""C4"": 4.235695023833754}",0.4,0,0,False,True,False,ATTIA_CONT_7aed35278808,67.0640363465746
25,9,"{""C1"": 5.220981928956974, ""C2"": 5.605674212657315, ""C3"": 4.399103483265132, ""C4"": 4.235695023833754}",0.4,0,1,False,False,False,ATTIA_CONT_c166a377b0ec,69.09365148294705
25,10,"{""C1"": 5.220981928956974, ""C2"": 5.605674212657315, ""C3"": 4.399103483265132, ""C4"": 4.235695023833754}",0.4,0,2,False,False,False,ATTIA_CONT_8feacff2df92,67.18669795204737
25,11,"{""C1"": 5.220981928956974, ""C2"": 5.605674212657315, ""C3"": 4.399103483265132, ""C4"": 4.235695023833754}",0.4,0,3,False,False,False,ATTIA_CONT_5cd18176e237,73.47824844711809
25,12,"{""C1"": 5.220981928956974, ""C2"": 5.605674212657315, ""C3"": 4.399103483265132, ""C4"": 4.235695023833754}",0.4,0,4,False,False,False,ATTIA_CONT_a14659a2cd4d,0.5591102746194103
25,13,"{""C1"": 5.220981928956974, ""C2"": 5.605674212657315, ""C3"": 4.399103483265132, ""C4"": 4.235695023833754}",0.2,0,0,False,True,False,ATTIA_CONT_d15f4db7cc0c,0.42584206975721983
25,14,"{""C1"": 4.851846937954562, ""C2"": 5.337396117522508, ""C3"": 4.433290402937166, ""C4"": 4.666292781867347}",0.2,1,0,False,False,False,ATTIA_CONT_93e6223f793f,0.427333608080565
25,15,"{""C1"": 4.851846937954562, ""C2"": 5.337396117522508, ""C3"": 4.433290402937166, ""C4"": 4.666292781867347}",0.2,0,1,False,False,False,ATTIA_CONT_b45addd48c35,1.3480925517826652
25,16,"{""C1"": 4.851846937954562, ""C2"": 5.337396117522508, ""C3"": 4.433290402937166, ""C4"": 4.666292781867347}",0.2,0,2,False,False,False,ATTIA_CONT_5c734e316aa6,12.823102319570442
25,17,"{""C1"": 4.851846937954562, ""C2"": 5.337396117522508, ""C3"": 4.433290402937166, ""C4"": 4.666292781867347}",0.2,0,3,False,False,False,ATTIA_CONT_a6c07e06b42b,36.700116740732575
25,18,"{""C1"": 4.851846937954562, ""C2"": 5.337396117522508, ""C3"": 4.433290402937166, ""C4"": 4.666292781867347}",0.2,0,4,False,False,False,ATTIA_CONT_4f76adb71b9d,25.270091541027885
25,19,"{""C1"": 4.851846937954562, ""C2"": 5.337396117522508, ""C3"": 4.433290402937166, ""C4"": 4.666292781867347}",0.1,0,0,False,True,False,ATTIA_CONT_05f2cb81714a,33.42652060737527
25,20,"{""C1"": 4.851846937954562, ""C2"": 5.337396117522508, ""C3"": 4.433290402937166, ""C4"": 4.666292781867347}",0.1,0,1,False,False,False,ATTIA_CONT_ab4026214179,33.79717668235034
25,21,"{""C1"": 4.851846937954562, ""C2"": 5.337396117522508, ""C3"": 4.433290402937166, ""C4"": 4.666292781867347}",0.1,0,2,False,False,False,ATTIA_CONT_89e8fa90d2a8,28.621209830905954
25,22,"{""C1"": 4.8412790498962, ""C2"": 5.336440240955854, ""C3"": 4.446268629580209, ""C4"": 4.662486685081219}",0.1,1,0,False,False,False,ATTIA_CONT_c800cdb5ccc0,28.29318482080985
25,23,"{""C1"": 4.8412790498962, ""C2"": 5.336440240955854, ""C3"": 4.446268629580209, ""C4"": 4.662486685081219}",0.1,0,1,False,False,False,ATTIA_CONT_43cbe4ebc96c,58.06385416497415
25,24,"{""C1"": 4.8412790498962, ""C2"": 5.336440240955854, ""C3"": 4.446268629580209, ""C4"": 4.662486685081219}",0.1,0,2,False,False,False,ATTIA_CONT_658056e8bd57,62.36961717645167
25,25,"{""C1"": 4.8412790498962, ""C2"": 5.336440240955854, ""C3"": 4.446268629580209, ""C4"": 4.662486685081219}",0.1,0,3,False,False,False,ATTIA_CONT_fe76add19f9e,62.6280611933924
26,1,"{""C1"": 4.0, ""C2"": 5.6, ""C3"": 5.2, ""C4"": 4.707}",0.8,0,1,False,False,False,ATTIA_CONT_fe9cfc3092bc,30.57828846736909
26,2,"{""C1"": 4.0, ""C2"": 5.6, ""C3"": 5.2, ""C4"": 4.707}",0.8,0,2,False,False,False,ATTIA_CONT_600931efe09f,17.226338735374533
26,3,"{""C1"": 4.0, ""C2"": 5.6, ""C3"": 5.2, ""C4"": 4.707}",0.8,0,3,False,False,False,ATTIA_CONT_9df46fc7d4a2,55.01090691258589
26,4,"{""C1"": 4.0, ""C2"": 5.6, ""C3"": 5.2, ""C4"": 4.707}",0.8,0,4,False,False,False,ATTIA_CONT_16c2605f16c1,18.321927088322077
26,5,"{""C1"": 4.0, ""C2"": 5.6, ""C3"": 5.2, ""C4"": 4.707}",0.4,0,0,False,True,False,ATTIA_CONT_257c9796e8ad,51.0920932518346
26,6,"{""C1"": 4.0, ""C2"": 5.6, ""C3"": 5.2, ""C4"": 4.707}",0.4,0,1,False,False,False,ATTIA_CONT_4dc5f852b003,3.2648668500613436
26,7,"{""C1"": 4.0, ""C2"": 5.6, ""C3"": 5.2, ""C4"": 4.707}",0.4,0,2,False,False,False,ATTIA_CONT_42235529f9d4,12.351239399500432
26,8,"{""C1"": 4.0, ""C2"": 5.6, ""C3"": 5.2, ""C4"": 4.707}",0.4,0,3,False,False,False,ATTIA_CONT_1fe16280f942,16.77342228622127
26,9,"{""C1"": 4.0, ""C2"": 5.6, ""C3"": 5.2, ""C4"": 4.707}",0.4,0,4,False,False,False,ATTIA_CONT_3b709371be66,42.83290969007426
26,10,"{""C1"": 4.0, ""C2"": 5.6, ""C3"": 5.2, ""C4"": 4.707}",0.2,0,0,False,True,False,ATTIA_CONT_7a84f697652b,40.310585834997745
26,11,"{""C1"": 4.0, ""C2"": 5.6, ""C3"": 5.2, ""C4"": 4.707}",0.2,0,1,False,False,False,ATTIA_CONT_c3f733a4e9f6,25.192359543405352
26,12,"{""C1"": 3.9391769793094977, ""C2"": 5.623020363433315, ""C3"": 5.1854199387853495, ""C4"": 4.789629410423158}",0.2,1,0,False,False,False,ATTIA_CONT_62549b5e4cf0,45.77213549630536
26,13,"{""C1"": 3.9391769793094977, ""C2"": 5.623020363433315, ""C3"": 5.1854199387853495, ""C4"": 4.789629410423158}",0.2,0,1,False,False,False,ATTIA_CONT_cb8133cad3c4,44.75263681463559
26,14,"{""C1"": 3.9391769793094977, ""C2"": 5.623020363433315, ""C3"": 5.1854199387853495, ""C4"": 4.789629410423158}",0.2,0,2,False,False,False,ATTIA_CONT_68a300245773,63.27737166252799
26,15,"{""C1"": 3.9391769793094977, ""C2"": 5.623020363433315, ""C3"": 5.1854199387853495, ""C4"": 4.789629410423158}",0.2,0,3,False,False,False,ATTIA_CONT_5f726087cbac,59.751105987327506
26,16,"{""C1"": 3.9391769793094977, ""C2"": 5.623020363433315, ""C3"": 5.1854199387853495, ""C4"": 4.789629410423158}",0.2,0,4,False,False,False,ATTIA_CONT_cdbaced7a167,0.519397261610246
26,17,"{""C1"": 3.9391769793094977, ""C2"": 5.623020363433315, ""C3"": 5.1854199387853495, ""C4"": 4.789629410423158}",0.1,0,0,False,True,False,ATTIA_CONT_2efca15bebd9,58.405729052102075
26,18,"{""C1"": 3.9391769793094977, ""C2"": 5.623020363433315, ""C3"": 5.1854199387853495, ""C4"": 4.789629410423158}",0.1,0,1,False,False,False,ATTIA_CONT_1a1f00e43ba5,57.05224634740151
26,19,"{""C1"": 3.9391769793094977, ""C2"": 5.623020363433315, ""C3"": 5.1854199387853495, ""C4"": 4.789629410423158}",0.1,0,2,False,False,False,ATTIA_CONT_5e7153b4f281,62.3685824076025
26,20,"{""C1"": 3.9391769793094977, ""C2"": 5.623020363433315, ""C3"": 5.1854199387853495, ""C4"": 4.789629410423158}",0.1,0,3,False,False,False,ATTIA_CONT_a670239f946b,62.13407402676657
26,21,"{""C1"": 3.9391769793094977, ""C2"": 5.623020363433315, ""C3"": 5.1854199387853495, ""C4"": 4.789629410423158}",0.1,0,4,False,False,False,ATTIA_CONT_048ee41f8c95,61.73209769792381
26,22,"{""C1"": 3.9391769793094977, ""C2"": 5.623020363433315, ""C3"": 5.1854199387853495, ""C4"": 4.789629410423158}",0.05,0,0,False,True,False,ATTIA_CONT_c13bbe58d798,28.059509323720025
26,23,"{""C1"": 3.9391769793094977, ""C2"": 5.623020363433315, ""C3"": 5.1854199387853495, ""C4"": 4.789629410423158}",0.05,0,1,False,False,False,ATTIA_CONT_a7c1dcd8fed2,59.89586964700204
26,24,"{""C1"": 3.9391769793094977, ""C2"": 5.623020363433315, ""C3"": 5.1854199387853495, ""C4"": 4.789629410423158}",0.05,0,2,False,False,False,ATTIA_CONT_f024022e87de,59.18037510079797
26,25,"{""C1"": 3.9391769793094977, ""C2"": 5.623020363433315, ""C3"": 5.1854199387853495, ""C4"": 4.789629410423158}",0.05,0,3,False,False,False,ATTIA_CONT_dda25d601138,58.35144031587901
27,1,"{""C1"": 7.0, ""C2"": 3.6, ""C3"": 5.2, ""C4"": 4.537}",0.8,0,1,False,False,False,ATTIA_CONT_d1e8325e24f1,42.888938791616276
27,2,"{""C1"": 7.0, ""C2"": 3.6, ""C3"": 5.2, ""C4"": 4.537}",0.8,0,2,False,False,False,ATTIA_CONT_a6a5844618eb,17.138088704861783
27,3,"{""C1"": 7.0, ""C2"": 3.6, ""C3"": 5.2, ""C4"": 4.537}",0.8,0,3,False,False,False,ATTIA_CONT_1a849b90bfb5,62.56854016734951
27,4,"{""C1"": 7.0, ""C2"": 3.6, ""C3"": 5.2, ""C4"": 4.537}",0.8,0,4,False,False,False,ATTIA_CONT_6d10b05ebecb,61.43639119827891
27,5,"{""C1"": 7.0, ""C2"": 3.6, ""C3"": 5.2, ""C4"": 4.537}",0.4,0,0,False,True,False,ATTIA_CONT_5ec0b246b818,54.55782087296696
27,6,"{""C1"": 7.0, ""C2"": 3.6, ""C3"": 5.2, ""C4"": 4.537}",0.4,0,1,False,False,False,ATTIA_CONT_ee502c904f5a,60.72585629254329
27,7,"{""C1"": 7.0, ""C2"": 3.6, ""C3"": 5.2, ""C4"": 4.537}",0.4,0,2,False,False,False,ATTIA_CONT_808f418cf5fa,2.2246864898661656
27,8,"{""C1"": 7.0, ""C2"": 3.6, ""C3"": 5.2, ""C4"": 4.537}",0.4,0,3,False,False,False,ATTIA_CONT_6c61da799cc6,4.307473575933237
27,9,"{""C1"": 7.0, ""C2"": 3.6, ""C3"": 5.2, ""C4"": 4.537}",0.4,0,4,False,False,False,ATTIA_CONT_15bf8af23e98,7.390049486210941
27,10,"{""C1"": 7.0, ""C2"": 3.6, ""C3"": 5.2, ""C4"": 4.537}",0.2,0,0,False,True,False,ATTIA_CONT_3c872b6dad0e,4.359228253719456
27,11,"{""C1"": 7.0, ""C2"": 3.6, ""C3"": 5.2, ""C4"": 4.537}",0.2,0,1,False,False,False,ATTIA_CONT_fa4ec49dbbfe,4.843816079867928
27,12,"{""C1"": 7.0, ""C2"": 3.6, ""C3"": 5.2, ""C4"": 4.537}",0.2,0,2,False,False,False,ATTIA_CONT_d91463370b8f,12.377418922269161
27,13,"{""C1"": 6.956479766405789, ""C2"": 3.6196240278166685, ""C3"": 5.21933923072403, ""C4"": 4.510283672490064}",0.2,1,0,False,False,False,ATTIA_CONT_4e8cadefde80,8.768552324121728
27,14,"{""C1"": 6.956479766405789, ""C2"": 3.6196240278166685, ""C3"": 5.21933923072403, ""C4"": 4.510283672490064}",0.2,0,1,False,False,False,ATTIA_CONT_158607578ec6,8.809265405728485
27,15,"{""C1"": 6.956479766405789, ""C2"": 3.6196240278166685, ""C3"": 5.21933923072403, ""C4"": 4.510283672490064}",0.2,0,2,False,False,False,ATTIA_CONT_d00bb696ce8d,6.835960174688324
27,16,"{""C1"": 6.956479766405789, ""C2"": 3.6196240278166685, ""C3"": 5.21933923072403, ""C4"": 4.510283672490064}",0.2,0,3,False,False,False,ATTIA_CONT_8c1208c878d1,48.66020332037486
27,17,"{""C1"": 6.956479766405789, ""C2"": 3.6196240278166685, ""C3"": 5.21933923072403, ""C4"": 4.510283672490064}",0.2,0,4,False,False,False,ATTIA_CONT_1734a0ea17ce,69.08506102920104
27,18,"{""C1"": 6.956479766405789, ""C2"": 3.6196240278166685, ""C3"": 5.21933923072403, ""C4"": 4.510283672490064}",0.1,0,0,False,True,False,ATTIA_CONT_383913b5248e,70.82782039358835
27,19,"{""C1"": 6.956479766405789, ""C2"": 3.6196240278166685, ""C3"": 5.21933923072403, ""C4"": 4.510283672490064}",0.1,0,1,False,False,False,ATTIA_CONT_47199ab50ae2,67.71414304105527
27,20,"{""C1"": 6.956479766405789, ""C2"": 3.6196240278166685, ""C3"": 5.21933923072403, ""C4"": 4.510283672490064}",0.1,0,2,False,False,False,ATTIA_CONT_3efc0dcda44d,76.40334495180352
27,21,"{""C1"": 6.956479766405789, ""C2"": 3.6196240278166685, ""C3"": 5.21933923072403, ""C4"": 4.510283672490064}",0.1,0,3,False,False,False,ATTIA_CONT_41b023c8a64e,76.22988363498438
27,22,"{""C1"": 6.956479766405789, ""C2"": 3.6196240278166685, ""C3"": 5.21933923072403, ""C4"": 4.510283672490064}",0.1,0,4,False,False,False,ATTIA_CONT_1e617f7b856b,74.95661073812094
27,23,"{""C1"": 6.956479766405789, ""C2"": 3.6196240278166685, ""C3"": 5.21933923072403, ""C4"": 4.510283672490064}",0.05,0,0,False,True,False,ATTIA_CONT_9c739eef58ba,74.12099840945223
27,24,"{""C1"": 6.956479766405789, ""C2"": 3.6196240278166685, ""C3"": 5.21933923072403, ""C4"": 4.510283672490064}",0.05,0,1,False,False,False,ATTIA_CONT_bbf7a995ccf9,72.89368425440537
27,25,"{""C1"": 6.956479766405789, ""C2"": 3.6196240278166685, ""C3"": 5.21933923072403, ""C4"": 4.510283672490064}",0.05,0,2,False,False,False,ATTIA_CONT_909974b4c511,72.0680846050746
28,1,"{""C1"": 5.6, ""C2"": 5.2, ""C3"": 4.4, ""C4"": 4.252}",0.8,0,1,False,False,False,ATTIA_CONT_6b58b6a386b0,28.198957141277187
28,2,"{""C1"": 5.6, ""C2"": 5.2, ""C3"": 4.4, ""C4"": 4.252}",0.8,0,2,False,False,False,ATTIA_CONT_543090484e69,90.06160049908691
28,3,"{""C1"": 5.6, ""C2"": 5.2, ""C3"": 4.4, ""C4"": 4.252}",0.8,0,3,False,False,False,ATTIA_CONT_2c22a18f9be6,2.3361722580068207
28,4,"{""C1"": 5.6, ""C2"": 5.2, ""C3"": 4.4, ""C4"": 4.252}",0.8,0,4,False,False,False,ATTIA_CONT_57133fe1628c,3.1105362186233787
28,5,"{""C1"": 5.6, ""C2"": 5.2, ""C3"": 4.4, ""C4"": 4.252}",0.4,0,0,False,True,False,ATTIA_CONT_4f79ec942f27,2.1904559969792867
28,6,"{""C1"": 5.6, ""C2"": 5.2, ""C3"": 4.4, ""C4"": 4.252}",0.4,0,1,False,False,False,ATTIA_CONT_c7a6677884a6,80.91221099406988
28,7,"{""C1"": 5.6, ""C2"": 5.2, ""C3"": 4.4, ""C4"": 4.252}",0.4,0,2,False,False,False,ATTIA_CONT_42ff59811c67,1.0607980766213467
28,8,"{""C1"": 5.6, ""C2"": 5.2, ""C3"": 4.4, ""C4"": 4.252}",0.4,0,3,False,False,False,ATTIA_CONT_41172a2cfeb4,0.7945063196584314
28,9,"{""C1"": 5.6, ""C2"": 5.2, ""C3"": 4.4, ""C4"": 4.252}",0.4,0,4,False,False,False,ATTIA_CONT_50cfcd2616fd,1.8724198192065646
28,10,"{""C1"": 5.6, ""C2"": 5.2, ""C3"": 4.4, ""C4"": 4.252}",0.2,0,0,False,True,False,ATTIA_CONT_0d907436321e,1.5258658617015648
28,11,"{""C1"": 5.686649195634312, ""C2"": 5.238949131553298, ""C3"": 4.248490366917258, ""C4"": 4.324751632227276}",0.2,1,0,False,False,False,ATTIA_CONT_de2403e3523a,78.87391250045559
28,12,"{""C1"": 5.686649195634312, ""C2"": 5.238949131553298, ""C3"": 4.248490366917258, ""C4"": 4.324751632227276}",0.2,0,1,False,False,False,ATTIA_CONT_88639cb85167,2.502754265514941
28,13,"{""C1"": 5.686649195634312, ""C2"": 5.238949131553298, ""C3"": 4.248490366917258, ""C4"": 4.324751632227276}",0.2,0,2,False,False,False,ATTIA_CONT_842c0ee7d9e6,86.45398353217784
28,14,"{""C1"": 5.686649195634312, ""C2"": 5.238949131553298, ""C3"": 4.248490366917258, ""C4"": 4.324751632227276}",0.2,0,3,False,False,False,ATTIA_CONT_c82e2b47bd55,86.4364951500722
28,15,"{""C1"": 5.686649195634312, ""C2"": 5.238949131553298, ""C3"": 4.248490366917258, ""C4"": 4.324751632227276}",0.2,0,4,False,False,False,ATTIA_CONT_2a6ce057237d,45.4669762498559
28,16,"{""C1"": 5.686649195634312, ""C2"": 5.238949131553298, ""C3"": 4.248490366917258, ""C4"": 4.324751632227276}",0.1,0,0,False,True,False,ATTIA_CONT_63bb54903ecd,54.15609267451983
28,17,"{""C1"": 5.686649195634312, ""C2"": 5.238949131553298, ""C3"": 4.248490366917258, ""C4"": 4.324751632227276}",0.1,0,1,False,False,False,ATTIA_CONT_b8970d9ff7a0,65.53918935114228
28,18,"{""C1"": 5.686649195634312, ""C2"": 5.238949131553298, ""C3"": 4.248490366917258, ""C4"": 4.324751632227276}",0.1,0,2,False,False,False,ATTIA_CONT_ccbfbc9095a6,72.90322729571531
28,19,"{""C1"": 5.686649195634312, ""C2"": 5.238949131553298, ""C3"": 4.248490366917258, ""C4"": 4.324751632227276}",0.1,0,3,False,False,False,ATTIA_CONT_0415b94e4d20,86.53850465474086
28,20,"{""C1"": 5.686649195634312, ""C2"": 5.238949131553298, ""C3"": 4.248490366917258, ""C4"": 4.324751632227276}",0.1,0,4,False,False,False,ATTIA_CONT_e45417ad8e04,83.64849079755237
28,21,"{""C1"": 5.686649195634312, ""C2"": 5.238949131553298, ""C3"": 4.248490366917258, ""C4"": 4.324751632227276}",0.05,0,0,False,True,False,ATTIA_CONT_aa4c3a0f92e1,81.08402467670912
28,22,"{""C1"": 5.686649195634312, ""C2"": 5.238949131553298, ""C3"": 4.248490366917258, ""C4"": 4.324751632227276}",0.05,0,1,False,False,False,ATTIA_CONT_6f4bef2f6362,78.86123171864261
28,23,"{""C1"": 5.686649195634312, ""C2"": 5.238949131553298, ""C3"": 4.248490366917258, ""C4"": 4.324751632227276}",0.05,0,2,False,False,False,ATTIA_CONT_0e096e0b064f,77.35153936363969
28,24,"{""C1"": 5.686649195634312, ""C2"": 5.238949131553298, ""C3"": 4.248490366917258, ""C4"": 4.324751632227276}",0.05,0,3,False,False,False,ATTIA_CONT_626328e2c945,76.09396950855863
28,25,"{""C1"": 5.686649195634312, ""C2"": 5.238949131553298, ""C3"": 4.248490366917258, ""C4"": 4.324751632227276}",0.05,0,4,False,False,False,ATTIA_CONT_9f5251f60180,78.8110761805892
29,1,"{""C1"": 5.2, ""C2"": 7.0, ""C3"": 3.6, ""C4"": 4.537}",0.8,0,1,False,False,False,ATTIA_CONT_2ca565866b5e,31.36403168839369
29,2,"{""C1"": 5.2, ""C2"": 7.0, ""C3"": 3.6, ""C4"": 4.537}",0.8,0,2,False,False,False,ATTIA_CONT_9f6f60afb681,41.90874955091856
29,3,"{""C1"": 5.2, ""C2"": 7.0, ""C3"": 3.6, ""C4"": 4.537}",0.8,0,3,False,False,False,ATTIA_CONT_5d230de689f5,59.74390461490259
29,4,"{""C1"": 5.2, ""C2"": 7.0, ""C3"": 3.6, ""C4"": 4.537}",0.8,0,4,False,False,False,ATTIA_CONT_381a2d6c5d0d,45.88749546384011
29,5,"{""C1"": 5.2, ""C2"": 7.0, ""C3"": 3.6, ""C4"": 4.537}",0.4,0,0,False,True,False,ATTIA_CONT_8ce1fe03ef7e,3.533024487308456
29,6,"{""C1"": 5.2, ""C2"": 7.0, ""C3"": 3.6, ""C4"": 4.537}",0.4,0,1,False,False,False,ATTIA_CONT_a1663d768585,8.466788392268143
29,7,"{""C1"": 5.2, ""C2"": 7.0, ""C3"": 3.6, ""C4"": 4.537}",0.4,0,2,False,False,False,ATTIA_CONT_157d9462cb14,6.509700869261469
29,8,"{""C1"": 5.2, ""C2"": 7.0, ""C3"": 3.6, ""C4"": 4.537}",0.4,0,3,False,False,False,ATTIA_CONT_08f3eb8a021c,16.546953930974066
29,9,"{""C1"": 5.2, ""C2"": 7.0, ""C3"": 3.6, ""C4"": 4.537}",0.4,0,4,False,False,False,ATTIA_CONT_6332ea1f5f1d,13.03690189747541
29,10,"{""C1"": 5.2, ""C2"": 7.0, ""C3"": 3.6, ""C4"": 4.537}",0.2,0,0,False,True,False,ATTIA_CONT_e9240a662096,13.208289908768322
29,11,"{""C1"": 5.2, ""C2"": 7.0, ""C3"": 3.6, ""C4"": 4.537}",0.2,0,1,False,False,False,ATTIA_CONT_e1d274dcb815,16.17830310959365
29,12,"{""C1"": 5.2, ""C2"": 7.0, ""C3"": 3.6, ""C4"": 4.537}",0.2,0,2,False,False,False,ATTIA_CONT_7230f20d80c0,36.11263734385329
29,13,"{""C1"": 5.2, ""C2"": 7.0, ""C3"": 3.6, ""C4"": 4.537}",0.2,0,3,False,False,False,ATTIA_CONT_afa1087cd36c,32.19880896352667
29,14,"{""C1"": 5.2, ""C2"": 7.0, ""C3"": 3.6, ""C4"": 4.537}",0.2,0,4,False,False,False,ATTIA_CONT_03b3393645e8,17.83667928324114
29,15,"{""C1"": 5.2, ""C2"": 7.0, ""C3"": 3.6, ""C4"": 4.537}",0.1,0,0,False,True,False,ATTIA_CONT_a87534905e73,20.81148047423048
29,16,"{""C1"": 5.2, ""C2"": 7.0, ""C3"": 3.6, ""C4"": 4.537}",0.1,0,1,False,False,False,ATTIA_CONT_fc7d4b881fc5,55.357335450328584
29,17,"{""C1"": 5.2, ""C2"": 7.0, ""C3"": 3.6, ""C4"": 4.537}",0.1,0,2,False,False,False,ATTIA_CONT_e24b299a8d3c,4.028292761174953
29,18,"{""C1"": 5.2, ""C2"": 7.0, ""C3"": 3.6, ""C4"": 4.537}",0.1,0,3,False,False,False,ATTIA_CONT_2e9c0b59d578,4.398324386520077
29,19,"{""C1"": 5.2, ""C2"": 7.0, ""C3"": 3.6, ""C4"": 4.537}",0.1,0,4,False,False,False,ATTIA_CONT_fe93e88d4c51,3.789424648937631
29,20,"{""C1"": 5.2, ""C2"": 7.0, ""C3"": 3.6, ""C4"": 4.537}",0.05,0,0,False,True,False,ATTIA_CONT_238d64095dee,3.3564712423850924
29,21,"{""C1"": 5.2, ""C2"": 7.0, ""C3"": 3.6, ""C4"": 4.537}",0.05,0,1,False,False,False,ATTIA_CONT_587f08cb26cc,3.0084403903306445
29,22,"{""C1"": 5.2, ""C2"": 7.0, ""C3"": 3.6, ""C4"": 4.537}",0.05,0,2,False,False,False,ATTIA_CONT_90c138439dc2,3.7958457007430546
29,23,"{""C1"": 5.2, ""C2"": 7.0, ""C3"": 3.6, ""C4"": 4.537}",0.05,0,3,False,False,False,ATTIA_CONT_2046729c321b,4.659058035148448
29,24,"{""C1"": 5.2, ""C2"": 7.0, ""C3"": 3.6, ""C4"": 4.537}",0.05,0,4,False,False,False,ATTIA_CONT_b580baf4ccbc,4.373042974782578
29,25,"{""C1"": 5.120238405585676, ""C2"": 6.952620185576572, ""C3"": 3.6236363405673533, ""C4"": 4.5822504784836795}",0.05,1,0,False,False,False,ATTIA_CONT_49cd74bdbf23,3.9869603917971617
