step,strategy,best_seen,simple_regret,hit_top_10_pct,hit_top_5_pct,queried_protocol_id,seed,budget
0,random,686.5946031000001,163.1460657,0,0,,0,20
1,random,686.5946031000001,163.1460657,0,0,CC_(no_storage)_Co2,0,20
2,random,686.5946031000001,163.1460657,0,0,Periodic_D_Co2,0,20
3,random,686.5946031000001,163.1460657,0,0,CC_(no_storage)_Co10,0,20
4,random,686.5946031000001,163.1460657,0,0,Synthetic_1a_Co10,0,20
5,random,686.5946031000001,163.1460657,0,0,CC_(50%_storage)_Co10,0,20
6,random,686.5946031000001,163.1460657,0,0,CC_(100%_storage)_Co2,0,20
7,random,686.5946031000001,163.1460657,0,0,Periodic_B_Co5,0,20
8,random,686.5946031000001,163.1460657,0,0,Periodic_C_Co5,0,20
9,random,686.5946031000001,163.1460657,0,0,Periodic_B_Co2,0,20
10,random,709.4786504,140.2620184000001,1,1,Synthetic_1a_Co5,0,20
11,random,709.4786504,140.2620184000001,1,1,Periodic_E_Co10,0,20
12,random,709.4786504,140.2620184000001,1,1,Drive_City1_Co16,0,20
13,random,709.4786504,140.2620184000001,1,1,Periodic_C_Co2,0,20
14,random,709.4786504,140.2620184000001,1,1,Synthetic_2c_Co5,0,20
15,random,709.4786504,140.2620184000001,1,1,Synthetic_2c_Co10,0,20
0,greedy,686.5946031000001,163.1460657,0,0,,0,20
1,greedy,686.5946031000001,163.1460657,0,0,Synthetic_2a_Co10,0,20
2,greedy,686.5946031000001,163.1460657,0,0,CC_(100%_storage)_Co10,0,20
3,greedy,849.7406688000001,0.0,1,1,Synthetic_2a_Co2,0,20
4,greedy,849.7406688000001,0.0,1,1,Periodic_A_Co2,0,20
5,greedy,849.7406688000001,0.0,1,1,Synthetic_1a_Co5,0,20
6,greedy,849.7406688000001,0.0,1,1,Synthetic_1b_Co10,0,20
7,greedy,849.7406688000001,0.0,1,1,Periodic_D_Co2,0,20
8,greedy,849.7406688000001,0.0,1,1,Synthetic_2b_Co2,0,20
9,greedy,849.7406688000001,0.0,1,1,Synthetic_2c_Co2,0,20
10,greedy,849.7406688000001,0.0,1,1,CC_(no_storage)_Co2,0,20
11,greedy,849.7406688000001,0.0,1,1,Periodic_C_Co2,0,20
12,greedy,849.7406688000001,0.0,1,1,CC_(5%_storage)_Co2,0,20
13,greedy,849.7406688000001,0.0,1,1,Synthetic_1b_Co16,0,20
14,greedy,849.7406688000001,0.0,1,1,Synthetic_2c_Co5,0,20
15,greedy,849.7406688000001,0.0,1,1,Periodic_B_Co2,0,20
0,gp_ucb,686.5946031000001,163.1460657,0,0,,0,20
1,gp_ucb,686.5946031000001,163.1460657,0,0,Synthetic_2a_Co10,0,20
2,gp_ucb,686.5946031000001,163.1460657,0,0,CC_(100%_storage)_Co10,0,20
3,gp_ucb,849.7406688000001,0.0,1,1,Synthetic_2a_Co2,0,20
4,gp_ucb,849.7406688000001,0.0,1,1,Periodic_C_Co2,0,20
5,gp_ucb,849.7406688000001,0.0,1,1,Synthetic_2b_Co2,0,20
6,gp_ucb,849.7406688000001,0.0,1,1,Synthetic_2c_Co2,0,20
7,gp_ucb,849.7406688000001,0.0,1,1,CC_(no_storage)_Co2,0,20
8,gp_ucb,849.7406688000001,0.0,1,1,Periodic_D_Co2,0,20
9,gp_ucb,849.7406688000001,0.0,1,1,Synthetic_1b_Co10,0,20
10,gp_ucb,849.7406688000001,0.0,1,1,Synthetic_1a_Co5,0,20
11,gp_ucb,849.7406688000001,0.0,1,1,Synthetic_2c_Co5,0,20
12,gp_ucb,849.7406688000001,0.0,1,1,CC_(5%_storage)_Co2,0,20
13,gp_ucb,849.7406688000001,0.0,1,1,Periodic_A_Co2,0,20
14,gp_ucb,849.7406688000001,0.0,1,1,Synthetic_1b_Co16,0,20
15,gp_ucb,849.7406688000001,0.0,1,1,Periodic_B_Co2,0,20
0,random,686.5946031000001,163.1460657,0,0,,1,20
1,random,686.5946031000001,163.1460657,0,0,CC_(100%_storage)_Co2,1,20
2,random,686.5946031000001,163.1460657,0,0,Periodic_B_Co10,1,20
3,random,686.5946031000001,163.1460657,0,0,CC_(no_storage)_Co2,1,20
4,random,686.5946031000001,163.1460657,0,0,CC_(no_storage)_Co10,1,20
5,random,686.5946031000001,163.1460657,0,0,Periodic_C_Co5,1,20
6,random,686.5946031000001,163.1460657,0,0,Periodic_C_Co10,1,20
7,random,686.5946031000001,163.1460657,0,0,CC_(100%_storage)_Co5,1,20
8,random,686.5946031000001,163.1460657,0,0,Synthetic_3_Co10,1,20
9,random,686.5946031000001,163.1460657,0,0,Periodic_A_Co10,1,20
10,random,686.5946031000001,163.1460657,0,0,Periodic_B_Co5,1,20
11,random,686.5946031000001,163.1460657,0,0,CC_(5%_storage)_Co2,1,20
12,random,686.5946031000001,163.1460657,0,0,Periodic_A_Co2,1,20
13,random,698.60639685,151.13427195000008,1,0,Synthetic_1b_Co10,1,20
14,random,698.60639685,151.13427195000008,1,0,Synthetic_3_Co5,1,20
15,random,698.60639685,151.13427195000008,1,0,CC_(50%_storage)_Co2,1,20
0,greedy,686.5946031000001,163.1460657,0,0,,1,20
1,greedy,686.5946031000001,163.1460657,0,0,CC_(100%_storage)_Co2,1,20
2,greedy,849.7406688000001,0.0,1,1,Synthetic_2a_Co2,1,20
3,greedy,849.7406688000001,0.0,1,1,Synthetic_3_Co5,1,20
4,greedy,849.7406688000001,0.0,1,1,Periodic_D_Co5,1,20
5,greedy,849.7406688000001,0.0,1,1,Synthetic_2b_Co2,1,20
6,greedy,849.7406688000001,0.0,1,1,Synthetic_2c_Co2,1,20
7,greedy,849.7406688000001,0.0,1,1,Synthetic_1a_Co5,1,20
8,greedy,849.7406688000001,0.0,1,1,Synthetic_1b_Co10,1,20
9,greedy,849.7406688000001,0.0,1,1,CC_(no_storage)_Co2,1,20
10,greedy,849.7406688000001,0.0,1,1,Synthetic_2c_Co5,1,20
11,greedy,849.7406688000001,0.0,1,1,CC_(5%_storage)_Co2,1,20
12,greedy,849.7406688000001,0.0,1,1,Periodic_A_Co2,1,20
13,greedy,849.7406688000001,0.0,1,1,Synthetic_1b_Co16,1,20
14,greedy,849.7406688000001,0.0,1,1,Periodic_B_Co2,1,20
15,greedy,849.7406688000001,0.0,1,1,Periodic_E_Co2,1,20
0,gp_ucb,686.5946031000001,163.1460657,0,0,,1,20
1,gp_ucb,686.5946031000001,163.1460657,0,0,CC_(100%_storage)_Co2,1,20
2,gp_ucb,849.7406688000001,0.0,1,1,Synthetic_2a_Co2,1,20
3,gp_ucb,849.7406688000001,0.0,1,1,Synthetic_2b_Co2,1,20
4,gp_ucb,849.7406688000001,0.0,1,1,Synthetic_2c_Co2,1,20
5,gp_ucb,849.7406688000001,0.0,1,1,CC_(no_storage)_Co2,1,20
6,gp_ucb,849.7406688000001,0.0,1,1,Periodic_D_Co5,1,20
7,gp_ucb,849.7406688000001,0.0,1,1,Synthetic_3_Co5,1,20
8,gp_ucb,849.7406688000001,0.0,1,1,Synthetic_2c_Co5,1,20
9,gp_ucb,849.7406688000001,0.0,1,1,Synthetic_1b_Co10,1,20
10,gp_ucb,849.7406688000001,0.0,1,1,Synthetic_1a_Co5,1,20
11,gp_ucb,849.7406688000001,0.0,1,1,CC_(5%_storage)_Co2,1,20
12,gp_ucb,849.7406688000001,0.0,1,1,Periodic_A_Co2,1,20
13,gp_ucb,849.7406688000001,0.0,1,1,Synthetic_1b_Co16,1,20
14,gp_ucb,849.7406688000001,0.0,1,1,Periodic_B_Co2,1,20
15,gp_ucb,849.7406688000001,0.0,1,1,Periodic_E_Co2,1,20
0,random,698.60639685,151.13427195000008,1,0,,2,20
1,random,698.60639685,151.13427195000008,1,0,Synthetic_2a_Co5,2,20
2,random,709.44713095,140.29353785000012,1,0,Synthetic_2b_Co2,2,20
3,random,709.44713095,140.29353785000012,1,0,CC_(5%_storage)_Co5,2,20
4,random,709.44713095,140.29353785000012,1,0,Synthetic_2c_Co5,2,20
5,random,709.44713095,140.29353785000012,1,0,Synthetic_2b_Co5,2,20
6,random,709.44713095,140.29353785000012,1,0,Periodic_D_Co5,2,20
7,random,709.44713095,140.29353785000012,1,0,Drive_City1_Co10,2,20
8,random,709.44713095,140.29353785000012,1,0,CC_(50%_storage)_Co10,2,20
9,random,709.44713095,140.29353785000012,1,0,Periodic_C_Co5,2,20
10,random,709.44713095,140.29353785000012,1,0,Periodic_E_Co2,2,20
11,random,709.44713095,140.29353785000012,1,0,CC_(5%_storage)_Co10,2,20
12,random,709.44713095,140.29353785000012,1,0,CC_(50%_storage)_Co2,2,20
13,random,709.44713095,140.29353785000012,1,0,CC_(no_storage)_Co5,2,20
14,random,709.44713095,140.29353785000012,1,0,Drive_City2_Co16,2,20
15,random,709.44713095,140.29353785000012,1,0,Periodic_C_Co10,2,20
0,greedy,698.60639685,151.13427195000008,1,0,,2,20
1,greedy,698.60639685,151.13427195000008,1,0,Synthetic_1b_Co16,2,20
2,greedy,698.60639685,151.13427195000008,1,0,Synthetic_1a_Co10,2,20
3,greedy,698.60639685,151.13427195000008,1,0,CC_(100%_storage)_Co10,2,20
4,greedy,709.4786504,140.2620184000001,1,1,Synthetic_1a_Co5,2,20
5,greedy,709.4786504,140.2620184000001,1,1,Synthetic_3_Co5,2,20
6,greedy,709.4786504,140.2620184000001,1,1,Periodic_C_Co2,2,20
7,greedy,849.7406688000001,0.0,1,1,Synthetic_2a_Co2,2,20
8,greedy,849.7406688000001,0.0,1,1,Synthetic_2a_Co5,2,20
9,greedy,849.7406688000001,0.0,1,1,Synthetic_2b_Co2,2,20
10,greedy,849.7406688000001,0.0,1,1,Synthetic_2c_Co2,2,20
11,greedy,849.7406688000001,0.0,1,1,Periodic_A_Co2,2,20
12,greedy,849.7406688000001,0.0,1,1,Periodic_D_Co5,2,20
13,greedy,849.7406688000001,0.0,1,1,CC_(no_storage)_Co2,2,20
14,greedy,849.7406688000001,0.0,1,1,Periodic_B_Co2,2,20
15,greedy,849.7406688000001,0.0,1,1,Periodic_E_Co2,2,20
0,gp_ucb,698.60639685,151.13427195000008,1,0,,2,20
1,gp_ucb,698.60639685,151.13427195000008,1,0,Periodic_C_Co2,2,20
2,gp_ucb,698.60639685,151.13427195000008,1,0,Synthetic_1b_Co16,2,20
3,gp_ucb,698.60639685,151.13427195000008,1,0,Synthetic_1a_Co10,2,20
4,gp_ucb,698.60639685,151.13427195000008,1,0,CC_(100%_storage)_Co10,2,20
5,gp_ucb,698.60639685,151.13427195000008,1,0,Synthetic_1a_Co16,2,20
6,gp_ucb,709.4786504,140.2620184000001,1,1,Synthetic_1a_Co5,2,20
7,gp_ucb,709.4786504,140.2620184000001,1,1,Synthetic_3_Co5,2,20
8,gp_ucb,849.7406688000001,0.0,1,1,Synthetic_2a_Co2,2,20
9,gp_ucb,849.7406688000001,0.0,1,1,Synthetic_2a_Co5,2,20
10,gp_ucb,849.7406688000001,0.0,1,1,Synthetic_2c_Co2,2,20
11,gp_ucb,849.7406688000001,0.0,1,1,Synthetic_2b_Co2,2,20
12,gp_ucb,849.7406688000001,0.0,1,1,CC_(no_storage)_Co2,2,20
13,gp_ucb,849.7406688000001,0.0,1,1,Periodic_D_Co5,2,20
14,gp_ucb,849.7406688000001,0.0,1,1,Periodic_A_Co2,2,20
15,gp_ucb,849.7406688000001,0.0,1,1,Periodic_B_Co2,2,20
0,random,684.419574,165.32109480000008,0,0,,3,20
1,random,686.5946031000001,163.1460657,0,0,Synthetic_2a_Co5,3,20
2,random,686.5946031000001,163.1460657,0,0,Periodic_A_Co10,3,20
3,random,686.5946031000001,163.1460657,0,0,Synthetic_2c_Co5,3,20
4,random,686.5946031000001,163.1460657,0,0,Synthetic_2b_Co5,3,20
5,random,686.5946031000001,163.1460657,0,0,Periodic_D_Co5,3,20
6,random,686.5946031000001,163.1460657,0,0,Synthetic_1a_Co10,3,20
7,random,686.5946031000001,163.1460657,0,0,Periodic_D_Co10,3,20
8,random,686.5946031000001,163.1460657,0,0,Synthetic_3_Co5,3,20
9,random,686.5946031000001,163.1460657,0,0,CC_(no_storage)_Co2,3,20
10,random,686.5946031000001,163.1460657,0,0,Synthetic_3_Co10,3,20
11,random,849.7406688000001,0.0,1,1,Synthetic_2a_Co2,3,20
12,random,849.7406688000001,0.0,1,1,CC_(5%_storage)_Co2,3,20
13,random,849.7406688000001,0.0,1,1,Periodic_B_Co2,3,20
14,random,849.7406688000001,0.0,1,1,CC_(50%_storage)_Co10,3,20
15,random,849.7406688000001,0.0,1,1,Synthetic_2b_Co10,3,20
0,greedy,684.419574,165.32109480000008,0,0,,3,20
1,greedy,684.419574,165.32109480000008,0,0,Periodic_C_Co2,3,20
2,greedy,684.419574,165.32109480000008,0,0,Periodic_D_Co5,3,20
3,greedy,684.419574,165.32109480000008,0,0,Periodic_D_Co10,3,20
4,greedy,684.419574,165.32109480000008,0,0,CC_(100%_storage)_Co10,3,20
5,greedy,709.44713095,140.29353785000012,1,0,Synthetic_2b_Co2,3,20
6,greedy,748.4312318,101.30943700000012,1,1,Synthetic_2c_Co2,3,20
7,greedy,748.4312318,101.30943700000012,1,1,Synthetic_2c_Co5,3,20
8,greedy,849.7406688000001,0.0,1,1,Synthetic_2a_Co2,3,20
9,greedy,849.7406688000001,0.0,1,1,Synthetic_2a_Co5,3,20
10,greedy,849.7406688000001,0.0,1,1,CC_(no_storage)_Co2,3,20
11,greedy,849.7406688000001,0.0,1,1,Periodic_A_Co2,3,20
12,greedy,849.7406688000001,0.0,1,1,Synthetic_2a_Co10,3,20
13,greedy,849.7406688000001,0.0,1,1,Synthetic_1b_Co10,3,20
14,greedy,849.7406688000001,0.0,1,1,Synthetic_1a_Co5,3,20
15,greedy,849.7406688000001,0.0,1,1,Synthetic_3_Co5,3,20
0,gp_ucb,684.419574,165.32109480000008,0,0,,3,20
1,gp_ucb,684.419574,165.32109480000008,0,0,Periodic_C_Co2,3,20
2,gp_ucb,684.419574,165.32109480000008,0,0,Periodic_D_Co5,3,20
3,gp_ucb,709.44713095,140.29353785000012,1,0,Synthetic_2b_Co2,3,20
4,gp_ucb,748.4312318,101.30943700000012,1,1,Synthetic_2c_Co2,3,20
5,gp_ucb,748.4312318,101.30943700000012,1,1,Synthetic_2c_Co5,3,20
6,gp_ucb,849.7406688000001,0.0,1,1,Synthetic_2a_Co2,3,20
7,gp_ucb,849.7406688000001,0.0,1,1,Synthetic_3_Co5,3,20
8,gp_ucb,849.7406688000001,0.0,1,1,Synthetic_2a_Co5,3,20
9,gp_ucb,849.7406688000001,0.0,1,1,Periodic_A_Co2,3,20
10,gp_ucb,849.7406688000001,0.0,1,1,Synthetic_1a_Co5,3,20
11,gp_ucb,849.7406688000001,0.0,1,1,Synthetic_1b_Co10,3,20
12,gp_ucb,849.7406688000001,0.0,1,1,CC_(no_storage)_Co2,3,20
13,gp_ucb,849.7406688000001,0.0,1,1,Synthetic_2a_Co10,3,20
14,gp_ucb,849.7406688000001,0.0,1,1,Periodic_B_Co2,3,20
15,gp_ucb,849.7406688000001,0.0,1,1,Periodic_E_Co2,3,20
0,random,588.65270775,261.0879610500001,0,0,,4,20
1,random,709.4786504,140.2620184000001,1,1,Synthetic_1a_Co5,4,20
2,random,709.4786504,140.2620184000001,1,1,Periodic_E_Co2,4,20
3,random,709.4786504,140.2620184000001,1,1,Periodic_C_Co10,4,20
4,random,709.4786504,140.2620184000001,1,1,Drive_City2_Co10,4,20
5,random,709.4786504,140.2620184000001,1,1,Synthetic_2a_Co10,4,20
6,random,709.4786504,140.2620184000001,1,1,Synthetic_2c_Co10,4,20
7,random,709.4786504,140.2620184000001,1,1,Synthetic_2c_Co5,4,20
8,random,709.4786504,140.2620184000001,1,1,Periodic_E_Co10,4,20
9,random,709.4786504,140.2620184000001,1,1,Periodic_E_Co5,4,20
10,random,709.4786504,140.2620184000001,1,1,Periodic_C_Co2,4,20
11,random,709.4786504,140.2620184000001,1,1,CC_(100%_storage)_Co2,4,20
12,random,709.4786504,140.2620184000001,1,1,CC_(5%_storage)_Co10,4,20
13,random,709.4786504,140.2620184000001,1,1,CC_(50%_storage)_Co5,4,20
14,random,709.4786504,140.2620184000001,1,1,Periodic_D_Co10,4,20
15,random,709.4786504,140.2620184000001,1,1,Synthetic_2a_Co5,4,20
0,greedy,588.65270775,261.0879610500001,0,0,,4,20
1,greedy,588.65270775,261.0879610500001,0,0,Synthetic_1a_Co16,4,20
2,greedy,698.60639685,151.13427195000008,1,0,Synthetic_1b_Co10,4,20
3,greedy,709.4786504,140.2620184000001,1,1,Synthetic_1a_Co5,4,20
4,greedy,709.4786504,140.2620184000001,1,1,Synthetic_3_Co5,4,20
5,greedy,709.4786504,140.2620184000001,1,1,Drive_City1_Co10,4,20
6,greedy,709.4786504,140.2620184000001,1,1,Synthetic_1b_Co16,4,20
7,greedy,709.4786504,140.2620184000001,1,1,CC_(no_storage)_Co2,4,20
8,greedy,709.4786504,140.2620184000001,1,1,Periodic_C_Co2,4,20
9,greedy,709.4786504,140.2620184000001,1,1,Synthetic_2c_Co10,4,20
10,greedy,709.4786504,140.2620184000001,1,1,Synthetic_2b_Co2,4,20
11,greedy,748.4312318,101.30943700000012,1,1,Synthetic_2c_Co2,4,20
12,greedy,849.7406688000001,0.0,1,1,Synthetic_2a_Co2,4,20
13,greedy,849.7406688000001,0.0,1,1,Synthetic_2a_Co5,4,20
14,greedy,849.7406688000001,0.0,1,1,Periodic_A_Co2,4,20
15,greedy,849.7406688000001,0.0,1,1,Periodic_D_Co2,4,20
0,gp_ucb,588.65270775,261.0879610500001,0,0,,4,20
1,gp_ucb,588.65270775,261.0879610500001,0,0,Synthetic_1a_Co16,4,20
2,gp_ucb,698.60639685,151.13427195000008,1,0,Synthetic_1b_Co10,4,20
3,gp_ucb,709.4786504,140.2620184000001,1,1,Synthetic_1a_Co5,4,20
4,gp_ucb,709.4786504,140.2620184000001,1,1,Synthetic_3_Co5,4,20
5,gp_ucb,709.4786504,140.2620184000001,1,1,Periodic_D_Co10,4,20
6,gp_ucb,709.4786504,140.2620184000001,1,1,Synthetic_2a_Co5,4,20
7,gp_ucb,849.7406688000001,0.0,1,1,Synthetic_2a_Co2,4,20
8,gp_ucb,849.7406688000001,0.0,1,1,Synthetic_2c_Co2,4,20
9,gp_ucb,849.7406688000001,0.0,1,1,Periodic_D_Co2,4,20
10,gp_ucb,849.7406688000001,0.0,1,1,Synthetic_2b_Co2,4,20
11,gp_ucb,849.7406688000001,0.0,1,1,Periodic_C_Co2,4,20
12,gp_ucb,849.7406688000001,0.0,1,1,Synthetic_2c_Co5,4,20
13,gp_ucb,849.7406688000001,0.0,1,1,Drive_City1_Co10,4,20
14,gp_ucb,849.7406688000001,0.0,1,1,Periodic_A_Co2,4,20
15,gp_ucb,849.7406688000001,0.0,1,1,CC_(no_storage)_Co2,4,20
0,random,748.4312318,101.30943700000012,1,1,,5,20
1,random,748.4312318,101.30943700000012,1,1,Drive_City2_Co10,5,20
2,random,748.4312318,101.30943700000012,1,1,Synthetic_1a_Co5,5,20
3,random,748.4312318,101.30943700000012,1,1,Periodic_D_Co2,5,20
4,random,748.4312318,101.30943700000012,1,1,Periodic_B_Co5,5,20
5,random,748.4312318,101.30943700000012,1,1,Synthetic_3_Co10,5,20
6,random,748.4312318,101.30943700000012,1,1,Synthetic_2a_Co10,5,20
7,random,748.4312318,101.30943700000012,1,1,Periodic_C_Co10,5,20
8,random,748.4312318,101.30943700000012,1,1,Synthetic_2b_Co2,5,20
9,random,748.4312318,101.30943700000012,1,1,CC_(no_storage)_Co10,5,20
10,random,748.4312318,101.30943700000012,1,1,CC_(100%_storage)_Co10,5,20
11,random,748.4312318,101.30943700000012,1,1,CC_(100%_storage)_Co2,5,20
12,random,748.4312318,101.30943700000012,1,1,Periodic_E_Co10,5,20
13,random,748.4312318,101.30943700000012,1,1,CC_(100%_storage)_Co5,5,20
14,random,748.4312318,101.30943700000012,1,1,Periodic_C_Co5,5,20
15,random,748.4312318,101.30943700000012,1,1,Drive_City1_Co10,5,20
0,greedy,748.4312318,101.30943700000012,1,1,,5,20
1,greedy,748.4312318,101.30943700000012,1,1,CC_(100%_storage)_Co10,5,20
2,greedy,748.4312318,101.30943700000012,1,1,Periodic_A_Co10,5,20
3,greedy,748.4312318,101.30943700000012,1,1,Synthetic_2b_Co2,5,20
4,greedy,748.4312318,101.30943700000012,1,1,Periodic_A_Co2,5,20
5,greedy,849.7406688000001,0.0,1,1,Synthetic_2a_Co2,5,20
6,greedy,849.7406688000001,0.0,1,1,Synthetic_2a_Co5,5,20
7,greedy,849.7406688000001,0.0,1,1,Periodic_D_Co2,5,20
8,greedy,849.7406688000001,0.0,1,1,Synthetic_3_Co5,5,20
9,greedy,849.7406688000001,0.0,1,1,Periodic_D_Co5,5,20
10,greedy,849.7406688000001,0.0,1,1,Synthetic_1a_Co5,5,20
11,greedy,849.7406688000001,0.0,1,1,Synthetic_1b_Co10,5,20
12,greedy,849.7406688000001,0.0,1,1,Synthetic_1b_Co16,5,20
13,greedy,849.7406688000001,0.0,1,1,Periodic_B_Co2,5,20
14,greedy,849.7406688000001,0.0,1,1,Periodic_E_Co2,5,20
15,greedy,849.7406688000001,0.0,1,1,Synthetic_2a_Co10,5,20
0,gp_ucb,748.4312318,101.30943700000012,1,1,,5,20
1,gp_ucb,748.4312318,101.30943700000012,1,1,CC_(100%_storage)_Co10,5,20
2,gp_ucb,748.4312318,101.30943700000012,1,1,CC_(100%_storage)_Co2,5,20
3,gp_ucb,748.4312318,101.30943700000012,1,1,Synthetic_2b_Co2,5,20
4,gp_ucb,748.4312318,101.30943700000012,1,1,Synthetic_3_Co5,5,20
5,gp_ucb,849.7406688000001,0.0,1,1,Synthetic_2a_Co2,5,20
6,gp_ucb,849.7406688000001,0.0,1,1,Synthetic_2a_Co5,5,20
7,gp_ucb,849.7406688000001,0.0,1,1,Periodic_D_Co2,5,20
8,gp_ucb,849.7406688000001,0.0,1,1,Periodic_D_Co5,5,20
9,gp_ucb,849.7406688000001,0.0,1,1,Periodic_A_Co2,5,20
10,gp_ucb,849.7406688000001,0.0,1,1,CC_(no_storage)_Co2,5,20
11,gp_ucb,849.7406688000001,0.0,1,1,Synthetic_1a_Co5,5,20
12,gp_ucb,849.7406688000001,0.0,1,1,Synthetic_1b_Co10,5,20
13,gp_ucb,849.7406688000001,0.0,1,1,Synthetic_2a_Co10,5,20
14,gp_ucb,849.7406688000001,0.0,1,1,Periodic_B_Co2,5,20
15,gp_ucb,849.7406688000001,0.0,1,1,Periodic_E_Co2,5,20
0,random,602.9841460499999,246.75652275000016,0,0,,6,20
1,random,602.9841460499999,246.75652275000016,0,0,CC_(50%_storage)_Co10,6,20
2,random,602.9841460499999,246.75652275000016,0,0,Synthetic_2b_Co5,6,20
3,random,602.9841460499999,246.75652275000016,0,0,Periodic_E_Co5,6,20
4,random,602.9841460499999,246.75652275000016,0,0,Periodic_D_Co10,6,20
5,random,602.9841460499999,246.75652275000016,0,0,CC_(5%_storage)_Co10,6,20
6,random,602.9841460499999,246.75652275000016,0,0,Drive_City2_Co16,6,20
7,random,637.38784285,212.35282595000012,0,0,Periodic_A_Co2,6,20
8,random,637.38784285,212.35282595000012,0,0,Periodic_A_Co5,6,20
9,random,748.4312318,101.30943700000012,1,1,Synthetic_2c_Co2,6,20
10,random,748.4312318,101.30943700000012,1,1,Drive_City1_Co10,6,20
11,random,748.4312318,101.30943700000012,1,1,Synthetic_1b_Co10,6,20
12,random,748.4312318,101.30943700000012,1,1,Synthetic_3_Co10,6,20
13,random,748.4312318,101.30943700000012,1,1,CC_(100%_storage)_Co10,6,20
14,random,748.4312318,101.30943700000012,1,1,CC_(5%_storage)_Co2,6,20
15,random,748.4312318,101.30943700000012,1,1,Synthetic_2a_Co5,6,20
0,greedy,602.9841460499999,246.75652275000016,0,0,,6,20
1,greedy,602.9841460499999,246.75652275000016,0,0,Periodic_D_Co10,6,20
2,greedy,627.1302800999999,222.61038870000016,0,0,Periodic_C_Co5,6,20
3,greedy,627.1302800999999,222.61038870000016,0,0,Periodic_E_Co5,6,20
4,greedy,637.38784285,212.35282595000012,0,0,Periodic_A_Co2,6,20
5,greedy,644.5142754,205.22639340000012,0,0,Periodic_B_Co2,6,20
6,greedy,644.5142754,205.22639340000012,0,0,Periodic_E_Co2,6,20
7,greedy,644.5142754,205.22639340000012,0,0,Periodic_C_Co2,6,20
8,greedy,684.419574,165.32109480000008,0,0,Periodic_D_Co2,6,20
9,greedy,709.4786504,140.2620184000001,1,1,Synthetic_1a_Co5,6,20
10,greedy,709.4786504,140.2620184000001,1,1,Synthetic_3_Co5,6,20
11,greedy,849.7406688000001,0.0,1,1,Synthetic_2a_Co2,6,20
12,greedy,849.7406688000001,0.0,1,1,Synthetic_2a_Co5,6,20
13,greedy,849.7406688000001,0.0,1,1,Synthetic_2b_Co2,6,20
14,greedy,849.7406688000001,0.0,1,1,Synthetic_2c_Co2,6,20
15,greedy,849.7406688000001,0.0,1,1,Synthetic_2c_Co5,6,20
0,gp_ucb,602.9841460499999,246.75652275000016,0,0,,6,20
1,gp_ucb,602.9841460499999,246.75652275000016,0,0,Periodic_D_Co10,6,20
2,gp_ucb,627.1302800999999,222.61038870000016,0,0,Periodic_C_Co5,6,20
3,gp_ucb,627.1302800999999,222.61038870000016,0,0,Periodic_E_Co5,6,20
4,gp_ucb,637.38784285,212.35282595000012,0,0,Periodic_A_Co2,6,20
5,gp_ucb,644.5142754,205.22639340000012,0,0,Periodic_B_Co2,6,20
6,gp_ucb,644.5142754,205.22639340000012,0,0,Periodic_E_Co2,6,20
7,gp_ucb,684.419574,165.32109480000008,0,0,Periodic_D_Co2,6,20
8,gp_ucb,684.419574,165.32109480000008,0,0,Periodic_C_Co2,6,20
9,gp_ucb,709.44713095,140.29353785000012,1,0,Synthetic_2b_Co2,6,20
10,gp_ucb,748.4312318,101.30943700000012,1,1,Synthetic_2c_Co2,6,20
11,gp_ucb,748.4312318,101.30943700000012,1,1,Synthetic_2c_Co5,6,20
12,gp_ucb,748.4312318,101.30943700000012,1,1,Synthetic_1a_Co5,6,20
13,gp_ucb,849.7406688000001,0.0,1,1,Synthetic_2a_Co2,6,20
14,gp_ucb,849.7406688000001,0.0,1,1,Synthetic_3_Co5,6,20
15,gp_ucb,849.7406688000001,0.0,1,1,Synthetic_2a_Co5,6,20
0,random,849.7406688000001,0.0,1,1,,7,20
1,random,849.7406688000001,0.0,1,1,Periodic_A_Co5,7,20
2,random,849.7406688000001,0.0,1,1,Synthetic_2a_Co10,7,20
3,random,849.7406688000001,0.0,1,1,CC_(100%_storage)_Co10,7,20
4,random,849.7406688000001,0.0,1,1,Periodic_C_Co10,7,20
5,random,849.7406688000001,0.0,1,1,Drive_City1_Co16,7,20
6,random,849.7406688000001,0.0,1,1,CC_(no_storage)_Co5,7,20
7,random,849.7406688000001,0.0,1,1,Synthetic_2b_Co2,7,20
8,random,849.7406688000001,0.0,1,1,Synthetic_1a_Co10,7,20
9,random,849.7406688000001,0.0,1,1,Drive_City2_Co16,7,20
10,random,849.7406688000001,0.0,1,1,Drive_City2_Co10,7,20
11,random,849.7406688000001,0.0,1,1,Periodic_A_Co10,7,20
12,random,849.7406688000001,0.0,1,1,Periodic_E_Co10,7,20
13,random,849.7406688000001,0.0,1,1,Synthetic_1b_Co16,7,20
14,random,849.7406688000001,0.0,1,1,Synthetic_1b_Co10,7,20
15,random,849.7406688000001,0.0,1,1,Periodic_C_Co2,7,20
0,greedy,849.7406688000001,0.0,1,1,,7,20
1,greedy,849.7406688000001,0.0,1,1,Periodic_C_Co2,7,20
2,greedy,849.7406688000001,0.0,1,1,Synthetic_2a_Co5,7,20
3,greedy,849.7406688000001,0.0,1,1,Periodic_B_Co2,7,20
4,greedy,849.7406688000001,0.0,1,1,Periodic_A_Co2,7,20
5,greedy,849.7406688000001,0.0,1,1,Periodic_D_Co2,7,20
6,greedy,849.7406688000001,0.0,1,1,Synthetic_2b_Co2,7,20
7,greedy,849.7406688000001,0.0,1,1,Synthetic_2c_Co2,7,20
8,greedy,849.7406688000001,0.0,1,1,Periodic_D_Co5,7,20
9,greedy,849.7406688000001,0.0,1,1,Synthetic_2c_Co5,7,20
10,greedy,849.7406688000001,0.0,1,1,Synthetic_3_Co5,7,20
11,greedy,849.7406688000001,0.0,1,1,Synthetic_1a_Co5,7,20
12,greedy,849.7406688000001,0.0,1,1,Synthetic_1b_Co10,7,20
13,greedy,849.7406688000001,0.0,1,1,Periodic_E_Co2,7,20
14,greedy,849.7406688000001,0.0,1,1,Synthetic_2a_Co10,7,20
15,greedy,849.7406688000001,0.0,1,1,Synthetic_1b_Co16,7,20
0,gp_ucb,849.7406688000001,0.0,1,1,,7,20
1,gp_ucb,849.7406688000001,0.0,1,1,Periodic_D_Co2,7,20
2,gp_ucb,849.7406688000001,0.0,1,1,Synthetic_2b_Co2,7,20
3,gp_ucb,849.7406688000001,0.0,1,1,Periodic_C_Co2,7,20
4,gp_ucb,849.7406688000001,0.0,1,1,Synthetic_2c_Co2,7,20
5,gp_ucb,849.7406688000001,0.0,1,1,Synthetic_2a_Co5,7,20
6,gp_ucb,849.7406688000001,0.0,1,1,Synthetic_2c_Co5,7,20
7,gp_ucb,849.7406688000001,0.0,1,1,Periodic_D_Co5,7,20
8,gp_ucb,849.7406688000001,0.0,1,1,Synthetic_3_Co5,7,20
9,gp_ucb,849.7406688000001,0.0,1,1,Synthetic_2a_Co10,7,20
10,gp_ucb,849.7406688000001,0.0,1,1,Periodic_A_Co2,7,20
11,gp_ucb,849.7406688000001,0.0,1,1,Synthetic_1a_Co5,7,20
12,gp_ucb,849.7406688000001,0.0,1,1,Synthetic_1b_Co10,7,20
13,gp_ucb,849.7406688000001,0.0,1,1,CC_(no_storage)_Co2,7,20
14,gp_ucb,849.7406688000001,0.0,1,1,Periodic_B_Co2,7,20
15,gp_ucb,849.7406688000001,0.0,1,1,Periodic_E_Co2,7,20
0,random,849.7406688000001,0.0,1,1,,8,20
1,random,849.7406688000001,0.0,1,1,Synthetic_1a_Co16,8,20
2,random,849.7406688000001,0.0,1,1,Synthetic_2c_Co10,8,20
3,random,849.7406688000001,0.0,1,1,Synthetic_1b_Co16,8,20
4,random,849.7406688000001,0.0,1,1,Periodic_E_Co5,8,20
5,random,849.7406688000001,0.0,1,1,Periodic_A_Co2,8,20
6,random,849.7406688000001,0.0,1,1,Synthetic_2b_Co2,8,20
7,random,849.7406688000001,0.0,1,1,CC_(100%_storage)_Co2,8,20
8,random,849.7406688000001,0.0,1,1,CC_(100%_storage)_Co10,8,20
9,random,849.7406688000001,0.0,1,1,CC_(5%_storage)_Co10,8,20
10,random,849.7406688000001,0.0,1,1,Drive_City1_Co10,8,20
11,random,849.7406688000001,0.0,1,1,Periodic_A_Co10,8,20
12,random,849.7406688000001,0.0,1,1,Synthetic_2a_Co10,8,20
13,random,849.7406688000001,0.0,1,1,Synthetic_1b_Co10,8,20
14,random,849.7406688000001,0.0,1,1,Periodic_D_Co5,8,20
15,random,849.7406688000001,0.0,1,1,Drive_City1_Co16,8,20
0,greedy,849.7406688000001,0.0,1,1,,8,20
1,greedy,849.7406688000001,0.0,1,1,Periodic_A_Co2,8,20
2,greedy,849.7406688000001,0.0,1,1,Synthetic_2a_Co5,8,20
3,greedy,849.7406688000001,0.0,1,1,Synthetic_3_Co5,8,20
4,greedy,849.7406688000001,0.0,1,1,Synthetic_1a_Co5,8,20
5,greedy,849.7406688000001,0.0,1,1,Synthetic_1b_Co10,8,20
6,greedy,849.7406688000001,0.0,1,1,CC_(no_storage)_Co2,8,20
7,greedy,849.7406688000001,0.0,1,1,Synthetic_2b_Co2,8,20
8,greedy,849.7406688000001,0.0,1,1,Synthetic_2c_Co2,8,20
9,greedy,849.7406688000001,0.0,1,1,Periodic_C_Co2,8,20
10,greedy,849.7406688000001,0.0,1,1,Synthetic_2c_Co5,8,20
11,greedy,849.7406688000001,0.0,1,1,Synthetic_2a_Co10,8,20
12,greedy,849.7406688000001,0.0,1,1,Synthetic_1b_Co16,8,20
13,greedy,849.7406688000001,0.0,1,1,Periodic_B_Co2,8,20
14,greedy,849.7406688000001,0.0,1,1,Periodic_E_Co2,8,20
15,greedy,849.7406688000001,0.0,1,1,Periodic_D_Co2,8,20
0,gp_ucb,849.7406688000001,0.0,1,1,,8,20
1,gp_ucb,849.7406688000001,0.0,1,1,Periodic_C_Co2,8,20
2,gp_ucb,849.7406688000001,0.0,1,1,Synthetic_2a_Co5,8,20
3,gp_ucb,849.7406688000001,0.0,1,1,Synthetic_1a_Co5,8,20
4,gp_ucb,849.7406688000001,0.0,1,1,Synthetic_3_Co5,8,20
5,gp_ucb,849.7406688000001,0.0,1,1,Synthetic_2b_Co2,8,20
6,gp_ucb,849.7406688000001,0.0,1,1,Synthetic_2c_Co2,8,20
7,gp_ucb,849.7406688000001,0.0,1,1,CC_(no_storage)_Co2,8,20
8,gp_ucb,849.7406688000001,0.0,1,1,Synthetic_2c_Co5,8,20
9,gp_ucb,849.7406688000001,0.0,1,1,Synthetic_1b_Co10,8,20
10,gp_ucb,849.7406688000001,0.0,1,1,Synthetic_2a_Co10,8,20
11,gp_ucb,849.7406688000001,0.0,1,1,Periodic_D_Co2,8,20
12,gp_ucb,849.7406688000001,0.0,1,1,Periodic_A_Co2,8,20
13,gp_ucb,849.7406688000001,0.0,1,1,CC_(no_storage)_Co5,8,20
14,gp_ucb,849.7406688000001,0.0,1,1,Synthetic_1b_Co16,8,20
15,gp_ucb,849.7406688000001,0.0,1,1,Periodic_B_Co2,8,20
0,random,602.9841460499999,246.75652275000016,0,0,,9,20
1,random,602.9841460499999,246.75652275000016,0,0,Synthetic_2c_Co10,9,20
2,random,602.9841460499999,246.75652275000016,0,0,CC_(no_storage)_Co10,9,20
3,random,602.9841460499999,246.75652275000016,0,0,Periodic_B_Co10,9,20
4,random,644.0552158,205.68545300000005,0,0,Periodic_E_Co2,9,20
5,random,849.7406688000001,0.0,1,1,Synthetic_2a_Co2,9,20
6,random,849.7406688000001,0.0,1,1,Synthetic_3_Co5,9,20
7,random,849.7406688000001,0.0,1,1,CC_(5%_storage)_Co2,9,20
8,random,849.7406688000001,0.0,1,1,Periodic_B_Co2,9,20
9,random,849.7406688000001,0.0,1,1,CC_(100%_storage)_Co10,9,20
10,random,849.7406688000001,0.0,1,1,Periodic_A_Co2,9,20
11,random,849.7406688000001,0.0,1,1,CC_(50%_storage)_Co2,9,20
12,random,849.7406688000001,0.0,1,1,CC_(no_storage)_Co2,9,20
13,random,849.7406688000001,0.0,1,1,Synthetic_2a_Co10,9,20
14,random,849.7406688000001,0.0,1,1,Synthetic_1a_Co5,9,20
15,random,849.7406688000001,0.0,1,1,Periodic_D_Co10,9,20
0,greedy,602.9841460499999,246.75652275000016,0,0,,9,20
1,greedy,698.60639685,151.13427195000008,1,0,Synthetic_1b_Co10,9,20
2,greedy,698.60639685,151.13427195000008,1,0,Synthetic_1b_Co16,9,20
3,greedy,698.60639685,151.13427195000008,1,0,Synthetic_3_Co10,9,20
4,greedy,709.4786504,140.2620184000001,1,1,Synthetic_1a_Co5,9,20
5,greedy,709.4786504,140.2620184000001,1,1,Synthetic_3_Co5,9,20
6,greedy,849.7406688000001,0.0,1,1,Synthetic_2a_Co2,9,20
7,greedy,849.7406688000001,0.0,1,1,Periodic_C_Co2,9,20
8,greedy,849.7406688000001,0.0,1,1,Synthetic_2a_Co5,9,20
9,greedy,849.7406688000001,0.0,1,1,Synthetic_2b_Co2,9,20
10,greedy,849.7406688000001,0.0,1,1,Synthetic_2c_Co2,9,20
11,greedy,849.7406688000001,0.0,1,1,Periodic_D_Co2,9,20
12,greedy,849.7406688000001,0.0,1,1,Synthetic_2c_Co5,9,20
13,greedy,849.7406688000001,0.0,1,1,Periodic_A_Co2,9,20
14,greedy,849.7406688000001,0.0,1,1,CC_(no_storage)_Co2,9,20
15,greedy,849.7406688000001,0.0,1,1,Synthetic_2a_Co10,9,20
0,gp_ucb,602.9841460499999,246.75652275000016,0,0,,9,20
1,gp_ucb,602.9841460499999,246.75652275000016,0,0,Synthetic_2b_Co5,9,20
2,gp_ucb,709.4786504,140.2620184000001,1,1,Synthetic_1a_Co5,9,20
3,gp_ucb,709.4786504,140.2620184000001,1,1,Periodic_A_Co2,9,20
4,gp_ucb,709.4786504,140.2620184000001,1,1,Periodic_C_Co2,9,20
5,gp_ucb,709.4786504,140.2620184000001,1,1,Synthetic_3_Co5,9,20
6,gp_ucb,709.4786504,140.2620184000001,1,1,Synthetic_2b_Co2,9,20
7,gp_ucb,748.4312318,101.30943700000012,1,1,Synthetic_2c_Co2,9,20
8,gp_ucb,849.7406688000001,0.0,1,1,Synthetic_2a_Co2,9,20
9,gp_ucb,849.7406688000001,0.0,1,1,CC_(no_storage)_Co2,9,20
10,gp_ucb,849.7406688000001,0.0,1,1,Synthetic_2a_Co5,9,20
11,gp_ucb,849.7406688000001,0.0,1,1,Periodic_D_Co2,9,20
12,gp_ucb,849.7406688000001,0.0,1,1,Synthetic_1b_Co10,9,20
13,gp_ucb,849.7406688000001,0.0,1,1,CC_(5%_storage)_Co2,9,20
14,gp_ucb,849.7406688000001,0.0,1,1,Synthetic_2c_Co5,9,20
15,gp_ucb,849.7406688000001,0.0,1,1,Synthetic_1b_Co16,9,20
0,random,644.0552158,205.68545300000005,0,0,,10,20
1,random,849.7406688000001,0.0,1,1,Synthetic_2a_Co2,10,20
2,random,849.7406688000001,0.0,1,1,CC_(no_storage)_Co5,10,20
3,random,849.7406688000001,0.0,1,1,Synthetic_2a_Co10,10,20
4,random,849.7406688000001,0.0,1,1,Periodic_D_Co2,10,20
5,random,849.7406688000001,0.0,1,1,Synthetic_2b_Co5,10,20
6,random,849.7406688000001,0.0,1,1,Drive_City2_Co10,10,20
7,random,849.7406688000001,0.0,1,1,Synthetic_2c_Co5,10,20
8,random,849.7406688000001,0.0,1,1,CC_(no_storage)_Co2,10,20
9,random,849.7406688000001,0.0,1,1,Periodic_B_Co5,10,20
10,random,849.7406688000001,0.0,1,1,Synthetic_2b_Co2,10,20
11,random,849.7406688000001,0.0,1,1,Periodic_A_Co10,10,20
12,random,849.7406688000001,0.0,1,1,Periodic_C_Co10,10,20
13,random,849.7406688000001,0.0,1,1,Synthetic_1a_Co16,10,20
14,random,849.7406688000001,0.0,1,1,Synthetic_1b_Co10,10,20
15,random,849.7406688000001,0.0,1,1,CC_(50%_storage)_Co10,10,20
0,greedy,644.0552158,205.68545300000005,0,0,,10,20
1,greedy,644.5142754,205.22639340000012,0,0,Periodic_B_Co2,10,20
2,greedy,644.5142754,205.22639340000012,0,0,Periodic_A_Co2,10,20
3,greedy,644.5142754,205.22639340000012,0,0,Periodic_C_Co2,10,20
4,greedy,644.5142754,205.22639340000012,0,0,Periodic_A_Co5,10,20
5,greedy,644.5142754,205.22639340000012,0,0,CC_(5%_storage)_Co5,10,20
6,greedy,698.60639685,151.13427195000008,1,0,Synthetic_1b_Co10,10,20
7,greedy,698.60639685,151.13427195000008,1,0,Synthetic_1b_Co16,10,20
8,greedy,698.60639685,151.13427195000008,1,0,CC_(100%_storage)_Co10,10,20
9,greedy,709.4786504,140.2620184000001,1,1,Synthetic_1a_Co5,10,20
10,greedy,709.4786504,140.2620184000001,1,1,Synthetic_3_Co5,10,20
11,greedy,849.7406688000001,0.0,1,1,Synthetic_2a_Co2,10,20
12,greedy,849.7406688000001,0.0,1,1,Synthetic_2a_Co5,10,20
13,greedy,849.7406688000001,0.0,1,1,Periodic_D_Co2,10,20
14,greedy,849.7406688000001,0.0,1,1,Synthetic_2b_Co2,10,20
15,greedy,849.7406688000001,0.0,1,1,Synthetic_2c_Co2,10,20
0,gp_ucb,644.0552158,205.68545300000005,0,0,,10,20
1,gp_ucb,644.5142754,205.22639340000012,0,0,Periodic_B_Co2,10,20
2,gp_ucb,709.4786504,140.2620184000001,1,1,Synthetic_1a_Co5,10,20
3,gp_ucb,849.7406688000001,0.0,1,1,Synthetic_2a_Co2,10,20
4,gp_ucb,849.7406688000001,0.0,1,1,Synthetic_2b_Co2,10,20
5,gp_ucb,849.7406688000001,0.0,1,1,Periodic_D_Co2,10,20
6,gp_ucb,849.7406688000001,0.0,1,1,Synthetic_2c_Co2,10,20
7,gp_ucb,849.7406688000001,0.0,1,1,Synthetic_2a_Co5,10,20
8,gp_ucb,849.7406688000001,0.0,1,1,Periodic_C_Co2,10,20
9,gp_ucb,849.7406688000001,0.0,1,1,Synthetic_3_Co5,10,20
10,gp_ucb,849.7406688000001,0.0,1,1,Synthetic_2c_Co5,10,20
11,gp_ucb,849.7406688000001,0.0,1,1,Synthetic_1b_Co10,10,20
12,gp_ucb,849.7406688000001,0.0,1,1,CC_(no_storage)_Co2,10,20
13,gp_ucb,849.7406688000001,0.0,1,1,Periodic_D_Co5,10,20
14,gp_ucb,849.7406688000001,0.0,1,1,Periodic_A_Co2,10,20
15,gp_ucb,849.7406688000001,0.0,1,1,Synthetic_2a_Co10,10,20
0,random,748.4312318,101.30943700000012,1,1,,11,20
1,random,748.4312318,101.30943700000012,1,1,Synthetic_1a_Co5,11,20
2,random,748.4312318,101.30943700000012,1,1,Synthetic_1b_Co16,11,20
3,random,748.4312318,101.30943700000012,1,1,Periodic_E_Co10,11,20
4,random,748.4312318,101.30943700000012,1,1,CC_(no_storage)_Co2,11,20
5,random,748.4312318,101.30943700000012,1,1,Synthetic_2b_Co5,11,20
6,random,748.4312318,101.30943700000012,1,1,Synthetic_1a_Co10,11,20
7,random,748.4312318,101.30943700000012,1,1,Synthetic_2b_Co10,11,20
8,random,748.4312318,101.30943700000012,1,1,CC_(no_storage)_Co10,11,20
9,random,748.4312318,101.30943700000012,1,1,Periodic_A_Co10,11,20
10,random,748.4312318,101.30943700000012,1,1,Periodic_E_Co2,11,20
11,random,748.4312318,101.30943700000012,1,1,Periodic_E_Co5,11,20
12,random,748.4312318,101.30943700000012,1,1,Drive_City2_Co16,11,20
13,random,748.4312318,101.30943700000012,1,1,Periodic_B_Co2,11,20
14,random,748.4312318,101.30943700000012,1,1,Synthetic_1b_Co10,11,20
15,random,748.4312318,101.30943700000012,1,1,CC_(50%_storage)_Co5,11,20
0,greedy,748.4312318,101.30943700000012,1,1,,11,20
1,greedy,748.4312318,101.30943700000012,1,1,Synthetic_2b_Co2,11,20
2,greedy,849.7406688000001,0.0,1,1,Synthetic_2a_Co2,11,20
3,greedy,849.7406688000001,0.0,1,1,Periodic_C_Co2,11,20
4,greedy,849.7406688000001,0.0,1,1,Synthetic_2a_Co5,11,20
5,greedy,849.7406688000001,0.0,1,1,Synthetic_3_Co5,11,20
6,greedy,849.7406688000001,0.0,1,1,Synthetic_2c_Co5,11,20
7,greedy,849.7406688000001,0.0,1,1,Periodic_A_Co2,11,20
8,greedy,849.7406688000001,0.0,1,1,Synthetic_1a_Co5,11,20
9,greedy,849.7406688000001,0.0,1,1,Synthetic_1b_Co10,11,20
10,greedy,849.7406688000001,0.0,1,1,Synthetic_1a_Co10,11,20
11,greedy,849.7406688000001,0.0,1,1,Periodic_B_Co2,11,20
12,greedy,849.7406688000001,0.0,1,1,Periodic_E_Co2,11,20
13,greedy,849.7406688000001,0.0,1,1,Periodic_D_Co2,11,20
14,greedy,849.7406688000001,0.0,1,1,Synthetic_1b_Co16,11,20
15,greedy,849.7406688000001,0.0,1,1,Synthetic_2a_Co10,11,20
0,gp_ucb,748.4312318,101.30943700000012,1,1,,11,20
1,gp_ucb,748.4312318,101.30943700000012,1,1,Synthetic_2b_Co2,11,20
2,gp_ucb,849.7406688000001,0.0,1,1,Synthetic_2a_Co2,11,20
3,gp_ucb,849.7406688000001,0.0,1,1,Periodic_C_Co2,11,20
4,gp_ucb,849.7406688000001,0.0,1,1,Synthetic_3_Co5,11,20
5,gp_ucb,849.7406688000001,0.0,1,1,Synthetic_2c_Co5,11,20
6,gp_ucb,849.7406688000001,0.0,1,1,Synthetic_2a_Co5,11,20
7,gp_ucb,849.7406688000001,0.0,1,1,Periodic_A_Co2,11,20
8,gp_ucb,849.7406688000001,0.0,1,1,Periodic_D_Co2,11,20
9,gp_ucb,849.7406688000001,0.0,1,1,Synthetic_1a_Co5,11,20
10,gp_ucb,849.7406688000001,0.0,1,1,Synthetic_1b_Co10,11,20
11,gp_ucb,849.7406688000001,0.0,1,1,Synthetic_1a_Co10,11,20
12,gp_ucb,849.7406688000001,0.0,1,1,CC_(no_storage)_Co2,11,20
13,gp_ucb,849.7406688000001,0.0,1,1,Periodic_B_Co2,11,20
14,gp_ucb,849.7406688000001,0.0,1,1,Periodic_E_Co2,11,20
15,gp_ucb,849.7406688000001,0.0,1,1,CC_(100%_storage)_Co2,11,20
0,random,567.0097398,282.73092900000006,0,0,,12,20
1,random,581.7011306500001,268.03953815,0,0,Synthetic_2b_Co5,12,20
2,random,581.7011306500001,268.03953815,0,0,CC_(no_storage)_Co5,12,20
3,random,581.7011306500001,268.03953815,0,0,Periodic_C_Co10,12,20
4,random,581.7011306500001,268.03953815,0,0,CC_(100%_storage)_Co5,12,20
5,random,581.7011306500001,268.03953815,0,0,CC_(5%_storage)_Co5,12,20
6,random,581.7011306500001,268.03953815,0,0,Periodic_B_Co10,12,20
7,random,627.1302800999999,222.61038870000016,0,0,Periodic_C_Co5,12,20
8,random,627.1302800999999,222.61038870000016,0,0,Periodic_A_Co10,12,20
9,random,684.419574,165.32109480000008,0,0,Periodic_D_Co2,12,20
10,random,709.44713095,140.29353785000012,1,0,Synthetic_2b_Co2,12,20
11,random,849.7406688000001,0.0,1,1,Synthetic_2a_Co2,12,20
12,random,849.7406688000001,0.0,1,1,Synthetic_2a_Co5,12,20
13,random,849.7406688000001,0.0,1,1,Synthetic_2a_Co10,12,20
14,random,849.7406688000001,0.0,1,1,Periodic_A_Co5,12,20
15,random,849.7406688000001,0.0,1,1,Synthetic_2c_Co10,12,20
0,greedy,567.0097398,282.73092900000006,0,0,,12,20
1,greedy,567.0097398,282.73092900000006,0,0,CC_(100%_storage)_Co10,12,20
2,greedy,567.0097398,282.73092900000006,0,0,Drive_City1_Co10,12,20
3,greedy,588.65270775,261.0879610500001,0,0,Synthetic_3_Co10,12,20
4,greedy,588.65270775,261.0879610500001,0,0,Synthetic_1a_Co16,12,20
5,greedy,698.60639685,151.13427195000008,1,0,Synthetic_1b_Co10,12,20
6,greedy,709.4786504,140.2620184000001,1,1,Synthetic_1a_Co5,12,20
7,greedy,709.4786504,140.2620184000001,1,1,Synthetic_3_Co5,12,20
8,greedy,709.4786504,140.2620184000001,1,1,CC_(no_storage)_Co2,12,20
9,greedy,709.4786504,140.2620184000001,1,1,Periodic_C_Co2,12,20
10,greedy,709.4786504,140.2620184000001,1,1,CC_(no_storage)_Co5,12,20
11,greedy,709.4786504,140.2620184000001,1,1,CC_(5%_storage)_Co2,12,20
12,greedy,709.4786504,140.2620184000001,1,1,Synthetic_2c_Co10,12,20
13,greedy,709.4786504,140.2620184000001,1,1,Synthetic_2b_Co2,12,20
14,greedy,748.4312318,101.30943700000012,1,1,Synthetic_2c_Co2,12,20
15,greedy,849.7406688000001,0.0,1,1,Synthetic_2a_Co2,12,20
0,gp_ucb,567.0097398,282.73092900000006,0,0,,12,20
1,gp_ucb,567.0097398,282.73092900000006,0,0,CC_(100%_storage)_Co10,12,20
2,gp_ucb,588.65270775,261.0879610500001,0,0,Synthetic_3_Co10,12,20
3,gp_ucb,647.8371267499999,201.90354205000017,0,0,Synthetic_3_Co5,12,20
4,gp_ucb,647.8371267499999,201.90354205000017,0,0,CC_(no_storage)_Co2,12,20
5,gp_ucb,647.8371267499999,201.90354205000017,0,0,Periodic_C_Co2,12,20
6,gp_ucb,709.4786504,140.2620184000001,1,1,Synthetic_1a_Co5,12,20
7,gp_ucb,709.4786504,140.2620184000001,1,1,Synthetic_2a_Co10,12,20
8,gp_ucb,709.4786504,140.2620184000001,1,1,Synthetic_2a_Co5,12,20
9,gp_ucb,849.7406688000001,0.0,1,1,Synthetic_2a_Co2,12,20
10,gp_ucb,849.7406688000001,0.0,1,1,Periodic_D_Co5,12,20
11,gp_ucb,849.7406688000001,0.0,1,1,Synthetic_2b_Co2,12,20
12,gp_ucb,849.7406688000001,0.0,1,1,Synthetic_2c_Co2,12,20
13,gp_ucb,849.7406688000001,0.0,1,1,Periodic_D_Co2,12,20
14,gp_ucb,849.7406688000001,0.0,1,1,Synthetic_2c_Co5,12,20
15,gp_ucb,849.7406688000001,0.0,1,1,Periodic_A_Co2,12,20
0,random,698.60639685,151.13427195000008,1,0,,13,20
1,random,698.60639685,151.13427195000008,1,0,Periodic_C_Co10,13,20
2,random,698.60639685,151.13427195000008,1,0,Drive_City1_Co16,13,20
3,random,698.60639685,151.13427195000008,1,0,Periodic_E_Co5,13,20
4,random,698.60639685,151.13427195000008,1,0,Drive_City1_Co10,13,20
5,random,698.60639685,151.13427195000008,1,0,Synthetic_2c_Co5,13,20
6,random,698.60639685,151.13427195000008,1,0,CC_(no_storage)_Co10,13,20
7,random,698.60639685,151.13427195000008,1,0,Periodic_D_Co2,13,20
8,random,698.60639685,151.13427195000008,1,0,Synthetic_2c_Co10,13,20
9,random,698.60639685,151.13427195000008,1,0,CC_(no_storage)_Co5,13,20
10,random,698.60639685,151.13427195000008,1,0,Synthetic_2a_Co5,13,20
11,random,748.4312318,101.30943700000012,1,1,Synthetic_2c_Co2,13,20
12,random,748.4312318,101.30943700000012,1,1,Periodic_D_Co10,13,20
13,random,748.4312318,101.30943700000012,1,1,Periodic_D_Co5,13,20
14,random,748.4312318,101.30943700000012,1,1,Periodic_C_Co2,13,20
15,random,748.4312318,101.30943700000012,1,1,Synthetic_2b_Co5,13,20
0,greedy,698.60639685,151.13427195000008,1,0,,13,20
1,greedy,698.60639685,151.13427195000008,1,0,Synthetic_1b_Co16,13,20
2,greedy,698.60639685,151.13427195000008,1,0,Synthetic_1a_Co10,13,20
3,greedy,709.4786504,140.2620184000001,1,1,Synthetic_1a_Co5,13,20
4,greedy,709.4786504,140.2620184000001,1,1,Synthetic_3_Co5,13,20
5,greedy,709.4786504,140.2620184000001,1,1,Periodic_A_Co2,13,20
6,greedy,709.4786504,140.2620184000001,1,1,Periodic_C_Co2,13,20
7,greedy,709.4786504,140.2620184000001,1,1,Drive_City1_Co10,13,20
8,greedy,709.4786504,140.2620184000001,1,1,Periodic_B_Co2,13,20
9,greedy,709.4786504,140.2620184000001,1,1,Periodic_E_Co2,13,20
10,greedy,849.7406688000001,0.0,1,1,Synthetic_2a_Co2,13,20
11,greedy,849.7406688000001,0.0,1,1,Synthetic_2a_Co5,13,20
12,greedy,849.7406688000001,0.0,1,1,Periodic_D_Co2,13,20
13,greedy,849.7406688000001,0.0,1,1,Synthetic_2b_Co2,13,20
14,greedy,849.7406688000001,0.0,1,1,Synthetic_2c_Co2,13,20
15,greedy,849.7406688000001,0.0,1,1,Periodic_D_Co5,13,20
0,gp_ucb,698.60639685,151.13427195000008,1,0,,13,20
1,gp_ucb,698.60639685,151.13427195000008,1,0,Synthetic_1b_Co16,13,20
2,gp_ucb,698.60639685,151.13427195000008,1,0,Synthetic_1a_Co10,13,20
3,gp_ucb,709.4786504,140.2620184000001,1,1,Synthetic_1a_Co5,13,20
4,gp_ucb,709.4786504,140.2620184000001,1,1,Synthetic_3_Co5,13,20
5,gp_ucb,709.4786504,140.2620184000001,1,1,Periodic_A_Co2,13,20
6,gp_ucb,709.4786504,140.2620184000001,1,1,Periodic_C_Co2,13,20
7,gp_ucb,849.7406688000001,0.0,1,1,Synthetic_2a_Co2,13,20
8,gp_ucb,849.7406688000001,0.0,1,1,Synthetic_2a_Co5,13,20
9,gp_ucb,849.7406688000001,0.0,1,1,Periodic_D_Co2,13,20
10,gp_ucb,849.7406688000001,0.0,1,1,Synthetic_2b_Co2,13,20
11,gp_ucb,849.7406688000001,0.0,1,1,Synthetic_2c_Co2,13,20
12,gp_ucb,849.7406688000001,0.0,1,1,Periodic_D_Co5,13,20
13,gp_ucb,849.7406688000001,0.0,1,1,Synthetic_2c_Co5,13,20
14,gp_ucb,849.7406688000001,0.0,1,1,Synthetic_2a_Co10,13,20
15,gp_ucb,849.7406688000001,0.0,1,1,CC_(no_storage)_Co2,13,20
0,random,684.419574,165.32109480000008,0,0,,14,20
1,random,684.419574,165.32109480000008,0,0,Drive_City2_Co16,14,20
2,random,684.419574,165.32109480000008,0,0,Synthetic_2c_Co10,14,20
3,random,698.60639685,151.13427195000008,1,0,Synthetic_1b_Co10,14,20
4,random,698.60639685,151.13427195000008,1,0,Synthetic_1a_Co16,14,20
5,random,698.60639685,151.13427195000008,1,0,Periodic_E_Co10,14,20
6,random,698.60639685,151.13427195000008,1,0,CC_(no_storage)_Co10,14,20
7,random,698.60639685,151.13427195000008,1,0,Periodic_A_Co5,14,20
8,random,698.60639685,151.13427195000008,1,0,Periodic_C_Co2,14,20
9,random,698.60639685,151.13427195000008,1,0,Periodic_C_Co10,14,20
10,random,698.60639685,151.13427195000008,1,0,Synthetic_2a_Co5,14,20
11,random,698.60639685,151.13427195000008,1,0,Synthetic_2a_Co10,14,20
12,random,698.60639685,151.13427195000008,1,0,Synthetic_3_Co5,14,20
13,random,698.60639685,151.13427195000008,1,0,CC_(50%_storage)_Co2,14,20
14,random,698.60639685,151.13427195000008,1,0,Periodic_E_Co5,14,20
15,random,698.60639685,151.13427195000008,1,0,CC_(100%_storage)_Co2,14,20
0,greedy,684.419574,165.32109480000008,0,0,,14,20
1,greedy,684.419574,165.32109480000008,0,0,Periodic_E_Co2,14,20
2,greedy,684.419574,165.32109480000008,0,0,Periodic_C_Co2,14,20
3,greedy,684.419574,165.32109480000008,0,0,Periodic_A_Co2,14,20
4,greedy,709.4786504,140.2620184000001,1,1,Synthetic_1a_Co5,14,20
5,greedy,709.4786504,140.2620184000001,1,1,Synthetic_3_Co5,14,20
6,greedy,849.7406688000001,0.0,1,1,Synthetic_2a_Co2,14,20
7,greedy,849.7406688000001,0.0,1,1,Synthetic_2a_Co5,14,20
8,greedy,849.7406688000001,0.0,1,1,Synthetic_2b_Co2,14,20
9,greedy,849.7406688000001,0.0,1,1,Synthetic_2c_Co2,14,20
10,greedy,849.7406688000001,0.0,1,1,Synthetic_1b_Co10,14,20
11,greedy,849.7406688000001,0.0,1,1,CC_(no_storage)_Co2,14,20
12,greedy,849.7406688000001,0.0,1,1,Synthetic_2c_Co5,14,20
13,greedy,849.7406688000001,0.0,1,1,CC_(5%_storage)_Co2,14,20
14,greedy,849.7406688000001,0.0,1,1,Synthetic_2a_Co10,14,20
15,greedy,849.7406688000001,0.0,1,1,Synthetic_1b_Co16,14,20
0,gp_ucb,684.419574,165.32109480000008,0,0,,14,20
1,gp_ucb,684.419574,165.32109480000008,0,0,Periodic_E_Co2,14,20
2,gp_ucb,684.419574,165.32109480000008,0,0,Periodic_C_Co2,14,20
3,gp_ucb,684.419574,165.32109480000008,0,0,Periodic_A_Co2,14,20
4,gp_ucb,709.4786504,140.2620184000001,1,1,Synthetic_1a_Co5,14,20
5,gp_ucb,709.4786504,140.2620184000001,1,1,Synthetic_3_Co5,14,20
6,gp_ucb,849.7406688000001,0.0,1,1,Synthetic_2a_Co2,14,20
7,gp_ucb,849.7406688000001,0.0,1,1,Synthetic_2b_Co2,14,20
8,gp_ucb,849.7406688000001,0.0,1,1,Synthetic_2a_Co5,14,20
9,gp_ucb,849.7406688000001,0.0,1,1,Synthetic_2c_Co2,14,20
10,gp_ucb,849.7406688000001,0.0,1,1,Synthetic_1b_Co10,14,20
11,gp_ucb,849.7406688000001,0.0,1,1,CC_(no_storage)_Co2,14,20
12,gp_ucb,849.7406688000001,0.0,1,1,Synthetic_2c_Co5,14,20
13,gp_ucb,849.7406688000001,0.0,1,1,CC_(no_storage)_Co10,14,20
14,gp_ucb,849.7406688000001,0.0,1,1,CC_(100%_storage)_Co2,14,20
15,gp_ucb,849.7406688000001,0.0,1,1,Drive_City1_Co10,14,20
0,random,637.38784285,212.35282595000012,0,0,,15,20
1,random,686.5946031000001,163.1460657,0,0,Synthetic_2a_Co5,15,20
2,random,686.5946031000001,163.1460657,0,0,Periodic_C_Co2,15,20
3,random,686.5946031000001,163.1460657,0,0,Periodic_B_Co5,15,20
4,random,686.5946031000001,163.1460657,0,0,CC_(50%_storage)_Co5,15,20
5,random,686.5946031000001,163.1460657,0,0,Drive_City1_Co10,15,20
6,random,849.7406688000001,0.0,1,1,Synthetic_2a_Co2,15,20
7,random,849.7406688000001,0.0,1,1,Synthetic_2c_Co5,15,20
8,random,849.7406688000001,0.0,1,1,Synthetic_3_Co10,15,20
9,random,849.7406688000001,0.0,1,1,Periodic_B_Co10,15,20
10,random,849.7406688000001,0.0,1,1,CC_(5%_storage)_Co5,15,20
11,random,849.7406688000001,0.0,1,1,CC_(100%_storage)_Co2,15,20
12,random,849.7406688000001,0.0,1,1,CC_(50%_storage)_Co10,15,20
13,random,849.7406688000001,0.0,1,1,CC_(5%_storage)_Co10,15,20
14,random,849.7406688000001,0.0,1,1,Synthetic_1a_Co16,15,20
15,random,849.7406688000001,0.0,1,1,Synthetic_1b_Co10,15,20
0,greedy,637.38784285,212.35282595000012,0,0,,15,20
1,greedy,644.5142754,205.22639340000012,0,0,Periodic_B_Co2,15,20
2,greedy,644.5142754,205.22639340000012,0,0,Periodic_E_Co2,15,20
3,greedy,644.5142754,205.22639340000012,0,0,Periodic_C_Co2,15,20
4,greedy,644.5142754,205.22639340000012,0,0,Periodic_E_Co5,15,20
5,greedy,644.5142754,205.22639340000012,0,0,Periodic_D_Co10,15,20
6,greedy,709.4786504,140.2620184000001,1,1,Synthetic_1a_Co5,15,20
7,greedy,709.4786504,140.2620184000001,1,1,Synthetic_3_Co5,15,20
8,greedy,709.4786504,140.2620184000001,1,1,Periodic_D_Co2,15,20
9,greedy,709.4786504,140.2620184000001,1,1,Synthetic_2b_Co2,15,20
10,greedy,748.4312318,101.30943700000012,1,1,Synthetic_2c_Co2,15,20
11,greedy,748.4312318,101.30943700000012,1,1,Synthetic_2c_Co5,15,20
12,greedy,849.7406688000001,0.0,1,1,Synthetic_2a_Co2,15,20
13,greedy,849.7406688000001,0.0,1,1,Synthetic_2a_Co5,15,20
14,greedy,849.7406688000001,0.0,1,1,CC_(no_storage)_Co2,15,20
15,greedy,849.7406688000001,0.0,1,1,Synthetic_2a_Co10,15,20
0,gp_ucb,637.38784285,212.35282595000012,0,0,,15,20
1,gp_ucb,644.5142754,205.22639340000012,0,0,Periodic_B_Co2,15,20
2,gp_ucb,644.5142754,205.22639340000012,0,0,Periodic_E_Co2,15,20
3,gp_ucb,644.5142754,205.22639340000012,0,0,Periodic_C_Co2,15,20
4,gp_ucb,709.4786504,140.2620184000001,1,1,Synthetic_1a_Co5,15,20
5,gp_ucb,709.4786504,140.2620184000001,1,1,Synthetic_3_Co5,15,20
6,gp_ucb,849.7406688000001,0.0,1,1,Synthetic_2a_Co2,15,20
7,gp_ucb,849.7406688000001,0.0,1,1,Synthetic_2a_Co5,15,20
8,gp_ucb,849.7406688000001,0.0,1,1,Synthetic_2b_Co2,15,20
9,gp_ucb,849.7406688000001,0.0,1,1,Synthetic_2c_Co2,15,20
10,gp_ucb,849.7406688000001,0.0,1,1,CC_(no_storage)_Co2,15,20
11,gp_ucb,849.7406688000001,0.0,1,1,Synthetic_2c_Co5,15,20
12,gp_ucb,849.7406688000001,0.0,1,1,CC_(100%_storage)_Co2,15,20
13,gp_ucb,849.7406688000001,0.0,1,1,Periodic_D_Co2,15,20
14,gp_ucb,849.7406688000001,0.0,1,1,CC_(no_storage)_Co10,15,20
15,gp_ucb,849.7406688000001,0.0,1,1,Synthetic_1b_Co10,15,20
0,random,644.5142754,205.22639340000012,0,0,,16,20
1,random,644.5142754,205.22639340000012,0,0,CC_(no_storage)_Co10,16,20
2,random,644.5142754,205.22639340000012,0,0,Synthetic_3_Co10,16,20
3,random,644.5142754,205.22639340000012,0,0,Synthetic_1a_Co10,16,20
4,random,644.5142754,205.22639340000012,0,0,Periodic_A_Co10,16,20
5,random,644.5142754,205.22639340000012,0,0,Periodic_E_Co2,16,20
6,random,644.5142754,205.22639340000012,0,0,Drive_City1_Co10,16,20
7,random,644.5142754,205.22639340000012,0,0,CC_(no_storage)_Co5,16,20
8,random,644.5142754,205.22639340000012,0,0,Periodic_B_Co5,16,20
9,random,698.60639685,151.13427195000008,1,0,Synthetic_1b_Co10,16,20
10,random,698.60639685,151.13427195000008,1,0,Synthetic_1b_Co16,16,20
11,random,698.60639685,151.13427195000008,1,0,Synthetic_2c_Co10,16,20
12,random,698.60639685,151.13427195000008,1,0,Synthetic_2c_Co5,16,20
13,random,698.60639685,151.13427195000008,1,0,Synthetic_2a_Co10,16,20
14,random,698.60639685,151.13427195000008,1,0,Synthetic_2b_Co5,16,20
15,random,698.60639685,151.13427195000008,1,0,Periodic_C_Co2,16,20
0,greedy,644.5142754,205.22639340000012,0,0,,16,20
1,greedy,644.5142754,205.22639340000012,0,0,Periodic_E_Co2,16,20
2,greedy,644.5142754,205.22639340000012,0,0,Periodic_A_Co2,16,20
3,greedy,684.419574,165.32109480000008,0,0,Periodic_D_Co2,16,20
4,greedy,684.419574,165.32109480000008,0,0,Periodic_C_Co2,16,20
5,greedy,684.419574,165.32109480000008,0,0,CC_(no_storage)_Co5,16,20
6,greedy,709.44713095,140.29353785000012,1,0,Synthetic_2b_Co2,16,20
7,greedy,748.4312318,101.30943700000012,1,1,Synthetic_2c_Co2,16,20
8,greedy,849.7406688000001,0.0,1,1,Synthetic_2a_Co2,16,20
9,greedy,849.7406688000001,0.0,1,1,Synthetic_2a_Co5,16,20
10,greedy,849.7406688000001,0.0,1,1,Synthetic_3_Co5,16,20
11,greedy,849.7406688000001,0.0,1,1,Synthetic_1a_Co5,16,20
12,greedy,849.7406688000001,0.0,1,1,Synthetic_1b_Co10,16,20
13,greedy,849.7406688000001,0.0,1,1,Synthetic_1b_Co16,16,20
14,greedy,849.7406688000001,0.0,1,1,Synthetic_2a_Co10,16,20
15,greedy,849.7406688000001,0.0,1,1,Synthetic_2c_Co5,16,20
0,gp_ucb,644.5142754,205.22639340000012,0,0,,16,20
1,gp_ucb,644.5142754,205.22639340000012,0,0,Periodic_E_Co2,16,20
2,gp_ucb,684.419574,165.32109480000008,0,0,Periodic_D_Co2,16,20
3,gp_ucb,849.7406688000001,0.0,1,1,Synthetic_2a_Co2,16,20
4,gp_ucb,849.7406688000001,0.0,1,1,Synthetic_2a_Co5,16,20
5,gp_ucb,849.7406688000001,0.0,1,1,Synthetic_1a_Co5,16,20
6,gp_ucb,849.7406688000001,0.0,1,1,Synthetic_3_Co5,16,20
7,gp_ucb,849.7406688000001,0.0,1,1,Synthetic_1b_Co10,16,20
8,gp_ucb,849.7406688000001,0.0,1,1,Periodic_C_Co2,16,20
9,gp_ucb,849.7406688000001,0.0,1,1,Synthetic_2b_Co2,16,20
10,gp_ucb,849.7406688000001,0.0,1,1,Synthetic_2c_Co2,16,20
11,gp_ucb,849.7406688000001,0.0,1,1,Periodic_A_Co2,16,20
12,gp_ucb,849.7406688000001,0.0,1,1,CC_(5%_storage)_Co2,16,20
13,gp_ucb,849.7406688000001,0.0,1,1,Synthetic_1b_Co16,16,20
14,gp_ucb,849.7406688000001,0.0,1,1,Synthetic_2a_Co10,16,20
15,gp_ucb,849.7406688000001,0.0,1,1,CC_(no_storage)_Co5,16,20
0,random,849.7406688000001,0.0,1,1,,17,20
1,random,849.7406688000001,0.0,1,1,Periodic_A_Co2,17,20
2,random,849.7406688000001,0.0,1,1,Synthetic_2c_Co5,17,20
3,random,849.7406688000001,0.0,1,1,CC_(5%_storage)_Co10,17,20
4,random,849.7406688000001,0.0,1,1,Periodic_C_Co2,17,20
5,random,849.7406688000001,0.0,1,1,Drive_City2_Co10,17,20
6,random,849.7406688000001,0.0,1,1,Synthetic_2a_Co10,17,20
7,random,849.7406688000001,0.0,1,1,Synthetic_2a_Co5,17,20
8,random,849.7406688000001,0.0,1,1,Periodic_B_Co10,17,20
9,random,849.7406688000001,0.0,1,1,Synthetic_3_Co5,17,20
10,random,849.7406688000001,0.0,1,1,CC_(100%_storage)_Co2,17,20
11,random,849.7406688000001,0.0,1,1,Periodic_D_Co10,17,20
12,random,849.7406688000001,0.0,1,1,Synthetic_1a_Co10,17,20
13,random,849.7406688000001,0.0,1,1,CC_(50%_storage)_Co10,17,20
14,random,849.7406688000001,0.0,1,1,Periodic_B_Co2,17,20
15,random,849.7406688000001,0.0,1,1,Synthetic_3_Co10,17,20
0,greedy,849.7406688000001,0.0,1,1,,17,20
1,greedy,849.7406688000001,0.0,1,1,CC_(100%_storage)_Co10,17,20
2,greedy,849.7406688000001,0.0,1,1,Periodic_C_Co2,17,20
3,greedy,849.7406688000001,0.0,1,1,Synthetic_2a_Co5,17,20
4,greedy,849.7406688000001,0.0,1,1,Synthetic_2c_Co2,17,20
5,greedy,849.7406688000001,0.0,1,1,CC_(no_storage)_Co2,17,20
6,greedy,849.7406688000001,0.0,1,1,Synthetic_1a_Co5,17,20
7,greedy,849.7406688000001,0.0,1,1,Synthetic_3_Co5,17,20
8,greedy,849.7406688000001,0.0,1,1,Periodic_D_Co2,17,20
9,greedy,849.7406688000001,0.0,1,1,Periodic_D_Co5,17,20
10,greedy,849.7406688000001,0.0,1,1,Periodic_A_Co2,17,20
11,greedy,849.7406688000001,0.0,1,1,Synthetic_1b_Co16,17,20
12,greedy,849.7406688000001,0.0,1,1,Periodic_B_Co2,17,20
13,greedy,849.7406688000001,0.0,1,1,Periodic_E_Co2,17,20
14,greedy,849.7406688000001,0.0,1,1,Synthetic_2a_Co10,17,20
15,greedy,849.7406688000001,0.0,1,1,Synthetic_3_Co10,17,20
0,gp_ucb,849.7406688000001,0.0,1,1,,17,20
1,gp_ucb,849.7406688000001,0.0,1,1,Synthetic_1b_Co16,17,20
2,gp_ucb,849.7406688000001,0.0,1,1,CC_(100%_storage)_Co10,17,20
3,gp_ucb,849.7406688000001,0.0,1,1,Periodic_C_Co2,17,20
4,gp_ucb,849.7406688000001,0.0,1,1,CC_(100%_storage)_Co2,17,20
5,gp_ucb,849.7406688000001,0.0,1,1,Synthetic_2a_Co5,17,20
6,gp_ucb,849.7406688000001,0.0,1,1,Periodic_D_Co2,17,20
7,gp_ucb,849.7406688000001,0.0,1,1,Synthetic_3_Co5,17,20
8,gp_ucb,849.7406688000001,0.0,1,1,Synthetic_2c_Co2,17,20
9,gp_ucb,849.7406688000001,0.0,1,1,CC_(no_storage)_Co2,17,20
10,gp_ucb,849.7406688000001,0.0,1,1,Periodic_D_Co5,17,20
11,gp_ucb,849.7406688000001,0.0,1,1,Synthetic_1a_Co5,17,20
12,gp_ucb,849.7406688000001,0.0,1,1,Periodic_A_Co2,17,20
13,gp_ucb,849.7406688000001,0.0,1,1,Synthetic_2a_Co10,17,20
14,gp_ucb,849.7406688000001,0.0,1,1,Periodic_B_Co2,17,20
15,gp_ucb,849.7406688000001,0.0,1,1,Periodic_E_Co2,17,20
0,random,686.5946031000001,163.1460657,0,0,,18,20
1,random,686.5946031000001,163.1460657,0,0,Drive_City1_Co16,18,20
2,random,686.5946031000001,163.1460657,0,0,Periodic_C_Co10,18,20
3,random,686.5946031000001,163.1460657,0,0,CC_(50%_storage)_Co10,18,20
4,random,686.5946031000001,163.1460657,0,0,CC_(50%_storage)_Co5,18,20
5,random,686.5946031000001,163.1460657,0,0,CC_(5%_storage)_Co10,18,20
6,random,748.4312318,101.30943700000012,1,1,Synthetic_2c_Co2,18,20
7,random,748.4312318,101.30943700000012,1,1,Drive_City1_Co10,18,20
8,random,748.4312318,101.30943700000012,1,1,Synthetic_3_Co5,18,20
9,random,748.4312318,101.30943700000012,1,1,CC_(no_storage)_Co10,18,20
10,random,748.4312318,101.30943700000012,1,1,CC_(50%_storage)_Co2,18,20
11,random,748.4312318,101.30943700000012,1,1,Synthetic_1a_Co10,18,20
12,random,748.4312318,101.30943700000012,1,1,CC_(no_storage)_Co5,18,20
13,random,748.4312318,101.30943700000012,1,1,Periodic_A_Co5,18,20
14,random,748.4312318,101.30943700000012,1,1,Synthetic_2c_Co5,18,20
15,random,748.4312318,101.30943700000012,1,1,Periodic_D_Co10,18,20
0,greedy,686.5946031000001,163.1460657,0,0,,18,20
1,greedy,686.5946031000001,163.1460657,0,0,Periodic_A_Co2,18,20
2,greedy,686.5946031000001,163.1460657,0,0,Periodic_E_Co2,18,20
3,greedy,849.7406688000001,0.0,1,1,Synthetic_2a_Co2,18,20
4,greedy,849.7406688000001,0.0,1,1,Synthetic_3_Co5,18,20
5,greedy,849.7406688000001,0.0,1,1,Synthetic_2b_Co2,18,20
6,greedy,849.7406688000001,0.0,1,1,Synthetic_2c_Co2,18,20
7,greedy,849.7406688000001,0.0,1,1,Periodic_C_Co2,18,20
8,greedy,849.7406688000001,0.0,1,1,Periodic_D_Co5,18,20
9,greedy,849.7406688000001,0.0,1,1,Synthetic_1a_Co5,18,20
10,greedy,849.7406688000001,0.0,1,1,Synthetic_1b_Co10,18,20
11,greedy,849.7406688000001,0.0,1,1,Synthetic_1a_Co10,18,20
12,greedy,849.7406688000001,0.0,1,1,Synthetic_1b_Co16,18,20
13,greedy,849.7406688000001,0.0,1,1,CC_(no_storage)_Co2,18,20
14,greedy,849.7406688000001,0.0,1,1,Synthetic_2a_Co10,18,20
15,greedy,849.7406688000001,0.0,1,1,Synthetic_3_Co10,18,20
0,gp_ucb,686.5946031000001,163.1460657,0,0,,18,20
1,gp_ucb,686.5946031000001,163.1460657,0,0,Periodic_A_Co2,18,20
2,gp_ucb,849.7406688000001,0.0,1,1,Synthetic_2a_Co2,18,20
3,gp_ucb,849.7406688000001,0.0,1,1,Synthetic_3_Co5,18,20
4,gp_ucb,849.7406688000001,0.0,1,1,Periodic_C_Co2,18,20
5,gp_ucb,849.7406688000001,0.0,1,1,Synthetic_2b_Co2,18,20
6,gp_ucb,849.7406688000001,0.0,1,1,Periodic_D_Co5,18,20
7,gp_ucb,849.7406688000001,0.0,1,1,Synthetic_2c_Co2,18,20
8,gp_ucb,849.7406688000001,0.0,1,1,CC_(100%_storage)_Co2,18,20
9,gp_ucb,849.7406688000001,0.0,1,1,CC_(no_storage)_Co2,18,20
10,gp_ucb,849.7406688000001,0.0,1,1,Synthetic_1b_Co10,18,20
11,gp_ucb,849.7406688000001,0.0,1,1,Synthetic_1a_Co5,18,20
12,gp_ucb,849.7406688000001,0.0,1,1,Drive_City1_Co10,18,20
13,gp_ucb,849.7406688000001,0.0,1,1,Periodic_E_Co2,18,20
14,gp_ucb,849.7406688000001,0.0,1,1,Synthetic_1b_Co16,18,20
15,gp_ucb,849.7406688000001,0.0,1,1,Synthetic_2a_Co10,18,20
0,random,572.1781106999999,277.56255810000016,0,0,,19,20
1,random,572.1781106999999,277.56255810000016,0,0,Drive_City2_Co16,19,20
2,random,572.1781106999999,277.56255810000016,0,0,CC_(50%_storage)_Co10,19,20
3,random,572.1781106999999,277.56255810000016,0,0,Periodic_B_Co5,19,20
4,random,572.1781106999999,277.56255810000016,0,0,Periodic_D_Co10,19,20
5,random,572.1781106999999,277.56255810000016,0,0,Periodic_E_Co10,19,20
6,random,637.38784285,212.35282595000012,0,0,Periodic_A_Co2,19,20
7,random,637.38784285,212.35282595000012,0,0,Periodic_A_Co10,19,20
8,random,637.38784285,212.35282595000012,0,0,Synthetic_3_Co10,19,20
9,random,849.7406688000001,0.0,1,1,Synthetic_2a_Co2,19,20
10,random,849.7406688000001,0.0,1,1,CC_(50%_storage)_Co5,19,20
11,random,849.7406688000001,0.0,1,1,CC_(no_storage)_Co2,19,20
12,random,849.7406688000001,0.0,1,1,Periodic_D_Co2,19,20
13,random,849.7406688000001,0.0,1,1,CC_(5%_storage)_Co2,19,20
14,random,849.7406688000001,0.0,1,1,Periodic_E_Co2,19,20
15,random,849.7406688000001,0.0,1,1,Synthetic_2c_Co5,19,20
0,greedy,572.1781106999999,277.56255810000016,0,0,,19,20
1,greedy,572.1781106999999,277.56255810000016,0,0,Periodic_B_Co5,19,20
2,greedy,572.1781106999999,277.56255810000016,0,0,Periodic_A_Co10,19,20
3,greedy,572.1781106999999,277.56255810000016,0,0,Periodic_E_Co5,19,20
4,greedy,627.1302800999999,222.61038870000016,0,0,Periodic_C_Co5,19,20
5,greedy,637.38784285,212.35282595000012,0,0,Periodic_A_Co2,19,20
6,greedy,644.5142754,205.22639340000012,0,0,Periodic_B_Co2,19,20
7,greedy,644.5142754,205.22639340000012,0,0,Periodic_E_Co2,19,20
8,greedy,644.5142754,205.22639340000012,0,0,Periodic_C_Co2,19,20
9,greedy,709.4786504,140.2620184000001,1,1,Synthetic_1a_Co5,19,20
10,greedy,709.4786504,140.2620184000001,1,1,Synthetic_3_Co5,19,20
11,greedy,709.4786504,140.2620184000001,1,1,Synthetic_1a_Co10,19,20
12,greedy,849.7406688000001,0.0,1,1,Synthetic_2a_Co2,19,20
13,greedy,849.7406688000001,0.0,1,1,Synthetic_2a_Co5,19,20
14,greedy,849.7406688000001,0.0,1,1,Synthetic_1b_Co10,19,20
15,greedy,849.7406688000001,0.0,1,1,Periodic_D_Co2,19,20
0,gp_ucb,572.1781106999999,277.56255810000016,0,0,,19,20
1,gp_ucb,637.38784285,212.35282595000012,0,0,Periodic_A_Co2,19,20
2,gp_ucb,637.38784285,212.35282595000012,0,0,Periodic_C_Co2,19,20
3,gp_ucb,644.5142754,205.22639340000012,0,0,Periodic_B_Co2,19,20
4,gp_ucb,644.5142754,205.22639340000012,0,0,Periodic_E_Co2,19,20
5,gp_ucb,849.7406688000001,0.0,1,1,Synthetic_2a_Co2,19,20
6,gp_ucb,849.7406688000001,0.0,1,1,Synthetic_2a_Co5,19,20
7,gp_ucb,849.7406688000001,0.0,1,1,Periodic_D_Co2,19,20
8,gp_ucb,849.7406688000001,0.0,1,1,Synthetic_2b_Co2,19,20
9,gp_ucb,849.7406688000001,0.0,1,1,Periodic_D_Co5,19,20
10,gp_ucb,849.7406688000001,0.0,1,1,Synthetic_2c_Co2,19,20
11,gp_ucb,849.7406688000001,0.0,1,1,Synthetic_2c_Co5,19,20
12,gp_ucb,849.7406688000001,0.0,1,1,Synthetic_3_Co5,19,20
13,gp_ucb,849.7406688000001,0.0,1,1,CC_(100%_storage)_Co2,19,20
14,gp_ucb,849.7406688000001,0.0,1,1,Synthetic_1a_Co5,19,20
15,gp_ucb,849.7406688000001,0.0,1,1,Synthetic_1b_Co10,19,20
0,random,637.38784285,212.35282595000012,0,0,,20,20
1,random,637.38784285,212.35282595000012,0,0,CC_(100%_storage)_Co2,20,20
2,random,637.38784285,212.35282595000012,0,0,Periodic_C_Co10,20,20
3,random,709.4786504,140.2620184000001,1,1,Synthetic_1a_Co5,20,20
4,random,709.4786504,140.2620184000001,1,1,Periodic_C_Co5,20,20
5,random,709.4786504,140.2620184000001,1,1,Synthetic_1a_Co16,20,20
6,random,709.4786504,140.2620184000001,1,1,Synthetic_2b_Co2,20,20
7,random,709.4786504,140.2620184000001,1,1,CC_(50%_storage)_Co10,20,20
8,random,709.4786504,140.2620184000001,1,1,Synthetic_1b_Co10,20,20
9,random,709.4786504,140.2620184000001,1,1,Periodic_B_Co2,20,20
10,random,709.4786504,140.2620184000001,1,1,Drive_City2_Co10,20,20
11,random,709.4786504,140.2620184000001,1,1,Periodic_B_Co5,20,20
12,random,709.4786504,140.2620184000001,1,1,Synthetic_2c_Co10,20,20
13,random,709.4786504,140.2620184000001,1,1,Periodic_D_Co2,20,20
14,random,709.4786504,140.2620184000001,1,1,Periodic_C_Co2,20,20
15,random,709.4786504,140.2620184000001,1,1,Synthetic_1a_Co10,20,20
0,greedy,637.38784285,212.35282595000012,0,0,,20,20
1,greedy,644.5142754,205.22639340000012,0,0,Periodic_B_Co2,20,20
2,greedy,644.5142754,205.22639340000012,0,0,Periodic_E_Co2,20,20
3,greedy,709.44713095,140.29353785000012,1,0,Synthetic_2b_Co2,20,20
4,greedy,748.4312318,101.30943700000012,1,1,Synthetic_2c_Co2,20,20
5,greedy,748.4312318,101.30943700000012,1,1,CC_(no_storage)_Co2,20,20
6,greedy,849.7406688000001,0.0,1,1,Synthetic_2a_Co2,20,20
7,greedy,849.7406688000001,0.0,1,1,Synthetic_3_Co5,20,20
8,greedy,849.7406688000001,0.0,1,1,Periodic_C_Co2,20,20
9,greedy,849.7406688000001,0.0,1,1,Synthetic_1a_Co5,20,20
10,greedy,849.7406688000001,0.0,1,1,Synthetic_1b_Co10,20,20
11,greedy,849.7406688000001,0.0,1,1,CC_(5%_storage)_Co2,20,20
12,greedy,849.7406688000001,0.0,1,1,Synthetic_2a_Co5,20,20
13,greedy,849.7406688000001,0.0,1,1,Synthetic_1a_Co10,20,20
14,greedy,849.7406688000001,0.0,1,1,Periodic_D_Co2,20,20
15,greedy,849.7406688000001,0.0,1,1,Synthetic_1b_Co16,20,20
0,gp_ucb,637.38784285,212.35282595000012,0,0,,20,20
1,gp_ucb,644.5142754,205.22639340000012,0,0,Periodic_B_Co2,20,20
2,gp_ucb,644.5142754,205.22639340000012,0,0,Periodic_E_Co2,20,20
3,gp_ucb,709.44713095,140.29353785000012,1,0,Synthetic_2b_Co2,20,20
4,gp_ucb,748.4312318,101.30943700000012,1,1,Synthetic_2c_Co2,20,20
5,gp_ucb,748.4312318,101.30943700000012,1,1,CC_(no_storage)_Co2,20,20
6,gp_ucb,849.7406688000001,0.0,1,1,Synthetic_2a_Co2,20,20
7,gp_ucb,849.7406688000001,0.0,1,1,Synthetic_3_Co5,20,20
8,gp_ucb,849.7406688000001,0.0,1,1,Periodic_D_Co2,20,20
9,gp_ucb,849.7406688000001,0.0,1,1,Periodic_C_Co2,20,20
10,gp_ucb,849.7406688000001,0.0,1,1,CC_(100%_storage)_Co2,20,20
11,gp_ucb,849.7406688000001,0.0,1,1,Synthetic_1b_Co10,20,20
12,gp_ucb,849.7406688000001,0.0,1,1,CC_(5%_storage)_Co2,20,20
13,gp_ucb,849.7406688000001,0.0,1,1,Synthetic_1a_Co5,20,20
14,gp_ucb,849.7406688000001,0.0,1,1,Synthetic_2a_Co5,20,20
15,gp_ucb,849.7406688000001,0.0,1,1,Synthetic_1b_Co16,20,20
0,random,684.419574,165.32109480000008,0,0,,21,20
1,random,684.419574,165.32109480000008,0,0,Synthetic_2a_Co10,21,20
2,random,849.7406688000001,0.0,1,1,Synthetic_2a_Co2,21,20
3,random,849.7406688000001,0.0,1,1,Periodic_C_Co2,21,20
4,random,849.7406688000001,0.0,1,1,Synthetic_2c_Co5,21,20
5,random,849.7406688000001,0.0,1,1,Synthetic_1a_Co10,21,20
6,random,849.7406688000001,0.0,1,1,Periodic_D_Co5,21,20
7,random,849.7406688000001,0.0,1,1,Periodic_C_Co10,21,20
8,random,849.7406688000001,0.0,1,1,Drive_City1_Co16,21,20
9,random,849.7406688000001,0.0,1,1,Periodic_E_Co2,21,20
10,random,849.7406688000001,0.0,1,1,Periodic_E_Co5,21,20
11,random,849.7406688000001,0.0,1,1,Periodic_D_Co10,21,20
12,random,849.7406688000001,0.0,1,1,CC_(100%_storage)_Co2,21,20
13,random,849.7406688000001,0.0,1,1,CC_(no_storage)_Co5,21,20
14,random,849.7406688000001,0.0,1,1,CC_(no_storage)_Co2,21,20
15,random,849.7406688000001,0.0,1,1,Synthetic_2b_Co10,21,20
0,greedy,684.419574,165.32109480000008,0,0,,21,20
1,greedy,684.419574,165.32109480000008,0,0,Periodic_C_Co2,21,20
2,greedy,684.419574,165.32109480000008,0,0,Periodic_D_Co5,21,20
3,greedy,709.44713095,140.29353785000012,1,0,Synthetic_2b_Co2,21,20
4,greedy,748.4312318,101.30943700000012,1,1,Synthetic_2c_Co2,21,20
5,greedy,748.4312318,101.30943700000012,1,1,Synthetic_2c_Co5,21,20
6,greedy,849.7406688000001,0.0,1,1,Synthetic_2a_Co2,21,20
7,greedy,849.7406688000001,0.0,1,1,Synthetic_2a_Co5,21,20
8,greedy,849.7406688000001,0.0,1,1,Synthetic_3_Co5,21,20
9,greedy,849.7406688000001,0.0,1,1,Periodic_A_Co2,21,20
10,greedy,849.7406688000001,0.0,1,1,Synthetic_1a_Co5,21,20
11,greedy,849.7406688000001,0.0,1,1,Synthetic_1b_Co10,21,20
12,greedy,849.7406688000001,0.0,1,1,Synthetic_1a_Co10,21,20
13,greedy,849.7406688000001,0.0,1,1,Synthetic_2a_Co10,21,20
14,greedy,849.7406688000001,0.0,1,1,Periodic_B_Co2,21,20
15,greedy,849.7406688000001,0.0,1,1,Periodic_E_Co2,21,20
0,gp_ucb,684.419574,165.32109480000008,0,0,,21,20
1,gp_ucb,684.419574,165.32109480000008,0,0,Periodic_C_Co2,21,20
2,gp_ucb,684.419574,165.32109480000008,0,0,Periodic_D_Co5,21,20
3,gp_ucb,709.44713095,140.29353785000012,1,0,Synthetic_2b_Co2,21,20
4,gp_ucb,748.4312318,101.30943700000012,1,1,Synthetic_2c_Co2,21,20
5,gp_ucb,748.4312318,101.30943700000012,1,1,Synthetic_2c_Co5,21,20
6,gp_ucb,849.7406688000001,0.0,1,1,Synthetic_2a_Co2,21,20
7,gp_ucb,849.7406688000001,0.0,1,1,Synthetic_2a_Co5,21,20
8,gp_ucb,849.7406688000001,0.0,1,1,Synthetic_3_Co5,21,20
9,gp_ucb,849.7406688000001,0.0,1,1,Periodic_A_Co2,21,20
10,gp_ucb,849.7406688000001,0.0,1,1,Synthetic_1a_Co5,21,20
11,gp_ucb,849.7406688000001,0.0,1,1,Synthetic_1b_Co10,21,20
12,gp_ucb,849.7406688000001,0.0,1,1,Synthetic_2a_Co10,21,20
13,gp_ucb,849.7406688000001,0.0,1,1,Synthetic_1a_Co10,21,20
14,gp_ucb,849.7406688000001,0.0,1,1,CC_(no_storage)_Co2,21,20
15,gp_ucb,849.7406688000001,0.0,1,1,Periodic_B_Co2,21,20
0,random,849.7406688000001,0.0,1,1,,22,20
1,random,849.7406688000001,0.0,1,1,Synthetic_1a_Co16,22,20
2,random,849.7406688000001,0.0,1,1,CC_(no_storage)_Co5,22,20
3,random,849.7406688000001,0.0,1,1,Synthetic_1b_Co10,22,20
4,random,849.7406688000001,0.0,1,1,CC_(5%_storage)_Co2,22,20
5,random,849.7406688000001,0.0,1,1,CC_(no_storage)_Co10,22,20
6,random,849.7406688000001,0.0,1,1,Periodic_E_Co10,22,20
7,random,849.7406688000001,0.0,1,1,Synthetic_2c_Co5,22,20
8,random,849.7406688000001,0.0,1,1,CC_(5%_storage)_Co10,22,20
9,random,849.7406688000001,0.0,1,1,CC_(5%_storage)_Co5,22,20
10,random,849.7406688000001,0.0,1,1,Periodic_E_Co5,22,20
11,random,849.7406688000001,0.0,1,1,Synthetic_2b_Co2,22,20
12,random,849.7406688000001,0.0,1,1,Synthetic_1b_Co16,22,20
13,random,849.7406688000001,0.0,1,1,Synthetic_2a_Co5,22,20
14,random,849.7406688000001,0.0,1,1,CC_(50%_storage)_Co2,22,20
15,random,849.7406688000001,0.0,1,1,Periodic_C_Co2,22,20
0,greedy,849.7406688000001,0.0,1,1,,22,20
1,greedy,849.7406688000001,0.0,1,1,Synthetic_2a_Co5,22,20
2,greedy,849.7406688000001,0.0,1,1,Periodic_C_Co2,22,20
3,greedy,849.7406688000001,0.0,1,1,Synthetic_2b_Co2,22,20
4,greedy,849.7406688000001,0.0,1,1,Synthetic_2c_Co2,22,20
5,greedy,849.7406688000001,0.0,1,1,CC_(no_storage)_Co2,22,20
6,greedy,849.7406688000001,0.0,1,1,Synthetic_1b_Co10,22,20
7,greedy,849.7406688000001,0.0,1,1,Synthetic_1a_Co5,22,20
8,greedy,849.7406688000001,0.0,1,1,Synthetic_3_Co5,22,20
9,greedy,849.7406688000001,0.0,1,1,Synthetic_1b_Co16,22,20
10,greedy,849.7406688000001,0.0,1,1,Periodic_A_Co2,22,20
11,greedy,849.7406688000001,0.0,1,1,Periodic_D_Co5,22,20
12,greedy,849.7406688000001,0.0,1,1,Periodic_B_Co2,22,20
13,greedy,849.7406688000001,0.0,1,1,Periodic_E_Co2,22,20
14,greedy,849.7406688000001,0.0,1,1,Synthetic_2a_Co10,22,20
15,greedy,849.7406688000001,0.0,1,1,Synthetic_3_Co10,22,20
0,gp_ucb,849.7406688000001,0.0,1,1,,22,20
1,gp_ucb,849.7406688000001,0.0,1,1,Periodic_C_Co2,22,20
2,gp_ucb,849.7406688000001,0.0,1,1,Synthetic_2a_Co5,22,20
3,gp_ucb,849.7406688000001,0.0,1,1,CC_(no_storage)_Co2,22,20
4,gp_ucb,849.7406688000001,0.0,1,1,Synthetic_2b_Co2,22,20
5,gp_ucb,849.7406688000001,0.0,1,1,Synthetic_2c_Co2,22,20
6,gp_ucb,849.7406688000001,0.0,1,1,Synthetic_1b_Co10,22,20
7,gp_ucb,849.7406688000001,0.0,1,1,Synthetic_3_Co5,22,20
8,gp_ucb,849.7406688000001,0.0,1,1,Synthetic_1a_Co5,22,20
9,gp_ucb,849.7406688000001,0.0,1,1,Periodic_D_Co5,22,20
10,gp_ucb,849.7406688000001,0.0,1,1,CC_(5%_storage)_Co2,22,20
11,gp_ucb,849.7406688000001,0.0,1,1,Periodic_A_Co2,22,20
12,gp_ucb,849.7406688000001,0.0,1,1,Synthetic_1b_Co16,22,20
13,gp_ucb,849.7406688000001,0.0,1,1,Synthetic_2a_Co10,22,20
14,gp_ucb,849.7406688000001,0.0,1,1,Periodic_B_Co2,22,20
15,gp_ucb,849.7406688000001,0.0,1,1,Periodic_E_Co2,22,20
0,random,647.8371267499999,201.90354205000017,0,0,,23,20
1,random,647.8371267499999,201.90354205000017,0,0,Periodic_B_Co5,23,20
2,random,647.8371267499999,201.90354205000017,0,0,CC_(5%_storage)_Co10,23,20
3,random,647.8371267499999,201.90354205000017,0,0,CC_(50%_storage)_Co2,23,20
4,random,647.8371267499999,201.90354205000017,0,0,CC_(no_storage)_Co2,23,20
5,random,647.8371267499999,201.90354205000017,0,0,Periodic_A_Co10,23,20
6,random,647.8371267499999,201.90354205000017,0,0,CC_(5%_storage)_Co5,23,20
7,random,647.8371267499999,201.90354205000017,0,0,Periodic_E_Co2,23,20
8,random,647.8371267499999,201.90354205000017,0,0,Periodic_C_Co2,23,20
9,random,647.8371267499999,201.90354205000017,0,0,Drive_City1_Co16,23,20
10,random,647.8371267499999,201.90354205000017,0,0,Synthetic_1b_Co16,23,20
11,random,647.8371267499999,201.90354205000017,0,0,CC_(100%_storage)_Co5,23,20
12,random,647.8371267499999,201.90354205000017,0,0,Periodic_D_Co5,23,20
13,random,647.8371267499999,201.90354205000017,0,0,Drive_City2_Co16,23,20
14,random,686.5946031000001,163.1460657,0,0,Synthetic_2a_Co5,23,20
15,random,686.5946031000001,163.1460657,0,0,Drive_City1_Co10,23,20
0,greedy,647.8371267499999,201.90354205000017,0,0,,23,20
1,greedy,647.8371267499999,201.90354205000017,0,0,CC_(100%_storage)_Co10,23,20
2,greedy,647.8371267499999,201.90354205000017,0,0,Periodic_B_Co5,23,20
3,greedy,849.7406688000001,0.0,1,1,Synthetic_2a_Co2,23,20
4,greedy,849.7406688000001,0.0,1,1,Periodic_D_Co2,23,20
5,greedy,849.7406688000001,0.0,1,1,Periodic_A_Co2,23,20
6,greedy,849.7406688000001,0.0,1,1,Synthetic_2a_Co5,23,20
7,greedy,849.7406688000001,0.0,1,1,Synthetic_2c_Co2,23,20
8,greedy,849.7406688000001,0.0,1,1,Synthetic_2b_Co2,23,20
9,greedy,849.7406688000001,0.0,1,1,Periodic_D_Co5,23,20
10,greedy,849.7406688000001,0.0,1,1,Synthetic_1a_Co5,23,20
11,greedy,849.7406688000001,0.0,1,1,Periodic_C_Co2,23,20
12,greedy,849.7406688000001,0.0,1,1,Synthetic_2c_Co5,23,20
13,greedy,849.7406688000001,0.0,1,1,Synthetic_1b_Co10,23,20
14,greedy,849.7406688000001,0.0,1,1,CC_(no_storage)_Co2,23,20
15,greedy,849.7406688000001,0.0,1,1,Periodic_B_Co2,23,20
0,gp_ucb,647.8371267499999,201.90354205000017,0,0,,23,20
1,gp_ucb,647.8371267499999,201.90354205000017,0,0,CC_(100%_storage)_Co10,23,20
2,gp_ucb,647.8371267499999,201.90354205000017,0,0,Periodic_B_Co5,23,20
3,gp_ucb,849.7406688000001,0.0,1,1,Synthetic_2a_Co2,23,20
4,gp_ucb,849.7406688000001,0.0,1,1,Periodic_D_Co2,23,20
5,gp_ucb,849.7406688000001,0.0,1,1,Synthetic_2c_Co2,23,20
6,gp_ucb,849.7406688000001,0.0,1,1,Periodic_C_Co2,23,20
7,gp_ucb,849.7406688000001,0.0,1,1,Synthetic_2a_Co5,23,20
8,gp_ucb,849.7406688000001,0.0,1,1,Synthetic_2b_Co2,23,20
9,gp_ucb,849.7406688000001,0.0,1,1,Periodic_D_Co5,23,20
10,gp_ucb,849.7406688000001,0.0,1,1,Periodic_A_Co2,23,20
11,gp_ucb,849.7406688000001,0.0,1,1,Synthetic_2c_Co5,23,20
12,gp_ucb,849.7406688000001,0.0,1,1,CC_(no_storage)_Co2,23,20
13,gp_ucb,849.7406688000001,0.0,1,1,Synthetic_1a_Co5,23,20
14,gp_ucb,849.7406688000001,0.0,1,1,Synthetic_1b_Co10,23,20
15,gp_ucb,849.7406688000001,0.0,1,1,Periodic_B_Co2,23,20
0,random,627.1302800999999,222.61038870000016,0,0,,24,20
1,random,627.1302800999999,222.61038870000016,0,0,Drive_City1_Co10,24,20
2,random,627.1302800999999,222.61038870000016,0,0,Synthetic_1a_Co16,24,20
3,random,627.1302800999999,222.61038870000016,0,0,CC_(5%_storage)_Co10,24,20
4,random,642.4142075,207.32646130000012,0,0,CC_(no_storage)_Co2,24,20
5,random,642.4142075,207.32646130000012,0,0,Periodic_A_Co5,24,20
6,random,642.4142075,207.32646130000012,0,0,Periodic_A_Co2,24,20
7,random,748.4312318,101.30943700000012,1,1,Synthetic_2c_Co2,24,20
8,random,849.7406688000001,0.0,1,1,Synthetic_2a_Co2,24,20
9,random,849.7406688000001,0.0,1,1,Synthetic_2c_Co5,24,20
10,random,849.7406688000001,0.0,1,1,Synthetic_3_Co5,24,20
11,random,849.7406688000001,0.0,1,1,CC_(100%_storage)_Co5,24,20
12,random,849.7406688000001,0.0,1,1,CC_(50%_storage)_Co2,24,20
13,random,849.7406688000001,0.0,1,1,Synthetic_2b_Co2,24,20
14,random,849.7406688000001,0.0,1,1,CC_(5%_storage)_Co5,24,20
15,random,849.7406688000001,0.0,1,1,CC_(no_storage)_Co10,24,20
0,greedy,627.1302800999999,222.61038870000016,0,0,,24,20
1,greedy,627.1302800999999,222.61038870000016,0,0,Periodic_E_Co5,24,20
2,greedy,627.1302800999999,222.61038870000016,0,0,CC_(5%_storage)_Co5,24,20
3,greedy,627.1302800999999,222.61038870000016,0,0,Periodic_B_Co5,24,20
4,greedy,627.1302800999999,222.61038870000016,0,0,CC_(50%_storage)_Co2,24,20
5,greedy,627.1302800999999,222.61038870000016,0,0,Periodic_A_Co5,24,20
6,greedy,627.1302800999999,222.61038870000016,0,0,Synthetic_1a_Co10,24,20
7,greedy,709.4786504,140.2620184000001,1,1,Synthetic_1a_Co5,24,20
8,greedy,709.4786504,140.2620184000001,1,1,Periodic_C_Co2,24,20
9,greedy,709.4786504,140.2620184000001,1,1,Synthetic_3_Co5,24,20
10,greedy,709.4786504,140.2620184000001,1,1,Periodic_A_Co2,24,20
11,greedy,709.4786504,140.2620184000001,1,1,Periodic_B_Co2,24,20
12,greedy,709.4786504,140.2620184000001,1,1,Periodic_E_Co2,24,20
13,greedy,849.7406688000001,0.0,1,1,Synthetic_2a_Co2,24,20
14,greedy,849.7406688000001,0.0,1,1,Synthetic_2a_Co5,24,20
15,greedy,849.7406688000001,0.0,1,1,Synthetic_1b_Co10,24,20
0,gp_ucb,627.1302800999999,222.61038870000016,0,0,,24,20
1,gp_ucb,627.1302800999999,222.61038870000016,0,0,Periodic_E_Co5,24,20
2,gp_ucb,627.1302800999999,222.61038870000016,0,0,CC_(5%_storage)_Co5,24,20
3,gp_ucb,627.1302800999999,222.61038870000016,0,0,CC_(100%_storage)_Co10,24,20
4,gp_ucb,627.1302800999999,222.61038870000016,0,0,Periodic_C_Co2,24,20
5,gp_ucb,627.1302800999999,222.61038870000016,0,0,Periodic_C_Co10,24,20
6,gp_ucb,644.5142754,205.22639340000012,0,0,Periodic_B_Co2,24,20
7,gp_ucb,644.5142754,205.22639340000012,0,0,Periodic_A_Co2,24,20
8,gp_ucb,644.5142754,205.22639340000012,0,0,Periodic_E_Co2,24,20
9,gp_ucb,709.4786504,140.2620184000001,1,1,Synthetic_1a_Co5,24,20
10,gp_ucb,709.4786504,140.2620184000001,1,1,Synthetic_3_Co5,24,20
11,gp_ucb,709.4786504,140.2620184000001,1,1,Periodic_D_Co2,24,20
12,gp_ucb,709.4786504,140.2620184000001,1,1,Periodic_D_Co5,24,20
13,gp_ucb,849.7406688000001,0.0,1,1,Synthetic_2a_Co2,24,20
14,gp_ucb,849.7406688000001,0.0,1,1,Synthetic_2a_Co5,24,20
15,gp_ucb,849.7406688000001,0.0,1,1,Synthetic_2b_Co2,24,20
0,random,588.65270775,261.0879610500001,0,0,,25,20
1,random,588.65270775,261.0879610500001,0,0,Periodic_B_Co10,25,20
2,random,647.8371267499999,201.90354205000017,0,0,Synthetic_3_Co5,25,20
3,random,647.8371267499999,201.90354205000017,0,0,Synthetic_2c_Co5,25,20
4,random,647.8371267499999,201.90354205000017,0,0,Drive_City2_Co10,25,20
5,random,647.8371267499999,201.90354205000017,0,0,Synthetic_2c_Co10,25,20
6,random,647.8371267499999,201.90354205000017,0,0,Synthetic_1b_Co16,25,20
7,random,684.419574,165.32109480000008,0,0,Periodic_D_Co2,25,20
8,random,849.7406688000001,0.0,1,1,Synthetic_2a_Co2,25,20
9,random,849.7406688000001,0.0,1,1,Synthetic_1a_Co16,25,20
10,random,849.7406688000001,0.0,1,1,Synthetic_2c_Co2,25,20
11,random,849.7406688000001,0.0,1,1,Drive_City1_Co10,25,20
12,random,849.7406688000001,0.0,1,1,CC_(100%_storage)_Co5,25,20
13,random,849.7406688000001,0.0,1,1,Periodic_A_Co2,25,20
14,random,849.7406688000001,0.0,1,1,CC_(no_storage)_Co2,25,20
15,random,849.7406688000001,0.0,1,1,Periodic_B_Co2,25,20
0,greedy,588.65270775,261.0879610500001,0,0,,25,20
1,greedy,588.65270775,261.0879610500001,0,0,Synthetic_1a_Co16,25,20
2,greedy,588.65270775,261.0879610500001,0,0,Drive_City1_Co16,25,20
3,greedy,588.65270775,261.0879610500001,0,0,Drive_City1_Co10,25,20
4,greedy,698.60639685,151.13427195000008,1,0,Synthetic_1b_Co10,25,20
5,greedy,698.60639685,151.13427195000008,1,0,CC_(5%_storage)_Co2,25,20
6,greedy,698.60639685,151.13427195000008,1,0,CC_(50%_storage)_Co2,25,20
7,greedy,698.60639685,151.13427195000008,1,0,CC_(no_storage)_Co10,25,20
8,greedy,698.60639685,151.13427195000008,1,0,Periodic_C_Co5,25,20
9,greedy,698.60639685,151.13427195000008,1,0,Periodic_E_Co5,25,20
10,greedy,698.60639685,151.13427195000008,1,0,Synthetic_1b_Co16,25,20
11,greedy,709.4786504,140.2620184000001,1,1,Synthetic_1a_Co5,25,20
12,greedy,709.4786504,140.2620184000001,1,1,Synthetic_3_Co5,25,20
13,greedy,709.4786504,140.2620184000001,1,1,Periodic_A_Co2,25,20
14,greedy,709.4786504,140.2620184000001,1,1,Periodic_C_Co2,25,20
15,greedy,709.4786504,140.2620184000001,1,1,Periodic_B_Co2,25,20
0,gp_ucb,588.65270775,261.0879610500001,0,0,,25,20
1,gp_ucb,588.65270775,261.0879610500001,0,0,Synthetic_1a_Co16,25,20
2,gp_ucb,698.60639685,151.13427195000008,1,0,Synthetic_1b_Co10,25,20
3,gp_ucb,698.60639685,151.13427195000008,1,0,CC_(5%_storage)_Co2,25,20
4,gp_ucb,698.60639685,151.13427195000008,1,0,CC_(50%_storage)_Co2,25,20
5,gp_ucb,698.60639685,151.13427195000008,1,0,CC_(no_storage)_Co10,25,20
6,gp_ucb,698.60639685,151.13427195000008,1,0,Periodic_C_Co5,25,20
7,gp_ucb,698.60639685,151.13427195000008,1,0,Periodic_E_Co5,25,20
8,gp_ucb,698.60639685,151.13427195000008,1,0,Synthetic_1b_Co16,25,20
9,gp_ucb,709.4786504,140.2620184000001,1,1,Synthetic_1a_Co5,25,20
10,gp_ucb,709.4786504,140.2620184000001,1,1,Synthetic_3_Co5,25,20
11,gp_ucb,709.4786504,140.2620184000001,1,1,Periodic_A_Co2,25,20
12,gp_ucb,709.4786504,140.2620184000001,1,1,Periodic_C_Co2,25,20
13,gp_ucb,709.4786504,140.2620184000001,1,1,Periodic_B_Co2,25,20
14,gp_ucb,709.4786504,140.2620184000001,1,1,Periodic_E_Co2,25,20
15,gp_ucb,849.7406688000001,0.0,1,1,Synthetic_2a_Co2,25,20
0,random,684.419574,165.32109480000008,0,0,,26,20
1,random,684.419574,165.32109480000008,0,0,Synthetic_2b_Co10,26,20
2,random,684.419574,165.32109480000008,0,0,CC_(50%_storage)_Co5,26,20
3,random,684.419574,165.32109480000008,0,0,CC_(100%_storage)_Co2,26,20
4,random,684.419574,165.32109480000008,0,0,Periodic_E_Co5,26,20
5,random,684.419574,165.32109480000008,0,0,Periodic_A_Co10,26,20
6,random,684.419574,165.32109480000008,0,0,Periodic_B_Co5,26,20
7,random,684.419574,165.32109480000008,0,0,CC_(5%_storage)_Co10,26,20
8,random,684.419574,165.32109480000008,0,0,Periodic_A_Co2,26,20
9,random,684.419574,165.32109480000008,0,0,Synthetic_1a_Co16,26,20
10,random,684.419574,165.32109480000008,0,0,Drive_City2_Co16,26,20
11,random,709.44713095,140.29353785000012,1,0,Synthetic_2b_Co2,26,20
12,random,849.7406688000001,0.0,1,1,Synthetic_2a_Co2,26,20
13,random,849.7406688000001,0.0,1,1,Synthetic_1b_Co10,26,20
14,random,849.7406688000001,0.0,1,1,Synthetic_2c_Co2,26,20
15,random,849.7406688000001,0.0,1,1,Synthetic_1a_Co5,26,20
0,greedy,684.419574,165.32109480000008,0,0,,26,20
1,greedy,684.419574,165.32109480000008,0,0,Synthetic_1a_Co10,26,20
2,greedy,684.419574,165.32109480000008,0,0,Periodic_D_Co10,26,20
3,greedy,684.419574,165.32109480000008,0,0,CC_(100%_storage)_Co10,26,20
4,greedy,684.419574,165.32109480000008,0,0,Synthetic_3_Co5,26,20
5,greedy,709.4786504,140.2620184000001,1,1,Synthetic_1a_Co5,26,20
6,greedy,709.4786504,140.2620184000001,1,1,Synthetic_1b_Co10,26,20
7,greedy,849.7406688000001,0.0,1,1,Synthetic_2a_Co2,26,20
8,greedy,849.7406688000001,0.0,1,1,Synthetic_2b_Co2,26,20
9,greedy,849.7406688000001,0.0,1,1,Synthetic_2c_Co2,26,20
10,greedy,849.7406688000001,0.0,1,1,Synthetic_2a_Co5,26,20
11,greedy,849.7406688000001,0.0,1,1,Synthetic_1b_Co16,26,20
12,greedy,849.7406688000001,0.0,1,1,Synthetic_2c_Co5,26,20
13,greedy,849.7406688000001,0.0,1,1,Periodic_A_Co2,26,20
14,greedy,849.7406688000001,0.0,1,1,Synthetic_2a_Co10,26,20
15,greedy,849.7406688000001,0.0,1,1,CC_(no_storage)_Co2,26,20
0,gp_ucb,684.419574,165.32109480000008,0,0,,26,20
1,gp_ucb,684.419574,165.32109480000008,0,0,Periodic_D_Co10,26,20
2,gp_ucb,684.419574,165.32109480000008,0,0,CC_(100%_storage)_Co10,26,20
3,gp_ucb,709.44713095,140.29353785000012,1,0,Synthetic_2b_Co2,26,20
4,gp_ucb,748.4312318,101.30943700000012,1,1,Synthetic_2c_Co2,26,20
5,gp_ucb,849.7406688000001,0.0,1,1,Synthetic_2a_Co2,26,20
6,gp_ucb,849.7406688000001,0.0,1,1,Synthetic_2a_Co5,26,20
7,gp_ucb,849.7406688000001,0.0,1,1,CC_(no_storage)_Co2,26,20
8,gp_ucb,849.7406688000001,0.0,1,1,Synthetic_1b_Co10,26,20
9,gp_ucb,849.7406688000001,0.0,1,1,Synthetic_1a_Co5,26,20
10,gp_ucb,849.7406688000001,0.0,1,1,Synthetic_3_Co5,26,20
11,gp_ucb,849.7406688000001,0.0,1,1,Synthetic_2c_Co5,26,20
12,gp_ucb,849.7406688000001,0.0,1,1,Synthetic_1b_Co16,26,20
13,gp_ucb,849.7406688000001,0.0,1,1,Periodic_A_Co2,26,20
14,gp_ucb,849.7406688000001,0.0,1,1,Synthetic_2a_Co10,26,20
15,gp_ucb,849.7406688000001,0.0,1,1,Periodic_B_Co2,26,20
0,random,684.419574,165.32109480000008,0,0,,27,20
1,random,684.419574,165.32109480000008,0,0,Periodic_E_Co5,27,20
2,random,684.419574,165.32109480000008,0,0,CC_(100%_storage)_Co10,27,20
3,random,684.419574,165.32109480000008,0,0,CC_(50%_storage)_Co2,27,20
4,random,684.419574,165.32109480000008,0,0,Periodic_A_Co5,27,20
5,random,684.419574,165.32109480000008,0,0,Drive_City1_Co16,27,20
6,random,684.419574,165.32109480000008,0,0,CC_(5%_storage)_Co5,27,20
7,random,684.419574,165.32109480000008,0,0,Periodic_C_Co5,27,20
8,random,684.419574,165.32109480000008,0,0,Periodic_D_Co5,27,20
9,random,748.4312318,101.30943700000012,1,1,Synthetic_2c_Co2,27,20
10,random,748.4312318,101.30943700000012,1,1,Periodic_B_Co5,27,20
11,random,748.4312318,101.30943700000012,1,1,Synthetic_1b_Co10,27,20
12,random,748.4312318,101.30943700000012,1,1,Synthetic_1b_Co16,27,20
13,random,748.4312318,101.30943700000012,1,1,Synthetic_1a_Co16,27,20
14,random,748.4312318,101.30943700000012,1,1,Drive_City1_Co10,27,20
15,random,748.4312318,101.30943700000012,1,1,CC_(50%_storage)_Co10,27,20
0,greedy,684.419574,165.32109480000008,0,0,,27,20
1,greedy,684.419574,165.32109480000008,0,0,Periodic_C_Co2,27,20
2,greedy,684.419574,165.32109480000008,0,0,Synthetic_2c_Co10,27,20
3,greedy,684.419574,165.32109480000008,0,0,CC_(100%_storage)_Co10,27,20
4,greedy,684.419574,165.32109480000008,0,0,Periodic_E_Co2,27,20
5,greedy,684.419574,165.32109480000008,0,0,Periodic_B_Co2,27,20
6,greedy,684.419574,165.32109480000008,0,0,Periodic_A_Co2,27,20
7,greedy,709.44713095,140.29353785000012,1,0,Synthetic_2b_Co2,27,20
8,greedy,748.4312318,101.30943700000012,1,1,Synthetic_2c_Co2,27,20
9,greedy,849.7406688000001,0.0,1,1,Synthetic_2a_Co2,27,20
10,greedy,849.7406688000001,0.0,1,1,Synthetic_2a_Co5,27,20
11,greedy,849.7406688000001,0.0,1,1,Synthetic_3_Co5,27,20
12,greedy,849.7406688000001,0.0,1,1,CC_(no_storage)_Co2,27,20
13,greedy,849.7406688000001,0.0,1,1,Synthetic_1b_Co10,27,20
14,greedy,849.7406688000001,0.0,1,1,Synthetic_1a_Co5,27,20
15,greedy,849.7406688000001,0.0,1,1,Synthetic_1b_Co16,27,20
0,gp_ucb,684.419574,165.32109480000008,0,0,,27,20
1,gp_ucb,684.419574,165.32109480000008,0,0,Periodic_C_Co2,27,20
2,gp_ucb,684.419574,165.32109480000008,0,0,Synthetic_2c_Co10,27,20
3,gp_ucb,684.419574,165.32109480000008,0,0,CC_(100%_storage)_Co10,27,20
4,gp_ucb,748.4312318,101.30943700000012,1,1,Synthetic_2c_Co2,27,20
5,gp_ucb,748.4312318,101.30943700000012,1,1,Synthetic_2b_Co2,27,20
6,gp_ucb,849.7406688000001,0.0,1,1,Synthetic_2a_Co2,27,20
7,gp_ucb,849.7406688000001,0.0,1,1,Synthetic_2a_Co5,27,20
8,gp_ucb,849.7406688000001,0.0,1,1,CC_(no_storage)_Co2,27,20
9,gp_ucb,849.7406688000001,0.0,1,1,Synthetic_3_Co5,27,20
10,gp_ucb,849.7406688000001,0.0,1,1,Synthetic_1b_Co10,27,20
11,gp_ucb,849.7406688000001,0.0,1,1,Synthetic_1a_Co5,27,20
12,gp_ucb,849.7406688000001,0.0,1,1,Periodic_A_Co2,27,20
13,gp_ucb,849.7406688000001,0.0,1,1,Synthetic_2a_Co10,27,20
14,gp_ucb,849.7406688000001,0.0,1,1,CC_(5%_storage)_Co2,27,20
15,gp_ucb,849.7406688000001,0.0,1,1,Synthetic_1b_Co16,27,20
0,random,709.44713095,140.29353785000012,1,0,,28,20
1,random,709.44713095,140.29353785000012,1,0,Periodic_C_Co5,28,20
2,random,709.44713095,140.29353785000012,1,0,Drive_City2_Co16,28,20
3,random,709.44713095,140.29353785000012,1,0,Drive_City2_Co10,28,20
4,random,709.44713095,140.29353785000012,1,0,Periodic_E_Co10,28,20
5,random,709.44713095,140.29353785000012,1,0,CC_(50%_storage)_Co5,28,20
6,random,709.44713095,140.29353785000012,1,0,Synthetic_1b_Co10,28,20
7,random,709.44713095,140.29353785000012,1,0,Drive_City1_Co16,28,20
8,random,709.44713095,140.29353785000012,1,0,Synthetic_3_Co5,28,20
9,random,748.4312318,101.30943700000012,1,1,Synthetic_2c_Co2,28,20
10,random,849.7406688000001,0.0,1,1,Synthetic_2a_Co2,28,20
11,random,849.7406688000001,0.0,1,1,CC_(no_storage)_Co2,28,20
12,random,849.7406688000001,0.0,1,1,Periodic_A_Co5,28,20
13,random,849.7406688000001,0.0,1,1,Periodic_B_Co10,28,20
14,random,849.7406688000001,0.0,1,1,Synthetic_2a_Co5,28,20
15,random,849.7406688000001,0.0,1,1,Periodic_E_Co2,28,20
0,greedy,709.44713095,140.29353785000012,1,0,,28,20
1,greedy,709.44713095,140.29353785000012,1,0,Synthetic_2c_Co10,28,20
2,greedy,709.44713095,140.29353785000012,1,0,CC_(100%_storage)_Co10,28,20
3,greedy,709.44713095,140.29353785000012,1,0,CC_(100%_storage)_Co2,28,20
4,greedy,748.4312318,101.30943700000012,1,1,Synthetic_2c_Co2,28,20
5,greedy,849.7406688000001,0.0,1,1,Synthetic_2a_Co2,28,20
6,greedy,849.7406688000001,0.0,1,1,Periodic_D_Co2,28,20
7,greedy,849.7406688000001,0.0,1,1,Synthetic_3_Co5,28,20
8,greedy,849.7406688000001,0.0,1,1,Periodic_C_Co2,28,20
9,greedy,849.7406688000001,0.0,1,1,Synthetic_2a_Co5,28,20
10,greedy,849.7406688000001,0.0,1,1,Synthetic_1a_Co5,28,20
11,greedy,849.7406688000001,0.0,1,1,Synthetic_1b_Co10,28,20
12,greedy,849.7406688000001,0.0,1,1,CC_(no_storage)_Co2,28,20
13,greedy,849.7406688000001,0.0,1,1,Synthetic_2a_Co10,28,20
14,greedy,849.7406688000001,0.0,1,1,Periodic_B_Co2,28,20
15,greedy,849.7406688000001,0.0,1,1,Periodic_E_Co2,28,20
0,gp_ucb,709.44713095,140.29353785000012,1,0,,28,20
1,gp_ucb,709.44713095,140.29353785000012,1,0,Periodic_B_Co2,28,20
2,gp_ucb,748.4312318,101.30943700000012,1,1,Synthetic_2c_Co2,28,20
3,gp_ucb,849.7406688000001,0.0,1,1,Synthetic_2a_Co2,28,20
4,gp_ucb,849.7406688000001,0.0,1,1,Periodic_C_Co2,28,20
5,gp_ucb,849.7406688000001,0.0,1,1,Synthetic_2a_Co5,28,20
6,gp_ucb,849.7406688000001,0.0,1,1,Synthetic_3_Co5,28,20
7,gp_ucb,849.7406688000001,0.0,1,1,CC_(100%_storage)_Co10,28,20
8,gp_ucb,849.7406688000001,0.0,1,1,Periodic_D_Co2,28,20
9,gp_ucb,849.7406688000001,0.0,1,1,CC_(no_storage)_Co2,28,20
10,gp_ucb,849.7406688000001,0.0,1,1,Synthetic_2a_Co10,28,20
11,gp_ucb,849.7406688000001,0.0,1,1,Synthetic_1a_Co5,28,20
12,gp_ucb,849.7406688000001,0.0,1,1,Synthetic_1b_Co10,28,20
13,gp_ucb,849.7406688000001,0.0,1,1,Periodic_E_Co2,28,20
14,gp_ucb,849.7406688000001,0.0,1,1,CC_(no_storage)_Co5,28,20
15,gp_ucb,849.7406688000001,0.0,1,1,Periodic_D_Co5,28,20
0,random,849.7406688000001,0.0,1,1,,29,20
1,random,849.7406688000001,0.0,1,1,Drive_City1_Co10,29,20
2,random,849.7406688000001,0.0,1,1,Synthetic_1b_Co16,29,20
3,random,849.7406688000001,0.0,1,1,Drive_City1_Co16,29,20
4,random,849.7406688000001,0.0,1,1,CC_(100%_storage)_Co2,29,20
5,random,849.7406688000001,0.0,1,1,CC_(100%_storage)_Co5,29,20
6,random,849.7406688000001,0.0,1,1,Periodic_B_Co2,29,20
7,random,849.7406688000001,0.0,1,1,CC_(50%_storage)_Co2,29,20
8,random,849.7406688000001,0.0,1,1,Synthetic_1b_Co10,29,20
9,random,849.7406688000001,0.0,1,1,CC_(no_storage)_Co10,29,20
10,random,849.7406688000001,0.0,1,1,Periodic_D_Co2,29,20
11,random,849.7406688000001,0.0,1,1,Periodic_D_Co10,29,20
12,random,849.7406688000001,0.0,1,1,Drive_City2_Co16,29,20
13,random,849.7406688000001,0.0,1,1,Periodic_E_Co2,29,20
14,random,849.7406688000001,0.0,1,1,Periodic_B_Co5,29,20
15,random,849.7406688000001,0.0,1,1,CC_(no_storage)_Co5,29,20
0,greedy,849.7406688000001,0.0,1,1,,29,20
1,greedy,849.7406688000001,0.0,1,1,Synthetic_2a_Co5,29,20
2,greedy,849.7406688000001,0.0,1,1,Periodic_A_Co2,29,20
3,greedy,849.7406688000001,0.0,1,1,Synthetic_2b_Co2,29,20
4,greedy,849.7406688000001,0.0,1,1,Synthetic_2c_Co2,29,20
5,greedy,849.7406688000001,0.0,1,1,Periodic_D_Co2,29,20
6,greedy,849.7406688000001,0.0,1,1,Periodic_D_Co5,29,20
7,greedy,849.7406688000001,0.0,1,1,CC_(no_storage)_Co2,29,20
8,greedy,849.7406688000001,0.0,1,1,Synthetic_1b_Co10,29,20
9,greedy,849.7406688000001,0.0,1,1,Synthetic_1a_Co5,29,20
10,greedy,849.7406688000001,0.0,1,1,Synthetic_3_Co5,29,20
11,greedy,849.7406688000001,0.0,1,1,Periodic_B_Co2,29,20
12,greedy,849.7406688000001,0.0,1,1,Periodic_E_Co2,29,20
13,greedy,849.7406688000001,0.0,1,1,Synthetic_1b_Co16,29,20
14,greedy,849.7406688000001,0.0,1,1,Synthetic_1a_Co10,29,20
15,greedy,849.7406688000001,0.0,1,1,Synthetic_3_Co10,29,20
0,gp_ucb,849.7406688000001,0.0,1,1,,29,20
1,gp_ucb,849.7406688000001,0.0,1,1,Synthetic_2a_Co5,29,20
2,gp_ucb,849.7406688000001,0.0,1,1,Periodic_A_Co2,29,20
3,gp_ucb,849.7406688000001,0.0,1,1,Periodic_D_Co5,29,20
4,gp_ucb,849.7406688000001,0.0,1,1,Synthetic_3_Co5,29,20
5,gp_ucb,849.7406688000001,0.0,1,1,Synthetic_2b_Co2,29,20
6,gp_ucb,849.7406688000001,0.0,1,1,Synthetic_2c_Co2,29,20
7,gp_ucb,849.7406688000001,0.0,1,1,Periodic_D_Co2,29,20
8,gp_ucb,849.7406688000001,0.0,1,1,CC_(no_storage)_Co2,29,20
9,gp_ucb,849.7406688000001,0.0,1,1,Synthetic_1b_Co10,29,20
10,gp_ucb,849.7406688000001,0.0,1,1,Synthetic_1a_Co5,29,20
11,gp_ucb,849.7406688000001,0.0,1,1,Periodic_B_Co2,29,20
12,gp_ucb,849.7406688000001,0.0,1,1,Periodic_E_Co2,29,20
13,gp_ucb,849.7406688000001,0.0,1,1,Synthetic_1b_Co16,29,20
14,gp_ucb,849.7406688000001,0.0,1,1,Synthetic_1a_Co10,29,20
15,gp_ucb,849.7406688000001,0.0,1,1,Periodic_D_Co10,29,20
0,random,709.44713095,140.29353785000012,1,0,,30,20
1,random,709.44713095,140.29353785000012,1,0,CC_(5%_storage)_Co10,30,20
2,random,709.44713095,140.29353785000012,1,0,Periodic_B_Co2,30,20
3,random,709.44713095,140.29353785000012,1,0,CC_(5%_storage)_Co2,30,20
4,random,709.44713095,140.29353785000012,1,0,Synthetic_2a_Co5,30,20
5,random,709.44713095,140.29353785000012,1,0,CC_(100%_storage)_Co5,30,20
6,random,709.44713095,140.29353785000012,1,0,Synthetic_2b_Co10,30,20
7,random,709.44713095,140.29353785000012,1,0,Periodic_D_Co5,30,20
8,random,709.44713095,140.29353785000012,1,0,Periodic_B_Co10,30,20
9,random,709.44713095,140.29353785000012,1,0,Periodic_C_Co10,30,20
10,random,709.44713095,140.29353785000012,1,0,CC_(50%_storage)_Co5,30,20
11,random,709.44713095,140.29353785000012,1,0,Synthetic_2a_Co10,30,20
12,random,709.44713095,140.29353785000012,1,0,Periodic_B_Co5,30,20
13,random,709.44713095,140.29353785000012,1,0,CC_(no_storage)_Co5,30,20
14,random,709.44713095,140.29353785000012,1,0,Drive_City2_Co10,30,20
15,random,709.44713095,140.29353785000012,1,0,CC_(5%_storage)_Co5,30,20
0,greedy,709.44713095,140.29353785000012,1,0,,30,20
1,greedy,748.4312318,101.30943700000012,1,1,Synthetic_2c_Co2,30,20
2,greedy,748.4312318,101.30943700000012,1,1,Synthetic_2c_Co5,30,20
3,greedy,748.4312318,101.30943700000012,1,1,Periodic_C_Co2,30,20
4,greedy,748.4312318,101.30943700000012,1,1,CC_(no_storage)_Co5,30,20
5,greedy,849.7406688000001,0.0,1,1,Synthetic_2a_Co2,30,20
6,greedy,849.7406688000001,0.0,1,1,Synthetic_2a_Co5,30,20
7,greedy,849.7406688000001,0.0,1,1,Periodic_D_Co2,30,20
8,greedy,849.7406688000001,0.0,1,1,Synthetic_2a_Co10,30,20
9,greedy,849.7406688000001,0.0,1,1,Periodic_D_Co5,30,20
10,greedy,849.7406688000001,0.0,1,1,Synthetic_3_Co5,30,20
11,greedy,849.7406688000001,0.0,1,1,Synthetic_1a_Co5,30,20
12,greedy,849.7406688000001,0.0,1,1,Synthetic_1b_Co10,30,20
13,greedy,849.7406688000001,0.0,1,1,Periodic_A_Co2,30,20
14,greedy,849.7406688000001,0.0,1,1,Synthetic_1b_Co16,30,20
15,greedy,849.7406688000001,0.0,1,1,Periodic_B_Co2,30,20
0,gp_ucb,709.44713095,140.29353785000012,1,0,,30,20
1,gp_ucb,748.4312318,101.30943700000012,1,1,Synthetic_2c_Co2,30,20
2,gp_ucb,748.4312318,101.30943700000012,1,1,Periodic_C_Co2,30,20
3,gp_ucb,748.4312318,101.30943700000012,1,1,Synthetic_2c_Co5,30,20
4,gp_ucb,849.7406688000001,0.0,1,1,Synthetic_2a_Co2,30,20
5,gp_ucb,849.7406688000001,0.0,1,1,Synthetic_2a_Co5,30,20
6,gp_ucb,849.7406688000001,0.0,1,1,Periodic_D_Co2,30,20
7,gp_ucb,849.7406688000001,0.0,1,1,Periodic_D_Co5,30,20
8,gp_ucb,849.7406688000001,0.0,1,1,Synthetic_3_Co5,30,20
9,gp_ucb,849.7406688000001,0.0,1,1,Synthetic_2a_Co10,30,20
10,gp_ucb,849.7406688000001,0.0,1,1,Synthetic_1b_Co10,30,20
11,gp_ucb,849.7406688000001,0.0,1,1,Synthetic_1a_Co5,30,20
12,gp_ucb,849.7406688000001,0.0,1,1,CC_(no_storage)_Co5,30,20
13,gp_ucb,849.7406688000001,0.0,1,1,Periodic_A_Co2,30,20
14,gp_ucb,849.7406688000001,0.0,1,1,Periodic_B_Co2,30,20
15,gp_ucb,849.7406688000001,0.0,1,1,Periodic_E_Co2,30,20
0,random,748.4312318,101.30943700000012,1,1,,31,20
1,random,748.4312318,101.30943700000012,1,1,Periodic_D_Co2,31,20
2,random,748.4312318,101.30943700000012,1,1,Periodic_A_Co10,31,20
3,random,748.4312318,101.30943700000012,1,1,Drive_City1_Co10,31,20
4,random,748.4312318,101.30943700000012,1,1,Periodic_C_Co2,31,20
5,random,748.4312318,101.30943700000012,1,1,Synthetic_1b_Co10,31,20
6,random,748.4312318,101.30943700000012,1,1,Synthetic_2c_Co5,31,20
7,random,748.4312318,101.30943700000012,1,1,CC_(100%_storage)_Co10,31,20
8,random,748.4312318,101.30943700000012,1,1,Periodic_E_Co10,31,20
9,random,748.4312318,101.30943700000012,1,1,Periodic_E_Co2,31,20
10,random,748.4312318,101.30943700000012,1,1,Periodic_B_Co2,31,20
11,random,748.4312318,101.30943700000012,1,1,Periodic_D_Co10,31,20
12,random,748.4312318,101.30943700000012,1,1,Synthetic_1b_Co16,31,20
13,random,748.4312318,101.30943700000012,1,1,Synthetic_2b_Co2,31,20
14,random,748.4312318,101.30943700000012,1,1,Synthetic_2b_Co5,31,20
15,random,748.4312318,101.30943700000012,1,1,Synthetic_1a_Co16,31,20
0,greedy,748.4312318,101.30943700000012,1,1,,31,20
1,greedy,748.4312318,101.30943700000012,1,1,Synthetic_2b_Co2,31,20
2,greedy,849.7406688000001,0.0,1,1,Synthetic_2a_Co2,31,20
3,greedy,849.7406688000001,0.0,1,1,Periodic_C_Co2,31,20
4,greedy,849.7406688000001,0.0,1,1,Periodic_D_Co2,31,20
5,greedy,849.7406688000001,0.0,1,1,Synthetic_1a_Co5,31,20
6,greedy,849.7406688000001,0.0,1,1,Synthetic_3_Co5,31,20
7,greedy,849.7406688000001,0.0,1,1,Synthetic_1b_Co10,31,20
8,greedy,849.7406688000001,0.0,1,1,CC_(no_storage)_Co2,31,20
9,greedy,849.7406688000001,0.0,1,1,Periodic_D_Co5,31,20
10,greedy,849.7406688000001,0.0,1,1,Periodic_A_Co2,31,20
11,greedy,849.7406688000001,0.0,1,1,Synthetic_1b_Co16,31,20
12,greedy,849.7406688000001,0.0,1,1,Periodic_B_Co2,31,20
13,greedy,849.7406688000001,0.0,1,1,Periodic_E_Co2,31,20
14,greedy,849.7406688000001,0.0,1,1,Synthetic_2a_Co10,31,20
15,greedy,849.7406688000001,0.0,1,1,CC_(no_storage)_Co5,31,20
0,gp_ucb,748.4312318,101.30943700000012,1,1,,31,20
1,gp_ucb,748.4312318,101.30943700000012,1,1,Synthetic_2b_Co2,31,20
2,gp_ucb,849.7406688000001,0.0,1,1,Synthetic_2a_Co2,31,20
3,gp_ucb,849.7406688000001,0.0,1,1,Periodic_D_Co2,31,20
4,gp_ucb,849.7406688000001,0.0,1,1,CC_(no_storage)_Co2,31,20
5,gp_ucb,849.7406688000001,0.0,1,1,Periodic_C_Co2,31,20
6,gp_ucb,849.7406688000001,0.0,1,1,Synthetic_3_Co5,31,20
7,gp_ucb,849.7406688000001,0.0,1,1,Periodic_D_Co5,31,20
8,gp_ucb,849.7406688000001,0.0,1,1,Synthetic_1b_Co10,31,20
9,gp_ucb,849.7406688000001,0.0,1,1,Synthetic_1a_Co5,31,20
10,gp_ucb,849.7406688000001,0.0,1,1,Periodic_A_Co2,31,20
11,gp_ucb,849.7406688000001,0.0,1,1,CC_(5%_storage)_Co2,31,20
12,gp_ucb,849.7406688000001,0.0,1,1,Synthetic_1b_Co16,31,20
13,gp_ucb,849.7406688000001,0.0,1,1,Periodic_B_Co2,31,20
14,gp_ucb,849.7406688000001,0.0,1,1,Periodic_E_Co2,31,20
15,gp_ucb,849.7406688000001,0.0,1,1,CC_(100%_storage)_Co2,31,20
0,random,686.5946031000001,163.1460657,0,0,,32,20
1,random,686.5946031000001,163.1460657,0,0,Periodic_A_Co2,32,20
2,random,686.5946031000001,163.1460657,0,0,Periodic_D_Co10,32,20
3,random,686.5946031000001,163.1460657,0,0,Synthetic_3_Co5,32,20
4,random,686.5946031000001,163.1460657,0,0,Periodic_E_Co2,32,20
5,random,686.5946031000001,163.1460657,0,0,Drive_City1_Co16,32,20
6,random,686.5946031000001,163.1460657,0,0,Periodic_B_Co2,32,20
7,random,686.5946031000001,163.1460657,0,0,Synthetic_1a_Co16,32,20
8,random,686.5946031000001,163.1460657,0,0,Synthetic_3_Co10,32,20
9,random,686.5946031000001,163.1460657,0,0,CC_(50%_storage)_Co10,32,20
10,random,686.5946031000001,163.1460657,0,0,CC_(5%_storage)_Co2,32,20
11,random,686.5946031000001,163.1460657,0,0,Periodic_D_Co2,32,20
12,random,686.5946031000001,163.1460657,0,0,CC_(no_storage)_Co5,32,20
13,random,698.60639685,151.13427195000008,1,0,Synthetic_1b_Co10,32,20
14,random,698.60639685,151.13427195000008,1,0,CC_(5%_storage)_Co10,32,20
15,random,698.60639685,151.13427195000008,1,0,Periodic_E_Co10,32,20
0,greedy,686.5946031000001,163.1460657,0,0,,32,20
1,greedy,686.5946031000001,163.1460657,0,0,CC_(100%_storage)_Co10,32,20
2,greedy,686.5946031000001,163.1460657,0,0,Periodic_A_Co2,32,20
3,greedy,686.5946031000001,163.1460657,0,0,Periodic_B_Co2,32,20
4,greedy,849.7406688000001,0.0,1,1,Synthetic_2a_Co2,32,20
5,greedy,849.7406688000001,0.0,1,1,Synthetic_2b_Co2,32,20
6,greedy,849.7406688000001,0.0,1,1,Periodic_D_Co2,32,20
7,greedy,849.7406688000001,0.0,1,1,Synthetic_2c_Co2,32,20
8,greedy,849.7406688000001,0.0,1,1,Synthetic_3_Co5,32,20
9,greedy,849.7406688000001,0.0,1,1,Periodic_C_Co2,32,20
10,greedy,849.7406688000001,0.0,1,1,Synthetic_2c_Co5,32,20
11,greedy,849.7406688000001,0.0,1,1,Synthetic_1b_Co10,32,20
12,greedy,849.7406688000001,0.0,1,1,Synthetic_1a_Co5,32,20
13,greedy,849.7406688000001,0.0,1,1,Synthetic_2a_Co10,32,20
14,greedy,849.7406688000001,0.0,1,1,Synthetic_1b_Co16,32,20
15,greedy,849.7406688000001,0.0,1,1,Periodic_E_Co2,32,20
0,gp_ucb,686.5946031000001,163.1460657,0,0,,32,20
1,gp_ucb,686.5946031000001,163.1460657,0,0,CC_(100%_storage)_Co10,32,20
2,gp_ucb,686.5946031000001,163.1460657,0,0,CC_(100%_storage)_Co2,32,20
3,gp_ucb,849.7406688000001,0.0,1,1,Synthetic_2a_Co2,32,20
4,gp_ucb,849.7406688000001,0.0,1,1,Periodic_C_Co2,32,20
5,gp_ucb,849.7406688000001,0.0,1,1,Synthetic_2b_Co2,32,20
6,gp_ucb,849.7406688000001,0.0,1,1,Synthetic_2c_Co2,32,20
7,gp_ucb,849.7406688000001,0.0,1,1,Synthetic_3_Co5,32,20
8,gp_ucb,849.7406688000001,0.0,1,1,Periodic_D_Co2,32,20
9,gp_ucb,849.7406688000001,0.0,1,1,Synthetic_2c_Co5,32,20
10,gp_ucb,849.7406688000001,0.0,1,1,Periodic_A_Co2,32,20
11,gp_ucb,849.7406688000001,0.0,1,1,Synthetic_1b_Co10,32,20
12,gp_ucb,849.7406688000001,0.0,1,1,Synthetic_1a_Co5,32,20
13,gp_ucb,849.7406688000001,0.0,1,1,Synthetic_2a_Co10,32,20
14,gp_ucb,849.7406688000001,0.0,1,1,Periodic_B_Co2,32,20
15,gp_ucb,849.7406688000001,0.0,1,1,Periodic_E_Co2,32,20
0,random,709.44713095,140.29353785000012,1,0,,33,20
1,random,709.44713095,140.29353785000012,1,0,Synthetic_2c_Co10,33,20
2,random,709.44713095,140.29353785000012,1,0,CC_(5%_storage)_Co10,33,20
3,random,709.44713095,140.29353785000012,1,0,CC_(50%_storage)_Co10,33,20
4,random,709.44713095,140.29353785000012,1,0,Synthetic_1a_Co10,33,20
5,random,709.44713095,140.29353785000012,1,0,CC_(5%_storage)_Co2,33,20
6,random,709.44713095,140.29353785000012,1,0,Periodic_E_Co2,33,20
7,random,709.44713095,140.29353785000012,1,0,Periodic_D_Co2,33,20
8,random,709.44713095,140.29353785000012,1,0,Periodic_E_Co10,33,20
9,random,709.44713095,140.29353785000012,1,0,CC_(no_storage)_Co2,33,20
10,random,709.44713095,140.29353785000012,1,0,Synthetic_2c_Co5,33,20
11,random,709.44713095,140.29353785000012,1,0,Drive_City1_Co16,33,20
12,random,709.44713095,140.29353785000012,1,0,CC_(100%_storage)_Co5,33,20
13,random,709.44713095,140.29353785000012,1,0,Periodic_A_Co2,33,20
14,random,709.44713095,140.29353785000012,1,0,Synthetic_3_Co10,33,20
15,random,709.44713095,140.29353785000012,1,0,Synthetic_2b_Co5,33,20
0,greedy,709.44713095,140.29353785000012,1,0,,33,20
1,greedy,709.44713095,140.29353785000012,1,0,Periodic_A_Co2,33,20
2,greedy,849.7406688000001,0.0,1,1,Synthetic_2a_Co2,33,20
3,greedy,849.7406688000001,0.0,1,1,Synthetic_2a_Co5,33,20
4,greedy,849.7406688000001,0.0,1,1,Synthetic_1a_Co5,33,20
5,greedy,849.7406688000001,0.0,1,1,Synthetic_1a_Co10,33,20
6,greedy,849.7406688000001,0.0,1,1,Synthetic_3_Co5,33,20
7,greedy,849.7406688000001,0.0,1,1,Synthetic_2c_Co2,33,20
8,greedy,849.7406688000001,0.0,1,1,Periodic_C_Co2,33,20
9,greedy,849.7406688000001,0.0,1,1,Synthetic_1b_Co10,33,20
10,greedy,849.7406688000001,0.0,1,1,CC_(5%_storage)_Co2,33,20
11,greedy,849.7406688000001,0.0,1,1,Synthetic_2c_Co5,33,20
12,greedy,849.7406688000001,0.0,1,1,CC_(no_storage)_Co2,33,20
13,greedy,849.7406688000001,0.0,1,1,Periodic_B_Co2,33,20
14,greedy,849.7406688000001,0.0,1,1,Periodic_E_Co2,33,20
15,greedy,849.7406688000001,0.0,1,1,Synthetic_1b_Co16,33,20
0,gp_ucb,709.44713095,140.29353785000012,1,0,,33,20
1,gp_ucb,849.7406688000001,0.0,1,1,Synthetic_2a_Co2,33,20
2,gp_ucb,849.7406688000001,0.0,1,1,Synthetic_2a_Co5,33,20
3,gp_ucb,849.7406688000001,0.0,1,1,Synthetic_1a_Co5,33,20
4,gp_ucb,849.7406688000001,0.0,1,1,Periodic_C_Co2,33,20
5,gp_ucb,849.7406688000001,0.0,1,1,Synthetic_2c_Co2,33,20
6,gp_ucb,849.7406688000001,0.0,1,1,Synthetic_1b_Co10,33,20
7,gp_ucb,849.7406688000001,0.0,1,1,CC_(no_storage)_Co2,33,20
8,gp_ucb,849.7406688000001,0.0,1,1,Synthetic_3_Co5,33,20
9,gp_ucb,849.7406688000001,0.0,1,1,Synthetic_2c_Co5,33,20
10,gp_ucb,849.7406688000001,0.0,1,1,CC_(5%_storage)_Co2,33,20
11,gp_ucb,849.7406688000001,0.0,1,1,Periodic_A_Co2,33,20
12,gp_ucb,849.7406688000001,0.0,1,1,Periodic_D_Co2,33,20
13,gp_ucb,849.7406688000001,0.0,1,1,CC_(100%_storage)_Co2,33,20
14,gp_ucb,849.7406688000001,0.0,1,1,Synthetic_1a_Co10,33,20
15,gp_ucb,849.7406688000001,0.0,1,1,Periodic_B_Co2,33,20
0,random,748.4312318,101.30943700000012,1,1,,34,20
1,random,748.4312318,101.30943700000012,1,1,Periodic_B_Co2,34,20
2,random,748.4312318,101.30943700000012,1,1,CC_(100%_storage)_Co5,34,20
3,random,748.4312318,101.30943700000012,1,1,Drive_City2_Co10,34,20
4,random,748.4312318,101.30943700000012,1,1,Synthetic_1b_Co16,34,20
5,random,748.4312318,101.30943700000012,1,1,Synthetic_1a_Co16,34,20
6,random,748.4312318,101.30943700000012,1,1,Synthetic_1b_Co10,34,20
7,random,748.4312318,101.30943700000012,1,1,Drive_City2_Co16,34,20
8,random,748.4312318,101.30943700000012,1,1,CC_(100%_storage)_Co10,34,20
9,random,748.4312318,101.30943700000012,1,1,Periodic_B_Co5,34,20
10,random,748.4312318,101.30943700000012,1,1,CC_(5%_storage)_Co10,34,20
11,random,748.4312318,101.30943700000012,1,1,Synthetic_3_Co5,34,20
12,random,748.4312318,101.30943700000012,1,1,Synthetic_1a_Co5,34,20
13,random,748.4312318,101.30943700000012,1,1,Periodic_C_Co2,34,20
14,random,748.4312318,101.30943700000012,1,1,Synthetic_3_Co10,34,20
15,random,748.4312318,101.30943700000012,1,1,Synthetic_1a_Co10,34,20
0,greedy,748.4312318,101.30943700000012,1,1,,34,20
1,greedy,748.4312318,101.30943700000012,1,1,Synthetic_2b_Co2,34,20
2,greedy,748.4312318,101.30943700000012,1,1,Periodic_C_Co2,34,20
3,greedy,849.7406688000001,0.0,1,1,Synthetic_2a_Co2,34,20
4,greedy,849.7406688000001,0.0,1,1,Synthetic_1a_Co5,34,20
5,greedy,849.7406688000001,0.0,1,1,Synthetic_3_Co5,34,20
6,greedy,849.7406688000001,0.0,1,1,Synthetic_1b_Co10,34,20
7,greedy,849.7406688000001,0.0,1,1,CC_(no_storage)_Co2,34,20
8,greedy,849.7406688000001,0.0,1,1,Periodic_D_Co5,34,20
9,greedy,849.7406688000001,0.0,1,1,Synthetic_2a_Co5,34,20
10,greedy,849.7406688000001,0.0,1,1,Synthetic_1b_Co16,34,20
11,greedy,849.7406688000001,0.0,1,1,Periodic_A_Co2,34,20
12,greedy,849.7406688000001,0.0,1,1,Synthetic_2c_Co5,34,20
13,greedy,849.7406688000001,0.0,1,1,Periodic_B_Co2,34,20
14,greedy,849.7406688000001,0.0,1,1,Periodic_E_Co2,34,20
15,greedy,849.7406688000001,0.0,1,1,CC_(no_storage)_Co5,34,20
0,gp_ucb,748.4312318,101.30943700000012,1,1,,34,20
1,gp_ucb,748.4312318,101.30943700000012,1,1,Synthetic_2b_Co2,34,20
2,gp_ucb,748.4312318,101.30943700000012,1,1,Periodic_C_Co2,34,20
3,gp_ucb,849.7406688000001,0.0,1,1,Synthetic_2a_Co2,34,20
4,gp_ucb,849.7406688000001,0.0,1,1,Synthetic_1a_Co5,34,20
5,gp_ucb,849.7406688000001,0.0,1,1,CC_(no_storage)_Co2,34,20
6,gp_ucb,849.7406688000001,0.0,1,1,Synthetic_3_Co5,34,20
7,gp_ucb,849.7406688000001,0.0,1,1,Periodic_D_Co5,34,20
8,gp_ucb,849.7406688000001,0.0,1,1,CC_(100%_storage)_Co2,34,20
9,gp_ucb,849.7406688000001,0.0,1,1,Synthetic_1b_Co10,34,20
10,gp_ucb,849.7406688000001,0.0,1,1,Synthetic_2a_Co5,34,20
11,gp_ucb,849.7406688000001,0.0,1,1,Synthetic_2c_Co5,34,20
12,gp_ucb,849.7406688000001,0.0,1,1,CC_(5%_storage)_Co2,34,20
13,gp_ucb,849.7406688000001,0.0,1,1,Periodic_A_Co2,34,20
14,gp_ucb,849.7406688000001,0.0,1,1,Synthetic_1b_Co16,34,20
15,gp_ucb,849.7406688000001,0.0,1,1,Periodic_B_Co2,34,20
0,random,647.8371267499999,201.90354205000017,0,0,,35,20
1,random,647.8371267499999,201.90354205000017,0,0,Drive_City1_Co16,35,20
2,random,647.8371267499999,201.90354205000017,0,0,CC_(50%_storage)_Co10,35,20
3,random,647.8371267499999,201.90354205000017,0,0,Periodic_A_Co10,35,20
4,random,686.5946031000001,163.1460657,0,0,Synthetic_2a_Co5,35,20
5,random,849.7406688000001,0.0,1,1,Synthetic_2a_Co2,35,20
6,random,849.7406688000001,0.0,1,1,Synthetic_1a_Co10,35,20
7,random,849.7406688000001,0.0,1,1,Periodic_C_Co10,35,20
8,random,849.7406688000001,0.0,1,1,CC_(100%_storage)_Co2,35,20
9,random,849.7406688000001,0.0,1,1,Periodic_E_Co2,35,20
10,random,849.7406688000001,0.0,1,1,Synthetic_1a_Co16,35,20
11,random,849.7406688000001,0.0,1,1,Synthetic_1b_Co10,35,20
12,random,849.7406688000001,0.0,1,1,Periodic_B_Co5,35,20
13,random,849.7406688000001,0.0,1,1,CC_(100%_storage)_Co5,35,20
14,random,849.7406688000001,0.0,1,1,Periodic_D_Co10,35,20
15,random,849.7406688000001,0.0,1,1,CC_(5%_storage)_Co5,35,20
0,greedy,647.8371267499999,201.90354205000017,0,0,,35,20
1,greedy,647.8371267499999,201.90354205000017,0,0,Periodic_E_Co2,35,20
2,greedy,647.8371267499999,201.90354205000017,0,0,Periodic_C_Co2,35,20
3,greedy,647.8371267499999,201.90354205000017,0,0,Periodic_B_Co2,35,20
4,greedy,647.8371267499999,201.90354205000017,0,0,Periodic_C_Co5,35,20
5,greedy,647.8371267499999,201.90354205000017,0,0,Periodic_B_Co5,35,20
6,greedy,709.4786504,140.2620184000001,1,1,Synthetic_1a_Co5,35,20
7,greedy,709.4786504,140.2620184000001,1,1,Synthetic_1a_Co10,35,20
8,greedy,849.7406688000001,0.0,1,1,Synthetic_2a_Co2,35,20
9,greedy,849.7406688000001,0.0,1,1,Synthetic_2a_Co5,35,20
10,greedy,849.7406688000001,0.0,1,1,Periodic_D_Co5,35,20
11,greedy,849.7406688000001,0.0,1,1,Synthetic_2b_Co2,35,20
12,greedy,849.7406688000001,0.0,1,1,Synthetic_2c_Co2,35,20
13,greedy,849.7406688000001,0.0,1,1,Synthetic_2c_Co5,35,20
14,greedy,849.7406688000001,0.0,1,1,CC_(no_storage)_Co2,35,20
15,greedy,849.7406688000001,0.0,1,1,Periodic_D_Co2,35,20
0,gp_ucb,647.8371267499999,201.90354205000017,0,0,,35,20
1,gp_ucb,647.8371267499999,201.90354205000017,0,0,Periodic_C_Co2,35,20
2,gp_ucb,647.8371267499999,201.90354205000017,0,0,Periodic_B_Co2,35,20
3,gp_ucb,647.8371267499999,201.90354205000017,0,0,Periodic_C_Co5,35,20
4,gp_ucb,647.8371267499999,201.90354205000017,0,0,Periodic_A_Co5,35,20
5,gp_ucb,709.4786504,140.2620184000001,1,1,Synthetic_1a_Co5,35,20
6,gp_ucb,849.7406688000001,0.0,1,1,Synthetic_2a_Co2,35,20
7,gp_ucb,849.7406688000001,0.0,1,1,Synthetic_2a_Co5,35,20
8,gp_ucb,849.7406688000001,0.0,1,1,Periodic_D_Co5,35,20
9,gp_ucb,849.7406688000001,0.0,1,1,Synthetic_2b_Co2,35,20
10,gp_ucb,849.7406688000001,0.0,1,1,Synthetic_2c_Co2,35,20
11,gp_ucb,849.7406688000001,0.0,1,1,CC_(no_storage)_Co2,35,20
12,gp_ucb,849.7406688000001,0.0,1,1,Synthetic_2c_Co5,35,20
13,gp_ucb,849.7406688000001,0.0,1,1,CC_(100%_storage)_Co2,35,20
14,gp_ucb,849.7406688000001,0.0,1,1,Periodic_D_Co2,35,20
15,gp_ucb,849.7406688000001,0.0,1,1,Synthetic_1b_Co10,35,20
0,random,544.5463473,305.1943215000001,0,0,,36,20
1,random,544.5463473,305.1943215000001,0,0,CC_(50%_storage)_Co5,36,20
2,random,588.65270775,261.0879610500001,0,0,Synthetic_3_Co10,36,20
3,random,588.65270775,261.0879610500001,0,0,Periodic_C_Co10,36,20
4,random,644.5142754,205.22639340000012,0,0,Periodic_B_Co2,36,20
5,random,644.5142754,205.22639340000012,0,0,Periodic_A_Co5,36,20
6,random,684.419574,165.32109480000008,0,0,Periodic_D_Co2,36,20
7,random,698.60639685,151.13427195000008,1,0,Synthetic_1b_Co10,36,20
8,random,698.60639685,151.13427195000008,1,0,CC_(no_storage)_Co5,36,20
9,random,698.60639685,151.13427195000008,1,0,Drive_City2_Co16,36,20
10,random,698.60639685,151.13427195000008,1,0,Periodic_D_Co10,36,20
11,random,698.60639685,151.13427195000008,1,0,Periodic_D_Co5,36,20
12,random,698.60639685,151.13427195000008,1,0,Synthetic_2b_Co5,36,20
13,random,849.7406688000001,0.0,1,1,Synthetic_2a_Co2,36,20
14,random,849.7406688000001,0.0,1,1,CC_(5%_storage)_Co5,36,20
15,random,849.7406688000001,0.0,1,1,Synthetic_2b_Co2,36,20
0,greedy,544.5463473,305.1943215000001,0,0,,36,20
1,greedy,544.5463473,305.1943215000001,0,0,Synthetic_1b_Co16,36,20
2,greedy,588.65270775,261.0879610500001,0,0,Synthetic_3_Co10,36,20
3,greedy,698.60639685,151.13427195000008,1,0,Synthetic_1b_Co10,36,20
4,greedy,709.4786504,140.2620184000001,1,1,Synthetic_1a_Co5,36,20
5,greedy,709.4786504,140.2620184000001,1,1,Synthetic_3_Co5,36,20
6,greedy,849.7406688000001,0.0,1,1,Synthetic_2a_Co2,36,20
7,greedy,849.7406688000001,0.0,1,1,Periodic_C_Co2,36,20
8,greedy,849.7406688000001,0.0,1,1,Synthetic_2a_Co5,36,20
9,greedy,849.7406688000001,0.0,1,1,Periodic_D_Co2,36,20
10,greedy,849.7406688000001,0.0,1,1,Synthetic_2b_Co2,36,20
11,greedy,849.7406688000001,0.0,1,1,Synthetic_2c_Co2,36,20
12,greedy,849.7406688000001,0.0,1,1,Periodic_D_Co5,36,20
13,greedy,849.7406688000001,0.0,1,1,Periodic_A_Co2,36,20
14,greedy,849.7406688000001,0.0,1,1,CC_(no_storage)_Co2,36,20
15,greedy,849.7406688000001,0.0,1,1,Synthetic_2c_Co5,36,20
0,gp_ucb,544.5463473,305.1943215000001,0,0,,36,20
1,gp_ucb,588.65270775,261.0879610500001,0,0,Synthetic_3_Co10,36,20
2,gp_ucb,698.60639685,151.13427195000008,1,0,Synthetic_1b_Co10,36,20
3,gp_ucb,709.4786504,140.2620184000001,1,1,Synthetic_1a_Co5,36,20
4,gp_ucb,849.7406688000001,0.0,1,1,Synthetic_2a_Co2,36,20
5,gp_ucb,849.7406688000001,0.0,1,1,Periodic_D_Co2,36,20
6,gp_ucb,849.7406688000001,0.0,1,1,Synthetic_2c_Co2,36,20
7,gp_ucb,849.7406688000001,0.0,1,1,Periodic_C_Co2,36,20
8,gp_ucb,849.7406688000001,0.0,1,1,Synthetic_2b_Co2,36,20
9,gp_ucb,849.7406688000001,0.0,1,1,CC_(no_storage)_Co2,36,20
10,gp_ucb,849.7406688000001,0.0,1,1,Periodic_D_Co5,36,20
11,gp_ucb,849.7406688000001,0.0,1,1,Synthetic_3_Co5,36,20
12,gp_ucb,849.7406688000001,0.0,1,1,Synthetic_2a_Co5,36,20
13,gp_ucb,849.7406688000001,0.0,1,1,Synthetic_2c_Co5,36,20
14,gp_ucb,849.7406688000001,0.0,1,1,Periodic_A_Co2,36,20
15,gp_ucb,849.7406688000001,0.0,1,1,CC_(5%_storage)_Co2,36,20
0,random,748.4312318,101.30943700000012,1,1,,37,20
1,random,748.4312318,101.30943700000012,1,1,Synthetic_2a_Co5,37,20
2,random,748.4312318,101.30943700000012,1,1,Synthetic_2b_Co2,37,20
3,random,748.4312318,101.30943700000012,1,1,Synthetic_1a_Co5,37,20
4,random,748.4312318,101.30943700000012,1,1,Drive_City1_Co10,37,20
5,random,748.4312318,101.30943700000012,1,1,CC_(5%_storage)_Co5,37,20
6,random,748.4312318,101.30943700000012,1,1,Synthetic_2b_Co5,37,20
7,random,748.4312318,101.30943700000012,1,1,CC_(no_storage)_Co10,37,20
8,random,748.4312318,101.30943700000012,1,1,CC_(5%_storage)_Co2,37,20
9,random,748.4312318,101.30943700000012,1,1,Periodic_C_Co5,37,20
10,random,748.4312318,101.30943700000012,1,1,Synthetic_1a_Co10,37,20
11,random,748.4312318,101.30943700000012,1,1,Periodic_D_Co5,37,20
12,random,748.4312318,101.30943700000012,1,1,CC_(100%_storage)_Co2,37,20
13,random,748.4312318,101.30943700000012,1,1,Periodic_B_Co10,37,20
14,random,748.4312318,101.30943700000012,1,1,Periodic_D_Co2,37,20
15,random,748.4312318,101.30943700000012,1,1,CC_(no_storage)_Co5,37,20
0,greedy,748.4312318,101.30943700000012,1,1,,37,20
1,greedy,748.4312318,101.30943700000012,1,1,Periodic_B_Co2,37,20
2,greedy,748.4312318,101.30943700000012,1,1,Synthetic_1a_Co5,37,20
3,greedy,748.4312318,101.30943700000012,1,1,Periodic_C_Co2,37,20
4,greedy,748.4312318,101.30943700000012,1,1,Synthetic_2b_Co2,37,20
5,greedy,748.4312318,101.30943700000012,1,1,Synthetic_3_Co5,37,20
6,greedy,849.7406688000001,0.0,1,1,Synthetic_2a_Co2,37,20
7,greedy,849.7406688000001,0.0,1,1,Synthetic_2a_Co5,37,20
8,greedy,849.7406688000001,0.0,1,1,CC_(no_storage)_Co2,37,20
9,greedy,849.7406688000001,0.0,1,1,Synthetic_2c_Co5,37,20
10,greedy,849.7406688000001,0.0,1,1,Periodic_E_Co2,37,20
11,greedy,849.7406688000001,0.0,1,1,Synthetic_1b_Co10,37,20
12,greedy,849.7406688000001,0.0,1,1,CC_(5%_storage)_Co2,37,20
13,greedy,849.7406688000001,0.0,1,1,Periodic_D_Co2,37,20
14,greedy,849.7406688000001,0.0,1,1,Synthetic_1a_Co10,37,20
15,greedy,849.7406688000001,0.0,1,1,CC_(no_storage)_Co5,37,20
0,gp_ucb,748.4312318,101.30943700000012,1,1,,37,20
1,gp_ucb,748.4312318,101.30943700000012,1,1,Periodic_B_Co2,37,20
2,gp_ucb,748.4312318,101.30943700000012,1,1,Synthetic_1a_Co5,37,20
3,gp_ucb,849.7406688000001,0.0,1,1,Synthetic_2a_Co2,37,20
4,gp_ucb,849.7406688000001,0.0,1,1,Synthetic_3_Co5,37,20
5,gp_ucb,849.7406688000001,0.0,1,1,CC_(no_storage)_Co2,37,20
6,gp_ucb,849.7406688000001,0.0,1,1,Synthetic_2b_Co2,37,20
7,gp_ucb,849.7406688000001,0.0,1,1,Periodic_C_Co2,37,20
8,gp_ucb,849.7406688000001,0.0,1,1,Synthetic_2a_Co5,37,20
9,gp_ucb,849.7406688000001,0.0,1,1,Synthetic_2c_Co5,37,20
10,gp_ucb,849.7406688000001,0.0,1,1,CC_(100%_storage)_Co2,37,20
11,gp_ucb,849.7406688000001,0.0,1,1,Periodic_D_Co2,37,20
12,gp_ucb,849.7406688000001,0.0,1,1,Synthetic_1b_Co10,37,20
13,gp_ucb,849.7406688000001,0.0,1,1,CC_(5%_storage)_Co2,37,20
14,gp_ucb,849.7406688000001,0.0,1,1,Periodic_E_Co2,37,20
15,gp_ucb,849.7406688000001,0.0,1,1,Synthetic_2a_Co10,37,20
0,random,637.38784285,212.35282595000012,0,0,,38,20
1,random,637.38784285,212.35282595000012,0,0,Synthetic_2c_Co5,38,20
2,random,637.38784285,212.35282595000012,0,0,Synthetic_1a_Co16,38,20
3,random,637.38784285,212.35282595000012,0,0,Drive_City2_Co16,38,20
4,random,647.8371267499999,201.90354205000017,0,0,Synthetic_3_Co5,38,20
5,random,698.60639685,151.13427195000008,1,0,Synthetic_1b_Co10,38,20
6,random,698.60639685,151.13427195000008,1,0,CC_(no_storage)_Co10,38,20
7,random,698.60639685,151.13427195000008,1,0,CC_(5%_storage)_Co5,38,20
8,random,698.60639685,151.13427195000008,1,0,CC_(100%_storage)_Co10,38,20
9,random,698.60639685,151.13427195000008,1,0,Synthetic_3_Co10,38,20
10,random,698.60639685,151.13427195000008,1,0,Synthetic_2b_Co10,38,20
11,random,698.60639685,151.13427195000008,1,0,CC_(50%_storage)_Co5,38,20
12,random,698.60639685,151.13427195000008,1,0,Periodic_D_Co10,38,20
13,random,698.60639685,151.13427195000008,1,0,CC_(100%_storage)_Co5,38,20
14,random,698.60639685,151.13427195000008,1,0,Periodic_C_Co5,38,20
15,random,698.60639685,151.13427195000008,1,0,Periodic_D_Co5,38,20
0,greedy,637.38784285,212.35282595000012,0,0,,38,20
1,greedy,644.5142754,205.22639340000012,0,0,Periodic_B_Co2,38,20
2,greedy,644.5142754,205.22639340000012,0,0,Periodic_E_Co2,38,20
3,greedy,644.5142754,205.22639340000012,0,0,Periodic_C_Co2,38,20
4,greedy,644.5142754,205.22639340000012,0,0,CC_(5%_storage)_Co5,38,20
5,greedy,644.5142754,205.22639340000012,0,0,Periodic_C_Co5,38,20
6,greedy,644.5142754,205.22639340000012,0,0,Periodic_E_Co5,38,20
7,greedy,709.4786504,140.2620184000001,1,1,Synthetic_1a_Co5,38,20
8,greedy,709.4786504,140.2620184000001,1,1,Synthetic_3_Co5,38,20
9,greedy,709.4786504,140.2620184000001,1,1,Synthetic_1a_Co10,38,20
10,greedy,849.7406688000001,0.0,1,1,Synthetic_2a_Co2,38,20
11,greedy,849.7406688000001,0.0,1,1,Synthetic_2a_Co5,38,20
12,greedy,849.7406688000001,0.0,1,1,Synthetic_1b_Co10,38,20
13,greedy,849.7406688000001,0.0,1,1,Periodic_D_Co2,38,20
14,greedy,849.7406688000001,0.0,1,1,Periodic_D_Co5,38,20
15,greedy,849.7406688000001,0.0,1,1,Synthetic_2b_Co2,38,20
0,gp_ucb,637.38784285,212.35282595000012,0,0,,38,20
1,gp_ucb,644.5142754,205.22639340000012,0,0,Periodic_B_Co2,38,20
2,gp_ucb,644.5142754,205.22639340000012,0,0,Periodic_E_Co2,38,20
3,gp_ucb,644.5142754,205.22639340000012,0,0,Periodic_C_Co2,38,20
4,gp_ucb,644.5142754,205.22639340000012,0,0,CC_(no_storage)_Co2,38,20
5,gp_ucb,644.5142754,205.22639340000012,0,0,CC_(no_storage)_Co5,38,20
6,gp_ucb,849.7406688000001,0.0,1,1,Synthetic_2a_Co2,38,20
7,gp_ucb,849.7406688000001,0.0,1,1,Synthetic_2a_Co5,38,20
8,gp_ucb,849.7406688000001,0.0,1,1,Periodic_D_Co5,38,20
9,gp_ucb,849.7406688000001,0.0,1,1,Synthetic_3_Co5,38,20
10,gp_ucb,849.7406688000001,0.0,1,1,Synthetic_2b_Co2,38,20
11,gp_ucb,849.7406688000001,0.0,1,1,Synthetic_2c_Co2,38,20
12,gp_ucb,849.7406688000001,0.0,1,1,Synthetic_2c_Co5,38,20
13,gp_ucb,849.7406688000001,0.0,1,1,Periodic_D_Co2,38,20
14,gp_ucb,849.7406688000001,0.0,1,1,CC_(100%_storage)_Co2,38,20
15,gp_ucb,849.7406688000001,0.0,1,1,Synthetic_1a_Co5,38,20
0,random,686.5946031000001,163.1460657,0,0,,39,20
1,random,686.5946031000001,163.1460657,0,0,Synthetic_2b_Co10,39,20
2,random,686.5946031000001,163.1460657,0,0,Periodic_D_Co5,39,20
3,random,686.5946031000001,163.1460657,0,0,CC_(50%_storage)_Co5,39,20
4,random,686.5946031000001,163.1460657,0,0,Synthetic_2b_Co5,39,20
5,random,686.5946031000001,163.1460657,0,0,Periodic_B_Co10,39,20
6,random,686.5946031000001,163.1460657,0,0,Synthetic_1b_Co16,39,20
7,random,686.5946031000001,163.1460657,0,0,Periodic_A_Co10,39,20
8,random,698.60639685,151.13427195000008,1,0,Synthetic_1b_Co10,39,20
9,random,698.60639685,151.13427195000008,1,0,Periodic_C_Co2,39,20
10,random,698.60639685,151.13427195000008,1,0,Drive_City1_Co10,39,20
11,random,698.60639685,151.13427195000008,1,0,CC_(100%_storage)_Co5,39,20
12,random,709.4786504,140.2620184000001,1,1,Synthetic_1a_Co5,39,20
13,random,709.4786504,140.2620184000001,1,1,Drive_City1_Co16,39,20
14,random,709.4786504,140.2620184000001,1,1,CC_(100%_storage)_Co10,39,20
15,random,709.4786504,140.2620184000001,1,1,CC_(5%_storage)_Co10,39,20
0,greedy,686.5946031000001,163.1460657,0,0,,39,20
1,greedy,686.5946031000001,163.1460657,0,0,CC_(100%_storage)_Co10,39,20
2,greedy,709.4786504,140.2620184000001,1,1,Synthetic_1a_Co5,39,20
3,greedy,849.7406688000001,0.0,1,1,Synthetic_2a_Co2,39,20
4,greedy,849.7406688000001,0.0,1,1,Periodic_C_Co2,39,20
5,greedy,849.7406688000001,0.0,1,1,Synthetic_3_Co5,39,20
6,greedy,849.7406688000001,0.0,1,1,Synthetic_1b_Co10,39,20
7,greedy,849.7406688000001,0.0,1,1,Periodic_D_Co2,39,20
8,greedy,849.7406688000001,0.0,1,1,Synthetic_2b_Co2,39,20
9,greedy,849.7406688000001,0.0,1,1,Synthetic_2c_Co2,39,20
10,greedy,849.7406688000001,0.0,1,1,Periodic_D_Co5,39,20
11,greedy,849.7406688000001,0.0,1,1,CC_(no_storage)_Co2,39,20
12,greedy,849.7406688000001,0.0,1,1,Periodic_A_Co2,39,20
13,greedy,849.7406688000001,0.0,1,1,Synthetic_1b_Co16,39,20
14,greedy,849.7406688000001,0.0,1,1,Periodic_B_Co2,39,20
15,greedy,849.7406688000001,0.0,1,1,Periodic_E_Co2,39,20
0,gp_ucb,686.5946031000001,163.1460657,0,0,,39,20
1,gp_ucb,686.5946031000001,163.1460657,0,0,Synthetic_1a_Co10,39,20
2,gp_ucb,686.5946031000001,163.1460657,0,0,Periodic_A_Co5,39,20
3,gp_ucb,698.60639685,151.13427195000008,1,0,Synthetic_1b_Co10,39,20
4,gp_ucb,698.60639685,151.13427195000008,1,0,Synthetic_3_Co5,39,20
5,gp_ucb,849.7406688000001,0.0,1,1,Synthetic_2a_Co2,39,20
6,gp_ucb,849.7406688000001,0.0,1,1,Periodic_D_Co2,39,20
7,gp_ucb,849.7406688000001,0.0,1,1,Synthetic_2b_Co2,39,20
8,gp_ucb,849.7406688000001,0.0,1,1,Periodic_C_Co2,39,20
9,gp_ucb,849.7406688000001,0.0,1,1,CC_(no_storage)_Co2,39,20
10,gp_ucb,849.7406688000001,0.0,1,1,Synthetic_2c_Co2,39,20
11,gp_ucb,849.7406688000001,0.0,1,1,Periodic_D_Co5,39,20
12,gp_ucb,849.7406688000001,0.0,1,1,Periodic_A_Co2,39,20
13,gp_ucb,849.7406688000001,0.0,1,1,Synthetic_1a_Co5,39,20
14,gp_ucb,849.7406688000001,0.0,1,1,Synthetic_1b_Co16,39,20
15,gp_ucb,849.7406688000001,0.0,1,1,Periodic_B_Co2,39,20
0,random,598.26613535,251.47453345000008,0,0,,40,20
1,random,644.0552158,205.68545300000005,0,0,Periodic_E_Co2,40,20
2,random,644.0552158,205.68545300000005,0,0,Synthetic_1a_Co16,40,20
3,random,644.0552158,205.68545300000005,0,0,Synthetic_2c_Co5,40,20
4,random,644.0552158,205.68545300000005,0,0,Periodic_E_Co10,40,20
5,random,647.8371267499999,201.90354205000017,0,0,Synthetic_3_Co5,40,20
6,random,647.8371267499999,201.90354205000017,0,0,CC_(100%_storage)_Co2,40,20
7,random,647.8371267499999,201.90354205000017,0,0,CC_(5%_storage)_Co5,40,20
8,random,647.8371267499999,201.90354205000017,0,0,CC_(no_storage)_Co5,40,20
9,random,647.8371267499999,201.90354205000017,0,0,CC_(100%_storage)_Co5,40,20
10,random,647.8371267499999,201.90354205000017,0,0,Synthetic_3_Co10,40,20
11,random,698.60639685,151.13427195000008,1,0,Synthetic_1b_Co10,40,20
12,random,698.60639685,151.13427195000008,1,0,Periodic_C_Co5,40,20
13,random,698.60639685,151.13427195000008,1,0,CC_(50%_storage)_Co2,40,20
14,random,698.60639685,151.13427195000008,1,0,Periodic_D_Co5,40,20
15,random,748.4312318,101.30943700000012,1,1,Synthetic_2c_Co2,40,20
0,greedy,598.26613535,251.47453345000008,0,0,,40,20
1,greedy,598.26613535,251.47453345000008,0,0,CC_(50%_storage)_Co2,40,20
2,greedy,598.26613535,251.47453345000008,0,0,CC_(100%_storage)_Co10,40,20
3,greedy,598.26613535,251.47453345000008,0,0,Drive_City1_Co10,40,20
4,greedy,598.26613535,251.47453345000008,0,0,CC_(5%_storage)_Co5,40,20
5,greedy,598.26613535,251.47453345000008,0,0,Drive_City2_Co10,40,20
6,greedy,698.60639685,151.13427195000008,1,0,Synthetic_1b_Co10,40,20
7,greedy,698.60639685,151.13427195000008,1,0,Synthetic_1a_Co10,40,20
8,greedy,709.4786504,140.2620184000001,1,1,Synthetic_1a_Co5,40,20
9,greedy,709.4786504,140.2620184000001,1,1,Synthetic_3_Co5,40,20
10,greedy,709.4786504,140.2620184000001,1,1,CC_(no_storage)_Co5,40,20
11,greedy,849.7406688000001,0.0,1,1,Synthetic_2a_Co2,40,20
12,greedy,849.7406688000001,0.0,1,1,Periodic_C_Co2,40,20
13,greedy,849.7406688000001,0.0,1,1,Synthetic_2a_Co5,40,20
14,greedy,849.7406688000001,0.0,1,1,Periodic_A_Co2,40,20
15,greedy,849.7406688000001,0.0,1,1,Periodic_D_Co2,40,20
0,gp_ucb,598.26613535,251.47453345000008,0,0,,40,20
1,gp_ucb,598.26613535,251.47453345000008,0,0,CC_(100%_storage)_Co10,40,20
2,gp_ucb,598.26613535,251.47453345000008,0,0,CC_(50%_storage)_Co2,40,20
3,gp_ucb,598.26613535,251.47453345000008,0,0,CC_(5%_storage)_Co5,40,20
4,gp_ucb,598.26613535,251.47453345000008,0,0,Drive_City1_Co10,40,20
5,gp_ucb,698.60639685,151.13427195000008,1,0,Synthetic_1b_Co10,40,20
6,gp_ucb,709.4786504,140.2620184000001,1,1,Synthetic_1a_Co5,40,20
7,gp_ucb,709.4786504,140.2620184000001,1,1,Synthetic_3_Co5,40,20
8,gp_ucb,849.7406688000001,0.0,1,1,Synthetic_2a_Co2,40,20
9,gp_ucb,849.7406688000001,0.0,1,1,Periodic_D_Co2,40,20
10,gp_ucb,849.7406688000001,0.0,1,1,Synthetic_2c_Co2,40,20
11,gp_ucb,849.7406688000001,0.0,1,1,Synthetic_2b_Co2,40,20
12,gp_ucb,849.7406688000001,0.0,1,1,Periodic_C_Co2,40,20
13,gp_ucb,849.7406688000001,0.0,1,1,Synthetic_2a_Co5,40,20
14,gp_ucb,849.7406688000001,0.0,1,1,Periodic_D_Co5,40,20
15,gp_ucb,849.7406688000001,0.0,1,1,Synthetic_2c_Co5,40,20
0,random,849.7406688000001,0.0,1,1,,41,20
1,random,849.7406688000001,0.0,1,1,Periodic_C_Co5,41,20
2,random,849.7406688000001,0.0,1,1,Periodic_D_Co5,41,20
3,random,849.7406688000001,0.0,1,1,Synthetic_2a_Co10,41,20
4,random,849.7406688000001,0.0,1,1,Synthetic_2b_Co2,41,20
5,random,849.7406688000001,0.0,1,1,CC_(5%_storage)_Co5,41,20
6,random,849.7406688000001,0.0,1,1,CC_(5%_storage)_Co2,41,20
7,random,849.7406688000001,0.0,1,1,Synthetic_1a_Co5,41,20
8,random,849.7406688000001,0.0,1,1,Periodic_E_Co10,41,20
9,random,849.7406688000001,0.0,1,1,Synthetic_1a_Co10,41,20
10,random,849.7406688000001,0.0,1,1,Periodic_D_Co2,41,20
11,random,849.7406688000001,0.0,1,1,Synthetic_2c_Co5,41,20
12,random,849.7406688000001,0.0,1,1,Synthetic_2a_Co5,41,20
13,random,849.7406688000001,0.0,1,1,Periodic_A_Co10,41,20
14,random,849.7406688000001,0.0,1,1,Drive_City1_Co10,41,20
15,random,849.7406688000001,0.0,1,1,CC_(50%_storage)_Co2,41,20
0,greedy,849.7406688000001,0.0,1,1,,41,20
1,greedy,849.7406688000001,0.0,1,1,Periodic_A_Co2,41,20
2,greedy,849.7406688000001,0.0,1,1,Synthetic_2a_Co5,41,20
3,greedy,849.7406688000001,0.0,1,1,Synthetic_3_Co5,41,20
4,greedy,849.7406688000001,0.0,1,1,Periodic_D_Co2,41,20
5,greedy,849.7406688000001,0.0,1,1,Periodic_C_Co2,41,20
6,greedy,849.7406688000001,0.0,1,1,Periodic_D_Co5,41,20
7,greedy,849.7406688000001,0.0,1,1,Synthetic_1a_Co5,41,20
8,greedy,849.7406688000001,0.0,1,1,CC_(no_storage)_Co2,41,20
9,greedy,849.7406688000001,0.0,1,1,Periodic_B_Co2,41,20
10,greedy,849.7406688000001,0.0,1,1,Periodic_E_Co2,41,20
11,greedy,849.7406688000001,0.0,1,1,Periodic_C_Co5,41,20
12,greedy,849.7406688000001,0.0,1,1,Synthetic_2b_Co2,41,20
13,greedy,849.7406688000001,0.0,1,1,Synthetic_2c_Co2,41,20
14,greedy,849.7406688000001,0.0,1,1,Synthetic_1b_Co10,41,20
15,greedy,849.7406688000001,0.0,1,1,CC_(5%_storage)_Co2,41,20
0,gp_ucb,849.7406688000001,0.0,1,1,,41,20
1,gp_ucb,849.7406688000001,0.0,1,1,Periodic_A_Co2,41,20
2,gp_ucb,849.7406688000001,0.0,1,1,Synthetic_3_Co5,41,20
3,gp_ucb,849.7406688000001,0.0,1,1,Periodic_D_Co2,41,20
4,gp_ucb,849.7406688000001,0.0,1,1,CC_(100%_storage)_Co2,41,20
5,gp_ucb,849.7406688000001,0.0,1,1,Synthetic_2a_Co5,41,20
6,gp_ucb,849.7406688000001,0.0,1,1,Periodic_C_Co2,41,20
7,gp_ucb,849.7406688000001,0.0,1,1,Periodic_D_Co5,41,20
8,gp_ucb,849.7406688000001,0.0,1,1,Synthetic_2b_Co2,41,20
9,gp_ucb,849.7406688000001,0.0,1,1,Synthetic_2c_Co2,41,20
10,gp_ucb,849.7406688000001,0.0,1,1,CC_(no_storage)_Co2,41,20
11,gp_ucb,849.7406688000001,0.0,1,1,Synthetic_1a_Co5,41,20
12,gp_ucb,849.7406688000001,0.0,1,1,Synthetic_1b_Co10,41,20
13,gp_ucb,849.7406688000001,0.0,1,1,CC_(5%_storage)_Co2,41,20
14,gp_ucb,849.7406688000001,0.0,1,1,Periodic_B_Co2,41,20
15,gp_ucb,849.7406688000001,0.0,1,1,Periodic_E_Co2,41,20
0,random,637.38784285,212.35282595000012,0,0,,42,20
1,random,698.60639685,151.13427195000008,1,0,Synthetic_1b_Co10,42,20
2,random,698.60639685,151.13427195000008,1,0,Periodic_D_Co10,42,20
3,random,698.60639685,151.13427195000008,1,0,Synthetic_1b_Co16,42,20
4,random,698.60639685,151.13427195000008,1,0,Drive_City1_Co16,42,20
5,random,698.60639685,151.13427195000008,1,0,Periodic_C_Co5,42,20
6,random,698.60639685,151.13427195000008,1,0,Synthetic_2b_Co10,42,20
7,random,698.60639685,151.13427195000008,1,0,Drive_City2_Co10,42,20
8,random,698.60639685,151.13427195000008,1,0,CC_(100%_storage)_Co5,42,20
9,random,698.60639685,151.13427195000008,1,0,CC_(no_storage)_Co10,42,20
10,random,698.60639685,151.13427195000008,1,0,Drive_City1_Co10,42,20
11,random,698.60639685,151.13427195000008,1,0,Periodic_B_Co5,42,20
12,random,698.60639685,151.13427195000008,1,0,Synthetic_3_Co10,42,20
13,random,698.60639685,151.13427195000008,1,0,Periodic_C_Co2,42,20
14,random,698.60639685,151.13427195000008,1,0,Periodic_C_Co10,42,20
15,random,698.60639685,151.13427195000008,1,0,Synthetic_3_Co5,42,20
0,greedy,637.38784285,212.35282595000012,0,0,,42,20
1,greedy,637.38784285,212.35282595000012,0,0,Drive_City2_Co10,42,20
2,greedy,644.5142754,205.22639340000012,0,0,Periodic_B_Co2,42,20
3,greedy,644.5142754,205.22639340000012,0,0,Periodic_E_Co2,42,20
4,greedy,644.5142754,205.22639340000012,0,0,Periodic_C_Co2,42,20
5,greedy,644.5142754,205.22639340000012,0,0,Periodic_A_Co5,42,20
6,greedy,644.5142754,205.22639340000012,0,0,Drive_City1_Co16,42,20
7,greedy,644.5142754,205.22639340000012,0,0,Periodic_B_Co5,42,20
8,greedy,849.7406688000001,0.0,1,1,Synthetic_2a_Co2,42,20
9,greedy,849.7406688000001,0.0,1,1,Synthetic_2a_Co5,42,20
10,greedy,849.7406688000001,0.0,1,1,Periodic_D_Co2,42,20
11,greedy,849.7406688000001,0.0,1,1,Synthetic_2b_Co2,42,20
12,greedy,849.7406688000001,0.0,1,1,Periodic_D_Co5,42,20
13,greedy,849.7406688000001,0.0,1,1,Synthetic_2c_Co2,42,20
14,greedy,849.7406688000001,0.0,1,1,Synthetic_2c_Co5,42,20
15,greedy,849.7406688000001,0.0,1,1,Synthetic_3_Co5,42,20
0,gp_ucb,637.38784285,212.35282595000012,0,0,,42,20
1,gp_ucb,637.38784285,212.35282595000012,0,0,CC_(100%_storage)_Co2,42,20
2,gp_ucb,644.5142754,205.22639340000012,0,0,Periodic_B_Co2,42,20
3,gp_ucb,644.5142754,205.22639340000012,0,0,Periodic_E_Co2,42,20
4,gp_ucb,644.5142754,205.22639340000012,0,0,Periodic_C_Co2,42,20
5,gp_ucb,644.5142754,205.22639340000012,0,0,Periodic_A_Co5,42,20
6,gp_ucb,644.5142754,205.22639340000012,0,0,Drive_City1_Co16,42,20
7,gp_ucb,849.7406688000001,0.0,1,1,Synthetic_2a_Co2,42,20
8,gp_ucb,849.7406688000001,0.0,1,1,Synthetic_2a_Co5,42,20
9,gp_ucb,849.7406688000001,0.0,1,1,Periodic_D_Co5,42,20
10,gp_ucb,849.7406688000001,0.0,1,1,Synthetic_2b_Co2,42,20
11,gp_ucb,849.7406688000001,0.0,1,1,Synthetic_2c_Co2,42,20
12,gp_ucb,849.7406688000001,0.0,1,1,Periodic_D_Co2,42,20
13,gp_ucb,849.7406688000001,0.0,1,1,Synthetic_2c_Co5,42,20
14,gp_ucb,849.7406688000001,0.0,1,1,CC_(no_storage)_Co2,42,20
15,gp_ucb,849.7406688000001,0.0,1,1,Synthetic_3_Co5,42,20
0,random,598.26613535,251.47453345000008,0,0,,43,20
1,random,644.5142754,205.22639340000012,0,0,Periodic_B_Co2,43,20
2,random,709.44713095,140.29353785000012,1,0,Synthetic_2b_Co2,43,20
3,random,709.44713095,140.29353785000012,1,0,Synthetic_3_Co10,43,20
4,random,709.44713095,140.29353785000012,1,0,Periodic_A_Co5,43,20
5,random,709.44713095,140.29353785000012,1,0,Periodic_D_Co10,43,20
6,random,709.44713095,140.29353785000012,1,0,Drive_City2_Co10,43,20
7,random,709.44713095,140.29353785000012,1,0,Periodic_B_Co5,43,20
8,random,709.44713095,140.29353785000012,1,0,Synthetic_1a_Co10,43,20
9,random,709.44713095,140.29353785000012,1,0,Synthetic_2c_Co10,43,20
10,random,709.44713095,140.29353785000012,1,0,Drive_City2_Co16,43,20
11,random,709.44713095,140.29353785000012,1,0,Synthetic_1b_Co16,43,20
12,random,709.44713095,140.29353785000012,1,0,Periodic_D_Co5,43,20
13,random,709.44713095,140.29353785000012,1,0,Periodic_E_Co5,43,20
14,random,709.44713095,140.29353785000012,1,0,Synthetic_3_Co5,43,20
15,random,709.44713095,140.29353785000012,1,0,Periodic_A_Co2,43,20
0,greedy,598.26613535,251.47453345000008,0,0,,43,20
1,greedy,598.26613535,251.47453345000008,0,0,CC_(100%_storage)_Co10,43,20
2,greedy,698.60639685,151.13427195000008,1,0,Synthetic_1b_Co10,43,20
3,greedy,709.4786504,140.2620184000001,1,1,Synthetic_1a_Co5,43,20
4,greedy,709.4786504,140.2620184000001,1,1,Synthetic_3_Co5,43,20
5,greedy,709.4786504,140.2620184000001,1,1,Synthetic_1b_Co16,43,20
6,greedy,849.7406688000001,0.0,1,1,Synthetic_2a_Co2,43,20
7,greedy,849.7406688000001,0.0,1,1,Periodic_C_Co2,43,20
8,greedy,849.7406688000001,0.0,1,1,Synthetic_2a_Co5,43,20
9,greedy,849.7406688000001,0.0,1,1,CC_(no_storage)_Co2,43,20
10,greedy,849.7406688000001,0.0,1,1,Periodic_A_Co2,43,20
11,greedy,849.7406688000001,0.0,1,1,Periodic_D_Co2,43,20
12,greedy,849.7406688000001,0.0,1,1,Synthetic_2b_Co2,43,20
13,greedy,849.7406688000001,0.0,1,1,Synthetic_2c_Co2,43,20
14,greedy,849.7406688000001,0.0,1,1,Periodic_D_Co5,43,20
15,greedy,849.7406688000001,0.0,1,1,Synthetic_2c_Co5,43,20
0,gp_ucb,598.26613535,251.47453345000008,0,0,,43,20
1,gp_ucb,598.26613535,251.47453345000008,0,0,Drive_City2_Co10,43,20
2,gp_ucb,598.26613535,251.47453345000008,0,0,Drive_City1_Co16,43,20
3,gp_ucb,598.26613535,251.47453345000008,0,0,CC_(100%_storage)_Co10,43,20
4,gp_ucb,698.60639685,151.13427195000008,1,0,Synthetic_1b_Co10,43,20
5,gp_ucb,709.4786504,140.2620184000001,1,1,Synthetic_1a_Co5,43,20
6,gp_ucb,709.4786504,140.2620184000001,1,1,Synthetic_3_Co5,43,20
7,gp_ucb,849.7406688000001,0.0,1,1,Synthetic_2a_Co2,43,20
8,gp_ucb,849.7406688000001,0.0,1,1,Periodic_D_Co2,43,20
9,gp_ucb,849.7406688000001,0.0,1,1,Synthetic_2c_Co2,43,20
10,gp_ucb,849.7406688000001,0.0,1,1,Periodic_C_Co2,43,20
11,gp_ucb,849.7406688000001,0.0,1,1,Synthetic_2b_Co2,43,20
12,gp_ucb,849.7406688000001,0.0,1,1,Synthetic_2a_Co5,43,20
13,gp_ucb,849.7406688000001,0.0,1,1,Periodic_D_Co5,43,20
14,gp_ucb,849.7406688000001,0.0,1,1,Synthetic_2c_Co5,43,20
15,gp_ucb,849.7406688000001,0.0,1,1,CC_(no_storage)_Co2,43,20
0,random,647.8371267499999,201.90354205000017,0,0,,44,20
1,random,647.8371267499999,201.90354205000017,0,0,Periodic_B_Co5,44,20
2,random,647.8371267499999,201.90354205000017,0,0,Periodic_B_Co2,44,20
3,random,647.8371267499999,201.90354205000017,0,0,Periodic_A_Co5,44,20
4,random,647.8371267499999,201.90354205000017,0,0,Synthetic_2b_Co5,44,20
5,random,647.8371267499999,201.90354205000017,0,0,Synthetic_2c_Co10,44,20
6,random,647.8371267499999,201.90354205000017,0,0,CC_(50%_storage)_Co2,44,20
7,random,647.8371267499999,201.90354205000017,0,0,Periodic_D_Co5,44,20
8,random,647.8371267499999,201.90354205000017,0,0,Periodic_C_Co5,44,20
9,random,647.8371267499999,201.90354205000017,0,0,Synthetic_2a_Co10,44,20
10,random,709.44713095,140.29353785000012,1,0,Synthetic_2b_Co2,44,20
11,random,709.44713095,140.29353785000012,1,0,Periodic_B_Co10,44,20
12,random,709.44713095,140.29353785000012,1,0,Periodic_E_Co2,44,20
13,random,709.44713095,140.29353785000012,1,0,Synthetic_2a_Co5,44,20
14,random,709.44713095,140.29353785000012,1,0,Periodic_D_Co10,44,20
15,random,709.44713095,140.29353785000012,1,0,Periodic_C_Co10,44,20
0,greedy,647.8371267499999,201.90354205000017,0,0,,44,20
1,greedy,647.8371267499999,201.90354205000017,0,0,Drive_City2_Co10,44,20
2,greedy,709.4786504,140.2620184000001,1,1,Synthetic_1a_Co5,44,20
3,greedy,709.4786504,140.2620184000001,1,1,Synthetic_2b_Co2,44,20
4,greedy,709.4786504,140.2620184000001,1,1,Periodic_C_Co2,44,20
5,greedy,748.4312318,101.30943700000012,1,1,Synthetic_2c_Co2,44,20
6,greedy,748.4312318,101.30943700000012,1,1,CC_(no_storage)_Co2,44,20
7,greedy,748.4312318,101.30943700000012,1,1,Synthetic_1b_Co10,44,20
8,greedy,849.7406688000001,0.0,1,1,Synthetic_2a_Co2,44,20
9,greedy,849.7406688000001,0.0,1,1,Synthetic_2a_Co5,44,20
10,greedy,849.7406688000001,0.0,1,1,Periodic_D_Co2,44,20
11,greedy,849.7406688000001,0.0,1,1,Periodic_A_Co2,44,20
12,greedy,849.7406688000001,0.0,1,1,Periodic_D_Co5,44,20
13,greedy,849.7406688000001,0.0,1,1,Periodic_B_Co2,44,20
14,greedy,849.7406688000001,0.0,1,1,Periodic_E_Co2,44,20
15,greedy,849.7406688000001,0.0,1,1,Synthetic_2c_Co5,44,20
0,gp_ucb,647.8371267499999,201.90354205000017,0,0,,44,20
1,gp_ucb,647.8371267499999,201.90354205000017,0,0,Drive_City2_Co10,44,20
2,gp_ucb,709.4786504,140.2620184000001,1,1,Synthetic_1a_Co5,44,20
3,gp_ucb,709.4786504,140.2620184000001,1,1,Periodic_C_Co2,44,20
4,gp_ucb,849.7406688000001,0.0,1,1,Synthetic_2a_Co2,44,20
5,gp_ucb,849.7406688000001,0.0,1,1,Synthetic_2a_Co5,44,20
6,gp_ucb,849.7406688000001,0.0,1,1,Periodic_D_Co5,44,20
7,gp_ucb,849.7406688000001,0.0,1,1,Periodic_D_Co2,44,20
8,gp_ucb,849.7406688000001,0.0,1,1,Synthetic_2b_Co2,44,20
9,gp_ucb,849.7406688000001,0.0,1,1,Synthetic_2c_Co2,44,20
10,gp_ucb,849.7406688000001,0.0,1,1,CC_(no_storage)_Co2,44,20
11,gp_ucb,849.7406688000001,0.0,1,1,Periodic_A_Co2,44,20
12,gp_ucb,849.7406688000001,0.0,1,1,Synthetic_1b_Co10,44,20
13,gp_ucb,849.7406688000001,0.0,1,1,Periodic_B_Co2,44,20
14,gp_ucb,849.7406688000001,0.0,1,1,Periodic_E_Co2,44,20
15,gp_ucb,849.7406688000001,0.0,1,1,Synthetic_2c_Co5,44,20
0,random,849.7406688000001,0.0,1,1,,45,20
1,random,849.7406688000001,0.0,1,1,CC_(100%_storage)_Co2,45,20
2,random,849.7406688000001,0.0,1,1,Synthetic_2c_Co2,45,20
3,random,849.7406688000001,0.0,1,1,Periodic_E_Co10,45,20
4,random,849.7406688000001,0.0,1,1,Periodic_C_Co10,45,20
5,random,849.7406688000001,0.0,1,1,Synthetic_1a_Co10,45,20
6,random,849.7406688000001,0.0,1,1,Periodic_D_Co5,45,20
7,random,849.7406688000001,0.0,1,1,Synthetic_1b_Co16,45,20
8,random,849.7406688000001,0.0,1,1,Periodic_D_Co2,45,20
9,random,849.7406688000001,0.0,1,1,Periodic_B_Co5,45,20
10,random,849.7406688000001,0.0,1,1,Synthetic_2c_Co5,45,20
11,random,849.7406688000001,0.0,1,1,CC_(100%_storage)_Co10,45,20
12,random,849.7406688000001,0.0,1,1,CC_(5%_storage)_Co5,45,20
13,random,849.7406688000001,0.0,1,1,Synthetic_2a_Co10,45,20
14,random,849.7406688000001,0.0,1,1,Drive_City1_Co10,45,20
15,random,849.7406688000001,0.0,1,1,Synthetic_3_Co5,45,20
0,greedy,849.7406688000001,0.0,1,1,,45,20
1,greedy,849.7406688000001,0.0,1,1,Synthetic_2a_Co5,45,20
2,greedy,849.7406688000001,0.0,1,1,Periodic_C_Co2,45,20
3,greedy,849.7406688000001,0.0,1,1,Periodic_D_Co5,45,20
4,greedy,849.7406688000001,0.0,1,1,Periodic_A_Co2,45,20
5,greedy,849.7406688000001,0.0,1,1,Synthetic_3_Co5,45,20
6,greedy,849.7406688000001,0.0,1,1,Synthetic_2b_Co2,45,20
7,greedy,849.7406688000001,0.0,1,1,Synthetic_2c_Co2,45,20
8,greedy,849.7406688000001,0.0,1,1,Synthetic_2c_Co5,45,20
9,greedy,849.7406688000001,0.0,1,1,Synthetic_1b_Co10,45,20
10,greedy,849.7406688000001,0.0,1,1,Synthetic_1a_Co5,45,20
11,greedy,849.7406688000001,0.0,1,1,CC_(5%_storage)_Co2,45,20
12,greedy,849.7406688000001,0.0,1,1,Periodic_D_Co2,45,20
13,greedy,849.7406688000001,0.0,1,1,Synthetic_1b_Co16,45,20
14,greedy,849.7406688000001,0.0,1,1,Periodic_E_Co2,45,20
15,greedy,849.7406688000001,0.0,1,1,Synthetic_2a_Co10,45,20
0,gp_ucb,849.7406688000001,0.0,1,1,,45,20
1,gp_ucb,849.7406688000001,0.0,1,1,Synthetic_2a_Co5,45,20
2,gp_ucb,849.7406688000001,0.0,1,1,Periodic_D_Co5,45,20
3,gp_ucb,849.7406688000001,0.0,1,1,Synthetic_2b_Co2,45,20
4,gp_ucb,849.7406688000001,0.0,1,1,Periodic_D_Co2,45,20
5,gp_ucb,849.7406688000001,0.0,1,1,Synthetic_2c_Co2,45,20
6,gp_ucb,849.7406688000001,0.0,1,1,Synthetic_3_Co5,45,20
7,gp_ucb,849.7406688000001,0.0,1,1,Periodic_C_Co2,45,20
8,gp_ucb,849.7406688000001,0.0,1,1,Synthetic_2c_Co5,45,20
9,gp_ucb,849.7406688000001,0.0,1,1,Synthetic_1b_Co10,45,20
10,gp_ucb,849.7406688000001,0.0,1,1,Periodic_A_Co2,45,20
11,gp_ucb,849.7406688000001,0.0,1,1,Synthetic_1a_Co5,45,20
12,gp_ucb,849.7406688000001,0.0,1,1,CC_(5%_storage)_Co2,45,20
13,gp_ucb,849.7406688000001,0.0,1,1,Synthetic_1b_Co16,45,20
14,gp_ucb,849.7406688000001,0.0,1,1,Synthetic_2a_Co10,45,20
15,gp_ucb,849.7406688000001,0.0,1,1,Periodic_E_Co2,45,20
0,random,849.7406688000001,0.0,1,1,,46,20
1,random,849.7406688000001,0.0,1,1,Drive_City1_Co10,46,20
2,random,849.7406688000001,0.0,1,1,Periodic_B_Co2,46,20
3,random,849.7406688000001,0.0,1,1,Periodic_A_Co10,46,20
4,random,849.7406688000001,0.0,1,1,CC_(100%_storage)_Co5,46,20
5,random,849.7406688000001,0.0,1,1,Drive_City1_Co16,46,20
6,random,849.7406688000001,0.0,1,1,Periodic_D_Co2,46,20
7,random,849.7406688000001,0.0,1,1,Periodic_A_Co5,46,20
8,random,849.7406688000001,0.0,1,1,Synthetic_2c_Co10,46,20
9,random,849.7406688000001,0.0,1,1,CC_(no_storage)_Co10,46,20
10,random,849.7406688000001,0.0,1,1,Synthetic_3_Co5,46,20
11,random,849.7406688000001,0.0,1,1,Periodic_E_Co2,46,20
12,random,849.7406688000001,0.0,1,1,CC_(5%_storage)_Co2,46,20
13,random,849.7406688000001,0.0,1,1,Periodic_C_Co2,46,20
14,random,849.7406688000001,0.0,1,1,CC_(no_storage)_Co2,46,20
15,random,849.7406688000001,0.0,1,1,Periodic_D_Co10,46,20
0,greedy,849.7406688000001,0.0,1,1,,46,20
1,greedy,849.7406688000001,0.0,1,1,Periodic_A_Co2,46,20
2,greedy,849.7406688000001,0.0,1,1,Synthetic_2a_Co5,46,20
3,greedy,849.7406688000001,0.0,1,1,Synthetic_2b_Co2,46,20
4,greedy,849.7406688000001,0.0,1,1,Synthetic_2c_Co2,46,20
5,greedy,849.7406688000001,0.0,1,1,Periodic_D_Co2,46,20
6,greedy,849.7406688000001,0.0,1,1,Synthetic_3_Co5,46,20
7,greedy,849.7406688000001,0.0,1,1,Periodic_C_Co2,46,20
8,greedy,849.7406688000001,0.0,1,1,Synthetic_2c_Co5,46,20
9,greedy,849.7406688000001,0.0,1,1,Synthetic_1a_Co5,46,20
10,greedy,849.7406688000001,0.0,1,1,Synthetic_1b_Co10,46,20
11,greedy,849.7406688000001,0.0,1,1,Synthetic_1b_Co16,46,20
12,greedy,849.7406688000001,0.0,1,1,Synthetic_2a_Co10,46,20
13,greedy,849.7406688000001,0.0,1,1,Periodic_B_Co2,46,20
14,greedy,849.7406688000001,0.0,1,1,Periodic_E_Co2,46,20
15,greedy,849.7406688000001,0.0,1,1,Synthetic_1a_Co10,46,20
0,gp_ucb,849.7406688000001,0.0,1,1,,46,20
1,gp_ucb,849.7406688000001,0.0,1,1,Periodic_C_Co2,46,20
2,gp_ucb,849.7406688000001,0.0,1,1,Synthetic_2a_Co5,46,20
3,gp_ucb,849.7406688000001,0.0,1,1,Synthetic_3_Co5,46,20
4,gp_ucb,849.7406688000001,0.0,1,1,Synthetic_2b_Co2,46,20
5,gp_ucb,849.7406688000001,0.0,1,1,Synthetic_2c_Co2,46,20
6,gp_ucb,849.7406688000001,0.0,1,1,Periodic_D_Co2,46,20
7,gp_ucb,849.7406688000001,0.0,1,1,Synthetic_2c_Co5,46,20
8,gp_ucb,849.7406688000001,0.0,1,1,Periodic_A_Co2,46,20
9,gp_ucb,849.7406688000001,0.0,1,1,Synthetic_1a_Co5,46,20
10,gp_ucb,849.7406688000001,0.0,1,1,Synthetic_1b_Co10,46,20
11,gp_ucb,849.7406688000001,0.0,1,1,Drive_City1_Co10,46,20
12,gp_ucb,849.7406688000001,0.0,1,1,CC_(no_storage)_Co2,46,20
13,gp_ucb,849.7406688000001,0.0,1,1,Synthetic_1a_Co10,46,20
14,gp_ucb,849.7406688000001,0.0,1,1,Periodic_B_Co2,46,20
15,gp_ucb,849.7406688000001,0.0,1,1,Periodic_E_Co2,46,20
0,random,627.1302800999999,222.61038870000016,0,0,,47,20
1,random,627.1302800999999,222.61038870000016,0,0,Drive_City2_Co16,47,20
2,random,627.1302800999999,222.61038870000016,0,0,Periodic_C_Co2,47,20
3,random,642.4142075,207.32646130000012,0,0,CC_(no_storage)_Co2,47,20
4,random,642.4142075,207.32646130000012,0,0,Periodic_D_Co5,47,20
5,random,849.7406688000001,0.0,1,1,Synthetic_2a_Co2,47,20
6,random,849.7406688000001,0.0,1,1,Synthetic_2b_Co5,47,20
7,random,849.7406688000001,0.0,1,1,Periodic_E_Co2,47,20
8,random,849.7406688000001,0.0,1,1,CC_(no_storage)_Co5,47,20
9,random,849.7406688000001,0.0,1,1,CC_(5%_storage)_Co2,47,20
10,random,849.7406688000001,0.0,1,1,Periodic_D_Co10,47,20
11,random,849.7406688000001,0.0,1,1,Synthetic_2c_Co10,47,20
12,random,849.7406688000001,0.0,1,1,Synthetic_1a_Co10,47,20
13,random,849.7406688000001,0.0,1,1,CC_(100%_storage)_Co10,47,20
14,random,849.7406688000001,0.0,1,1,Synthetic_3_Co10,47,20
15,random,849.7406688000001,0.0,1,1,CC_(5%_storage)_Co10,47,20
0,greedy,627.1302800999999,222.61038870000016,0,0,,47,20
1,greedy,627.1302800999999,222.61038870000016,0,0,CC_(100%_storage)_Co10,47,20
2,greedy,627.1302800999999,222.61038870000016,0,0,Periodic_E_Co5,47,20
3,greedy,627.1302800999999,222.61038870000016,0,0,Drive_City1_Co10,47,20
4,greedy,627.1302800999999,222.61038870000016,0,0,Synthetic_1a_Co10,47,20
5,greedy,627.1302800999999,222.61038870000016,0,0,Synthetic_3_Co10,47,20
6,greedy,647.8371267499999,201.90354205000017,0,0,Synthetic_3_Co5,47,20
7,greedy,709.4786504,140.2620184000001,1,1,Synthetic_1a_Co5,47,20
8,greedy,709.4786504,140.2620184000001,1,1,Periodic_C_Co2,47,20
9,greedy,709.4786504,140.2620184000001,1,1,Periodic_A_Co2,47,20
10,greedy,709.4786504,140.2620184000001,1,1,Periodic_B_Co2,47,20
11,greedy,709.4786504,140.2620184000001,1,1,Periodic_E_Co2,47,20
12,greedy,849.7406688000001,0.0,1,1,Synthetic_2a_Co2,47,20
13,greedy,849.7406688000001,0.0,1,1,Synthetic_2a_Co5,47,20
14,greedy,849.7406688000001,0.0,1,1,Synthetic_1b_Co10,47,20
15,greedy,849.7406688000001,0.0,1,1,Periodic_D_Co2,47,20
0,gp_ucb,627.1302800999999,222.61038870000016,0,0,,47,20
1,gp_ucb,627.1302800999999,222.61038870000016,0,0,CC_(100%_storage)_Co10,47,20
2,gp_ucb,627.1302800999999,222.61038870000016,0,0,Periodic_E_Co5,47,20
3,gp_ucb,627.1302800999999,222.61038870000016,0,0,Synthetic_1a_Co10,47,20
4,gp_ucb,709.4786504,140.2620184000001,1,1,Synthetic_1a_Co5,47,20
5,gp_ucb,709.4786504,140.2620184000001,1,1,Synthetic_3_Co5,47,20
6,gp_ucb,709.4786504,140.2620184000001,1,1,Periodic_C_Co2,47,20
7,gp_ucb,709.4786504,140.2620184000001,1,1,Periodic_A_Co2,47,20
8,gp_ucb,709.4786504,140.2620184000001,1,1,Periodic_B_Co2,47,20
9,gp_ucb,849.7406688000001,0.0,1,1,Synthetic_2a_Co2,47,20
10,gp_ucb,849.7406688000001,0.0,1,1,Synthetic_2a_Co5,47,20
11,gp_ucb,849.7406688000001,0.0,1,1,Periodic_D_Co2,47,20
12,gp_ucb,849.7406688000001,0.0,1,1,Synthetic_2b_Co2,47,20
13,gp_ucb,849.7406688000001,0.0,1,1,Synthetic_2c_Co2,47,20
14,gp_ucb,849.7406688000001,0.0,1,1,Periodic_D_Co5,47,20
15,gp_ucb,849.7406688000001,0.0,1,1,Synthetic_1b_Co10,47,20
0,random,581.7011306500001,268.03953815,0,0,,48,20
1,random,748.4312318,101.30943700000012,1,1,Synthetic_2c_Co2,48,20
2,random,748.4312318,101.30943700000012,1,1,Synthetic_1b_Co10,48,20
3,random,748.4312318,101.30943700000012,1,1,Drive_City1_Co16,48,20
4,random,748.4312318,101.30943700000012,1,1,Synthetic_2b_Co2,48,20
5,random,748.4312318,101.30943700000012,1,1,CC_(no_storage)_Co10,48,20
6,random,748.4312318,101.30943700000012,1,1,Synthetic_1a_Co5,48,20
7,random,748.4312318,101.30943700000012,1,1,Periodic_C_Co5,48,20
8,random,748.4312318,101.30943700000012,1,1,Synthetic_3_Co10,48,20
9,random,748.4312318,101.30943700000012,1,1,Periodic_D_Co5,48,20
10,random,748.4312318,101.30943700000012,1,1,Synthetic_3_Co5,48,20
11,random,748.4312318,101.30943700000012,1,1,Drive_City1_Co10,48,20
12,random,748.4312318,101.30943700000012,1,1,CC_(100%_storage)_Co5,48,20
13,random,748.4312318,101.30943700000012,1,1,CC_(5%_storage)_Co10,48,20
14,random,748.4312318,101.30943700000012,1,1,CC_(50%_storage)_Co10,48,20
15,random,748.4312318,101.30943700000012,1,1,Periodic_D_Co10,48,20
0,greedy,581.7011306500001,268.03953815,0,0,,48,20
1,greedy,581.7011306500001,268.03953815,0,0,CC_(100%_storage)_Co10,48,20
2,greedy,581.7011306500001,268.03953815,0,0,CC_(100%_storage)_Co2,48,20
3,greedy,588.65270775,261.0879610500001,0,0,Synthetic_3_Co10,48,20
4,greedy,698.60639685,151.13427195000008,1,0,Synthetic_1b_Co10,48,20
5,greedy,698.60639685,151.13427195000008,1,0,Synthetic_3_Co5,48,20
6,greedy,709.4786504,140.2620184000001,1,1,Synthetic_1a_Co5,48,20
7,greedy,709.4786504,140.2620184000001,1,1,Synthetic_1b_Co16,48,20
8,greedy,709.4786504,140.2620184000001,1,1,Synthetic_2b_Co2,48,20
9,greedy,748.4312318,101.30943700000012,1,1,Synthetic_2c_Co2,48,20
10,greedy,748.4312318,101.30943700000012,1,1,Periodic_C_Co2,48,20
11,greedy,748.4312318,101.30943700000012,1,1,Synthetic_2c_Co5,48,20
12,greedy,748.4312318,101.30943700000012,1,1,CC_(no_storage)_Co2,48,20
13,greedy,748.4312318,101.30943700000012,1,1,Periodic_D_Co2,48,20
14,greedy,849.7406688000001,0.0,1,1,Synthetic_2a_Co2,48,20
15,greedy,849.7406688000001,0.0,1,1,Synthetic_2a_Co5,48,20
0,gp_ucb,581.7011306500001,268.03953815,0,0,,48,20
1,gp_ucb,588.65270775,261.0879610500001,0,0,Synthetic_3_Co10,48,20
2,gp_ucb,617.9762814,231.76438740000015,0,0,Synthetic_2c_Co5,48,20
3,gp_ucb,617.9762814,231.76438740000015,0,0,Synthetic_2c_Co10,48,20
4,gp_ucb,698.60639685,151.13427195000008,1,0,Synthetic_1b_Co10,48,20
5,gp_ucb,698.60639685,151.13427195000008,1,0,Synthetic_1b_Co16,48,20
6,gp_ucb,709.4786504,140.2620184000001,1,1,Synthetic_1a_Co5,48,20
7,gp_ucb,709.4786504,140.2620184000001,1,1,Synthetic_3_Co5,48,20
8,gp_ucb,748.4312318,101.30943700000012,1,1,Synthetic_2c_Co2,48,20
9,gp_ucb,748.4312318,101.30943700000012,1,1,Synthetic_2b_Co2,48,20
10,gp_ucb,748.4312318,101.30943700000012,1,1,Periodic_C_Co2,48,20
11,gp_ucb,748.4312318,101.30943700000012,1,1,Periodic_D_Co2,48,20
12,gp_ucb,849.7406688000001,0.0,1,1,Synthetic_2a_Co2,48,20
13,gp_ucb,849.7406688000001,0.0,1,1,Synthetic_2a_Co5,48,20
14,gp_ucb,849.7406688000001,0.0,1,1,Periodic_D_Co5,48,20
15,gp_ucb,849.7406688000001,0.0,1,1,CC_(no_storage)_Co2,48,20
0,random,709.44713095,140.29353785000012,1,0,,49,20
1,random,709.44713095,140.29353785000012,1,0,CC_(5%_storage)_Co2,49,20
2,random,709.44713095,140.29353785000012,1,0,Periodic_A_Co2,49,20
3,random,709.44713095,140.29353785000012,1,0,CC_(5%_storage)_Co5,49,20
4,random,709.44713095,140.29353785000012,1,0,Periodic_C_Co10,49,20
5,random,709.44713095,140.29353785000012,1,0,Periodic_A_Co10,49,20
6,random,709.44713095,140.29353785000012,1,0,Periodic_B_Co2,49,20
7,random,709.44713095,140.29353785000012,1,0,Periodic_D_Co2,49,20
8,random,709.44713095,140.29353785000012,1,0,CC_(100%_storage)_Co10,49,20
9,random,709.44713095,140.29353785000012,1,0,Synthetic_2a_Co5,49,20
10,random,709.44713095,140.29353785000012,1,0,Synthetic_1b_Co16,49,20
11,random,709.44713095,140.29353785000012,1,0,Periodic_D_Co5,49,20
12,random,709.44713095,140.29353785000012,1,0,Synthetic_3_Co5,49,20
13,random,709.44713095,140.29353785000012,1,0,Periodic_C_Co2,49,20
14,random,709.44713095,140.29353785000012,1,0,Periodic_A_Co5,49,20
15,random,709.44713095,140.29353785000012,1,0,Synthetic_3_Co10,49,20
0,greedy,709.44713095,140.29353785000012,1,0,,49,20
1,greedy,748.4312318,101.30943700000012,1,1,Synthetic_2c_Co2,49,20
2,greedy,849.7406688000001,0.0,1,1,Synthetic_2a_Co2,49,20
3,greedy,849.7406688000001,0.0,1,1,Periodic_C_Co2,49,20
4,greedy,849.7406688000001,0.0,1,1,Synthetic_3_Co5,49,20
5,greedy,849.7406688000001,0.0,1,1,Synthetic_2c_Co5,49,20
6,greedy,849.7406688000001,0.0,1,1,Synthetic_2a_Co5,49,20
7,greedy,849.7406688000001,0.0,1,1,Synthetic_1a_Co5,49,20
8,greedy,849.7406688000001,0.0,1,1,Periodic_A_Co2,49,20
9,greedy,849.7406688000001,0.0,1,1,Synthetic_1b_Co10,49,20
10,greedy,849.7406688000001,0.0,1,1,Periodic_D_Co2,49,20
11,greedy,849.7406688000001,0.0,1,1,CC_(no_storage)_Co2,49,20
12,greedy,849.7406688000001,0.0,1,1,Periodic_B_Co2,49,20
13,greedy,849.7406688000001,0.0,1,1,Periodic_E_Co2,49,20
14,greedy,849.7406688000001,0.0,1,1,Synthetic_1a_Co10,49,20
15,greedy,849.7406688000001,0.0,1,1,Periodic_D_Co5,49,20
0,gp_ucb,709.44713095,140.29353785000012,1,0,,49,20
1,gp_ucb,748.4312318,101.30943700000012,1,1,Synthetic_2c_Co2,49,20
2,gp_ucb,849.7406688000001,0.0,1,1,Synthetic_2a_Co2,49,20
3,gp_ucb,849.7406688000001,0.0,1,1,Periodic_C_Co2,49,20
4,gp_ucb,849.7406688000001,0.0,1,1,Synthetic_3_Co5,49,20
5,gp_ucb,849.7406688000001,0.0,1,1,Synthetic_2c_Co5,49,20
6,gp_ucb,849.7406688000001,0.0,1,1,Periodic_D_Co2,49,20
7,gp_ucb,849.7406688000001,0.0,1,1,Synthetic_1a_Co5,49,20
8,gp_ucb,849.7406688000001,0.0,1,1,CC_(100%_storage)_Co2,49,20
9,gp_ucb,849.7406688000001,0.0,1,1,Synthetic_2a_Co5,49,20
10,gp_ucb,849.7406688000001,0.0,1,1,Synthetic_1b_Co10,49,20
11,gp_ucb,849.7406688000001,0.0,1,1,CC_(no_storage)_Co2,49,20
12,gp_ucb,849.7406688000001,0.0,1,1,Periodic_A_Co2,49,20
13,gp_ucb,849.7406688000001,0.0,1,1,Periodic_B_Co2,49,20
14,gp_ucb,849.7406688000001,0.0,1,1,Periodic_E_Co2,49,20
15,gp_ucb,849.7406688000001,0.0,1,1,Periodic_D_Co5,49,20
